time,aq_si,fluid_min,phi_min,power,rate,solid_mass,water
0,1,0.65,0.05,6426.8267911346,-1.6101405902947,50,36075.708409659
0.0125,1.0198806663791,0.65000119449008,0.049998805509922,6270.6252590331,-1.5904533103271,49.998805509922,36075.668648326
0.025,1.0396017186726,0.65000237939006,0.049997620609937,6120.5015143723,-1.5712996200531,49.997620609937,36075.629206221
0.0375,1.0591145895055,0.65000355178188,0.049996448218119,5976.4797443318,-1.5527024082092,49.996448218119,36075.59018048
0.05,1.0784076176578,0.65000471096489,0.049995289035108,5838.3061205096,-1.5346485449593,49.995289035108,36075.551594423
0.0625,1.097481249564,0.65000585696592,0.049994143034082,5705.6592728915,-1.5171147026631,49.994143034082,36075.513447159
0.075,1.1163397573316,0.65000699004164,0.04999300995836,5578.2159736395,-1.5000756558556,49.99300995836,36075.475730144
0.0875,1.1349884837566,0.65000811051307,0.04999188948693,5455.6702977417,-1.483506860297,49.99188948693,36075.438432691
0.1,1.1534329356798,0.65000921871107,0.049990781288926,5337.7379916714,-1.4673851737797,49.990781288926,36075.401543787
0.1125,1.1716784945053,0.65001031495899,0.049989685041015,5224.1562773855,-1.4516889821388,49.989685041015,36075.36505267
0.125,1.1897303319698,0.65001139956754,0.049988600432464,5114.6823706752,-1.4363981427188,49.988600432464,36075.328948995
0.1375,1.2075933934484,0.65001247283386,0.049987527166141,5009.0917493083,-1.4214938788501,49.987527166141,36075.293222872
0.15,1.2252724028391,0.65001353504178,0.04998646495822,4907.176483971,-1.4069586677405,49.98646495822,36075.257864853
0.1625,1.2427718737567,0.65001458646249,0.049985413537509,4808.7437143509,-1.3927761344875,49.985413537509,36075.222865911
0.175,1.2600961220238,0.6500156273553,0.0499843726447,4713.6142807856,-1.3789309553484,49.9843726447,36075.188217415
0.1875,1.2772492778663,0.65001665796836,0.049983342031638,4621.621500971,-1.3654087704078,49.983342031638,36075.153911103
0.2,1.2942352973548,0.65001767853937,0.049982321460629,4532.610076439,-1.3521961049223,49.982321460629,36075.119939064
0.2125,1.3110579730046,0.65001868929619,0.049981310703808,4446.4351136581,-1.3392802984467,49.981310703808,36075.086293713
0.225,1.3277209435619,0.65001969045745,0.049980309542548,4362.9612460715,-1.3266494408751,49.980309542548,36075.052967771
0.2375,1.3442277030361,0.65002068223308,0.049979317766918,4282.0618450676,-1.3142923146167,49.979317766918,36075.019954253
0.25,1.360581609046,0.65002166482482,0.049978335175184,4203.6183094425,-1.3021983422197,49.978335175184,36074.987246441
0.2625,1.3767858905397,0.65002263842666,0.049977361573339,4127.519424283,-1.2903575388402,49.977361573339,36074.954837878
0.275,1.3928436549461,0.65002360322532,0.04997639677468,4053.6607813875,-1.2787604690292,49.97639677468,36074.922722349
0.2875,1.4087578948098,0.65002455940059,0.049975440599406,3981.9442543526,-1.2673982073781,49.975440599406,36074.890893869
0.3,1.4245314939528,0.65002550712575,0.049974492874249,3912.2775223271,-1.2562623026144,49.974492874249,36074.859346671
0.3125,1.4401672332071,0.65002644656787,0.049973553432127,3844.5736371827,-1.2453447447941,49.973553432127,36074.828075192
0.325,1.4556677957524,0.65002737788817,0.049972622111828,3778.7506294924,-1.2346379352749,49.972622111828,36074.797074067
0.3375,1.4710357720942,0.65002830124229,0.049971698757705,3714.7311492677,-1.2241346591928,49.971698757705,36074.766338114
0.35,1.4862736647097,0.6500292167806,0.049970783219403,3652.4421378814,-1.213828060196,49.970783219403,36074.735862329
0.3625,1.5013838923917,0.65003012464841,0.049969875351593,3591.814528025,-1.2037116172191,49.969875351593,36074.705641874
0.375,1.5163687943116,0.65003102498627,0.049968975013731,3532.782968909,-1.1937791231014,49.968975013731,36074.67567207
0.3875,1.5312306338255,0.65003191793017,0.049968082069828,3475.285574232,-1.1840246648781,49.968082069828,36074.645948391
0.4,1.5459716020434,0.65003280361177,0.049967196388234,3419.2636907203,-1.1744426055901,49.967196388234,36074.616466455
0.4125,1.5605938211783,0.65003368215856,0.049966317841442,3364.6616852805,-1.1650275674731,49.966317841442,36074.587222016
0.425,1.5750993476933,0.65003455369411,0.049965446305893,3311.4267490216,-1.1557744164041,49.965446305893,36074.558210963
0.4375,1.5894901752608,0.6500354183382,0.0499645816618,3259.5087165869,-1.1466782474933,49.9645816618,36074.529429308
0.45,1.6037682375476,0.65003627620702,0.049963723792983,3208.8598994013,-1.1377343717219,49.963723792983,36074.500873184
0.4625,1.6179354108393,0.65003712741329,0.049962872586711,3159.4349315841,-1.1289383035376,49.962872586711,36074.472538837
0.475,1.6319935165143,0.65003797206645,0.049962027933547,3111.1906274066,-1.1202857493237,49.962027933547,36074.444422626
0.4875,1.6459443233782,0.65003881027278,0.049961189727219,3064.085849283,-1.1117725966728,49.961189727219,36074.416521012
0.5,1.6597895498695,0.65003964213552,0.049960357864475,3018.0813853892,-1.1033949043961,49.960357864475,36074.388830559
0.5125,1.6735308661433,0.65004046775503,0.04995953224497,2973.1398360885,-1.0951488932097,49.95953224497,36074.361347926
0.525,1.6871698960433,0.65004128722886,0.049958712771136,2929.2255084258,-1.0870309370438,49.958712771136,36074.334069867
0.5375,1.7007082189677,0.65004210065192,0.04995789934808,2886.3043180207,-1.0790375549249,49.95789934808,36074.306993221
0.55,1.7141473716374,0.65004290811653,0.04995709188347,2844.3436977541,-1.0711654033877,49.95709188347,36074.280114915
0.5625,1.727488849772,0.65004370971256,0.049956290287439,2803.3125126994,-1.0634112693742,49.956290287439,36074.253431959
0.575,1.7407341096801,0.65004450552751,0.049955494472488,2763.1809808004,-1.0557720635836,49.955494472488,36074.226941439
0.5875,1.7538845697682,0.65004529564661,0.049954704353395,2723.920598841,-1.0482448142404,49.954704353395,36074.200640519
0.6,1.7669416119746,0.65004608015287,0.049953919847128,2685.5040732963,-1.0408266612472,49.953919847128,36074.174526435
0.6125,1.7799065831325,0.65004685912723,0.049953140872766,2647.9052556892,-1.0335148506964,49.953140872766,36074.148596492
0.625,1.7927807962661,0.65004763264858,0.049952367351418,2611.0990821075,-1.0263067297132,49.952367351418,36074.122848066
0.6375,1.805565531824,0.65004840079385,0.049951599206152,2575.0615165725,-1.0191997416072,49.951599206152,36074.097278595
0.65,1.8182620388542,0.65004916363808,0.04995083636192,2539.7694979693,-1.0121914213102,49.95083636192,36074.071885581
0.6625,1.8308715361233,0.6500499212545,0.049950078745495,2505.2008902789,-1.0052793910801,49.950078745495,36074.046666586
0.675,1.8433952131835,0.65005067371459,0.049949326285406,2471.3344358721,-0.99846135645325,49.949326285406,36074.021619232
0.6875,1.8558342313904,0.65005142108812,0.049948578911875,2438.1497116448,-0.99173510242744,49.948578911875,36073.996741196
0.7,1.8681897248749,0.65005216344324,0.04994783655676,2405.6270877926,-0.9850984898605,49.94783655676,36073.972030209
0.7125,1.8804628014703,0.6500529008465,0.049947099153499,2373.7476890398,-0.97854945206977,49.947099153499,36073.947484056
0.725,1.8926545435989,0.65005363336294,0.049946366637057,2342.493358152,-0.97208599161944,49.946366637057,36073.923100571
0.7375,1.9047660091192,0.65005436105613,0.049945638943874,2311.8466215742,-0.96570617728317,49.945638943874,36073.89887764
0.75,1.9167982321357,0.65005508398818,0.049944916011819,2281.7906570514,-0.95940814117098,49.944916011819,36073.874813194
0.7625,1.9287522237746,0.65005580221986,0.049944197780139,2252.3092630963,-0.95319007600966,49.944197780139,36073.850905211
0.775,1.9406289729256,0.65005651581058,0.04994348418942,2223.3868301824,-0.94705023256702,49.94348418942,36073.827151713
0.7875,1.9524294469527,0.65005722481846,0.049942775181539,2195.0083135479,-0.9409869172111,49.942775181539,36073.803550765
0.8,1.964154592375,0.65005792930037,0.049942070699626,2167.1592075049,-0.93499848959575,49.942070699626,36073.780100474
0.8125,1.9758053355197,0.65005862931197,0.049941370688026,2139.8255211574,-0.92908336046505,49.941370688026,36073.756798988
0.825,1.9873825831477,0.65005932490774,0.049940675092257,2112.9937554367,-0.92323998956912,49.940675092257,36073.733644492
0.8375,1.9988872230543,0.65006001614102,0.049939983858977,2086.650881372,-0.91746688368483,49.939983858977,36073.710635213
0.85,2.010320124646,0.65006070306405,0.049939296935951,2060.7843195167,-0.91176259473494,49.939296935951,36073.687769409
0.8625,2.0216821394933,0.65006138572799,0.049938614272013,2035.3819204612,-0.90612571800014,49.938614272013,36073.66504538
0.875,2.0329741018625,0.65006206418296,0.049937935817038,2010.4319463622,-0.90055489041817,49.937935817038,36073.642461455
0.8875,2.0441968292269,0.65006273847809,0.04993726152191,1985.9230534286,-0.89504878896546,49.93726152191,36073.620016
0.9,2.0553511227577,0.65006340866151,0.049936591338491,1961.8442753054,-0.88960612911604,49.936591338491,36073.597707413
0.9125,2.0664377677961,0.6500640747804,0.049935925219598,1938.1850073019,-0.88422566337385,49.935925219598,36073.575534123
0.925,2.0774575343078,0.65006473688103,0.049935263118966,1914.9349914136,-0.87890617987382,49.935263118966,36073.55349459
0.9375,2.0884111773205,0.65006539500877,0.049934604991233,1892.0843020916,-0.87364650104832,49.934604991233,36073.531587304
0.95,2.0992994373443,0.65006604920809,0.049933950791906,1869.6233327161,-0.86844548235504,49.933950791906,36073.509810784
0.9625,2.1101230407778,0.65006669952266,0.049933300477341,1847.5427827326,-0.86330201106315,49.933300477341,36073.488163577
0.975,2.1208827002981,0.65006734599528,0.049932654004718,1825.8336454132,-0.85821500509445,49.932654004718,36073.466644258
0.9875,2.1315791152375,0.65006798866798,0.049932011332019,1804.4871962076,-0.85318341191664,49.932011332019,36073.445251428
1,2.1422129719463,0.65006862758199,0.049931372418007,1783.4949816503,-0.84820620748582,49.931372418007,36073.423983715
1.0125,2.1527849441429,0.6500692627778,0.049930737222201,1762.8488087936,-0.84328239523579,49.930737222201,36073.40283977
1.025,2.163295693251,0.65006989429514,0.049930105704862,1742.5407351358,-0.8384110051115,49.930105704862,36073.381818272
1.0375,2.1737458687258,0.65007052217303,0.049929477826969,1722.5630590194,-0.8335910926445,49.929477826969,36073.360917921
1.05,2.1841361083679,0.6500711464498,0.049928853550201,1702.9083104724,-0.82882173806818,49.928853550201,36073.340137442
1.0625,2.1944670386276,0.65007176716308,0.049928232836918,1683.5692424688,-0.82410204547074,49.928232836918,36073.319475581
1.075,2.2047392748973,0.65007238434985,0.049927615650146,1664.5388225866,-0.81943114198403,49.927615650146,36073.298931109
1.0875,2.2149534217956,0.65007299804644,0.049927001953558,1645.8102250414,-0.81480817700644,49.927001953558,36073.278502815
1.1,2.2251100734405,0.65007360828854,0.049926391711458,1627.3768230764,-0.81023232145808,49.926391711458,36073.258189512
1.1125,2.2352098137144,0.65007421511124,0.049925784888763,1609.2321816896,-0.80570276706682,49.925784888763,36073.237990031
1.125,2.2452532165197,0.65007481854901,0.049925181450992,1591.3700506814,-0.80121872568342,49.925181450992,36073.217903226
1.1375,2.2552408460267,0.65007541863575,0.049924581364248,1573.7843580057,-0.79677942862465,49.924581364248,36073.197927967
1.15,2.2651732569127,0.65007601540479,0.049923984595205,1556.4692034087,-0.79238412604276,49.923984595205,36073.178063145
1.1625,2.275050994594,0.65007660888891,0.049923391111092,1539.4188523414,-0.7880320863202,49.923391111092,36073.158307669
1.175,2.2848745954502,0.65007719912032,0.049922800879682,1522.6277301322,-0.78372259548838,49.922800879682,36073.138660468
1.1875,2.2946445870412,0.65007778613072,0.049922213869277,1506.0904164056,-0.77945495666931,49.922213869277,36073.119120485
1.2,2.3043614883177,0.6500783699513,0.049921630048697,1489.8016397358,-0.775228489539,49.921630048698,36073.099686682
1.2125,2.3140258098249,0.65007895061273,0.049921049387268,1473.7562725235,-0.77104252981171,49.921049387268,36073.080358039
1.225,2.3236380539002,0.65007952814519,0.049920471854808,1457.9493260845,-0.76689642874405,49.920471854808,36073.061133551
1.2375,2.3331987148641,0.65008010257838,0.049919897421615,1442.3759459402,-0.76278955265798,49.919897421615,36073.042012229
1.25,2.3427082792061,0.65008067394154,0.049919326058461,1427.0314073007,-0.75872128248192,49.919326058461,36073.0229931
1.2625,2.3521672257644,0.65008124226343,0.049918757736575,1411.9111107305,-0.7546910133091,49.918757736575,36073.004075207
1.275,2.3615760259002,0.65008180757236,0.049918192427636,1397.0105779885,-0.75069815397242,49.918192427636,36072.985257607
1.2875,2.3709351436674,0.65008236989624,0.049917630103763,1382.3254480345,-0.74674212663506,49.917630103763,36072.966539371
1.3,2.3802450359765,0.6500829292625,0.049917070737504,1367.8514731938,-0.74282236639616,49.917070737504,36072.947919587
1.3125,2.3895061527538,0.65008348569818,0.049916514301824,1353.5845154729,-0.73893832091092,49.916514301824,36072.929397353
1.325,2.3987189370964,0.6500840392299,0.049915960770103,1339.5205430193,-0.73508945002447,49.915960770103,36072.910971784
1.3375,2.4078838254224,0.65008458988388,0.049915410116117,1325.6556267188,-0.7312752254189,49.915410116117,36072.892642008
1.35,2.4170012476167,0.65008513768596,0.04991486231404,1311.9859369242,-0.72749513027298,49.91486231404,36072.874407163
1.3625,2.4260716271726,0.65008568266158,0.049914317338425,1298.5077403091,-0.72374865893393,49.914317338425,36072.856266404
1.375,2.4350953813296,0.6500862248358,0.049913775164204,1285.2173968412,-0.72003531660074,49.913775164204,36072.838218896
1.3875,2.444072921207,0.65008676423332,0.049913235766675,1272.1113568709,-0.71635461901865,49.913235766675,36072.820263816
1.4,2.4530046519344,0.6500873008785,0.049912699121498,1259.1861583282,-0.71270609218417,49.912699121498,36072.802400355
1.4125,2.4618909727774,0.65008783479532,0.049912165204683,1246.4384240248,-0.70908927206039,49.912165204683,36072.784627713
1.425,2.4707322772609,0.65008836600741,0.049911633992585,1233.8648590558,-0.705503704302,49.911633992585,36072.766945104
1.4375,2.4795289532886,0.6500888945381,0.0499111054619,1221.4622482975,-0.70194894398966,49.9111054619,36072.749351752
1.45,2.4882813832593,0.65008942041035,0.04991057958965,1209.2274539961,-0.69842455537348,49.91057958965,36072.731846892
1.4625,2.4969899441797,0.65008994364682,0.049910056353184,1197.1574134446,-0.69493011162496,49.910056353184,36072.71442977
1.475,2.5056550077749,0.65009046426983,0.049909535730168,1185.2491367436,-0.6914651945974,49.909535730168,36072.697099643
1.4875,2.5142769405949,0.65009098230142,0.049909017698578,1173.4997046415,-0.6880293945941,49.909017698578,36072.679855777
1.5,2.5228561041194,0.6500914977633,0.049908502236696,1161.9062664534,-0.68462231014435,49.908502236696,36072.66269745
1.5125,2.5313928548591,0.6500920106769,0.049907989323102,1150.4660380519,-0.68124354778662,49.907989323102,36072.645623949
1.525,2.5398875444545,0.65009252106333,0.049907478936667,1139.1762999302,-0.67789272185896,49.907478936667,36072.62863457
1.5375,2.5483405197721,0.65009302894345,0.049906971056551,1128.0343953317,-0.67456945429605,49.906971056551,36072.611728619
1.55,2.5567521229983,0.65009353433781,0.049906465662194,1117.037728446,-0.67127337443286,49.906465662194,36072.594905413
1.5625,2.5651226917305,0.65009403726669,0.049905962733313,1106.183762666,-0.66800411881454,49.905962733313,36072.578164275
1.575,2.5734525590663,0.65009453775011,0.049905462249894,1095.4700189055,-0.66476133101236,49.905462249894,36072.56150454
1.5875,2.5817420536903,0.65009503580781,0.049904964192188,1084.8940739743,-0.66154466144547,49.904964192188,36072.544925551
1.6,2.5899914999583,0.65009553145929,0.049904468540708,1074.4535590087,-0.65835376720824,49.904468540708,36072.528426659
1.6125,2.5982012179802,0.65009602472378,0.04990397527622,1064.1461579538,-0.65518831190295,49.90397527622,36072.512007223
1.625,2.6063715236998,0.65009651562026,0.049903484379742,1053.9696060984,-0.65204796547772,49.903484379742,36072.495666611
1.6375,2.6145027289736,0.65009700416746,0.049902995832535,1043.9216886577,-0.6489324040694,49.902995832535,36072.479404201
1.65,2.622595141647,0.6500974903839,0.049902509616105,1034.0002394028,-0.64584130985125,49.902509616105,36072.463219375
1.6625,2.6306490656288,0.65009797428781,0.04990202571219,1024.2031393365,-0.64277437088533,49.90202571219,36072.447111527
1.675,2.6386648009642,0.65009845589724,0.049901544102764,1014.5283154113,-0.63973128097921,49.901544102764,36072.431080057
1.6875,2.6466426439056,0.65009893522997,0.049901064770026,1004.9737392899,-0.63671173954716,49.901064770026,36072.415124371
1.7,2.6545828869817,0.6500994123036,0.049900587696402,995.53742614572,-0.63371545147535,49.900587696402,36072.399243885
1.7125,2.6624858190653,0.65009988713547,0.049900112864533,986.21743350207,-0.63074212699115,49.900112864533,36072.38343802
1.725,2.6703517254393,0.65010035974272,0.049899640257281,977.01186010831,-0.62779148153623,49.899640257281,36072.367706208
1.7375,2.678180887861,0.65010083014229,0.049899169857715,967.91884485212,-0.62486323564342,49.899169857715,36072.352047883
1.75,2.685973584625,0.65010129835088,0.049898701649115,958.93656570608,-0.62195711481714,49.898701649115,36072.336462489
1.7625,2.6937300906249,0.65010176438503,0.049898235614965,950.06323870746,-0.61907284941732,49.898235614965,36072.320949477
1.775,2.7014506774127,0.65010222826105,0.049897771738949,941.29711697006,-0.61621017454671,49.897771738949,36072.305508304
1.7875,2.7091356132582,0.65010268999505,0.049897310004949,932.63648972671,-0.6133688299413,49.897310004949,36072.290138432
1.8,2.7167851632055,0.65010314960296,0.049896850397039,924.07968140162,-0.61054855986404,49.896850397039,36072.274839332
1.8125,2.7243995891296,0.65010360710051,0.049896392899486,915.6250507112,-0.60774911300143,49.896392899486,36072.25961048
1.825,2.7319791497907,0.65010406250326,0.049895937496743,907.27098979253,-0.6049702423631,49.895937496743,36072.244451359
1.8375,2.7395241008876,0.65010451582655,0.049895484173446,899.0159233584,-0.60221170518423,49.895484173446,36072.229361457
1.85,2.7470346951101,0.65010496708559,0.049895032914414,890.85830787798,-0.59947326283061,49.895032914414,36072.214340268
1.8625,2.7545111821902,0.65010541629536,0.049894583704641,882.79663078224,-0.59675468070644,49.894583704641,36072.199387294
1.875,2.7619538089516,0.6501058634707,0.049894136529297,874.82940969319,-0.59405572816457,49.894136529297,36072.184502041
1.8875,2.7693628193589,0.65010630862628,0.049893691373725,866.95519167621,-0.59137617841934,49.893691373725,36072.16968402
1.9,2.7767384545652,0.65010675177657,0.049893248223434,859.17255251453,-0.58871580846163,49.893248223434,36072.154932749
1.9125,2.7840809529587,0.6501071929359,0.049892807064103,851.4800960052,-0.58607439897637,49.892807064103,36072.140247753
1.925,2.7913905502088,0.65010763211843,0.049892367881572,843.87645327578,-0.58345173426222,49.892367881572,36072.125628558
1.9375,2.7986674793101,0.65010806933816,0.049891930661841,836.36028212095,-0.58084760215338,49.891930661841,36072.1110747
1.95,2.8059119706267,0.65010850460893,0.049891495391069,828.93026635851,-0.57826179394357,49.891495391069,36072.096585717
1.9625,2.8131242519348,0.65010893794443,0.049891062055571,821.58511520402,-0.57569410431193,49.891062055571,36072.082161155
1.975,2.8203045484647,0.65010936935819,0.049890630641815,814.32356266343,-0.57314433125097,49.890630641815,36072.067800562
1.9875,2.8274530829412,0.65010979886358,0.049890201136418,807.1443669432,-0.5706122759964,49.890201136418,36072.053503493
2,2.8345700756247,0.65011022647385,0.049889773526146,800.04630987712,-0.56809774295873,49.889773526146,36072.039269507
2.0125,2.8416557443497,0.65011065220209,0.049889347797912,793.02819636959,-0.56560053965677,49.889347797912,36072.02509817
2.025,2.8487103045635,0.65011107606123,0.049888923938771,786.08885385446,-0.56312047665273,49.888923938771,36072.010989049
2.0375,2.8557339693638,0.65011149806408,0.049888501935919,779.22713176918,-0.56065736748912,49.888501935919,36071.99694172
2.05,2.8627269495358,0.65011191822331,0.049888081776691,772.44190104368,-0.55821102862715,49.888081776691,36071.98295576
2.0625,2.869689453588,0.65011233655144,0.04988766344856,765.73205360338,-0.55578127938677,49.88766344856,36071.969030751
2.075,2.8766216877879,0.65011275306087,0.049887246939133,759.09650188611,-0.55336794188825,49.887246939133,36071.955166283
2.0875,2.8835238561961,0.65011316776385,0.049886832236148,752.53417837225,-0.55097084099519,49.886832236148,36071.941361946
2.1,2.890396160701,0.65011358067252,0.049886419327477,746.0440351278,-0.54858980425898,49.886419327477,36071.927617337
2.1125,2.8972388010515,0.65011399179888,0.049886008201117,739.62504335992,-0.54622466186466,49.886008201117,36071.913932057
2.125,2.9040519748898,0.65011440115481,0.049885598845193,733.27619298465,-0.54387524657815,49.885598845193,36071.900305709
2.1375,2.9108358777834,0.65011480875204,0.049885191247955,726.99649220614,-0.5415413936947,49.885191247955,36071.886737903
2.15,2.9175907032561,0.65011521460222,0.049884785397776,720.78496710744,-0.53922294098876,49.884785397776,36071.873228252
2.1625,2.9243166428193,0.65011561871685,0.04988438128315,714.64066125204,-0.53691972866491,49.88438128315,36071.859776373
2.175,2.9310138860012,0.65011602110731,0.049883978892688,708.56263529626,-0.53463159931014,49.883978892688,36071.846381887
2.1875,2.9376826203773,0.65011642178488,0.04988357821512,702.54996661174,-0.53235839784721,49.88357821512,36071.833044418
2.2,2.9443230315984,0.65011682076071,0.049883179239293,696.60174891806,-0.53009997148914,49.883179239293,36071.819763595
2.2125,2.9509353034195,0.65011721804584,0.049882781954165,690.71709192496,-0.52785616969482,49.882781954165,36071.806539052
2.225,2.9575196177276,0.65011761365119,0.049882386348808,684.89512098399,-0.52562684412569,49.882386348808,36071.793370423
2.2375,2.9640761545687,0.65011800758759,0.049881992412405,679.13497674914,-0.52341184860342,49.881992412405,36071.780257349
2.25,2.9706050921746,0.65011839986575,0.049881600134247,673.43581484642,-0.52121103906864,49.881600134247,36071.767199474
2.2625,2.9771066069894,0.65011879049627,0.049881209503732,667.7968055519,-0.51902427354061,49.881209503732,36071.754196445
2.275,2.983580873695,0.65011917948963,0.049880820510366,662.21713347805,-0.51685141207784,49.880820510366,36071.741247911
2.2875,2.9900280652364,0.65011956685624,0.049880433143757,656.69599726816,-0.51469231673968,49.880433143757,36071.728353528
2.3,2.9964483528464,0.65011995260638,0.049880047393616,651.23260929846,-0.51254685154873,49.880047393616,36071.715512953
2.3125,3.0028419060702,0.65012033675024,0.049879663249758,645.82619538794,-0.51041488245419,49.879663249758,36071.702725846
2.325,3.0092088927889,0.65012071929791,0.049879280702095,640.47599451544,-0.50829627729604,49.879280702095,36071.689991873
2.3375,3.0155494792432,0.65012110025936,0.049878899740639,635.18125854377,-0.50619090576997,49.878899740639,36071.6773107
2.35,3.0218638300563,0.6501214796445,0.049878520355499,629.94125195101,-0.50409863939329,49.878520355499,36071.664681998
2.3625,3.0281521082562,0.65012185746312,0.04987814253688,624.75525156819,-0.50201935147141,49.87814253688,36071.652105442
2.375,3.0344144752984,0.65012223372492,0.049877766275081,619.62254632376,-0.4999529170652,49.877766275081,36071.639580708
2.3875,3.0406510910872,0.65012260843951,0.049877391560494,614.54243699427,-0.4978992129591,49.877391560494,36071.627107476
2.4,3.046862113997,0.6501229816164,0.049877018383605,609.51423596116,-0.49585811762987,49.877018383605,36071.614685431
2.4125,3.0530477008937,0.65012335326501,0.049876646734987,604.53726697362,-0.49382951121611,49.876646734987,36071.602314257
2.425,3.059208007155,0.65012372339469,0.049876276605306,599.61086491716,-0.49181327548842,49.876276605306,36071.589993644
2.4375,3.0653431866906,0.65012409201469,0.049875907985314,594.73437558788,-0.48980929382022,49.875907985314,36071.577723285
2.45,3.0714533919622,0.65012445913415,0.049875540865851,589.90715547218,-0.48781745115927,49.875540865851,36071.565502875
2.4625,3.0775387740027,0.65012482476216,0.049875175237842,585.12857153174,-0.48583763399973,49.875175237842,36071.553332111
2.475,3.0835994824358,0.6501251889077,0.049874811092297,580.39800099379,-0.48386973035494,49.874811092297,36071.541210694
2.4875,3.0896356654946,0.65012555157969,0.04987444842031,575.71483114627,-0.48191362973065,49.87444842031,36071.529138328
2.5,3.09564747004,0.65012591278694,0.049874087213058,571.07845913802,-0.479969223099,49.874087213058,36071.517114719
2.5125,3.1016350415791,0.6501262725382,0.049873727461797,566.48829178354,-0.47803640287294,49.873727461797,36071.505139575
2.525,3.1075985242828,0.65012663084213,0.049873369157866,561.94374537248,-0.47611506288122,49.873369157866,36071.49321261
2.5375,3.1135380610036,0.65012698770732,0.049873012292681,557.44424548366,-0.474205098344,49.873012292681,36071.481333537
2.55,3.1194537932926,0.65012734314226,0.049872656857738,552.9892268033,-0.47230640584882,49.872656857738,36071.469502072
2.5625,3.1253458614166,0.65012769715539,0.049872302844609,548.5781329477,-0.47041888332731,49.872302844609,36071.457717936
2.575,3.1312144043749,0.65012804975506,0.049871950244942,544.21041628981,-0.46854243003214,49.871950244942,36071.44598085
2.5875,3.1370595599153,0.65012840094954,0.049871599050462,539.88553779004,-0.46667694651465,49.871599050462,36071.434290539
2.6,3.1428814645505,0.65012875074703,0.049871249252966,535.60296683089,-0.46482233460288,49.871249252966,36071.42264673
2.6125,3.1486802535737,0.65012909915568,0.049870900844325,531.36218105528,-0.46297849738001,49.870900844325,36071.411049151
2.625,3.1544560610745,0.65012944618352,0.049870553816483,527.16266620884,-0.46114533916337,49.870553816483,36071.399497536
2.6375,3.1602090199537,0.65012979183855,0.049870208161454,523.00391598548,-0.45932276548375,49.870208161454,36071.387991619
2.65,3.165939261939,0.65013013612867,0.049869863871325,518.88543187676,-0.45751068306525,49.869863871325,36071.376531135
2.6625,3.1716469175992,0.65013047906175,0.04986952093825,514.80672302448,-0.45570899980548,49.86952093825,36071.365115823
2.675,3.1773321163589,0.65013082064555,0.049869179354453,510.76730607669,-0.45391762475619,49.869179354453,36071.353745426
2.6875,3.182994986513,0.65013116088777,0.049868839112225,506.7667050469,-0.45213646810428,49.868839112225,36071.342419686
2.7,3.1886356552406,0.65013149979607,0.049868500203926,502.80445117645,-0.45036544115322,49.868500203926,36071.331138348
2.7125,3.1942542486191,0.65013183737802,0.04986816262198,498.88008279997,-0.44860445630482,49.86816262198,36071.319901161
2.725,3.1998508916372,0.65013217364112,0.049867826358878,494.99314521378,-0.44685342704141,49.867826358878,36071.308707875
2.7375,3.2054257082092,0.65013250859283,0.049867491407174,491.14319054726,-0.44511226790832,49.867491407174,36071.297558242
2.75,3.2109788211873,0.65013284224051,0.049867157759487,487.329777637,-0.44338089449674,49.867157759487,36071.286452016
2.7625,3.2165103523752,0.6501331745915,0.049866825408498,483.55247190378,-0.44165922342695,49.866825408498,36071.275388954
2.775,3.2220204225406,0.65013350565305,0.049866494346953,479.81084523221,-0.43994717233186,49.866494346953,36071.264368814
2.7875,3.2275091514278,0.65013383543235,0.049866164567655,476.10447585296,-0.43824465984081,49.866164567655,36071.253391356
2.8,3.2329766577699,0.65013416393653,0.049865836063471,472.43294822762,-0.43655160556383,49.865836063471,36071.242456343
2.8125,3.2384230593012,0.65013449117267,0.049865508827328,468.79585293598,-0.43486793007609,49.865508827328,36071.23156354
2.825,3.2438484727692,0.65013481714779,0.049865182852211,465.19278656579,-0.43319355490271,49.865182852211,36071.220712713
2.8375,3.249253013946,0.65013514186884,0.049864858131163,461.62335160492,-0.43152840250382,49.864858131163,36071.209903631
2.85,3.2546367976405,0.65013546534271,0.049864534657287,458.08715633573,-0.42987239626001,49.864534657287,36071.199136063
2.8625,3.2599999377091,0.65013578757626,0.049864212423743,454.58381473177,-0.42822546045791,49.864212423743,36071.188409783
2.875,3.2653425470676,0.65013610857626,0.049863891423745,451.11294635665,-0.4265875202762,49.863891423745,36071.177724564
2.8875,3.2706647377019,0.65013642834944,0.049863571650565,447.67417626509,-0.42495850177179,49.863571650565,36071.167080183
2.9,3.2759666206788,0.65013674690247,0.04986325309753,444.26713490596,-0.42333833186627,49.86325309753,36071.156476417
2.9125,3.2812483061573,0.65013706424198,0.049862935758021,440.89145802751,-0.42172693833271,49.862935758021,36071.145913046
2.925,3.2865099033983,0.65013738037453,0.049862619625474,437.54678658445,-0.42012424978257,49.862619625474,36071.135389852
2.9375,3.2917515207757,0.65013769530662,0.049862304693377,434.23276664703,-0.418530195653,49.862304693377,36071.124906617
2.95,3.2969732657865,0.65013800904473,0.049861990955272,430.94904931201,-0.41694470619425,49.861990955272,36071.114463127
2.9625,3.3021752450606,0.65013832159525,0.049861678404751,427.69529061549,-0.41536771245741,49.861678404751,36071.104059168
2.975,3.3073575643709,0.65013863296454,0.04986136703546,424.4711514475,-0.41379914628233,49.86136703546,36071.09369453
2.9875,3.3125203286434,0.65013894315891,0.049861056841094,421.27629746837,-0.41223894028582,49.861056841094,36071.083369001
3,3.3176636419664,0.6501392521846,0.0498607478154,418.11039902686,-0.41068702784998,49.8607478154,36071.073082375
3.0125,3.3227876075999,0.65013956004783,0.049860439952173,414.97313107987,-0.40914334311083,49.860439952173,36071.062834443
3.025,3.3278923279857,0.65013986675474,0.049860133245258,411.86417311388,-0.40760782094709,49.860133245258,36071.052625003
3.0375,3.3329779047557,0.65014017231145,0.049859827688549,408.78320906792,-0.40608039696923,49.859827688549,36071.042453849
3.05,3.3380444387416,0.65014047672401,0.049859523275987,405.72992725817,-0.40456100750866,49.859523275987,36071.032320781
3.0625,3.3430920299836,0.65014077999844,0.049859220001563,402.70402030395,-0.40304958960713,49.859220001563,36071.022225599
3.075,3.3481207777393,0.65014108214069,0.049858917859311,399.70518505539,-0.40154608100635,49.858917859311,36071.012168103
3.0875,3.3531307804924,0.65014138315668,0.049858616843316,396.7331225224,-0.4000504201378,49.858616843316,36071.002148098
3.1,3.358122135961,0.65014168305229,0.049858316947705,393.78753780505,-0.39856254611266,49.858316947705,36070.992165387
3.1125,3.3630949411065,0.65014198183335,0.049858018166654,390.86814002549,-0.39708239871201,49.858018166654,36070.982219776
3.125,3.3680492921414,0.65014227950562,0.04985772049438,387.97464226104,-0.39560991837711,49.85772049438,36070.972311074
3.1375,3.3729852845381,0.65014257607485,0.049857423925149,385.10676147873,-0.39414504619998,49.857423925149,36070.96243909
3.15,3.3779030130363,0.65014287154673,0.049857128453268,382.26421847105,-0.39268772391401,49.857128453268,36070.952603633
3.1625,3.3828025716514,0.65014316592691,0.049856834073088,379.44673779303,-0.39123789388482,49.856834073088,36070.942804515
3.175,3.3876840536822,0.650143459221,0.049856540779003,376.65404770049,-0.38979549910128,49.856540779003,36070.933041551
3.1875,3.3925475517189,0.65014375143455,0.04985624856545,373.88588008952,-0.38836048316663,49.85624856545,36070.923314555
3.2,3.3973931576502,0.65014404257309,0.049855957426909,371.14197043716,-0.38693279028986,49.855957426909,36070.913623343
3.2125,3.4022209626713,0.6501443326421,0.0498556673579,368.42205774322,-0.38551236527709,49.8556673579,36070.903967733
3.225,3.407031057291,0.65014462164702,0.049855378352985,365.72588447317,-0.38409915352326,49.855378352985,36070.894347544
3.2375,3.4118235313393,0.65014490959323,0.049855090406767,363.0531965022,-0.38269310100387,49.855090406767,36070.884762596
3.25,3.4165984739743,0.65014519648611,0.049854803513888,360.40374306035,-0.38129415426687,49.854803513888,36070.875212711
3.2625,3.4213559736895,0.65014548233097,0.049854517669033,357.77727667863,-0.37990226042472,49.854517669033,36070.865697711
3.275,3.4260961183208,0.65014576713308,0.049854232866923,355.17355313623,-0.37851736714654,49.854232866923,36070.856217422
3.2875,3.4308189950533,0.65014605089768,0.04985394910232,352.5923314087,-0.3771394226505,49.85394910232,36070.846771669
3.3,3.4355246904283,0.65014633362997,0.049853666370025,350.03337361713,-0.37576837569618,49.853666370025,36070.837360278
3.3125,3.4402132903497,0.65014661533512,0.049853384664876,347.4964449783,-0.37440417557719,49.853384664876,36070.827983078
3.325,3.4448848800912,0.65014689601825,0.04985310398175,344.98131375572,-0.37304677211388,49.85310398175,36070.818639898
3.3375,3.449539544302,0.65014717568444,0.04985282431556,342.48775121162,-0.37169611564612,49.85282431556,36070.80933057
3.35,3.4541773670156,0.65014745433874,0.049852545661258,340.01553155917,-0.3703521570259,49.852545661258,36070.800054925
3.3625,3.4587984316516,0.65014773198617,0.049852268013831,337.56443191814,-0.36901484761143,49.852268013831,36070.790812795
3.375,3.4634028210254,0.6501480086317,0.049851991368305,335.13423226801,-0.36768413925948,49.851991368305,36070.781604017
3.3875,3.467990617354,0.65014828428026,0.049851715719738,332.72471540367,-0.36635998431881,49.851715719738,36070.772428424
3.4,3.4725619022617,0.65014855893677,0.049851441063227,330.33566689172,-0.36504233562357,49.851441063227,36070.763285854
3.4125,3.4771167567863,0.6501488326061,0.049851167393903,327.96687502769,-0.36373114648686,49.851167393903,36070.754176145
3.425,3.4816552613848,0.65014910529307,0.049850894706931,325.61813079388,-0.36242637069439,49.850894706931,36070.745099136
3.4375,3.4861774959397,0.65014937700249,0.049850622997513,323.28922781801,-0.36112796249814,49.850622997513,36070.736054667
3.45,3.4906835397643,0.65014964773912,0.049850352260882,320.97996233272,-0.35983587661024,49.850352260882,36070.727042579
3.4625,3.4951734716087,0.65014991750769,0.049850082492307,318.69013313562,-0.35855006819689,49.850082492307,36070.718062715
3.475,3.4996473696653,0.65015018631291,0.04984981368709,316.41954155026,-0.35727049287238,49.84981368709,36070.709114919
3.4875,3.5041053115744,0.65015045415943,0.049849545840566,314.16799138765,-0.35599710669324,49.849545840566,36070.700199035
3.5,3.5085473744298,0.6501507210519,0.049849278948104,311.93528890857,-0.35472986615243,49.849278948104,36070.69131491
3.5125,3.5129736347841,0.6501509869949,0.049849013005103,309.72124278655,-0.35346872817371,49.849013005103,36070.682462389
3.525,3.5173841686542,0.650151251993,0.049848748006997,307.52566407145,-0.35221365010599,49.848748006997,36070.673641321
3.5375,3.5217790515263,0.65015151605075,0.049848483949249,305.34836615375,-0.35096458971786,49.848483949249,36070.664851555
3.55,3.5261583583613,0.65015177917264,0.049848220827357,303.1891647295,-0.34972150519217,49.848220827357,36070.656092942
3.5625,3.5305221636,0.65015204136315,0.049847958636846,301.04787776578,-0.34848435512071,49.847958636846,36070.647365331
3.575,3.5348705411681,0.65015230262672,0.049847697373277,298.92432546693,-0.34725309849896,49.847697373277,36070.638668576
3.5875,3.5392035644811,0.65015256296776,0.049847437032238,296.81833024122,-0.34602769472092,49.847437032238,36070.63000253
3.6,3.5435213064495,0.65015282239065,0.049847177609347,294.72971666824,-0.34480810357406,49.847177609347,36070.621367046
3.6125,3.5478238394836,0.65015308089975,0.049846919100255,292.65831146677,-0.3435942852343,49.846919100255,36070.61276198
3.625,3.552111235498,0.65015333849936,0.04984666150064,290.60394346328,-0.3423862002611,49.84666150064,36070.604187187
3.6375,3.5563835659171,0.65015359519379,0.049846404806212,288.56644356089,-0.34118380959262,49.846404806212,36070.595642527
3.65,3.5606409016788,0.65015385098729,0.049846149012707,286.545644709,-0.33998707454093,49.846149012707,36070.587127855
3.6625,3.5648833132402,0.65015410588411,0.049845894115893,284.54138187334,-0.33879595678736,49.845894115893,36070.578643032
3.675,3.5691108705813,0.65015435988843,0.049845640111566,282.55349200657,-0.33761041837786,49.845640111566,36070.570187917
3.6875,3.5733236432102,0.65015461300445,0.049845386995548,280.58181401943,-0.33643042171844,49.845386995548,36070.561762372
3.7,3.5775217001671,0.65015486523631,0.049845134763692,278.6261887523,-0.33525592957071,49.845134763692,36070.553366258
3.7125,3.581705110029,0.65015511658812,0.049844883411877,276.68645894734,-0.33408690504747,49.844883411877,36070.544999438
3.725,3.5858739409138,0.65015536706399,0.049844632936011,274.76246922106,-0.33292331160836,49.844632936011,36070.536661777
3.7375,3.590028260485,0.65015561666797,0.049844383332029,272.85406603734,-0.33176511305561,49.844383332029,36070.528353137
3.75,3.5941681359556,0.65015586540411,0.049844134595891,270.96109768097,-0.33061227352978,49.844134595891,36070.520073387
3.7625,3.5982936340925,0.65015611327641,0.049843886723586,269.08341423159,-0.32946475750568,49.843886723586,36070.51182239
3.775,3.6024048212204,0.65015636028887,0.04984363971113,267.22086753808,-0.32832252978823,49.84363971113,36070.503600016
3.7875,3.6065017632264,0.65015660644544,0.049843393554564,265.37331119338,-0.3271855555085,49.843393554564,36070.495406132
3.8,3.6105845255635,0.65015685175005,0.049843148249954,263.54060050979,-0.32605380011968,49.843148249954,36070.487240607
3.8125,3.6146531732548,0.65015709620661,0.049842903793395,261.72259249455,-0.32492722939324,49.842903793395,36070.479103312
3.825,3.6187077708978,0.650157339819,0.049842660181005,259.91914582602,-0.32380580941505,49.842660181005,36070.470994117
3.8375,3.6227483826676,0.65015758259107,0.049842417408928,258.13012083009,-0.32268950658161,49.842417408928,36070.462912893
3.85,3.6267750723215,0.65015782452667,0.049842175473333,256.35537945705,-0.32157828759635,49.842175473333,36070.454859514
3.8625,3.6307879032024,0.65015806562958,0.049841934370416,254.59478525885,-0.32047211946588,49.841934370416,36070.446833852
3.875,3.6347869382425,0.65015830590361,0.049841694096393,252.84820336676,-0.31937096949646,49.841694096393,36070.438835782
3.8875,3.6387722399673,0.65015854535249,0.04984145464751,251.11550046933,-0.3182748052904,49.84145464751,36070.430865178
3.9,3.642743870499,0.65015878397997,0.049841216020033,249.39654479075,-0.31718359474251,49.841216020033,36070.422921917
3.9125,3.6467018915606,0.65015902178975,0.049840978210253,247.69120606958,-0.31609730603669,49.840978210253,36070.415005875
3.925,3.6506463644787,0.65015925878551,0.049840741214487,245.99935553784,-0.31501590764253,49.840741214487,36070.407116929
3.9375,3.654577350188,0.65015949497093,0.049840505029073,244.32086590037,-0.31393936831189,49.840505029073,36070.399254958
3.95,3.658494909234,0.65015973034963,0.049840269650373,242.6556113146,-0.31286765707564,49.840269650373,36070.39141984
3.9625,3.6623991017769,0.65015996492523,0.049840035074772,241.00346737062,-0.31180074324037,49.840035074772,36070.383611455
3.975,3.666289987595,0.65016019870132,0.04983980129868,239.36431107157,-0.31073859638519,49.83980129868,36070.375829683
3.9875,3.6701676260879,0.65016043168147,0.049839568318526,237.73802081439,-0.30968118635856,49.839568318526,36070.368074406
4,3.6740320762801,0.65016066386923,0.049839336130765,236.12447637077,-0.30862848327516,49.839336130765,36070.360345506
4.0125,3.6778833968239,0.65016089526813,0.049839104731873,234.52355886855,-0.30758045751279,49.839104731873,36070.352642865
4.025,3.6817216460033,0.65016112588165,0.049838874118348,232.93515077333,-0.3065370797094,49.838874118348,36070.344966366
4.0375,3.6855468817367,0.65016135571329,0.049838644286709,231.35913587036,-0.30549832076,49.838644286709,36070.337315895
4.05,3.6893591615801,0.6501615847665,0.049838415233499,229.79539924679,-0.30446415181382,49.838415233499,36070.329691335
4.0625,3.6931585427307,0.65016181304472,0.049838186955282,228.24382727418,-0.30343454427134,49.838186955282,36070.322092573
4.075,3.6969450820296,0.65016204055136,0.049837959448641,226.7043075912,-0.3024094697814,49.837959448641,36070.314519494
4.0875,3.700718835965,0.65016226728982,0.049837732710183,225.17672908678,-0.30138890023844,49.837732710183,36070.306971986
4.1,3.7044798606755,0.65016249326346,0.049837506736536,223.66098188332,-0.30037280777968,49.837506736536,36070.299449937
4.1125,3.7082282119526,0.65016271847565,0.049837281524346,222.15695732035,-0.29936116478237,49.837281524346,36070.291953234
4.125,3.7119639452443,0.65016294292972,0.049837057070283,220.66454793832,-0.2983539438611,49.837057070283,36070.284481768
4.1375,3.7156871156576,0.65016316662897,0.049836833371035,219.18364746268,-0.29735111786511,49.836833371035,36070.277035427
4.15,3.7193977779614,0.65016338957669,0.049836610423312,217.71415078829,-0.29635265987566,49.836610423312,36070.269614102
4.1625,3.7230959865898,0.65016361177616,0.049836388223843,216.25595396391,-0.29535854320346,49.836388223843,36070.262217685
4.175,3.7267817956446,0.65016383323062,0.049836166769377,214.80895417707,-0.29436874138607,49.836166769377,36070.254846067
4.1875,3.7304552588982,0.65016405394332,0.049835946056685,213.37304973913,-0.29338322818541,49.835946056685,36070.247499141
4.2,3.7341164297964,0.65016427391745,0.049835726082554,211.94814007055,-0.29240197758524,49.835726082554,36070.240176799
4.2125,3.7377653614611,0.65016449315621,0.049835506843793,210.53412568644,-0.29142496378874,49.835506843793,36070.232878935
4.225,3.7414021066932,0.65016471166277,0.049835288337229,209.13090818225,-0.29045216121604,49.835288337229,36070.225605445
4.2375,3.7450267179752,0.65016492944029,0.049835070559709,207.73839021977,-0.28948354450187,49.835070559709,36070.218356222
4.25,3.7486392474737,0.6501651464919,0.049834853508099,206.35647551327,-0.2885190884932,49.834853508099,36070.211131163
4.2625,3.7522397470423,0.65016536282072,0.049834637179284,204.98506881594,-0.28755876824689,49.834637179284,36070.203930164
4.275,3.7558282682241,0.65016557842983,0.049834421570166,203.62407590642,-0.28660255902742,49.834421570166,36070.196753122
4.2875,3.7594048622543,0.65016579332233,0.049834206677667,202.27340357563,-0.28565043630462,49.834206677667,36070.189599934
4.3,3.7629695800627,0.65016600750127,0.049833992498727,200.93295961376,-0.28470237575145,49.833992498727,36070.182470498
4.3125,3.7665224722762,0.6501662209697,0.049833779030304,199.60265279748,-0.28375835324176,49.833779030304,36070.175364714
4.325,3.7700635892215,0.65016643373063,0.049833566269374,198.28239287731,-0.28281834484818,49.833566269374,36070.16828248
4.3375,3.7735929809273,0.65016664578707,0.049833354212932,196.97209056518,-0.28188232683991,49.833354212932,36070.161223696
4.35,3.7771106971269,0.65016685714201,0.04983314285799,195.67165752226,-0.28095027568068,49.83314285799,36070.154188264
4.3625,3.7806167872607,0.65016706779842,0.049832932201577,194.38100634683,-0.28002216802659,49.832932201577,36070.147176084
4.375,3.7841113004783,0.65016727775926,0.049832722240739,193.10005056247,-0.27909798072409,49.832722240739,36070.140187057
4.3875,3.7875942856412,0.65016748702746,0.049832512972541,191.82870460631,-0.27817769080795,49.832512972541,36070.133221087
4.4,3.791065791325,0.65016769560593,0.049832304394065,190.56688381757,-0.27726127549926,49.832304394065,36070.126278076
4.4125,3.7945258658217,0.65016790349759,0.04983209650241,189.31450442618,-0.27634871220341,49.832096502409,36070.119357927
4.425,3.7979745571418,0.65016811070531,0.049831889294689,188.07148354156,-0.2754399785082,49.831889294689,36070.112460544
4.4375,3.801411913017,0.65016831723196,0.049831682768036,186.8377391417,-0.27453505218188,49.831682768036,36070.105585832
4.45,3.8048379809021,0.6501685230804,0.049831476919599,185.61319006221,-0.27363391117123,49.831476919599,36070.098733696
4.4625,3.8082528079774,0.65016872825346,0.049831271746544,184.39775598569,-0.27273653359973,49.831271746544,36070.091904042
4.475,3.8116564411509,0.65016893275395,0.049831067246052,183.19135743116,-0.27184289776567,49.831067246052,36070.085096776
4.4875,3.8150489270602,0.65016913658468,0.049830863415321,181.9939157437,-0.27095298214034,49.830863415321,36070.078311804
4.5,3.818430312075,0.65016933974843,0.049830660251565,180.8053530842,-0.27006676536624,49.830660251565,36070.071549034
4.5125,3.821800642299,0.65016954224799,0.049830457752015,179.62559241929,-0.26918422625525,49.830457752015,36070.064808374
4.525,3.8251599635721,0.65016974408609,0.049830255913915,178.45455751141,-0.26830534378694,49.830255913915,36070.058089731
4.5375,3.8285083214727,0.65016994526547,0.049830054734527,177.292172909,-0.26743009710676,49.830054734527,36070.051393015
4.55,3.8318457613192,0.65017014578887,0.049829854211129,176.13836393687,-0.26655846552438,49.829854211129,36070.044718136
4.5625,3.8351723281726,0.65017034565899,0.049829654341012,174.99305668668,-0.26569042851201,49.829654341012,36070.038065002
4.575,3.8384880668381,0.65017054487851,0.049829455121486,173.85617800759,-0.26482596570266,49.829455121486,36070.031433525
4.5875,3.8417930218677,0.65017074345013,0.049829256549873,172.72765549696,-0.26396505688857,49.829256549873,36070.024823615
4.6,3.8450872375613,0.65017094137649,0.049829058623512,171.60741749134,-0.26310768201954,49.829058623512,36070.018235183
4.6125,3.8483707579694,0.65017113866025,0.049828861339755,170.49539305741,-0.26225382120133,49.828861339755,36070.011668142
4.625,3.8516436268948,0.65017133530403,0.049828664695971,169.39151198317,-0.26140345469406,49.828664695971,36070.005122404
4.6375,3.8549058878944,0.65017153131046,0.049828468689544,168.29570476923,-0.2605565629107,49.828468689544,36069.998597882
4.65,3.8581575842814,0.65017172668213,0.04982827331787,167.20790262019,-0.25971312641544,49.82827331787,36069.99209449
4.6625,3.8613987591266,0.65017192142164,0.049828078578362,166.12803743615,-0.25887312592223,49.828078578362,36069.98561214
4.675,3.864629455261,0.65017211553155,0.049827884468446,165.05604180443,-0.25803654229322,49.827884468446,36069.979150748
4.6875,3.8678497152772,0.65017230901444,0.049827690985563,163.99184899123,-0.25720335653734,49.827690985563,36069.972710228
4.7,3.8710595815312,0.65017250187283,0.049827498127169,162.93539293359,-0.25637354980875,49.827498127169,36069.966290495
4.7125,3.8742590961445,0.65017269410927,0.049827305890733,161.88660823134,-0.25554710340543,49.827305890733,36069.959891466
4.725,3.8774483010055,0.65017288572626,0.049827114273737,160.84543013922,-0.25472399876774,49.827114273737,36069.953513056
4.7375,3.8806272377718,0.65017307672632,0.049826923273679,159.81179455909,-0.25390421747701,49.826923273679,36069.947155183
4.75,3.8837959478712,0.65017326711193,0.04982673288807,158.78563803228,-0.25308774125413,49.82673288807,36069.940817763
4.7625,3.8869544725041,0.65017345688557,0.049826543114435,157.76689773196,-0.25227455195814,49.826543114435,36069.934500713
4.775,3.8901028526452,0.65017364604969,0.049826353950311,156.75551145576,-0.25146463158495,49.826353950311,36069.928203953
4.7875,3.8932411290447,0.65017383460675,0.04982616539325,155.75141761832,-0.25065796226589,49.82616539325,36069.9219274
4.8,3.8963693422302,0.65017402255918,0.049825977440817,154.75455524412,-0.24985452626643,49.825977440817,36069.915670974
4.8125,3.8994875325088,0.65017420990941,0.049825790090591,153.76486396024,-0.24905430598488,49.825790090591,36069.909434593
4.825,3.9025957399681,0.65017439665984,0.049825603340162,152.78228398938,-0.24825728395104,49.825603340162,36069.903218178
4.8375,3.9056940044783,0.65017458281286,0.049825417187135,151.80675614282,-0.24746344282495,49.825417187135,36069.897021649
4.85,3.9087823656935,0.65017476837087,0.049825231629128,150.83822181361,-0.24667276539563,49.825231629128,36069.890844927
4.8625,3.9118608630536,0.65017495333623,0.049825046663772,149.87662296978,-0.24588523457979,49.825046663772,36069.884687932
4.875,3.9149295357857,0.65017513771129,0.049824862288708,148.92190214766,-0.24510083342063,49.824862288708,36069.878550587
4.8875,3.9179884229056,0.65017532149841,0.049824678501593,147.97400244527,-0.2443195450866,49.824678501593,36069.872432812
4.9,3.9210375632197,0.6501755046999,0.049824495300096,147.03286751584,-0.24354135287015,49.824495300096,36069.866334532
4.9125,3.9240769953261,0.6501756873181,0.049824312681896,146.09844156143,-0.24276624018665,49.824312681896,36069.860255668
4.925,3.9271067576165,0.65017586935531,0.049824130644689,145.17066932654,-0.24199419057306,49.824130644689,36069.854196143
4.9375,3.9301268882775,0.65017605081382,0.049823949186178,144.2494960919,-0.24122518768689,49.823949186178,36069.848155882
4.95,3.9331374252922,0.65017623169592,0.049823768304083,143.33486766834,-0.24045921530497,49.823768304083,36069.842134808
4.9625,3.9361384064417,0.65017641200387,0.049823587996132,142.42673039067,-0.23969625732236,49.823587996132,36069.836132845
4.975,3.9391298693062,0.65017659173993,0.049823408260069,141.52503111175,-0.23893629775119,49.823408260069,36069.83014992
4.9875,3.9421118512672,0.65017677090635,0.049823229093647,140.62971719651,-0.23817932071957,49.823229093647,36069.824185956
5,3.9450843895083,0.65017694950537,0.049823050494632,139.74073651617,-0.23742531047048,49.823050494632,36069.818240879
5.0125,3.9480475210168,0.6501771275392,0.049822872460801,138.85803744247,-0.23667425136068,49.822872460801,36069.812314616
5.025,3.9510012825853,0.65017730501005,0.049822694989945,137.98156884197,-0.23592612785966,49.822694989945,36069.806407093
5.0375,3.9539457108129,0.65017748192014,0.049822518079864,137.1112800705,-0.23518092454855,49.822518079864,36069.800518237
5.05,3.9568808421066,0.65017765827163,0.04982234172837,136.24712096759,-0.2344386261191,49.82234172837,36069.794647974
5.0625,3.9598067126827,0.65017783406671,0.049822165933289,135.38904185102,-0.23369921737262,49.822165933289,36069.788796233
5.075,3.9627233585684,0.65017800930755,0.049821990692454,134.53699351147,-0.23296268321895,49.821990692454,36069.782962941
5.0875,3.9656308156027,0.65017818399629,0.049821816003713,133.69092720716,-0.23222900867549,49.821816003713,36069.777148027
5.1,3.9685291194382,0.65017835813508,0.049821641864923,132.85079465864,-0.23149817886617,49.821641864923,36069.771351419
5.1125,3.971418305542,0.65017853172605,0.049821468273955,132.01654804362,-0.23077017902045,49.821468273955,36069.765573047
5.125,3.9742984091973,0.65017870477131,0.049821295228687,131.18813999185,-0.23004499447236,49.821295228687,36069.75981284
5.1375,3.9771694655047,0.65017887727299,0.049821122727011,130.36552358009,-0.22932261065953,49.821122727011,36069.754070727
5.15,3.9800315093833,0.65017904923317,0.049820950766828,129.54865232712,-0.22860301312224,49.820950766828,36069.748346639
5.1625,3.9828845755722,0.65017922065395,0.049820779346053,128.73748018887,-0.22788618750246,49.820779346053,36069.742640507
5.175,3.9857286986315,0.65017939153739,0.049820608462607,127.93196155353,-0.22717211954294,49.820608462607,36069.736952261
5.1875,3.9885639129437,0.65017956188557,0.049820438114425,127.13205123682,-0.22646079508626,49.820438114425,36069.731281832
5.2,3.9913902527152,0.65017973170055,0.049820268299453,126.33770447722,-0.22575220007395,49.820268299453,36069.725629153
5.2125,3.9942077519771,0.65017990098436,0.049820099015645,125.54887693135,-0.22504632054554,49.820099015645,36069.719994154
5.225,3.9970164445864,0.65018006973903,0.049819930260967,124.76552466932,-0.22434314263772,49.819930260967,36069.714376769
5.2375,3.9998163642279,0.65018023796661,0.049819762033395,123.98760417027,-0.22364265258342,49.819762033395,36069.70877693
5.25,4.0026075444144,0.65018040566908,0.049819594330916,123.21507231782,-0.22294483671097,49.819594330916,36069.703194569
5.2625,4.0053900184887,0.65018057284847,0.049819427151526,122.44788639568,-0.22224968144319,49.819427151526,36069.697629621
5.275,4.0081638196244,0.65018073950677,0.049819260493232,121.68600408326,-0.22155717329661,49.819260493232,36069.692082019
5.2875,4.0109289808271,0.65018090564595,0.049819094354052,120.92938345139,-0.22086729888055,49.819094354052,36069.686551697
5.3,4.0136855349355,0.65018107126799,0.049818928732011,120.17798295804,-0.22018004489632,49.818928732011,36069.681038588
5.3125,4.0164335146229,0.65018123637485,0.049818763625148,119.43176144413,-0.21949539813644,49.818763625148,36069.675542629
5.325,4.0191729523979,0.65018140096849,0.049818599031508,118.69067812934,-0.21881334548372,49.818599031508,36069.670063753
5.3375,4.0219038806056,0.65018156505085,0.049818434949148,117.95469260809,-0.21813387391055,49.818434949148,36069.664601897
5.35,4.0246263314289,0.65018172862386,0.049818271376136,117.22376484543,-0.21745697047808,49.818271376136,36069.659156995
5.3625,4.0273403368895,0.65018189168945,0.049818108310546,116.49785517306,-0.21678262233539,49.818108310546,36069.653728984
5.375,4.0300459288492,0.65018205424954,0.049817945750464,115.77692428543,-0.21611081671874,49.817945750464,36069.648317801
5.3875,4.0327431390104,0.65018221630601,0.049817783693986,115.06093323578,-0.21544154095083,49.817783693986,36069.64292338
5.4,4.0354319989179,0.65018237786078,0.049817622139216,114.34984343232,-0.21477478243997,49.817622139216,36069.63754566
5.4125,4.0381125399595,0.65018253891573,0.049817461084269,113.64361663446,-0.21411052867938,49.817461084269,36069.632184578
5.425,4.0407847933672,0.65018269947273,0.049817300527267,112.94221494903,-0.21344876724642,49.817300527267,36069.626840071
5.4375,4.0434487902182,0.65018285953366,0.049817140466344,112.24560082658,-0.21278948580184,49.817140466344,36069.621512078
5.45,4.046104561436,0.65018301910036,0.049816980899642,111.55373705772,-0.21213267208911,49.816980899642,36069.616200535
5.4625,4.0487521377915,0.65018317817469,0.049816821825312,110.86658676953,-0.2114783139336,49.816821825312,36069.610905383
5.475,4.0513915499038,0.65018333675849,0.049816663241514,110.18411342198,-0.21082639924195,49.816663241514,36069.605626558
5.4875,4.0540228282413,0.65018349485358,0.049816505146418,109.50628080438,-0.21017691600134,49.816505146418,36069.600364002
5.5,4.0566460031229,0.6501836524618,0.049816347538201,108.83305303197,-0.20952985227876,49.816347538201,36069.595117652
5.5125,4.0592611047187,0.65018380958495,0.049816190415052,108.1643945424,-0.20888519622036,49.816190415052,36069.589887449
5.525,4.0618681630511,0.65018396622483,0.049816033775166,107.5002700924,-0.20824293605074,49.816033775166,36069.584673332
5.5375,4.064467207996,0.65018412238325,0.049815877616749,106.8406447544,-0.2076030600723,49.815877616749,36069.579475242
5.55,4.0670582692832,0.65018427806199,0.049815721938014,106.18548391319,-0.20696555666451,49.815721938014,36069.57429312
5.5625,4.0696413764981,0.65018443326282,0.049815566737183,105.53475326273,-0.20633041428333,49.815566737183,36069.569126905
5.575,4.0722165590819,0.65018458798751,0.049815412012488,104.88841880283,-0.2056976214605,49.815412012488,36069.56397654
5.5875,4.0747838463333,0.65018474223783,0.049815257762168,104.24644683603,-0.20506716680291,49.815257762168,36069.558841966
5.6,4.0773432674088,0.65018489601553,0.049815103984471,103.60880396438,-0.20443903899194,49.815103984471,36069.553723123
5.6125,4.0798948513239,0.65018504932234,0.049814950677655,102.97545708638,-0.20381322678285,49.814950677655,36069.548619956
5.625,4.082438626954,0.65018520216002,0.049814797839984,102.34637339388,-0.20318971900415,49.814797839984,36069.543532404
5.6375,4.0849746230355,0.65018535453027,0.049814645469731,101.72152036904,-0.20256850455695,49.814645469731,36069.538460412
5.65,4.0875028681661,0.65018550643482,0.049814493565179,101.10086578133,-0.20194957241439,49.814493565179,36069.533403922
5.6625,4.0900233908066,0.65018565787538,0.049814342124617,100.48437768458,-0.20133291162099,49.814342124617,36069.528362877
5.675,4.0925362192809,0.65018580885366,0.049814191146344,99.872024413989,-0.20071851129205,49.814191146344,36069.52333722
5.6875,4.0950413817776,0.65018595937133,0.049814040628666,99.263774583313,-0.20010636061311,49.814040628666,36069.518326895
5.7,4.0975389063502,0.6501861094301,0.049813890569897,98.659597081946,-0.19949644883929,49.813890569897,36069.513331846
5.7125,4.1000288209186,0.65018625903164,0.04981374096836,98.059461072101,-0.19888876529473,49.81374096836,36069.508352016
5.725,4.1025111532695,0.65018640817761,0.049813591822385,97.463335986039,-0.19828329937205,49.813591822385,36069.503387352
5.7375,4.1049859310577,0.65018655686969,0.049813443130311,96.871191523283,-0.19768004053171,49.813443130311,36069.498437796
5.75,4.1074531818063,0.65018670510952,0.049813294890485,96.282997647902,-0.19707897830151,49.813294890485,36069.493503295
5.7625,4.1099129329082,0.65018685289874,0.049813147101259,95.69872458582,-0.19648010227598,49.813147101259,36069.488583792
5.775,4.1123652116266,0.650187000239,0.049812999760997,95.118342822148,-0.19588340211587,49.812999760997,36069.483679235
5.7875,4.1148100450956,0.65018714713193,0.049812852868068,94.541823098555,-0.19528886754757,49.812852868068,36069.478789568
5.8,4.1172474603217,0.65018729357915,0.049812706420849,93.969136410655,-0.19469648836257,49.812706420849,36069.473914738
5.8125,4.119677484184,0.65018743958227,0.049812560417725,93.400254005453,-0.19410625441694,49.812560417725,36069.46905469
5.825,4.122100143435,0.65018758514291,0.049812414857089,92.835147378808,-0.19351815563078,49.812414857089,36069.464209371
5.8375,4.124515464702,0.65018773026266,0.049812269737341,92.273788272901,-0.19293218198771,49.812269737342,36069.459378729
5.85,4.1269234744872,0.65018787494311,0.04981212505689,91.716148673779,-0.19234832353435,49.81212505689,36069.454562709
5.8625,4.1293241991688,0.65018801918585,0.049811980814149,91.162200808887,-0.19176657037977,49.811980814149,36069.44976126
5.875,4.1317176650019,0.65018816299246,0.049811837007541,90.611917144656,-0.19118691269504,49.811837007541,36069.444974328
5.8875,4.1341038981189,0.6501883063645,0.049811693635497,90.065270384099,-0.19060934071266,49.811693635497,36069.440201862
5.9000000000001,4.1364829245307,0.65018844930355,0.049811550696453,89.522233464452,-0.19003384472611,49.811550696453,36069.435443809
5.9125000000001,4.1388547701271,0.65018859181115,0.049811408188854,88.982779554838,-0.18946041508933,49.811408188854,36069.430700118
5.9250000000001,4.1412194606777,0.65018873388885,0.049811266111151,88.446882053934,-0.18888904221625,49.811266111151,36069.425970737
5.9375000000001,4.1435770218328,0.6501888755382,0.049811124461805,87.91451458772,-0.18831971658026,49.811124461805,36069.421255615
5.9500000000001,4.1459274791239,0.65018901676072,0.049810983239279,87.385651007187,-0.1877524287138,49.810983239279,36069.4165547
5.9625000000001,4.1482708579643,0.65018915755795,0.049810842442048,86.860265386123,-0.18718716920781,49.810842442048,36069.411867942
5.9750000000001,4.1506071836505,0.65018929793141,0.049810702068592,86.338332018898,-0.18662392871131,49.810702068592,36069.407195291
5.9875000000001,4.152936481362,0.6501894378826,0.049810562117398,85.819825418293,-0.18606269793094,49.810562117398,36069.402536695
6.0000000000001,4.1552587761628,0.65018957741304,0.049810422586959,85.304720313332,-0.18550346763045,49.810422586959,36069.397892106
6.0125000000001,4.1575740930017,0.65018971652422,0.049810283475778,84.792991647148,-0.18494622863026,49.810283475778,36069.393261472
6.0250000000001,4.1598824567131,0.65018985521764,0.049810144782361,84.28461457489,-0.18439097180706,49.810144782361,36069.388644745
6.0375000000001,4.1621838920177,0.65018999349478,0.049810006505223,83.779564461631,-0.1838376880933,49.810006505223,36069.384041874
6.0500000000001,4.1644784235233,0.65019013135711,0.049809868642887,83.277816880301,-0.18328636847676,49.809868642887,36069.379452811
6.0625000000001,4.1667660757252,0.65019026880612,0.04980973119388,82.779347609663,-0.18273700400012,49.80973119388,36069.374877507
6.0750000000001,4.1690468730072,0.65019040584326,0.049809594156736,82.284132632289,-0.18218958576054,49.809594156736,36069.370315912
6.0875000000001,4.1713208396422,0.65019054247,0.049809457529999,81.792148132591,-0.1816441049092,49.809457529999,36069.365767979
6.1000000000001,4.1735879997926,0.65019067868778,0.049809321312216,81.303370494821,-0.1811005526509,49.809321312216,36069.361233659
6.1125000000001,4.1758483775115,0.65019081449806,0.049809185501941,80.817776301147,-0.18055892024362,49.809185501941,36069.356712903
6.1250000000001,4.1781019967429,0.65019094990226,0.049809050097737,80.335342329731,-0.1800191989981,49.809050097737,36069.352205665
6.1375000000001,4.1803488813223,0.65019108490183,0.049808915098171,79.856045552806,-0.17948138027743,49.808915098171,36069.347711896
6.1500000000001,4.182589054978,0.65019121949818,0.049808780501817,79.379863134825,-0.17894545549668,49.808780501817,36069.343231548
6.1625000000001,4.184822541331,0.65019135369274,0.049808646307257,78.906772430582,-0.17841141612242,49.808646307257,36069.338764576
6.1750000000001,4.1870493638959,0.65019148748692,0.049808512513076,78.436750983373,-0.17787925367236,49.808512513076,36069.33431093
6.1875000000001,4.1892695460819,0.65019162088213,0.04980837911787,77.969776523185,-0.17734895971498,49.80837911787,36069.329870566
6.2000000000001,4.1914831111928,0.65019175387976,0.049808246120238,77.505826964899,-0.17682052586907,49.808246120238,36069.325443436
6.2125000000001,4.1936900824282,0.65019188648122,0.049808113518785,77.044880406504,-0.17629394380339,49.808113518785,36069.321029493
6.2250000000001,4.1958904828837,0.65019201868788,0.049807981312124,76.586915127352,-0.17576920523626,49.807981312124,36069.316628692
6.2375000000001,4.1980843355517,0.65019215050113,0.049807849498874,76.131909586403,-0.1752463019352,49.807849498874,36069.312240987
6.2500000000001,4.200271663322,0.65019228192234,0.04980771807766,75.679842420521,-0.17472522571652,49.80771807766,36069.307866332
6.2625000000001,4.2024524889825,0.65019241295289,0.049807587047112,75.230692442768,-0.17420596844496,49.807587047112,36069.30350468
6.2750000000001,4.2046268352197,0.65019254359413,0.049807456405867,74.784438640717,-0.17368852203333,49.807456405867,36069.299155988
6.2875000000001,4.2067947246191,0.65019267384743,0.049807326152568,74.3410601748,-0.17317287844211,49.807326152568,36069.294820209
6.3000000000001,4.2089561796663,0.65019280371414,0.049807196285865,73.90053637666,-0.17265902967913,49.807196285865,36069.290497299
6.3125000000001,4.2111112227471,0.65019293319559,0.049807066804411,73.46284674752,-0.17214696779916,49.807066804411,36069.286187213
6.3250000000001,4.2132598761482,0.65019306229313,0.049806937706869,73.027970956573,-0.17163668490358,49.806937706869,36069.281889906
6.3375000000001,4.2154021620581,0.6501931910081,0.049806808991905,72.595888839407,-0.17112817314003,49.806808991905,36069.277605334
6.3500000000001,4.2175381025673,0.65019331934181,0.049806680658191,72.166580396413,-0.17062142470204,49.806680658191,36069.273333453
6.3625000000001,4.219667719669,0.65019344729559,0.049806552704407,71.740025791239,-0.17011643182869,49.806552704407,36069.269074219
6.3750000000001,4.2217910352596,0.65019357487076,0.049806425129236,71.316205349248,-0.16961318680427,49.806425129236,36069.264827588
6.3875000000001,4.2239080711395,0.65019370206863,0.049806297931369,70.895099555994,-0.16911168195792,49.806297931369,36069.260593516
6.4000000000001,4.2260188490134,0.6501938288905,0.049806171109502,70.476689055721,-0.16861190966333,49.806171109502,36069.25637196
6.4125000000001,4.2281233904909,0.65019395533766,0.049806044662337,70.060954649872,-0.16811386233836,49.806044662337,36069.252162877
6.4250000000001,4.2302217170871,0.65019408141142,0.04980591858858,69.647877295609,-0.16761753244473,49.80591858858,36069.247966224
6.4375000000001,4.2323138502232,0.65019420711306,0.049805792886944,69.237438104366,-0.16712291248771,49.805792886944,36069.243781958
6.4500000000001,4.2343998112271,0.65019433244385,0.049805667556149,68.829618340398,-0.16662999501574,49.80566755615,36069.239610036
6.4625000000001,4.2364796213336,0.65019445740508,0.049805542594919,68.424399419364,-0.16613877262017,49.805542594919,36069.235450416
6.4750000000001,4.2385533016853,0.65019458199802,0.049805418001982,68.021762906909,-0.16564923793491,49.805418001982,36069.231303055
6.4875000000001,4.2406208733328,0.65019470622392,0.049805293776075,67.621690517271,-0.16516138363608,49.805293776075,36069.227167912
6.5000000000001,4.2426823572357,0.65019483008406,0.049805169915938,67.224164111901,-0.16467520244176,49.805169915938,36069.223044944
6.5125000000001,4.2447377742626,0.65019495357968,0.049805046420316,66.829165698093,-0.16419068711165,49.805046420316,36069.21893411
6.5250000000001,4.246787145192,0.65019507671204,0.049804923287963,66.436677427645,-0.16370783044674,49.804923287963,36069.214835368
6.5375000000001,4.2488304907126,0.65019519948237,0.049804800517634,66.046681595506,-0.16322662528904,49.804800517634,36069.210748677
6.5500000000001,4.2508678314239,0.65019532189191,0.049804678108092,65.659160638466,-0.16274706452126,49.804678108092,36069.206673995
6.5625000000001,4.2528991878365,0.6501954439419,0.049804556058105,65.274097133846,-0.16226914106651,49.804556058105,36069.202611283
6.5750000000001,4.2549245803731,0.65019556563355,0.049804434366445,64.891473798194,-0.16179284788801,49.804434366445,36069.198560497
6.5875000000001,4.2569440293686,0.65019568696811,0.049804313031891,64.511273486013,-0.16131817798877,49.804313031891,36069.194521599
6.6000000000001,4.2589575550706,0.65019580794677,0.049804192053226,64.133479188493,-0.16084512441135,49.804192053226,36069.190494548
6.6125000000001,4.2609651776399,0.65019592857076,0.049804071429239,63.75807403226,-0.16037368023751,49.804071429239,36069.186479303
6.6250000000001,4.2629669171513,0.65019604884128,0.049803951158724,63.38504127813,-0.15990383858799,49.803951158724,36069.182475824
6.6375000000001,4.2649627935936,0.65019616875952,0.04980383124048,63.014364319882,-0.15943559262215,49.80383124048,36069.178484071
6.6500000000001,4.2669528268705,0.65019628832669,0.049803711673311,62.646026683047,-0.15896893553775,49.803711673311,36069.174504004
6.6625000000001,4.268937036801,0.65019640754397,0.049803592456025,62.280012023704,-0.15850386057064,49.803592456025,36069.170535585
6.6750000000001,4.2709154431194,0.65019652641256,0.049803473587439,61.916304127294,-0.15804036099451,49.803473587439,36069.166578772
6.6875000000001,4.2728880654766,0.65019664493363,0.049803355066369,61.554886907441,-0.15757843012057,49.803355066369,36069.162633527
6.7000000000001,4.2748549234398,0.65019676310836,0.049803236891642,61.195744404789,-0.15711806129734,49.803236891642,36069.158699811
6.7125000000001,4.2768160364935,0.65019688093791,0.049803119062087,60.838860785848,-0.15665924791033,49.803119062087,36069.154777585
6.7250000000001,4.2787714240396,0.65019699842346,0.049803001576537,60.484220341855,-0.15620198338178,49.803001576537,36069.15086681
6.7375000000001,4.2807211053981,0.65019711556617,0.049802884433832,60.131807487648,-0.15574626117045,49.802884433832,36069.146967447
6.7500000000001,4.2826650998074,0.65019723236718,0.049802767632816,59.781606760551,-0.15529207477127,49.802767632816,36069.143079459
6.7625000000001,4.2846034264248,0.65019734882766,0.049802651172338,59.43360281926,-0.15483941771516,49.802651172338,36069.139202805
6.7750000000001,4.286536104327,0.65019746494875,0.049802535051251,59.087780442762,-0.15438828356873,49.802535051251,36069.13533745
6.7875000000001,4.2884631525106,0.65019758073158,0.049802419268415,58.744124529243,-0.15393866593402,49.802419268415,36069.131483353
6.8000000000001,4.2903845898922,0.65019769617731,0.049802303822693,58.402620095027,-0.15349055844829,49.802303822693,36069.127640478
6.8125000000001,4.2923004353093,0.65019781128705,0.049802188712953,58.063252273508,-0.15304395478372,49.802188712953,36069.123808788
6.8250000000001,4.2942107075204,0.65019792606193,0.049802073938068,57.726006314104,-0.15259884864719,49.802073938068,36069.119988243
6.8375000000001,4.2961154252056,0.65019804050308,0.049801959496915,57.390867581217,-0.15215523378003,49.801959496915,36069.116178808
6.8500000000001,4.298014606967,0.65019815461162,0.049801845388377,57.057821553215,-0.15171310395778,49.801845388377,36069.112380444
6.8625000000001,4.2999082713291,0.65019826838866,0.049801731611341,56.726853821403,-0.15127245298993,49.801731611341,36069.108593116
6.8750000000001,4.3017964367391,0.6501983818353,0.049801618164699,56.397950089027,-0.1508332747197,49.801618164699,36069.104816785
6.8875000000001,4.3036791215677,0.65019849495265,0.049801505047346,56.071096170268,-0.15039556302379,49.801505047346,36069.101051415
6.9000000000001,4.305556344109,0.65019860774182,0.049801392258184,55.746277989264,-0.14995931181217,49.801392258184,36069.09729697
6.9125000000001,4.3074281225814,0.65019872020388,0.049801279796119,55.423481579135,-0.14952451502779,49.801279796119,36069.093553413
6.9250000000001,4.3092944751276,0.65019883233994,0.049801167660058,55.102693081011,-0.14909116664643,49.801167660058,36069.089820708
6.9375000000001,4.3111554198153,0.65019894415108,0.049801055848919,54.783898743081,-0.14865926067638,49.801055848919,36069.086098819
6.9500000000001,4.3130109746375,0.65019905563838,0.049800944361618,54.467084919643,-0.1482287911583,49.800944361618,36069.082387709
6.9625000000001,4.314861157513,0.65019916680292,0.049800833197081,54.152238070171,-0.14779975216491,49.800833197081,36069.078687343
6.9750000000001,4.3167059862865,0.65019927764577,0.049800722354234,53.83934475839,-0.14737213780086,49.800722354234,36069.074997686
6.9875000000001,4.3185454787294,0.65019938816799,0.049800611832009,53.528391651347,-0.14694594220242,49.800611832009,36069.071318701
7.0000000000001,4.3203796525398,0.65019949837066,0.049800501629344,53.219365518518,-0.14652115953731,49.800501629344,36069.067650353
7.0125000000001,4.3222085253434,0.65019960825482,0.049800391745179,52.912253230898,-0.14609778400448,49.800391745179,36069.063992608
7.0250000000001,4.3240321146932,0.65019971782154,0.04980028217846,52.607041760113,-0.14567580983386,49.80028217846,36069.060345429
7.0375000000001,4.3258504380705,0.65019982707186,0.049800172928137,52.303718177543,-0.14525523128622,49.800172928137,36069.056708782
7.0500000000001,4.3276635128851,0.65019993600684,0.049800063993163,52.002269653446,-0.14483604265285,49.800063993163,36069.053082632
7.0625000000001,4.3294713564754,0.6502000446275,0.049799955372496,51.70268345609,-0.14441823825546,49.799955372496,36069.049466945
7.0750000000001,4.3312739861093,0.6502001529349,0.0497998470651,51.404946950909,-0.14400181244588,49.7998470651,36069.045861686
7.0875000000001,4.3330714189839,0.65020026093006,0.049799739069941,51.109047599645,-0.14358675960592,49.799739069941,36069.04226682
7.1000000000001,4.3348636722267,0.65020036861401,0.049799631385989,50.814972959521,-0.14317307414712,49.799631385989,36069.038682314
7.1125000000001,4.3366507628953,0.65020047598778,0.049799524012221,50.522710682402,-0.1427607505106,49.799524012221,36069.035108132
7.1250000000001,4.3384327079779,0.65020058305239,0.049799416947614,50.232248513978,-0.14234978316677,49.799416947614,36069.031544242
7.1375000000001,4.3402095243939,0.65020068980885,0.049799310191153,49.943574292955,-0.14194016661523,49.799310191153,36069.027990609
7.1500000000001,4.3419812289941,0.65020079625817,0.049799203741826,49.656675950237,-0.1415318953845,49.799203741826,36069.0244472
7.1625000000001,4.3437478385611,0.65020090240138,0.049799097598623,49.371541508145,-0.14112496403187,49.799097598623,36069.020913981
7.1750000000001,4.3455093698097,0.65020100823946,0.049798991760541,49.088159079615,-0.14071936714317,49.798991760541,36069.017390919
7.1875000000001,4.347265839387,0.65020111377342,0.04979888622658,48.806516867425,-0.14031509933259,49.79888622658,36069.013877979
7.2000000000001,4.3490172638731,0.65020121900426,0.049798780995742,48.526603163415,-0.13991215524249,49.798780995742,36069.01037513
7.2125000000001,4.3507636597814,0.65020132393296,0.049798676067037,48.248406347725,-0.13951052954321,49.798676067037,36069.006882339
7.2250000000001,4.3525050435585,0.65020142856052,0.049798571439475,47.971914888039,-0.1391102169329,49.798571439475,36069.003399571
7.2375000000001,4.3542414315854,0.65020153288793,0.049798467112074,47.69711733882,-0.13871121213728,49.798467112074,36068.999926795
7.2500000000001,4.355972840177,0.65020163691615,0.049798363083851,47.424002340591,-0.13831350990953,49.798363083851,36068.996463978
7.2625000000001,4.3576992855828,0.65020174064617,0.049798259353832,47.152558619176,-0.13791710503003,49.798259353832,36068.993011087
7.2750000000001,4.3594207839873,0.65020184407896,0.049798155921043,46.88277498498,-0.13752199230623,49.798155921043,36068.98956809
7.2875000000001,4.3611373515102,0.65020194721548,0.049798052784517,46.614640332266,-0.13712816657245,49.798052784517,36068.986134955
7.3000000000001,4.362849004207,0.65020205005671,0.049797949943288,46.348143638445,-0.1367356226897,49.797949943288,36068.98271165
7.3125000000001,4.3645557580688,0.6502021526036,0.049797847396396,46.083273963358,-0.13634435554552,49.797847396396,36068.979298142
7.3250000000001,4.3662576290232,0.65020225485712,0.049797745142883,45.820020448579,-0.13595436005377,49.797745142883,36068.9758944
7.3375000000001,4.3679546329343,0.6502023568182,0.049797643181797,45.558372316729,-0.13556563115449,49.797643181797,36068.972500392
7.3500000000001,4.3696467856031,0.65020245848781,0.049797541512188,45.298318870776,-0.1351781638137,49.797541512188,36068.969116087
7.3625000000001,4.3713341027679,0.65020255986689,0.049797440133111,45.03984949336,-0.13479195302324,49.797440133111,36068.965741453
7.3750000000001,4.3730166001045,0.65020266095638,0.049797339043624,44.78295364612,-0.13440699380062,49.797339043624,36068.962376458
7.3875000000001,4.3746942932267,0.65020276175721,0.049797238242788,44.527620869027,-0.1340232811888,49.797238242788,36068.959021072
7.4000000000001,4.3763671976862,0.65020286227033,0.049797137729669,44.273840779713,-0.13364081025607,49.797137729669,36068.955675263
7.4125000000001,4.3780353289735,0.65020296249666,0.049797037503337,44.021603072827,-0.13325957609586,49.797037503337,36068.952339
7.4250000000001,4.3796987025178,0.65020306243714,0.049796937562864,43.770897519388,-0.13287957382658,49.796937562864,36068.949012253
7.4375000000001,4.3813573336876,0.65020316209267,0.049796837907328,43.521713966131,-0.13250079859147,49.796837907328,36068.945694991
7.4500000000001,4.3830112377905,0.65020326146419,0.049796738535807,43.27404233488,-0.1321232455584,49.796738535807,36068.942387183
7.4625000000001,4.3846604300741,0.65020336055261,0.049796639447387,43.027872621916,-0.13174690991977,49.796639447387,36068.939088798
7.4750000000001,4.3863049257261,0.65020345935884,0.049796540641155,42.783194897349,-0.13137178689226,49.796540641155,36068.935799807
7.4875000000001,4.3879447398745,0.6502035578838,0.049796442116202,42.539999304507,-0.13099787171679,49.796442116202,36068.932520178
7.5000000000001,4.3895798875877,0.65020365612838,0.049796343871622,42.298276059317,-0.13062515965824,49.796343871622,36068.929249883
7.5125000000001,4.3912103838755,0.65020375409349,0.049796245906513,42.058015449706,-0.1302536460054,49.796245906513,36068.92598889
7.5250000000001,4.3928362436888,0.65020385178002,0.049796148219978,41.81920783499,-0.12988332607074,49.796148219978,36068.922737171
7.5375000000001,4.3944574819197,0.65020394918888,0.049796050811121,41.581843645292,-0.12951419519028,49.796050811121,36068.919494694
7.5500000000001,4.3960741134028,0.65020404632095,0.049795953679052,41.345913380938,-0.12914624872346,49.795953679052,36068.916261431
7.5625000000001,4.3976861529143,0.65020414317712,0.049795856822882,41.111407611893,-0.12877948205298,49.795856822882,36068.913037352
7.5750000000001,4.399293615173,0.65020423975827,0.049795760241727,40.878316977161,-0.1284138905846,49.795760241727,36068.909822428
7.5875000000001,4.4008965148404,0.65020433606529,0.049795663934707,40.646632184229,-0.12804946974708,49.795663934707,36068.906616629
7.6000000000001,4.4024948665212,0.65020443209906,0.049795567900942,40.416344008493,-0.12768621499196,49.795567900942,36068.903419925
7.6125000000001,4.4040886847631,0.65020452786044,0.049795472139561,40.187443292697,-0.12732412179344,49.795472139561,36068.900232289
7.6250000000001,4.4056779840574,0.65020462335031,0.049795376649692,39.959920946377,-0.12696318564825,49.795376649692,36068.89705369
7.6375000000001,4.4072627788395,0.65020471856953,0.049795281430467,39.733767945306,-0.12660340207547,49.795281430467,36068.893884101
7.6500000000001,4.4088430834887,0.65020481351898,0.049795186481022,39.508975330955,-0.12624476661642,49.795186481022,36068.890723491
7.6625000000001,4.4104189123287,0.6502049081995,0.049795091800498,39.285534209948,-0.12588727483451,49.795091800498,36068.887571834
7.6750000000001,4.411990279628,0.65020500261196,0.049794997388037,39.063435753529,-0.12553092231509,49.794997388037,36068.884429099
7.6875000000001,4.4135571996,0.65020509675722,0.049794903242784,38.842671197025,-0.12517570466532,49.794903242784,36068.881295259
7.7000000000001,4.4151196864033,0.65020519063611,0.049794809363889,38.623231839326,-0.12482161751402,49.794809363889,36068.878170285
7.7125000000001,4.416677754142,0.65020528424949,0.049794715750506,38.405109042359,-0.12446865651155,49.794715750506,36068.87505415
7.7250000000001,4.418231416866,0.65020537759821,0.049794622401788,38.188294230579,-0.12411681732965,49.794622401788,36068.871946824
7.7375000000001,4.4197806885712,0.6502054706831,0.049794529316896,37.972778890453,-0.12376609566136,49.794529316896,36068.868848281
7.7500000000001,4.4213255831998,0.65020556350501,0.049794436494992,37.758554569951,-0.12341648722079,49.794436494992,36068.865758492
7.7625000000001,4.4228661146405,0.65020565606476,0.049794343935242,37.545612878053,-0.12306798774308,49.794343935242,36068.862677429
7.7750000000001,4.4244022967289,0.65020574836319,0.049794251636813,37.333945484239,-0.12272059298422,49.794251636813,36068.859605065
7.7875000000001,4.4259341432478,0.65020584040112,0.049794159598879,37.123544118011,-0.12237429872094,49.794159598879,36068.856541372
7.8000000000001,4.427461667927,0.65020593217939,0.049794067820614,36.91440056839,-0.12202910075055,49.794067820614,36068.853486322
7.8125000000001,4.4289848844441,0.6502060236988,0.049793976301196,36.706506683449,-0.12168499489085,49.793976301196,36068.850439889
7.8250000000001,4.4305038064247,0.65020611496019,0.049793885039806,36.499854369818,-0.12134197697998,49.793885039806,36068.847402045
7.8375000000001,4.4320184474422,0.65020620596437,0.04979379403563,36.294435592219,-0.12100004287628,49.79379403563,36068.844372763
7.8500000000001,4.4335288210185,0.65020629671215,0.049793703287854,36.090242372996,-0.12065918845821,49.793703287854,36068.841352016
7.8625000000001,4.4350349406242,0.65020638720433,0.04979361279567,35.887266791646,-0.12031940962417,49.79361279567,36068.838339777
7.8750000000001,4.4365368196785,0.65020647744173,0.049793522558271,35.685500984354,-0.11998070229242,49.793522558271,36068.835336019
7.8875000000001,4.43803447155,0.65020656742515,0.049793432574854,35.484937143546,-0.11964306240093,49.793432574854,36068.832340715
7.9000000000001,4.4395279095564,0.65020665715538,0.049793342844618,35.285567517425,-0.11930648590726,49.793342844618,36068.829353839
7.9125000000001,4.4410171469651,0.65020674663323,0.049793253366767,35.087384409523,-0.11897096878846,49.793253366767,36068.826375364
7.9250000000001,4.4425021969933,0.65020683585949,0.049793164140506,34.890380178272,-0.11863650704093,49.793164140506,36068.823405264
7.9375000000001,4.4439830728084,0.65020692483496,0.049793075165044,34.694547236539,-0.11830309668031,49.793075165044,36068.820443513
7.9500000000001,4.445459787528,0.65020701356041,0.049792986439594,34.499878051206,-0.11797073374134,49.792986439594,36068.817490083
7.9625000000001,4.4469323542201,0.65020710203663,0.049792897963369,34.306365142733,-0.11763941427779,49.792897963369,36068.81454495
7.9750000000001,4.4484007859039,0.65020719026441,0.049792809735588,34.114001084727,-0.11730913436229,49.792809735588,36068.811608086
7.9875000000001,4.4498650955492,0.65020727824453,0.049792721755472,33.922778503516,-0.11697989008625,49.792721755472,36068.808679467
8.0000000000001,4.4513252960773,0.65020736597776,0.049792634022243,33.732690077737,-0.11665167755972,49.792634022243,36068.805759066
8.0125000000001,4.4527814003609,0.65020745346487,0.04979254653513,33.543728537903,-0.11632449291131,49.79254653513,36068.802846857
8.0250000000001,4.4542334212246,0.65020754070664,0.04979245929336,33.355886666005,-0.11599833228804,49.79245929336,36068.799942816
8.0375000000001,4.4556813714446,0.65020762770383,0.049792372296167,33.169157295095,-0.11567319185525,49.792372296167,36068.797046915
8.0500000000001,4.4571252637495,0.65020771445721,0.049792285542786,32.983533308877,-0.11534906779649,49.792285542786,36068.794159131
8.0625000000001,4.4585651108205,0.65020780096755,0.049792199032454,32.799007641313,-0.11502595631339,49.792199032454,36068.791279437
8.0750000000001,4.460000925291,0.65020788723559,0.049792112764413,32.615573276214,-0.11470385362557,49.792112764413,36068.788407808
8.0875000000001,4.4614327197476,0.65020797326209,0.049792026737907,32.433223246853,-0.11438275597051,49.792026737907,36068.785544219
8.1000000000001,4.4628605067299,0.65020805904782,0.049791940952182,32.251950635571,-0.11406265960349,49.791940952182,36068.782688645
8.1125000000001,4.4642842987306,0.65020814459351,0.049791855406487,32.071748573387,-0.1137435607974,49.791855406487,36068.779841061
8.1250000000001,4.4657041081962,0.65020822989992,0.049791770100075,31.892610239613,-0.11342545584273,49.791770100075,36068.777001442
8.1375000000001,4.4671199475268,0.6502083149678,0.0497916850322,31.714528861478,-0.11310834104738,49.7916850322,36068.774169763
8.1500000000001,4.4685318290765,0.65020839979788,0.049791600202121,31.537497713746,-0.11279221273662,49.791600202121,36068.771346
8.1625000000001,4.4699397651535,0.6502084843909,0.049791515609098,31.36151011834,-0.11247706725293,49.791515609098,36068.768530128
8.1750000000001,4.4713437680205,0.65020856874761,0.049791431252394,31.186559443971,-0.11216290095594,49.791431252394,36068.765722122
8.1875000000001,4.4727438498946,0.65020865286873,0.049791347131274,31.012639105778,-0.11184971022231,49.791347131274,36068.762921958
8.2000000000001,4.4741400229481,0.65020873675499,0.049791263245009,30.839742564957,-0.11153749144563,49.791263245009,36068.760129612
8.2125000000001,4.4755322993079,0.65020882040713,0.049791179592868,30.667863328394,-0.11122624103631,49.791179592868,36068.75734506
8.2250000000001,4.4769206910563,0.65020890382587,0.049791096174127,30.496994948321,-0.11091595542151,49.791096174127,36068.754568276
8.2375000000001,4.4783052102312,0.65020898701194,0.049791012988061,30.327131021952,-0.11060663104499,49.791012988061,36068.751799238
8.2500000000001,4.4796858688259,0.65020906996605,0.049790930033951,30.158265191131,-0.11029826436708,49.790930033951,36068.749037921
8.2625000000001,4.4810626787896,0.65020915268892,0.049790847311078,29.990391141985,-0.10999085186449,49.790847311078,36068.746284301
8.2750000000001,4.4824356520278,0.65020923518127,0.049790764818727,29.823502604579,-0.1096843900303,49.790764818727,36068.743538354
8.2875000000001,4.483804800402,0.65020931744381,0.049790682556185,29.657593352575,-0.10937887537383,49.790682556185,36068.740800057
8.3000000000001,4.4851701357302,0.65020939947726,0.049790600522743,29.492657202888,-0.10907430442052,49.790600522743,36068.738069387
8.3125000000001,4.4865316697872,0.65020948128231,0.049790518717692,29.328688015356,-0.10877067371188,49.790518717692,36068.735346319
8.3250000000001,4.4878894143046,0.65020956285967,0.049790437140328,29.1656796924,-0.10846797980535,49.790437140328,36068.73263083
8.3375000000001,4.489243380971,0.65020964421005,0.049790355789949,29.003626178696,-0.10816621927426,49.790355789949,36068.729922896
8.3500000000001,4.4905935814324,0.65020972533415,0.049790274665854,28.842521460849,-0.10786538870766,49.790274665854,36068.727222495
8.3625000000001,4.4919400272921,0.65020980623265,0.049790193767348,28.682359567063,-0.10756548471032,49.790193767348,36068.724529604
8.3750000000001,4.4932827301112,0.65020988690627,0.049790113093734,28.52313456683,-0.10726650390256,49.790113093734,36068.721844198
8.3875000000001,4.4946217014086,0.65020996735568,0.049790032644322,28.364840570596,-0.1069684429202,49.790032644322,36068.719166255
8.4000000000001,4.4959569526612,0.65021004758158,0.049789952418421,28.207471729458,-0.10667129841446,49.789952418421,36068.716495753
8.4125000000001,4.4972884953041,0.65021012758466,0.049789872415344,28.05102223484,-0.10637506705187,49.789872415344,36068.713832668
8.4250000000001,4.4986163407311,0.65021020736559,0.049789792634408,27.89548631819,-0.10607974551418,49.789792634408,36068.711176977
8.4375000000001,4.4999405002942,0.65021028692507,0.049789713074929,27.740858250668,-0.10578533049828,49.789713074929,36068.708528658
8.4500000000001,4.5012609853046,0.65021036626377,0.049789633736228,27.587132342841,-0.10549181871609,49.789633736228,36068.705887688
8.4625000000001,4.5025778070321,0.65021044538237,0.049789554617628,27.434302944377,-0.10519920689448,49.789554617628,36068.703254044
8.4750000000001,4.5038909767061,0.65021052428155,0.049789475718454,27.282364443753,-0.10490749177523,49.789475718454,36068.700627705
8.4875000000001,4.5052005055151,0.65021060296197,0.049789397038035,27.131311267951,-0.10461667011485,49.789397038035,36068.698008647
8.5000000000001,4.5065064046071,0.6502106814243,0.0497893185757,26.981137882159,-0.10432673868458,49.7893185757,36068.695396849
8.5125000000001,4.5078086850901,0.65021075966922,0.049789240330781,26.831838789494,-0.10403769427028,49.789240330781,36068.692792288
8.5250000000001,4.5091073580316,0.65021083769738,0.049789162302615,26.683408530695,-0.10374953367233,49.789162302615,36068.690194942
8.5375,4.5104024344597,0.65021091550946,0.049789084490538,26.535841683844,-0.10346225370555,49.789084490538,36068.687604789
8.55,4.5116939253624,0.65021099310611,0.04978900689389,26.389132864082,-0.10317585119913,49.78900689389,36068.685021807
8.5625,4.5129818416883,0.65021107048799,0.049788929512014,26.24327672332,-0.10289032299653,49.788929512014,36068.682445975
8.575,4.5142661943466,0.65021114765575,0.049788852344253,26.098267949968,-0.10260566595545,49.788852344253,36068.679877269
8.5875,4.5155469942072,0.65021122461005,0.049788775389955,25.954101268647,-0.10232187694764,49.788775389955,36068.67731567
8.6,4.5168242521013,0.65021130135153,0.049788698648469,25.810771439924,-0.10203895285895,49.788698648469,36068.674761154
8.6125,4.5180979788208,0.65021137788085,0.049788622119146,25.668273260032,-0.10175689058915,49.788622119146,36068.672213701
8.625,4.5193681851195,0.65021145419866,0.049788545801341,25.526601560598,-0.1014756870519,49.788545801341,36068.669673288
8.6375,4.5206348817121,0.65021153030559,0.04978846969441,25.385751208383,-0.10119533917465,49.78846969441,36068.667139895
8.65,4.5218980792755,0.65021160620229,0.049788393797711,25.245717105012,-0.10091584389859,49.788393797711,36068.6646135
8.6625,4.5231577884482,0.6502116818894,0.049788318110604,25.106494186706,-0.10063719817853,49.788318110604,36068.662094081
8.675,4.5244140198306,0.65021175736755,0.049788242632454,24.968077424027,-0.10035939898287,49.788242632454,36068.659581619
8.6875,4.5256667839855,0.65021183263737,0.049788167362626,24.830461821612,-0.10008244329346,49.788167362626,36068.65707609
8.7,4.526916091438,0.65021190769951,0.049788092300486,24.693642417924,-0.099806328105604,49.788092300486,36068.654577475
8.7125,4.5281619526757,0.65021198255459,0.049788017445405,24.557614284989,-0.099531050427915,49.788017445405,36068.652085753
8.725,4.529404378149,0.65021205720324,0.049787942796755,24.422372528152,-0.09925660728228,49.787942796755,36068.649600902
8.7375,4.530643378271,0.65021213164609,0.049787868353911,24.287912285814,-0.098982995703761,49.787868353911,36068.647122902
8.75,4.5318789634178,0.65021220588375,0.049787794116249,24.154228729201,-0.098710212740549,49.787794116249,36068.644651731
8.7625,4.5331111439289,0.65021227991685,0.049787720083147,24.021317062101,-0.098438255453862,49.787720083147,36068.64218737
8.775,4.5343399301069,0.65021235374601,0.049787646253987,23.889172520627,-0.098167120917886,49.787646253987,36068.639729798
8.7875,4.535565332218,0.65021242737185,0.049787572628152,23.75779037298,-0.097896806219705,49.787572628152,36068.637278994
8.8,4.5367873604922,0.65021250079497,0.049787499205027,23.627165919194,-0.097627308459213,49.787499205027,36068.634834937
8.8125,4.5380060251232,0.650212574016,0.049787425984,23.497294490914,-0.097358624749065,49.787425984,36068.632397608
8.825,4.5392213362687,0.65021264703554,0.049787352964461,23.36817145115,-0.097090752214589,49.787352964461,36068.629966986
8.8375,4.5404333040505,0.6502127198542,0.0497872801458,23.239792194051,-0.096823687993727,49.787280145801,36068.62754305
8.85,4.5416419385547,0.65021279247259,0.049787207527414,23.112152144659,-0.096557429236949,49.787207527414,36068.625125781
8.8625,4.542847249832,0.6502128648913,0.049787135108696,22.985246758693,-0.096291973107199,49.787135108696,36068.622715159
8.875,4.5440492478976,0.65021293711095,0.049787062889046,22.859071522315,-0.096027316779821,49.787062889046,36068.620311162
8.8875,4.5452479427315,0.65021300913214,0.049786990867865,22.733621951903,-0.095763457442489,49.786990867865,36068.617913773
8.9,4.5464433442786,0.65021308095545,0.049786919044553,22.608893593826,-0.095500392295138,49.786919044553,36068.61552297
8.9125,4.5476354624489,0.65021315258148,0.049786847418517,22.484882024221,-0.095238118549892,49.786847418517,36068.613138733
8.925,4.5488243071176,0.65021322401084,0.049786775989163,22.361582848777,-0.09497663343101,49.786775989163,36068.610761044
8.9375,4.5500098881252,0.6502132952441,0.0497867047559,22.238991702515,-0.094715934174815,49.7867047559,36068.608389882
8.95,4.5511922152781,0.65021336628186,0.049786633718137,22.117104249563,-0.094456018029613,49.786633718137,36068.606025228
8.9625,4.5523712983478,0.65021343712471,0.049786562875289,21.99591618295,-0.094196882255645,49.786562875289,36068.603667061
8.975,4.5535471470721,0.65021350777323,0.04978649222677,21.875423224386,-0.093938524125011,49.78649222677,36068.601315364
8.9875,4.5547197711545,0.650213578228,0.049786421771998,21.755621124058,-0.093680940921617,49.786421771998,36068.598970116
9,4.5558891802648,0.65021364848961,0.04978635151039,21.636505660409,-0.09342412994109,49.78635151039,36068.596631298
9.0125,4.5570553840391,0.65021371855863,0.049786281441369,21.51807263994,-0.093168088490733,49.786281441369,36068.59429889
9.025,4.5582183920795,0.65021378843564,0.049786211564356,21.400317896998,-0.092912813889455,49.786211564356,36068.591972874
9.0375,4.5593782139553,0.65021385812122,0.049786141878779,21.283237293574,-0.092658303467708,49.786141878779,36068.58965323
9.05,4.5605348592019,0.65021392761594,0.049786072384062,21.166826719095,-0.092404554567416,49.786072384062,36068.58733994
9.0625,4.561688337322,0.65021399692036,0.049786003079636,21.051082090227,-0.092151564541924,49.786003079636,36068.585032984
9.075,4.562838657785,0.65021406603507,0.049785933964932,20.935999350679,-0.09189933075594,49.785933964932,36068.582732343
9.0875,4.5639858300275,0.65021413496062,0.049785865039382,20.821574470992,-0.091647850585453,49.785865039382,36068.580437998
9.1,4.5651298634535,0.65021420369758,0.049785796302422,20.707803448354,-0.091397121417687,49.785796302422,36068.578149931
9.1125,4.5662707674343,0.65021427224651,0.049785727753488,20.594682306404,-0.091147140651044,49.785727753488,36068.575868123
9.125,4.5674085513087,0.65021434060798,0.04978565939202,20.482207095031,-0.090897905695028,49.78565939202,36068.573592556
9.1375,4.5685432243832,0.65021440878254,0.049785591217457,20.370373890189,-0.090649413970199,49.785591217457,36068.571323209
9.15,4.5696747959323,0.65021447677076,0.049785523229244,20.259178793707,-0.090401662908109,49.785523229244,36068.569060066
9.1625,4.5708032751983,0.65021454457318,0.049785455426824,20.148617933098,-0.090154649951241,49.785455426824,36068.566803108
9.175,4.5719286713915,0.65021461219036,0.049785387809645,20.038687461372,-0.089908372552957,49.785387809645,36068.564552315
9.1875,4.5730509936907,0.65021467962285,0.049785320377154,19.929383556849,-0.089662828177421,49.785320377154,36068.562307671
9.2,4.574170251243,0.6502147468712,0.049785253128802,19.820702422979,-0.089418014299564,49.785253128802,36068.560069156
9.2125,4.5752864531638,0.65021481393596,0.049785186064042,19.712640288155,-0.089173928405014,49.785186064042,36068.557836752
9.225,4.5763996085373,0.65021488081767,0.049785119182328,19.605193405538,-0.088930567990047,49.785119182328,36068.555610441
9.2375,4.5775097264165,0.65021494751688,0.049785052483115,19.498358052871,-0.088687930561521,49.785052483115,36068.553390205
9.25,4.5786168158232,0.65021501403414,0.049784985965863,19.392130532303,-0.088446013636819,49.784985965863,36068.551176027
9.2625,4.5797208857483,0.65021508036997,0.049784919630029,19.286507170215,-0.088204814743802,49.784919630029,36068.548967887
9.275,4.5808219451518,0.65021514652492,0.049784853475077,19.181484317041,-0.087964331420752,49.784853475077,36068.546765768
9.2875,4.5819200029631,0.65021521249953,0.04978478750047,19.077058347096,-0.087724561216303,49.78478750047,36068.544569652
9.3,4.583015068081,0.65021527829433,0.049784721705672,18.973225658402,-0.087485501689402,49.784721705672,36068.542379522
9.3125,4.5841071493737,0.65021534390985,0.049784656090152,18.869982672519,-0.087247150409247,49.784656090152,36068.540195359
9.325,4.5851962556792,0.65021540934662,0.049784590653378,18.767325834375,-0.087009504955239,49.784590653378,36068.538017147
9.3375,4.5862823958054,0.65021547460518,0.049784525394821,18.665251612099,-0.08677256291692,49.784525394821,36068.535844867
9.35,4.5873655785299,0.65021553968605,0.049784460313953,18.563756496847,-0.086536321893918,49.784460313953,36068.533678501
9.3625,4.5884458126005,0.65021560458975,0.049784395410249,18.462837002648,-0.086300779495909,49.784395410249,36068.531518033
9.375,4.5895231067352,0.65021566931681,0.049784330683186,18.36248966623,-0.086065933342548,49.784330683186,36068.529363445
9.3875,4.5905974696224,0.65021573386776,0.04978426613224,18.262711046858,-0.085831781063415,49.78426613224,36068.527214719
9.4,4.5916689099205,0.65021579824311,0.049784201756893,18.163497726179,-0.085598320297981,49.784201756893,36068.525071838
9.4125,4.5927374362591,0.65021586244337,0.049784137556625,18.064846308056,-0.085365548695544,49.784137556625,36068.522934786
9.425,4.5938030572379,0.65021592646908,0.04978407353092,17.966753418412,-0.085133463915177,49.78407353092,36068.520803544
9.4375,4.5948657814277,0.65021599032074,0.049784009679262,17.869215705064,-0.08490206362567,49.784009679262,36068.518678095
9.45,4.5959256173702,0.65021605399886,0.049783946001139,17.772229837584,-0.084671345505505,49.783946001139,36068.516558423
9.4625,4.5969825735781,0.65021611750396,0.04978388249604,17.675792507122,-0.084441307242773,49.78388249604,36068.514444511
9.475,4.5980366585351,0.65021618083655,0.049783819163453,17.57990042627,-0.084211946535151,49.783819163453,36068.512336341
9.4875,4.5990878806966,0.65021624399713,0.049783756002872,17.484550328898,-0.083983261089829,49.783756002872,36068.510233897
9.5,4.6001362484889,0.65021630698621,0.04978369301379,17.389738970007,-0.083755248623477,49.78369301379,36068.508137161
9.5125,4.6011817703102,0.6502163698043,0.049783630195702,17.295463125579,-0.083527906862194,49.783630195702,36068.506046118
9.525,4.6022244545302,0.65021643245189,0.049783567548106,17.201719592426,-0.083301233541453,49.783567548106,36068.503960749
9.5375,4.6032643094902,0.6502164949295,0.049783505070501,17.108505188043,-0.083075226406054,49.783505070501,36068.501881039
9.55,4.6043013435036,0.65021655723761,0.049783442762386,17.01581675046,-0.082849883210075,49.783442762386,36068.499806971
9.5625,4.6053355648558,0.65021661937674,0.049783380623265,16.923651138096,-0.082625201716828,49.783380623265,36068.497738528
9.575,4.606366981804,0.65021668134736,0.04978331865264,16.832005229618,-0.082401179698811,49.78331865264,36068.495675695
9.5875,4.6073956025778,0.65021674314998,0.049783256850018,16.740875923792,-0.082177814937653,49.783256850018,36068.493618453
9.6,4.6084214353793,0.65021680478509,0.049783195214906,16.650260139348,-0.081955105224083,49.783195214906,36068.491566787
9.6125,4.6094444883828,0.65021686625319,0.049783133746812,16.56015481483,-0.081733048357858,49.783133746812,36068.489520681
9.625,4.6104647697352,0.65021692755475,0.049783072445248,16.470556908466,-0.081511642147751,49.783072445248,36068.487480119
9.6375,4.6114822875561,0.65021698869028,0.049783011309725,16.38146339802,-0.081290884411469,49.783011309725,36068.485445083
9.65,4.6124970499379,0.65021704966024,0.049782950339756,16.292871280659,-0.081070772975632,49.782950339756,36068.483415558
9.6625,4.6135090649458,0.65021711046514,0.049782889534859,16.204777572813,-0.080851305675713,49.782889534859,36068.481391528
9.675,4.614518340618,0.65021717110545,0.049782828894548,16.117179310044,-0.080632480356002,49.782828894548,36068.479372977
9.6875,4.615524884966,0.65021723158166,0.049782768418344,16.030073546908,-0.080414294869561,49.782768418344,36068.477359888
9.7,4.6165287059743,0.65021729189423,0.049782708105767,15.943457356823,-0.080196747078169,49.782708105767,36068.475352246
9.7125,4.6175298116009,0.65021735204366,0.049782647956337,15.857327831935,-0.079979834852292,49.782647956337,36068.473350035
9.725,4.618528209777,0.65021741203042,0.04978258796958,15.771682082989,-0.079763556071031,49.78258796958,36068.471353239
9.7375,4.6195239084076,0.65021747185498,0.049782528145019,15.686517239193,-0.079547908622068,49.782528145019,36068.469361841
9.75,4.6205169153711,0.65021753151782,0.049782468482182,15.601830448096,-0.079332890401645,49.782468482182,36068.467375827
9.7625,4.6215072385199,0.6502175910194,0.049782408980596,15.517618875453,-0.079118499314504,49.782408980596,36068.465395181
9.775,4.6224948856801,0.65021765036021,0.049782349639791,15.433879705104,-0.078904733273847,49.782349639791,36068.463419887
9.7875,4.6234798646519,0.6502177095407,0.0497822904593,15.350610138841,-0.078691590201299,49.7822904593,36068.461449929
9.8,4.6244621832093,0.65021776856135,0.049782231438654,15.267807396287,-0.078479068026855,49.782231438654,36068.459485292
9.8125,4.6254418491009,0.65021782742261,0.049782172577388,15.185468714769,-0.078267164688851,49.782172577388,36068.45752596
9.825,4.6264188700492,0.65021788612496,0.049782113875039,15.103591349198,-0.078055878133911,49.782113875039,36068.455571918
9.8375,4.6273932537513,0.65021794466886,0.049782055331143,15.022172571941,-0.077845206316908,49.782055331143,36068.453623151
9.85,4.6283650078786,0.65021800305476,0.049781996945239,14.941209672704,-0.07763514720093,49.781996945239,36068.451679642
9.8625,4.6293341400774,0.65021806128313,0.04978193871687,14.860699958412,-0.077425698757226,49.78193871687,36068.449741378
9.875,4.6303006579684,0.65021811935442,0.049781880645575,14.780640753082,-0.077216858965174,49.781880645575,36068.447808342
9.8875,4.6312645691471,0.6502181772691,0.0497818227309,14.701029397714,-0.077008625812242,49.7818227309,36068.44588052
9.9,4.6322258811842,0.65021823502761,0.049781764972389,14.621863250166,-0.076800997293939,49.781764972389,36068.443957896
9.9125,4.633184601625,0.65021829263041,0.049781707369588,14.543139685039,-0.076593971413775,49.781707369588,36068.442040455
9.925,4.6341407379901,0.65021835007795,0.049781649922047,14.464856093564,-0.076387546183241,49.781649922047,36068.440128182
9.9375,4.6350942977753,0.65021840737069,0.049781592629315,14.387009883479,-0.076181719621735,49.781592629315,36068.438221063
9.95,4.6360452884517,0.65021846450906,0.049781535490942,14.309598478926,-0.075976489756554,49.781535490942,36068.436319081
9.9625,4.6369937174657,0.65021852149352,0.049781478506481,14.232619320327,-0.075771854622838,49.781478506481,36068.434422223
9.975,4.6379395922392,0.65021857832451,0.049781421675487,14.156069864276,-0.075567812263532,49.781421675487,36068.432530474
9.9875,4.6388829201698,0.65021863500248,0.049781364997515,14.079947583432,-0.07536436072936,49.781364997515,36068.430643818
10,4.6398237086306,0.65021869152788,0.049781308472122,14.004249966394,-0.07516149807876,49.781308472122,36068.428762241
10.0125,4.6407619649707,0.65021874790113,0.049781252098866,13.928974517609,-0.074959222377883,49.781252098866,36068.426885728
10.025,4.6416976965149,0.65021880412269,0.049781195877308,13.85411875725,-0.074757531700516,49.781195877308,36068.425014265
10.0375,4.6426309105641,0.65021886019299,0.049781139807008,13.779680221113,-0.074556424128074,49.781139807008,36068.423147837
10.05,4.643561614395,0.65021891611247,0.04978108388753,13.705656460508,-0.074355897749554,49.78108388753,36068.421286429
10.0625,4.6444898152609,0.65021897188156,0.049781028118437,13.632045042152,-0.074155950661481,49.781028118437,36068.419430028
10.075,4.6454155203909,0.6502190275007,0.049780972499296,13.558843548065,-0.073956580967895,49.780972499296,36068.417578617
10.0875,4.6463387369907,0.65021908297033,0.049780917029673,13.486049575463,-0.073757786780305,49.780917029673,36068.415732184
10.1,4.6472594722425,0.65021913829086,0.049780861709137,13.413660736654,-0.073559566217646,49.780861709137,36068.413890714
10.1125,4.6481777333048,0.65021919346274,0.049780806537258,13.341674658937,-0.073361917406251,49.780806537258,36068.412054192
10.125,4.6490935273129,0.65021924848639,0.049780751513606,13.270088984496,-0.073164838479808,49.780751513606,36068.410222604
10.1375,4.6500068613788,0.65021930336224,0.049780696637756,13.198901370297,-0.07296832757933,49.780696637756,36068.408395935
10.15,4.6509177425912,0.65021935809072,0.04978064190928,13.128109487996,-0.072772382853122,49.78064190928,36068.406574173
10.1625,4.6518261780158,0.65021941267225,0.049780587327754,13.057711023827,-0.072577002456732,49.780587327754,36068.404757302
10.175,4.6527321746952,0.65021946710724,0.049780532892756,12.987703678505,-0.072382184552923,49.780532892756,36068.402945309
10.1875,4.6536357396493,0.65021952139614,0.049780478603862,12.918085167135,-0.072187927311647,49.780478603862,36068.401138179
10.2,4.654536879875,0.65021957553935,0.049780424460654,12.848853219107,-0.071994228909997,49.780424460654,36068.399335898
10.2125,4.6554356023463,0.65021962953729,0.049780370462712,12.780005577998,-0.071801087532178,49.780370462712,36068.397538453
10.225,4.6563319140148,0.65021968339038,0.049780316609618,12.711540001481,-0.07160850136947,49.780316609618,36068.39574583
10.2375,4.6572258218095,0.65021973709904,0.049780262900956,12.64345426122,-0.071416468620194,49.780262900956,36068.393958015
10.25,4.6581173326368,0.65021979066369,0.049780209336311,12.575746142787,-0.071224987489687,49.780209336311,36068.392174993
10.2625,4.6590064533808,0.65021984408473,0.049780155915269,12.508413445557,-0.071034056190255,49.780155915269,36068.390396751
10.275,4.6598931909033,0.65021989736258,0.049780102637419,12.441453982618,-0.070843672941139,49.780102637419,36068.388623276
10.2875,4.6607775520439,0.65021995049765,0.049780049502348,12.374865580679,-0.070653835968498,49.780049502348,36068.386854554
10.3,4.66165954362,0.65022000349035,0.049779996509648,12.308646079978,-0.070464543505357,49.779996509648,36068.385090571
10.3125,4.6625391724269,0.65022005634109,0.049779943658911,12.242793334187,-0.070275793791584,49.779943658911,36068.383331313
10.325,4.6634164452382,0.65022010905027,0.049779890949729,12.177305210325,-0.070087585073859,49.779890949729,36068.381576768
10.3375,4.6642913688053,0.6502201616183,0.049779838381696,12.112179588665,-0.06989991560563,49.779838381696,36068.379826921
10.35,4.6651639498581,0.65022021404559,0.049779785954408,12.047414362645,-0.069712783647093,49.779785954408,36068.378081758
10.3625,4.6660341951045,0.65022026633254,0.049779733667463,11.983007438779,-0.069526187465152,49.779733667463,36068.376341268
10.375,4.6669021112311,0.65022031847954,0.049779681520459,11.91895673657,-0.069340125333389,49.779681520459,36068.374605436
10.3875,4.6677677049028,0.65022037048701,0.049779629512994,11.855260188422,-0.069154595532032,49.779629512994,36068.372874248
10.4,4.6686309827629,0.65022042235533,0.04977957764467,11.791915739549,-0.068969596347925,49.77957764467,36068.371147693
10.4125,4.6694919514336,0.65022047408491,0.04977952591509,11.728921347897,-0.068785126074495,49.77952591509,36068.369425755
10.425,4.6703506175155,0.65022052567614,0.049779474323856,11.666274984049,-0.068601183011721,49.779474323856,36068.367708423
10.4375,4.6712069875884,0.65022057712943,0.049779422870572,11.603974631149,-0.068417765466103,49.779422870573,36068.365995683
10.45,4.6720610682106,0.65022062844515,0.049779371554846,11.542018284808,-0.068234871750626,49.779371554846,36068.364287522
10.4625,4.6729128659196,0.65022067962372,0.049779320376285,11.480403953029,-0.06805250018474,49.779320376285,36068.362583926
10.475,4.6737623872317,0.6502207306655,0.049779269334496,11.419129656117,-0.067870649094317,49.779269334496,36068.360884884
10.4875,4.6746096386425,0.65022078157091,0.049779218429089,11.358193426604,-0.067689316811634,49.779218429089,36068.359190381
10.5,4.6754546266267,0.65022083234032,0.049779167659676,11.297593309156,-0.067508501675325,49.779167659676,36068.357500405
10.5125,4.6762973576384,0.65022088297413,0.049779117025869,11.237327360501,-0.067328202030366,49.779117025869,36068.355814943
10.525,4.6771378381108,0.65022093347272,0.049779066527281,11.177393649349,-0.067148416228045,49.779066527281,36068.354133982
10.5375,4.6779760744569,0.65022098383647,0.049779016163526,11.117790256305,-0.066969142625922,49.779016163526,36068.352457509
10.55,4.6788120730688,0.65022103406578,0.049778965934222,11.058515273792,-0.066790379587808,49.778965934222,36068.350785512
10.5625,4.6796458403184,0.65022108416102,0.049778915838984,10.999566805973,-0.066612125483726,49.778915838984,36068.349117978
10.575,4.6804773825574,0.65022113412257,0.049778865877432,10.940942968676,-0.0664343786899,49.778865877432,36068.347454893
10.5875,4.681306706117,0.65022118395082,0.049778816049184,10.882641889308,-0.0662571375887,49.778816049184,36068.345796246
10.6,4.6821338173082,0.65022123364614,0.049778766353862,10.824661706785,-0.066080400568639,49.778766353862,36068.344142024
10.6125,4.6829587224222,0.65022128320891,0.049778716791088,10.767000571451,-0.065904166024326,49.778716791088,36068.342492213
10.625,4.6837814277298,0.65022133263951,0.049778667360485,10.709656645004,-0.065728432356444,49.778667360485,36068.340846803
10.6375,4.6846019394821,0.65022138193832,0.049778618061678,10.652628100423,-0.065553197971727,49.778618061678,36068.339205779
10.65,4.6854202639102,0.65022143110571,0.049778568894291,10.595913121885,-0.06537846128292,49.778568894291,36068.33756913
10.6625,4.6862364072255,0.65022148014205,0.049778519857952,10.539509904699,-0.065204220708761,49.778519857952,36068.335936844
10.675,4.6870503756196,0.65022152904771,0.049778470952289,10.483416655229,-0.065030474673948,49.778470952289,36068.334308907
10.6875,4.6878621752643,0.65022157782307,0.049778422176931,10.427631590819,-0.064857221609117,49.778422176931,36068.332685308
10.7,4.6886718123122,0.65022162646849,0.049778373531509,10.37215293972,-0.064684459950797,49.778373531509,36068.331066034
10.7125,4.689479292896,0.65022167498435,0.049778325015653,10.316978941023,-0.064512188141411,49.778325015653,36068.329451072
10.725,4.6902846231291,0.650221723371,0.049778276628996,10.26210784458,-0.064340404629222,49.778276628996,36068.327840412
10.7375,4.6910878091058,0.65022177162883,0.049778228371173,10.207537910939,-0.064169107868326,49.778228371173,36068.32623404
10.75,4.6918888569006,0.65022181975818,0.049778180241819,10.153267411268,-0.063998296318609,49.778180241819,36068.324631944
10.7625,4.6926877725693,0.65022186775943,0.049778132240568,10.099294627289,-0.063827968445732,49.778132240568,36068.323034113
10.775,4.6934845621482,0.65022191563294,0.04977808436706,10.045617851206,-0.063658122721097,49.77808436706,36068.321440534
10.7875,4.6942792316547,0.65022196337907,0.049778036620932,9.9922353856364,-0.063488757621824,49.778036620932,36068.319851195
10.8,4.6950717870871,0.65022201099818,0.049777989001824,9.939145543542,-0.063319871630723,49.777989001824,36068.318266084
10.8125,4.6958622344249,0.65022205849062,0.049777941509377,9.8863466481622,-0.063151463236272,49.777941509377,36068.316685189
10.825,4.6966505796286,0.65022210585677,0.049777894143232,9.8338370329437,-0.062983530932582,49.777894143232,36068.315108499
10.8375,4.69743682864,0.65022215309697,0.049777846903033,9.7816150414757,-0.062816073219382,49.777846903033,36068.313536001
10.85,4.6982209873821,0.65022220021158,0.049777799788423,9.7296790274216,-0.062649088601983,49.777799788423,36068.311967683
10.8625,4.6990030617594,0.65022224720095,0.049777752799048,9.6780273544548,-0.062482575591263,49.777752799048,36068.310403535
10.875,4.6997830576577,0.65022229406545,0.049777705934554,9.6266583961888,-0.062316532703626,49.777705934554,36068.308843543
10.8875,4.7005609809443,0.65022234080541,0.04977765919459,9.5755705361178,-0.062150958460998,49.77765919459,36068.307287696
10.9,4.7013368374681,0.6502223874212,0.049777612578802,9.5247621675473,-0.061985851390785,49.777612578802,36068.305735983
10.9125,4.7021106330596,0.65022243391316,0.049777566086842,9.4742316935311,-0.061821210025853,49.777566086842,36068.304188392
10.925,4.702882373531,0.65022248028164,0.049777519718359,9.4239775268066,-0.061657032904499,49.777519718359,36068.302644911
10.9375,4.7036520646762,0.65022252652699,0.049777473473006,9.3739980897345,-0.06149331857044,49.777473473006,36068.301105529
10.95,4.7044197122711,0.65022257264956,0.049777427350435,9.3242918142321,-0.061330065572772,49.777427350435,36068.299570234
10.9625,4.7051853220732,0.6502226186497,0.049777381350302,9.2748571417129,-0.061167272465957,49.777381350302,36068.298039014
10.975,4.7059488998224,0.65022266452774,0.04977733547226,9.2256925230224,-0.061004937809786,49.77733547226,36068.296511859
10.9875,4.7067104512402,0.65022271028403,0.049777289715966,9.176796418381,-0.060843060169375,49.777289715966,36068.294988756
11,4.7074699820304,0.65022275591892,0.049777244081077,9.1281672973165,-0.060681638115119,49.777244081077,36068.293469694
11.0125,4.708227497879,0.65022280143275,0.049777198567253,9.0798036386071,-0.060520670222676,49.777198567253,36068.291954662
11.025,4.7089830044541,0.65022284682585,0.049777153174151,9.0317039302228,-0.060360155072955,49.777153174151,36068.290443649
11.0375,4.7097365074063,0.65022289209857,0.049777107901433,8.9838666692614,-0.060200091252074,49.777107901433,36068.288936643
11.05,4.7104880123683,0.65022293725124,0.049777062748761,8.9362903618917,-0.06004047735135,49.777062748761,36068.287433633
11.0625,4.7112375249553,0.6502229822842,0.049777017715796,8.8889735232945,-0.059881311967271,49.777017715796,36068.285934608
11.075,4.7119850507652,0.6502230271978,0.049776972802203,8.8419146776001,-0.05972259370146,49.776972802203,36068.284439557
11.0875,4.7127305953782,0.65022307199235,0.049776928007646,8.7951123578364,-0.059564321160678,49.776928007646,36068.282948467
11.1,4.7134741643571,0.65022311666821,0.049776883331791,8.7485651058685,-0.059406492956787,49.776883331791,36068.281461329
11.1125,4.7142157632477,0.6502231612257,0.049776838774305,8.7022714723372,-0.059249107706716,49.776838774305,36068.279978132
11.125,4.7149553975781,0.65022320566514,0.049776794334855,8.6562300166076,-0.059092164032453,49.776794334855,36068.278498863
11.1375,4.7156930728596,0.65022324998689,0.049776750013111,8.6104393067113,-0.058935660561025,49.776750013111,36068.277023512
11.15,4.7164287945861,0.65022329419126,0.049776705808743,8.5648979192873,-0.058779595924458,49.776705808743,36068.275552069
11.1625,4.7171625682346,0.65022333827858,0.049776661721421,8.5196044395312,-0.058623968759777,49.776661721421,36068.274084522
11.175,4.7178943992651,0.65022338224918,0.049776617750817,8.4745574611357,-0.058468777708969,49.776617750817,36068.27262086
11.1875,4.7186242931203,0.6502234261034,0.049776573896604,8.4297555862364,-0.058314021418958,49.776573896604,36068.271161072
11.2,4.7193522552266,0.65022346984154,0.049776530158457,8.3851974253585,-0.058159698541596,49.776530158457,36068.269705148
11.2125,4.7200782909932,0.65022351346395,0.04977648653605,8.3408815973618,-0.058005807733631,49.77648653605,36068.268253076
11.225,4.7208024058125,0.65022355697094,0.049776443029059,8.296806729387,-0.057852347656688,49.776443029059,36068.266804847
11.2375,4.7215246050604,0.65022360036284,0.049776399637162,8.2529714568021,-0.057699316977249,49.776399637162,36068.265360448
11.25,4.7222448940961,0.65022364363996,0.049776356360036,8.2093744231501,-0.057546714366632,49.776356360036,36068.26391987
11.2625,4.7229632782622,0.65022368680264,0.04977631319736,8.1660142800939,-0.05739453850096,49.77631319736,36068.262483102
11.275,4.7236797628847,0.65022372985119,0.049776270148814,8.1228896873693,-0.05724278806116,49.776270148814,36068.261050132
11.2875,4.7243943532733,0.65022377278592,0.04977622721408,8.0799993127263,-0.057091461732918,49.77622721408,36068.259620952
11.3,4.7251070547213,0.65022381560716,0.049776184392839,8.0373418318825,-0.056940558206676,49.776184392839,36068.258195549
11.3125,4.7258178725054,0.65022385831523,0.049776141684774,7.9949159284695,-0.056790076177601,49.776141684774,36068.256773913
11.325,4.7265268118863,0.65022390091043,0.049776099089569,7.9527202939835,-0.056640014345568,49.776099089569,36068.255356034
11.3375,4.7272338781084,0.65022394339309,0.049776056606909,7.9107536277321,-0.056490371415135,49.776056606909,36068.253941902
11.35,4.7279390763999,0.65022398576352,0.04977601423648,7.8690146367888,-0.056341146095534,49.77601423648,36068.252531505
11.3625,4.7286424119729,0.65022402802203,0.049775971977969,7.8275020359386,-0.056192337100635,49.775971977969,36068.251124834
11.375,4.7293438900235,0.65022407016894,0.049775929831064,7.7862145476316,-0.056043943148937,49.775929831064,36068.249721878
11.3875,4.7300435157317,0.65022411220455,0.049775887795452,7.7451509019304,-0.055895962963538,49.775887795452,36068.248322627
11.4,4.7307412942617,0.65022415412918,0.049775845870825,7.7043098364671,-0.055748395272129,49.775845870825,36068.24692707
11.4125,4.7314372307618,0.65022419594313,0.049775804056872,7.6636900963897,-0.055601238806961,49.775804056872,36068.245535197
11.425,4.7321313303644,0.65022423764671,0.049775762353286,7.6232904343153,-0.055454492304827,49.775762353286,36068.244146997
11.4375,4.7328235981861,0.65022427924024,0.049775720759758,7.5831096102839,-0.055308154507049,49.775720759758,36068.242762462
11.45,4.733514039328,0.65022432072402,0.049775679275983,7.5431463917091,-0.055162224159449,49.775679275983,36068.24138158
11.4625,4.7342026588754,0.65022436209835,0.049775637901655,7.5033995533328,-0.05501670001234,49.775637901655,36068.24000434
11.475,4.7348894618981,0.65022440336353,0.049775596636469,7.4638678771762,-0.054871580820492,49.775596636469,36068.238630734
11.4875,4.7355744534501,0.65022444451988,0.049775555480121,7.4245501524956,-0.054726865343129,49.775555480121,36068.237260751
11.5,4.7362576385703,0.65022448556769,0.04977551443231,7.3854451757363,-0.054582552343902,49.77551443231,36068.235894381
11.5125,4.736939022282,0.65022452650727,0.049775473492732,7.3465517504837,-0.054438640590861,49.775473492732,36068.234531614
11.525,4.737618609593,0.65022456733891,0.049775432661088,7.307868687422,-0.054295128856454,49.775432661088,36068.233172439
11.5375,4.738296405496,0.65022460806292,0.049775391937076,7.2693948042853,-0.05415201591749,49.775391937076,36068.231816847
11.55,4.7389724149683,0.6502246486796,0.049775351320399,7.2311289258166,-0.054009300555135,49.775351320399,36068.230464828
11.5625,4.739646642972,0.65022468918924,0.049775310810758,7.1930698837203,-0.053866981554886,49.775310810758,36068.229116372
11.575,4.7403190944541,0.65022472959214,0.049775270407856,7.1552165166174,-0.053725057706545,49.775270407856,36068.227771469
11.5875,4.7409897743465,0.6502247698886,0.049775230111396,7.1175676700068,-0.053583527804223,49.775230111396,36068.226430109
11.6,4.7416586875661,0.65022481007892,0.049775189921083,7.0801221962136,-0.053442390646289,49.775189921083,36068.225092283
11.6125,4.7423258390145,0.65022485016338,0.049775149836622,7.0428789543535,-0.053301645035383,49.775149836622,36068.22375798
11.625,4.7429912335788,0.65022489014228,0.049775109857721,7.005836810285,-0.053161289778377,49.775109857721,36068.222427191
11.6375,4.743654876131,0.65022493001591,0.049775069984085,6.9689946365685,-0.053021323686366,49.775069984085,36068.221099906
11.65,4.7443167715282,0.65022496978458,0.049775030215424,6.932351312424,-0.052881745574648,49.775030215424,36068.219776115
11.6625,4.7449769246128,0.65022500944855,0.049774990551446,6.8959057236882,-0.052742554262707,49.774990551446,36068.218455809
11.675,4.7456353402124,0.65022504900814,0.049774950991862,6.8596567627723,-0.052603748574187,49.774950991862,36068.217138978
11.6875,4.7462920231401,0.65022508846362,0.049774911536381,6.823603328621,-0.052465327336883,49.774911536381,36068.215825612
11.7,4.7469469781942,0.65022512781528,0.049774872184717,6.7877443266732,-0.052327289382726,49.774872184717,36068.214515702
11.7125,4.7476002101585,0.65022516706342,0.049774832936581,6.7520786688177,-0.052189633547755,49.774832936581,36068.213209238
11.725,4.7482517238022,0.65022520620831,0.049774793791687,6.716605273354,-0.052052358672105,49.774793791687,36068.211906211
11.7375,4.7489015238801,0.65022524525025,0.049774754749749,6.6813230649539,-0.051915463599997,49.774754749749,36068.21060661
11.75,4.7495496151325,0.65022528418952,0.049774715810482,6.6462309746161,-0.051778947179699,49.774715810482,36068.209310428
11.7625,4.7501960022855,0.6502253230264,0.049774676973602,6.6113279396313,-0.05164280826353,49.774676973602,36068.208017654
11.775,4.7508406900508,0.65022536176117,0.049774638238827,6.5766129035421,-0.05150704570784,49.774638238827,36068.206728278
11.7875,4.7514836831256,0.65022540039413,0.049774599605875,6.5420848161002,-0.051371658372979,49.774599605875,36068.205442292
11.8,4.7521249861933,0.65022543892554,0.049774561074462,6.5077426332312,-0.051236645123295,49.774561074462,36068.204159686
11.8125,4.7527646039227,0.65022547735569,0.04977452264431,6.4735853169922,-0.051102004827102,49.77452264431,36068.20288045
11.825,4.7534025409688,0.65022551568486,0.049774484315139,6.4396118355387,-0.050967736356689,49.774484315139,36068.201604576
11.8375,4.7540388019724,0.65022555391333,0.049774446086669,6.4058211630789,-0.050833838588268,49.774446086669,36068.200332054
11.85,4.7546733915603,0.65022559204138,0.049774407958623,6.3722122798438,-0.050700310401991,49.774407958623,36068.199062875
11.8625,4.7553063143453,0.65022563006928,0.049774369930723,6.3387841720415,-0.050567150681905,49.774369930723,36068.197797029
11.875,4.7559375749263,0.65022566799731,0.049774332002693,6.3055358318272,-0.050434358315961,49.774332002693,36068.196534508
11.8875,4.7565671778882,0.65022570582574,0.049774294174259,6.2724662572604,-0.050301932195978,49.774294174259,36068.195275302
11.9,4.7571951278023,0.65022574355486,0.049774256445144,6.2395744522696,-0.050169871217633,49.774256445144,36068.194019403
11.9125,4.7578214292261,0.65022578118492,0.049774218815076,6.2068594266166,-0.050038174280449,49.774218815076,36068.1927668
11.925,4.758446086703,0.65022581871622,0.04977418128378,6.1743201958597,-0.049906840287774,49.77418128378,36068.191517485
11.9375,4.7590691047633,0.65022585614901,0.049774143850986,6.1419557813171,-0.049775868146769,49.774143850986,36068.190271449
11.95,4.759690487923,0.65022589348358,0.049774106516422,6.1097652100305,-0.049645256768388,49.774106516422,36068.189028682
11.9625,4.7603102406852,0.65022593072018,0.049774069279817,6.0777475147293,-0.049515005067359,49.774069279817,36068.187789177
11.975,4.7609283675389,0.6502259678591,0.049774032140901,6.0459017337959,-0.049385111962177,49.774032140901,36068.186552923
11.9875,4.76154487296,0.65022600490059,0.049773995099406,6.0142269112304,-0.049255576375083,49.773995099406,36068.185319912
12,4.7621597614106,0.65022604184494,0.049773958155063,5.9827220966153,-0.049126397232049,49.773958155063,36068.184090135
12.0125,4.7627730373397,0.65022607869239,0.049773921307605,5.9513863450807,-0.048997573462763,49.773921307605,36068.182863584
12.025,4.7633847051827,0.65022611544323,0.049773884556766,5.9202187172695,-0.048869104000612,49.773884556766,36068.181640248
12.0375,4.7639947693619,0.65022615209772,0.04977384790228,5.8892182793049,-0.048740987782674,49.77384790228,36068.180420119
12.05,4.7646032342862,0.65022618865612,0.049773811343882,5.8583841027521,-0.048613223749683,49.773811343882,36068.17920319
12.0625,4.7652101043514,0.65022622511869,0.049773774881308,5.827715264589,-0.048485810846039,49.773774881308,36068.177989449
12.075,4.7658153839399,0.65022626148571,0.049773738514295,5.7972108471714,-0.048358748019778,49.773738514295,36068.17677889
12.0875,4.7664190774213,0.65022629775742,0.049773702242579,5.7668699381956,-0.048232034222551,49.773702242579,36068.175571503
12.1,4.7670211891518,0.6502263339341,0.0497736660659,5.7366916306724,-0.048105668409629,49.7736660659,36068.17436728
12.1125,4.7676217234749,0.650226370016,0.049773629983996,5.7066750228876,-0.047979649539871,49.773629983996,36068.173166211
12.125,4.7682206847207,0.65022640600339,0.049773593996608,5.6768192183732,-0.047853976575713,49.773593996608,36068.171968289
12.1375,4.7688180772066,0.65022644189652,0.049773558103475,5.6471233258747,-0.047728648483163,49.773558103475,36068.170773504
12.15,4.7694139052372,0.65022647769566,0.049773522304339,5.6175864593159,-0.047603664231772,49.773522304339,36068.169581848
12.1625,4.770008173104,0.65022651340106,0.049773486598943,5.5882077377684,-0.04747902279462,49.773486598943,36068.168393312
12.175,4.7706008850859,0.65022654901297,0.049773450987029,5.5589862854221,-0.047354723148318,49.773450987029,36068.167207888
12.1875,4.7711920454488,0.65022658453166,0.049773415468341,5.5299212315508,-0.04723076427298,49.773415468341,36068.166025567
12.2,4.771781658446,0.65022661995738,0.049773380042623,5.5010117104806,-0.047107145152204,49.773380042623,36068.164846341
12.2125,4.7723697283182,0.65022665529038,0.049773344709621,5.4722568615594,-0.046983864773066,49.773344709621,36068.163670202
12.225,4.7729562592933,0.65022669053092,0.049773309469081,5.4436558291272,-0.046860922126111,49.773309469081,36068.16249714
12.2375,4.7735412555867,0.65022672567925,0.049773274320748,5.4152077624836,-0.046738316205326,49.773274320748,36068.161327147
12.25,4.7741247214012,0.65022676073563,0.049773239264372,5.3869118158574,-0.046616046008133,49.773239264372,36068.160160215
12.2625,4.7747066609272,0.6502267957003,0.049773204299699,5.3587671483769,-0.046494110535374,49.773204299699,36068.158996336
12.275,4.7752870783424,0.65022683057352,0.04977316942648,5.3307729240398,-0.046372508791299,49.77316942648,36068.157835501
12.2875,4.7758659778124,0.65022686535554,0.049773134644463,5.3029283116817,-0.046251239783546,49.773134644463,36068.156677703
12.3,4.7764433634901,0.6502269000466,0.049773099953399,5.2752324849475,-0.04613030252313,49.773099953399,36068.155522931
12.3125,4.7770192395162,0.65022693464696,0.04977306535304,5.2476846222626,-0.046009696024436,49.77306535304,36068.154371179
12.325,4.7775936100191,0.65022696915686,0.049773030843137,5.2202839068011,-0.045889419305192,49.773030843137,36068.153222438
12.3375,4.7781664791149,0.65022700357656,0.049772996423443,5.1930295264596,-0.045769471386469,49.772996423443,36068.1520767
12.35,4.7787378509076,0.65022703790629,0.049772962093712,5.1659206738253,-0.045649851292657,49.772962093712,36068.150933956
12.3625,4.779307729489,0.6502270721463,0.049772927853697,5.1389565461496,-0.045530558051457,49.772927853697,36068.149794199
12.375,4.7798761189385,0.65022710629685,0.049772893703154,5.1121363453179,-0.045411590693867,49.772893703154,36068.14865742
12.3875,4.7804430233238,0.65022714035816,0.049772859641837,5.0854592778206,-0.045292948254161,49.772859641837,36068.147523612
12.4,4.7810084467004,0.6502271743305,0.049772825669505,5.0589245547274,-0.045174629769891,49.772825669505,36068.146392765
12.4125,4.7815723931116,0.65022720821409,0.049772791785912,5.0325313916574,-0.04505663428186,49.772791785912,36068.145264872
12.425,4.7821348665889,0.65022724200918,0.049772757990819,5.0062790087515,-0.044938960834116,49.772757990819,36068.144139925
12.4375,4.782695871152,0.65022727571602,0.049772724283981,4.9801666306441,-0.044821608473935,49.772724283981,36068.143017916
12.45,4.7832554108084,0.65022730933484,0.04977269066516,4.954193486438,-0.044704576251814,49.77269066516,36068.141898837
12.4625,4.7838134895541,0.65022734286589,0.049772657134115,4.9283588096724,-0.044587863221441,49.772657134115,36068.140782679
12.475,4.784370111373,0.65022737630939,0.049772623690606,4.9026618383017,-0.04447146843971,49.772623690606,36068.139669435
12.4875,4.7849252802373,0.6502274096656,0.049772590334395,4.8771018146647,-0.044355390966688,49.772590334395,36068.138559098
12.5,4.7854790001076,0.65022744293476,0.049772557065244,4.851677985457,-0.044239629865599,49.772557065244,36068.137451658
12.5125,4.7860312749328,0.65022747611708,0.049772523882916,4.826389601707,-0.044124184202824,49.772523882916,36068.136347108
12.525,4.7865821086499,0.65022750921283,0.049772490787174,4.80123591875,-0.04400905304789,49.772490787174,36068.135245441
12.5375,4.7871315051845,0.65022754222222,0.049772457777782,4.7762161961977,-0.04389423547344,49.772457777782,36068.134146648
12.55,4.7876794684507,0.6502275751455,0.049772424854505,4.751329697917,-0.043779730555238,49.772424854505,36068.133050721
12.5625,4.7882260023509,0.65022760798289,0.049772392017109,4.7265756920015,-0.043665537372151,49.772392017109,36068.131957653
12.575,4.788771110776,0.65022764073464,0.049772359265359,4.7019534507449,-0.043551655006128,49.772359265359,36068.130867437
12.5875,4.7893147976055,0.65022767340098,0.049772326599023,4.6774622506183,-0.043438082542202,49.772326599023,36068.129780063
12.6,4.7898570667076,0.65022770598213,0.049772294017869,4.6531013722419,-0.043324819068467,49.772294017869,36068.128695525
12.6125,4.7903979219389,0.65022773847834,0.049772261521664,4.6288701003615,-0.043211863676067,49.772261521664,36068.127613814
12.625,4.7909373671449,0.65022777088982,0.049772229110178,4.604767723823,-0.043099215459192,49.772229110178,36068.126534924
12.6375,4.7914754061595,0.65022780321682,0.04977219678318,4.5807935355471,-0.042986873515053,49.77219678318,36068.125458846
12.65,4.7920120428055,0.65022783545956,0.04977216454044,4.5569468325065,-0.04287483694389,49.77216454044,36068.124385573
12.6625,4.7925472808946,0.65022786761827,0.04977213238173,4.5332269156969,-0.042763104848929,49.77213238173,36068.123315096
12.675,4.7930811242271,0.65022789969318,0.049772100306821,4.5096330901171,-0.042651676336398,49.772100306821,36068.12224741
12.6875,4.7936135765922,0.65022793168451,0.049772068315485,4.4861646647429,-0.042540550515506,49.772068315485,36068.121182505
12.7,4.7941446417681,0.6502279635925,0.049772036407496,4.4628209525023,-0.042429726498424,49.772036407496,36068.120120375
12.7125,4.7946743235217,0.65022799541737,0.049772004582628,4.4396012702528,-0.042319203400284,49.772004582628,36068.119061011
12.725,4.7952026256091,0.65022802715935,0.049771972840653,4.4165049387576,-0.042208980339163,49.771972840653,36068.118004407
12.7375,4.7957295517752,0.65022805881865,0.049771941181349,4.39353128266,-0.042099056436065,49.771941181349,36068.116950555
12.75,4.796255105754,0.65022809039551,0.049771909604489,4.3706796304633,-0.041989430814924,49.771909604489,36068.115899447
12.7625,4.7967792912686,0.65022812189015,0.049771878109851,4.3479493145042,-0.041880102602578,49.771878109851,36068.114851076
12.775,4.7973021120313,0.65022815330279,0.049771846697211,4.3253396709311,-0.041771070928762,49.771846697211,36068.113805434
12.7875,4.7978235717432,0.65022818463365,0.049771815366347,4.3028500396811,-0.041662334926102,49.771815366347,36068.112762515
12.8,4.7983436740949,0.65022821588296,0.049771784117037,4.2804797644572,-0.041553893730097,49.771784117037,36068.11172231
12.8125,4.7988624227662,0.65022824705094,0.049771752949061,4.2582281927041,-0.041445746479106,49.771752949061,36068.110684813
12.825,4.7993798214259,0.6502282781378,0.049771721862197,4.2360946755885,-0.041337892314349,49.771721862197,36068.109650015
12.8375,4.7998958737323,0.65022830914377,0.049771690856226,4.2140785679738,-0.041230330379882,49.771690856226,36068.108617911
12.85,4.8004105833329,0.65022834006907,0.049771659930929,4.1921792283996,-0.041123059822594,49.771659930929,36068.107588492
12.8625,4.8009239538648,0.65022837091391,0.049771629086088,4.1703960190588,-0.041016079792191,49.771629086088,36068.10656175
12.875,4.801435988954,0.65022840167852,0.049771598321483,4.1487283057744,-0.040909389441184,49.771598321483,36068.10553768
12.8875,4.8019466922165,0.6502284323631,0.049771567636899,4.1271754579813,-0.04080298792489,49.771567636899,36068.104516274
12.9,4.8024560672573,0.65022846296788,0.049771537032119,4.1057368487004,-0.040696874401403,49.771537032119,36068.103497524
12.9125,4.8029641176712,0.65022849349307,0.049771506506926,4.084411854519,-0.040591048031596,49.771506506926,36068.102481423
12.925,4.8034708470423,0.65022852393889,0.049771476061105,4.0631998555694,-0.040485507979103,49.771476061105,36068.101467964
12.9375,4.8039762589445,0.65022855430556,0.049771445694442,4.0421002355079,-0.040380253410317,49.771445694442,36068.10045714
12.95,4.804480356941,0.65022858459328,0.049771415406722,4.0211123814924,-0.04027528349437,49.771415406722,36068.099448944
12.9625,4.8049831445848,0.65022861480227,0.049771385197732,4.0002356841627,-0.040170597403129,49.771385197732,36068.098443369
12.975,4.8054846254187,0.65022864493274,0.049771355067259,3.9794695376177,-0.040066194311175,49.771355067259,36068.097440407
12.9875,4.8059848029749,0.65022867498491,0.049771325015091,3.9588133393983,-0.039962073395811,49.771325015091,36068.096440052
13,4.8064836807757,0.65022870495898,0.049771295041016,3.9382664904611,-0.039858233837027,49.771295041016,36068.095442297
13.0125,4.8069812623327,0.65022873485518,0.049771265144823,3.9178283951636,-0.039754674817511,49.771265144823,36068.094447134
13.025,4.8074775511478,0.6502287646737,0.049771235326302,3.8974984612409,-0.039651395522629,49.771235326302,36068.093454556
13.0375,4.8079725507123,0.65022879441476,0.049771205585243,3.8772760997858,-0.039548395140416,49.771205585243,36068.092464557
13.05,4.8084662645076,0.65022882407856,0.049771175921437,3.8571607252282,-0.039445672861561,49.771175921437,36068.091477129
13.0625,4.8089586960051,0.65022885366532,0.049771146334676,3.8371517553179,-0.03934322787941,49.771146334676,36068.090492266
13.075,4.8094498486658,0.65022888317525,0.04977111682475,3.8172486110998,-0.039241059389935,49.77111682475,36068.089509961
13.0875,4.8099397259409,0.65022891260855,0.049771087391454,3.7974507168992,-0.039139166591745,49.771087391454,36068.088530206
13.1,4.8104283312717,0.65022894196542,0.04977105803458,3.7777575002983,-0.039037548686059,49.77105803458,36068.087552996
13.1125,4.8109156680893,0.65022897124608,0.049771028753922,3.7581683921203,-0.038936204876709,49.771028753922,36068.086578322
13.125,4.8114017398149,0.65022900045073,0.049770999549274,3.7386828264075,-0.038835134370125,49.770999549274,36068.085606179
13.1375,4.8118865498599,0.65022902957957,0.049770970420433,3.7193002404019,-0.038734336375315,49.770970420433,36068.084636558
13.15,4.8123701016258,0.65022905863281,0.049770941367192,3.7000200745281,-0.038633810103875,49.770941367192,36068.083669455
13.1625,4.8128523985041,0.65022908761065,0.049770912389348,3.6808417723736,-0.038533554769964,49.770912389348,36068.082704861
13.175,4.8133334438768,0.6502291165133,0.049770883486699,3.661764780668,-0.038433569590296,49.770883486699,36068.08174277
13.1875,4.813813241116,0.65022914534096,0.049770854659042,3.6427885492668,-0.038333853784133,49.770854659042,36068.080783176
13.2,4.8142917935838,0.65022917409383,0.049770825906174,3.6239125311323,-0.038234406573279,49.770825906174,36068.079826071
13.2125,4.8147691046329,0.65022920277211,0.049770797227894,3.6051361823138,-0.038135227182062,49.770797227894,36068.078871449
13.225,4.8152451776063,0.650229231376,0.049770768624002,3.586458961931,-0.038036314837331,49.770768624002,36068.077919303
13.2375,4.8157200158371,0.6502292599057,0.049770740094296,3.5678803321531,-0.037937668768437,49.770740094296,36068.076969627
13.25,4.8161936226491,0.65022928836142,0.049770711638578,3.5493997581842,-0.037839288207239,49.770711638578,36068.076022413
13.2625,4.8166660013564,0.65022931674335,0.049770683256648,3.5310167082422,-0.037741172388078,49.770683256648,36068.075077655
13.275,4.8171371552634,0.65022934505169,0.049770654948308,3.5127306535436,-0.037643320547781,49.770654948308,36068.074135348
13.2875,4.8176070876651,0.65022937328664,0.04977062671336,3.4945410682824,-0.037545731925642,49.77062671336,36068.073195483
13.3,4.818075801847,0.65022940144839,0.049770598551605,3.4764474296153,-0.037448405763413,49.770598551605,36068.072258054
13.3125,4.8185433010852,0.65022942953715,0.049770570462849,3.4584492176424,-0.037351341305301,49.770570462849,36068.071323056
13.325,4.8190095886462,0.65022945755311,0.049770542446893,3.440545915391,-0.037254537797956,49.770542446893,36068.070390481
13.3375,4.8194746677873,0.65022948549646,0.049770514503543,3.4227370087981,-0.037157994490462,49.770514503543,36068.069460323
13.35,4.8199385417563,0.6502295133674,0.049770486632603,3.4050219866913,-0.037061710634321,49.770486632603,36068.068532575
13.3625,4.8204012137916,0.65022954116612,0.04977045883388,3.3874003407736,-0.03696568548345,49.77045883388,36068.067607231
13.375,4.8208626871226,0.65022956889282,0.049770431107177,3.3698715656069,-0.03686991829418,49.770431107177,36068.066684284
13.3875,4.8213229649689,0.6502295965477,0.049770403452304,3.3524351585927,-0.036774408325227,49.770403452304,36068.065763728
13.4,4.8217820505413,0.65022962413093,0.049770375869065,3.3350906199574,-0.036679154837703,49.770375869065,36068.064845557
13.4125,4.8222399470413,0.65022965164273,0.04977034835727,3.3178374527346,-0.036584157095092,49.77034835727,36068.063929764
13.425,4.8226966576609,0.65022967908327,0.049770320916726,3.3006751627489,-0.036489414363251,49.770320916726,36068.063016343
13.4375,4.8231521855834,0.65022970645276,0.049770293547241,3.2836032585986,-0.036394925910392,49.770293547241,36068.062105287
13.45,4.8236065339826,0.65022973375137,0.049770266248627,3.26662125164,-0.036300691007078,49.770266248627,36068.06119659
13.4625,4.8240597060234,0.65022976097931,0.049770239020691,3.2497286559716,-0.036206708926219,49.770239020691,36068.060290246
13.475,4.8245117048615,0.65022978813676,0.049770211863245,3.2329249884175,-0.036112978943057,49.770211863245,36068.059386248
13.4875,4.8249625336437,0.6502298152239,0.049770184776099,3.2162097685104,-0.036019500335156,49.770184776099,36068.058484591
13.5,4.8254121955076,0.65022984224093,0.049770157759065,3.199582518477,-0.035926272382397,49.770157759065,36068.057585267
13.5125,4.825860693582,0.65022986918804,0.049770130811955,3.1830427632217,-0.03583329436697,49.770130811955,36068.056688271
13.525,4.8263080309865,0.65022989606542,0.049770103934582,3.1665900303103,-0.035740565573361,49.770103934582,36068.055793596
13.5375,4.8267542108321,0.65022992287324,0.049770077126758,3.1502238499549,-0.035648085288347,49.770077126758,36068.054901237
13.55,4.8271992362207,0.6502299496117,0.049770050388298,3.1339437549974,-0.035555852800982,49.770050388298,36068.054011186
13.5625,4.8276431102452,0.65022997628099,0.049770023719015,3.117749280896,-0.0354638674026,49.770023719015,36068.053123438
13.575,4.8280858359899,0.65023000288128,0.049769997118724,3.1016399657074,-0.035372128386792,49.769997118724,36068.052237986
13.5875,4.8285274165302,0.65023002941276,0.04976997058724,3.0856153500728,-0.035280635049405,49.76997058724,36068.051354825
13.6,4.8289678549327,0.65023005587562,0.04976994412438,3.0696749772024,-0.035189386688534,49.76994412438,36068.050473948
13.6125,4.8294071542553,0.65023008227004,0.049769917729959,3.0538183928616,-0.035098382604518,49.769917729959,36068.04959535
13.625,4.829845317547,0.65023010859621,0.049769891403794,3.0380451453532,-0.035007622099917,49.769891403794,36068.048719023
13.6375,4.8302823478482,0.6502301348543,0.049769865145702,3.0223547855061,-0.034917104479522,49.769865145702,36068.047844962
13.65,4.8307182481907,0.6502301610445,0.049769838955502,3.0067468666562,-0.034826829050328,49.769838955502,36068.046973162
13.6625,4.8311530215975,0.65023018716699,0.049769812833011,2.9912209446361,-0.034736795121544,49.769812833011,36068.046103615
13.675,4.8315866710832,0.65023021322195,0.049769786778049,2.9757765777567,-0.03464700200457,49.769786778049,36068.045236316
13.6875,4.8320191996535,0.65023023920956,0.049769760790435,2.9604133267959,-0.034557449013001,49.769760790435,36068.044371259
13.7,4.8324506103058,0.65023026513001,0.049769734869989,2.9451307549809,-0.034468135462603,49.769734869989,36068.043508438
13.7125,4.8328809060288,0.65023029098347,0.049769709016531,2.929928427976,-0.03437906067132,49.769709016531,36068.042647846
13.725,4.8333100898028,0.65023031677012,0.049769683229882,2.9148059138694,-0.034290223959268,49.769683229882,36068.041789479
13.7375,4.8337381645996,0.65023034249014,0.049769657509864,2.8997627831554,-0.034201624648706,49.769657509864,36068.040933329
13.75,4.8341651333823,0.6502303681437,0.049769631856299,2.8847986087239,-0.034113262064052,49.769631856299,36068.040079391
13.7625,4.834590999106,0.65023039373099,0.049769606269009,2.8699129658435,-0.034025135531857,49.769606269009,36068.03922766
13.775,4.8350157647171,0.65023041925218,0.049769580747816,2.8551054321497,-0.033937244380809,49.769580747816,36068.038378129
13.7875,4.8354394331536,0.65023044470745,0.049769555292546,2.8403755876303,-0.033849587941718,49.769555292546,36068.037530792
13.8,4.8358620073454,0.65023047009698,0.04976952990302,2.8257230146118,-0.033762165547515,49.76952990302,36068.036685643
13.8125,4.8362834902138,0.65023049542093,0.049769504579065,2.8111472977458,-0.033674976533238,49.769504579065,36068.035842678
13.825,4.8367038846718,0.65023052067949,0.049769479320505,2.7966480239944,-0.033588020236023,49.769479320505,36068.035001889
13.8375,4.8371231936245,0.65023054587283,0.049769454127165,2.7822247826182,-0.033501295995102,49.769454127165,36068.034163271
13.85,4.8375414199683,0.65023057100113,0.049769428998872,2.767877165162,-0.033414803151793,49.769428998872,36068.033326818
13.8625,4.8379585665917,0.65023059606455,0.049769403935451,2.7536047654425,-0.033328541049494,49.769403935451,36068.032492525
13.875,4.8383746363747,0.65023062106327,0.049769378936731,2.7394071795326,-0.033242509033666,49.769378936731,36068.031660385
13.8875,4.8387896321895,0.65023064599746,0.049769354002537,2.7252840057515,-0.033156706451841,49.769354002537,36068.030830394
13.9,4.8392035568999,0.6502306708673,0.049769329132699,2.7112348446498,-0.033071132653603,49.769329132699,36068.030002544
13.9125,4.8396164133616,0.65023069567296,0.049769304327044,2.6972592989953,-0.032985786990578,49.769304327044,36068.029176831
13.925,4.8400282044223,0.6502307204146,0.049769279585402,2.6833569737639,-0.032900668816442,49.769279585402,36068.028353249
13.9375,4.8404389329216,0.6502307450924,0.049769254907601,2.6695274761224,-0.032815777486896,49.769254907601,36068.027531792
13.95,4.840848601691,0.65023076970653,0.049769230293472,2.655770415419,-0.03273111235967,49.769230293472,36068.026712455
13.9625,4.8412572135541,0.65023079425715,0.049769205742846,2.6420854031687,-0.03264667279451,49.769205742846,36068.025895231
13.975,4.8416647713264,0.65023081874445,0.049769181255552,2.6284720530421,-0.032562458153174,49.769181255552,36068.025080116
13.9875,4.8420712778155,0.65023084316858,0.049769156831423,2.6149299808513,-0.032478467799422,49.769156831423,36068.024267103
14,4.842476735821,0.65023086752971,0.049769132470289,2.6014588045381,-0.032394701099003,49.769132470289,36068.023456187
14.0125,4.8428811481347,0.65023089182802,0.049769108171984,2.5880581441635,-0.032311157419668,49.769108171984,36068.022647362
14.025,4.8432845175404,0.65023091606366,0.04976908393634,2.5747276218923,-0.03222783613114,49.76908393634,36068.021840623
14.0375,4.843686846814,0.65023094023681,0.049769059763191,2.5614668619824,-0.032144736605114,49.769059763191,36068.021035965
14.05,4.8440881387236,0.65023096434763,0.049769035652369,2.5482754907738,-0.032061858215259,49.769035652369,36068.020233381
14.0625,4.8444883960296,0.65023098839629,0.049769011603709,2.5351531366734,-0.031979200337195,49.769011603709,36068.019432866
14.075,4.8448876214846,0.65023101238295,0.049768987617046,2.522099430147,-0.031896762348504,49.768987617046,36068.018634415
14.0875,4.8452858178331,0.65023103630779,0.049768963692215,2.5091140037039,-0.031814543628704,49.768963692215,36068.017838023
14.1,4.8456829878123,0.65023106017095,0.049768939829051,2.4961964918866,-0.031732543559253,49.768939829051,36068.017043683
14.1125,4.8460791341514,0.65023108397261,0.049768916027391,2.4833465312602,-0.031650761523547,49.768916027391,36068.01625139
14.125,4.846474259572,0.65023110771293,0.04976889228707,2.4705637603982,-0.031569196906901,49.76889228707,36068.015461139
14.1375,4.8468683667879,0.65023113139207,0.049768868607926,2.4578478198727,-0.031487849096546,49.768868607926,36068.014672925
14.15,4.8472614585056,0.6502311550102,0.049768844989796,2.4451983522413,-0.031406717481623,49.768844989796,36068.013886741
14.1625,4.8476535374236,0.65023117856748,0.049768821432519,2.4326150020373,-0.031325801453177,49.768821432519,36068.013102583
14.175,4.848044606233,0.65023120206407,0.049768797935932,2.4200974157572,-0.031245100404147,49.768797935932,36068.012320446
14.1875,4.8484346676172,0.65023122550013,0.049768774499873,2.4076452418509,-0.031164613729372,49.768774499873,36068.011540323
14.2,4.8488237242522,0.65023124887582,0.049768751124184,2.3952581307083,-0.031084340825565,49.768751124184,36068.01076221
14.2125,4.8492117788062,0.6502312721913,0.049768727808702,2.382935734649,-0.031004281091315,49.768727808702,36068.009986101
14.225,4.8495988339403,0.65023129544673,0.049768704553268,2.3706777079103,-0.030924433927076,49.768704553268,36068.00921199
14.2375,4.8499848923078,0.65023131864228,0.049768681357723,2.3584837066388,-0.030844798735174,49.768681357723,36068.008439874
14.25,4.8503699565546,0.65023134177809,0.049768658221908,2.3463533888768,-0.030765374919786,49.768658221908,36068.007669745
14.2625,4.8507540293193,0.65023136485434,0.049768635145664,2.3342864145518,-0.030686161886937,49.768635145664,36068.0069016
14.275,4.8511371132329,0.65023138787117,0.049768612128834,2.322282445467,-0.030607159044497,49.768612128834,36068.006135432
14.2875,4.8515192109191,0.65023141082874,0.049768589171258,2.3103411452878,-0.030528365802162,49.768589171258,36068.005371236
14.3,4.8519003249943,0.65023143372722,0.049768566272781,2.2984621795351,-0.030449781571475,49.768566272781,36068.004609008
14.3125,4.8522804580674,0.65023145656675,0.049768543433246,2.2866452155706,-0.030371405765786,49.768543433246,36068.003848742
14.325,4.8526596127401,0.6502314793475,0.049768520652496,2.2748899225881,-0.030293237800265,49.768520652496,36068.003090433
14.3375,4.8530377916068,0.65023150206963,0.049768497930375,2.2631959716041,-0.030215277091898,49.768497930375,36068.002334075
14.35,4.8534149972545,0.65023152473327,0.049768475266728,2.2515630354442,-0.030137523059464,49.768475266728,36068.001579664
14.3625,4.8537912322631,0.6502315473386,0.0497684526614,2.2399907887358,-0.030059975123546,49.7684526614,36068.000827194
14.375,4.8541664992052,0.65023156988576,0.049768430114236,2.2284789078961,-0.029982632706515,49.768430114236,36068.00007666
14.3875,4.8545408006461,0.65023159237492,0.049768407625083,2.2170270711215,-0.029905495232521,49.768407625083,36067.999328057
14.4,4.8549141391442,0.65023161480621,0.049768385193786,2.205634958379,-0.029828562127499,49.768385193786,36067.99858138
14.4125,4.8552865172504,0.65023163717981,0.049768362820192,2.1943022513943,-0.029751832819146,49.768362820192,36067.997836624
14.425,4.8556579375086,0.65023165949585,0.049768340504149,2.1830286336436,-0.029675306736937,49.768340504149,36067.997093783
14.4375,4.8560284024555,0.6502316817545,0.049768318245503,2.1718137903408,-0.02959898331209,49.768318245503,36067.996352853
14.45,4.856397914621,0.6502317039559,0.049768296044104,2.1606574084306,-0.029522861977584,49.768296044104,36067.995613829
14.4625,4.8567664765276,0.6502317261002,0.049768273899799,2.1495591765768,-0.029446942168146,49.768273899799,36067.994876705
14.475,4.8571340906908,0.65023174818756,0.049768251812437,2.138518785152,-0.029371223320233,49.768251812437,36067.994141477
14.4875,4.8575007596191,0.65023177021813,0.049768229781868,2.1275359262299,-0.029295704872045,49.768229781868,36067.993408139
14.5,4.8578664858141,0.65023179219206,0.049768207807941,2.1166102935728,-0.0292203862635,49.768207807941,36067.992676687
14.5125,4.8582312717702,0.65023181410949,0.049768185890506,2.105741582625,-0.029145266936249,49.768185890506,36067.991947115
14.525,4.858595119975,0.65023183597059,0.049768164029414,2.0949294905011,-0.029070346333652,49.768164029414,36067.991219418
14.5375,4.8589580329091,0.65023185777548,0.049768142224517,2.0841737159757,-0.028995623900773,49.768142224517,36067.990493592
14.55,4.8593200130462,0.65023187952434,0.049768120475664,2.0734739594764,-0.028921099084386,49.768120475664,36067.989769632
14.5625,4.859681062853,0.65023190121729,0.049768098782708,2.0628299230728,-0.028846771332958,49.768098782708,36067.989047532
14.575,4.8600411847894,0.6502319228545,0.049768077145502,2.0522413104669,-0.028772640096648,49.768077145502,36067.988327289
14.5875,4.8604003813084,0.6502319444361,0.049768055563898,2.041707826985,-0.028698704827301,49.768055563898,36067.987608896
14.6,4.8607586548563,0.65023196596225,0.049768034037748,2.031229179567,-0.028624964978439,49.768034037748,36067.986892348
14.6125,4.8611160078723,0.65023198743309,0.049768012566907,2.0208050767586,-0.028551420005261,49.768012566907,36067.986177642
14.625,4.861472442789,0.65023200884877,0.049767991151228,2.0104352287005,-0.028478069364626,49.767991151228,36067.985464773
14.6375,4.8618279620322,0.65023203020943,0.049767969790565,2.0001193471204,-0.028404912515057,49.767969790565,36067.984753734
14.65,4.8621825680209,0.65023205151523,0.049767948484774,1.9898571453245,-0.028331948916739,49.767948484774,36067.984044522
14.6625,4.8625362631674,0.65023207276629,0.049767927233708,1.9796483381873,-0.028259178031499,49.767927233708,36067.983337132
14.675,4.8628890498772,0.65023209396278,0.049767906037224,1.9694926421427,-0.02818659932281,49.767906037224,36067.982631558
14.6875,4.8632409305493,0.65023211510482,0.049767884895178,1.9593897751763,-0.028114212255785,49.767884895178,36067.981927797
14.7,4.8635919075758,0.65023213619257,0.049767863807425,1.9493394568141,-0.02804201629716,49.767863807425,36067.981225843
14.7125,4.8639419833423,0.65023215722618,0.049767842773823,1.9393414081178,-0.027970010915313,49.767842773823,36067.980525691
14.725,4.8642911602276,0.65023217820577,0.049767821794228,1.929395351672,-0.027898195580232,49.767821794228,36067.979827338
14.7375,4.8646394406041,0.6502321991315,0.049767800868498,1.9195010115774,-0.027826569763519,49.767800868498,36067.979130777
14.75,4.8649868268374,0.65023222000351,0.049767779996491,1.9096581134425,-0.027755132938394,49.767779996491,36067.978436005
14.7625,4.8653333212867,0.65023224082193,0.049767759178065,1.8998663843738,-0.027683884579671,49.767759178065,36067.977743016
14.775,4.8656789263045,0.65023226158692,0.049767738413079,1.890125552968,-0.027612824163768,49.767738413079,36067.977051806
14.7875,4.8660236442368,0.65023228229861,0.049767717701391,1.8804353493042,-0.027541951168695,49.767717701391,36067.97636237
14.8,4.8663674774232,0.65023230295714,0.049767697042862,1.8707955049338,-0.027471265074047,49.767697042862,36067.975674703
14.8125,4.8667104281967,0.65023232356265,0.049767676437351,1.8612057528744,-0.027400765361005,49.767676437351,36067.974988802
14.825,4.8670524988838,0.65023234411528,0.049767655884718,1.8516658275989,-0.027330451512322,49.767655884718,36067.97430466
14.8375,4.8673936918046,0.65023236461518,0.049767635384823,1.8421754650287,-0.027260323012319,49.767635384823,36067.973622275
14.85,4.8677340092727,0.65023238506247,0.049767614937529,1.8327344025262,-0.027190379346891,49.767614937529,36067.97294164
14.8625,4.8680734535955,0.6502324054573,0.049767594542696,1.8233423788844,-0.027120620003481,49.767594542696,36067.972262751
14.875,4.8684120270736,0.65023242579981,0.049767574200185,1.8139991343205,-0.027051044471092,49.767574200185,36067.971585604
14.8875,4.8687497320017,0.65023244609014,0.04976755390986,1.804704410468,-0.026981652240277,49.76755390986,36067.970910194
14.9,4.8690865706678,0.65023246632842,0.049767533671582,1.7954579503682,-0.026912442803134,49.767533671582,36067.970236517
14.9125,4.8694225453536,0.65023248651478,0.049767513485215,1.7862594984611,-0.026843415653293,49.767513485215,36067.969564567
14.925,4.8697576583345,0.65023250664938,0.049767493350622,1.7771088005786,-0.026774570285916,49.767493350622,36067.968894342
14.9375,4.8700919118798,0.65023252673233,0.049767473267666,1.7680056039377,-0.026705906197702,49.767473267666,36067.968225834
14.95,4.8704253082523,0.65023254676379,0.049767453236212,1.7589496571299,-0.026637422886859,49.767453236212,36067.967559042
14.9625,4.8707578497086,0.65023256674388,0.049767433256124,1.7499407101167,-0.026569119853127,49.767433256124,36067.966893959
14.975,4.871089538499,0.65023258667273,0.049767413327266,1.7409785142184,-0.026500996597743,49.767413327266,36067.966230581
14.9875,4.8714203768677,0.6502326065505,0.049767393449505,1.7320628221089,-0.026433052623457,49.767393449505,36067.965568904
15,4.8717503670525,0.6502326263773,0.049767373622704,1.7231933878075,-0.026365287434519,49.767373622704,36067.964908924
15.0125,4.8720795112853,0.65023264615327,0.049767353846731,1.7143699666701,-0.026297700536672,49.767353846731,36067.964250636
15.025,4.8724078117915,0.65023266587855,0.049767334121452,1.7055923153844,-0.026230291437159,49.767334121452,36067.963594035
15.0375,4.8727352707906,0.65023268555327,0.049767314446733,1.6968601919595,-0.026163059644702,49.767314446733,36067.962939117
15.05,4.8730618904959,0.65023270517756,0.049767294822441,1.6881733557182,-0.026096004669494,49.767294822441,36067.962285877
15.0625,4.8733876731145,0.65023272475156,0.049767275248444,1.6795315672937,-0.026029126023223,49.767275248444,36067.961634312
15.075,4.8737126208475,0.65023274427539,0.04976725572461,1.6709345886171,-0.025962423219031,49.76725572461,36067.960984416
15.0875,4.87403673589,0.65023276374919,0.049767236250805,1.6623821829136,-0.025895895771534,49.767236250805,36067.960336186
15.1,4.8743600204308,0.6502327831731,0.0497672168269,1.6538741146936,-0.025829543196803,49.7672168269,36067.959689617
15.1125,4.8746824766528,0.65023280254724,0.049767197452763,1.645410149746,-0.025763365012368,49.767197452763,36067.959044705
15.125,4.875004106733,0.65023282187174,0.049767178128263,1.6369900551306,-0.025697360737208,49.767178128263,36067.958401445
15.1375,4.8753249128421,0.65023284114673,0.04976715885327,1.6286135991717,-0.025631529891749,49.76715885327,36067.957759832
15.15,4.8756448971451,0.65023286037235,0.049767139627653,1.6202805514496,-0.02556587199785,49.767139627653,36067.957119864
15.1625,4.875964061801,0.65023287954872,0.049767120451283,1.6119906827949,-0.025500386578813,49.767120451283,36067.956481535
15.175,4.8762824089626,0.65023289867597,0.04976710132403,1.6037437652813,-0.025435073159368,49.76710132403,36067.95584484
15.1875,4.876599940777,0.65023291775423,0.049767082245766,1.5955395722171,-0.025369931265667,49.767082245766,36067.955209777
15.2,4.8769166593854,0.65023293678364,0.049767063216362,1.5873778781403,-0.025304960425286,49.767063216362,36067.954576339
15.2125,4.8772325669229,0.65023295576431,0.049767044235689,1.5792584588105,-0.025240160167217,49.767044235689,36067.953944524
15.225,4.8775476655189,0.65023297469638,0.049767025303621,1.5711810912022,-0.02517553002186,49.767025303621,36067.953314327
15.2375,4.8778619572969,0.65023299357997,0.049767006420028,1.5631455534988,-0.025111069521028,49.767006420028,36067.952685744
15.25,4.8781754443746,0.65023301241522,0.049766987584784,1.5551516250837,-0.025046778197925,49.766987584784,36067.952058769
15.2625,4.8784881288637,0.65023303120224,0.049766968797761,1.5471990865358,-0.024982655587158,49.766968797761,36067.9514334
15.275,4.8788000128702,0.65023304994117,0.049766950058835,1.5392877196221,-0.024918701224726,49.766950058835,36067.950809632
15.2875,4.8791110984945,0.65023306863212,0.049766931367877,1.5314173072898,-0.024854914648008,49.766931367877,36067.950187461
15.3,4.8794213878309,0.65023308727524,0.049766912724763,1.5235876336619,-0.024791295395776,49.766912724763,36067.949566883
15.3125,4.8797308829681,0.65023310587063,0.049766894129367,1.5157984840286,-0.02472784300817,49.766894129367,36067.948947892
15.325,4.880039585989,0.65023312441844,0.049766875581563,1.5080496448417,-0.024664557026707,49.766875581563,36067.948330486
15.3375,4.880347498971,0.65023314291877,0.049766857081227,1.5003409037083,-0.024601436994274,49.766857081227,36067.94771466
15.35,4.8806546239854,0.65023316137176,0.049766838628235,1.4926720493838,-0.024538482455119,49.766838628235,36067.94710041
15.3625,4.8809609630982,0.65023317977754,0.049766820222462,1.4850428717651,-0.024475692954848,49.766820222462,36067.946487732
15.375,4.8812665183694,0.65023319813622,0.049766801863785,1.4774531618855,-0.024413068040424,49.766801863785,36067.945876621
15.3875,4.8815712918537,0.65023321644792,0.049766783552079,1.4699027119063,-0.024350607260152,49.766783552079,36067.945267074
15.4,4.8818752855998,0.65023323471278,0.049766765287223,1.4623913151136,-0.024288310163696,49.766765287223,36067.944659087
15.4125,4.882178501651,0.65023325293091,0.049766747069093,1.4549187659084,-0.024226176302047,49.766747069093,36067.944052655
15.425,4.882480942045,0.65023327110243,0.049766728897567,1.4474848598032,-0.024164205227542,49.766728897567,36067.943447774
15.4375,4.8827826088138,0.65023328922748,0.049766710772523,1.4400893934142,-0.024102396493845,49.766710772523,36067.942844441
15.45,4.8830835039838,0.65023330730616,0.049766692693838,1.4327321644554,-0.024040749655946,49.766692693838,36067.94224265
15.4625,4.8833836295761,0.65023332533861,0.049766674661392,1.4254129717331,-0.023979264270158,49.766674661392,36067.941642399
15.475,4.8836829876059,0.65023334332494,0.049766656675064,1.418131615139,-0.023917939894115,49.766656675064,36067.941043683
15.4875,4.8839815800833,0.65023336126527,0.049766638734732,1.4108878956441,-0.023856776086758,49.766638734732,36067.940446498
15.5,4.8842794090125,0.65023337915972,0.049766620840276,1.403681615294,-0.023795772408345,49.766620840276,36067.93985084
15.5125,4.8845764763924,0.65023339700842,0.049766602991577,1.3965125772012,-0.023734928420435,49.766602991577,36067.939256705
15.525,4.8848727842164,0.65023341481149,0.049766585188514,1.3893805855403,-0.023674243685889,49.766585188514,36067.93866409
15.5375,4.8851683344725,0.65023343256903,0.049766567430968,1.3822854455411,-0.02361371776886,49.766567430968,36067.938072989
15.55,4.8854631291431,0.65023345028118,0.04976654971882,1.3752269634843,-0.023553350234803,49.76654971882,36067.9374834
15.5625,4.8857571702054,0.65023346794805,0.04976653205195,1.3682049466927,-0.023493140650443,49.76653205195,36067.936895318
15.575,4.886050459631,0.65023348556976,0.049766514430242,1.3612192035291,-0.023433088583802,49.766514430242,36067.936308739
15.5875,4.8863429993863,0.65023350314642,0.049766496853576,1.3542695433875,-0.023373193604176,49.766496853576,36067.935723659
15.6,4.886634791432,0.65023352067817,0.049766479321834,1.347355776689,-0.023313455282134,49.766479321834,36067.935140075
15.6125,4.8869258377239,0.6502335381651,0.0497664618349,1.3404777148757,-0.023253873189519,49.7664618349,36067.934557983
15.625,4.887216140212,0.65023355560734,0.049766444392656,1.3336351704046,-0.023194446899439,49.766444392656,36067.933977378
15.6375,4.8875057008412,0.65023357300502,0.049766426994984,1.3268279567421,-0.023135175986258,49.766426994984,36067.933398256
15.65,4.8877945215512,0.65023359035823,0.04976640964177,1.3200558883589,-0.023076060025605,49.76640964177,36067.932820615
15.6625,4.8880826042761,0.6502336076671,0.049766392332895,1.3133187807233,-0.023017098594355,49.766392332895,36067.93224445
15.675,4.888369950945,0.65023362493175,0.049766375068245,1.3066164502977,-0.022958291270642,49.766375068245,36067.931669756
15.6875,4.8886565634816,0.6502336421523,0.049766357847704,1.2999487145301,-0.022899637633833,49.766357847704,36067.931096531
15.7,4.8889424438043,0.65023365932884,0.049766340671157,1.2933153918515,-0.022841137264544,49.766340671157,36067.930524771
15.7125,4.8892275938265,0.65023367646151,0.049766323538488,1.2867163016685,-0.022782789744626,49.766323538488,36067.929954471
15.725,4.889512015456,0.65023369355042,0.049766306449583,1.2801512643587,-0.022724594657159,49.766306449583,36067.929385627
15.7375,4.8897957105957,0.65023371059567,0.049766289404328,1.273620101265,-0.022666551586454,49.766289404328,36067.928818237
15.75,4.8900786811433,0.65023372759739,0.049766272402609,1.2671226346907,-0.022608660118047,49.766272402609,36067.928252296
15.7625,4.8903609289911,0.65023374455569,0.049766255444311,1.2606586878936,-0.022550919838693,49.766255444311,36067.9276878
15.775,4.8906424560265,0.65023376147068,0.049766238529323,1.2542280850809,-0.022493330336362,49.766238529323,36067.927124746
15.7875,4.8909232641316,0.65023377834247,0.049766221657529,1.247830651404,-0.022435891200237,49.766221657529,36067.92656313
15.8,4.8912033551835,0.65023379517118,0.049766204828818,1.241466212953,-0.022378602020709,49.766204828818,36067.926002948
15.8125,4.891482731054,0.65023381195692,0.049766188043078,1.2351345967524,-0.022321462389375,49.766188043078,36067.925444196
15.825,4.89176139361,0.6502338286998,0.049766171300196,1.2288356307542,-0.022264471899026,49.766171300196,36067.924886871
15.8375,4.8920393447132,0.65023384539994,0.04976615460006,1.2225691438341,-0.022207630143654,49.76615460006,36067.924330969
15.85,4.8923165862203,0.65023386205744,0.049766137942558,1.2163349657865,-0.022150936718443,49.766137942558,36067.923776486
15.8625,4.8925931199828,0.65023387867242,0.04976612132758,1.2101329273185,-0.022094391219763,49.76612132758,36067.923223418
15.875,4.8928689478474,0.65023389524499,0.049766104755015,1.2039628600455,-0.022037993245171,49.766104755015,36067.922671762
15.8875,4.8931440716555,0.65023391177525,0.049766088224751,1.1978245964857,-0.0219817423934,49.766088224751,36067.922121515
15.9,4.8934184932437,0.65023392826332,0.049766071736678,1.1917179700557,-0.021925638264365,49.766071736678,36067.921572672
15.9125,4.8936922144437,0.65023394470931,0.049766055290688,1.1856428150646,-0.021869680459147,49.766055290688,36067.921025229
15.925,4.8939652370818,0.65023396111333,0.049766038886668,1.1795989667104,-0.021813868580004,49.766038886668,36067.920479184
15.9375,4.8942375629798,0.65023397747549,0.049766022524512,1.1735862610731,-0.021758202230346,49.766022524512,36067.919934532
15.95,4.8945091939542,0.65023399379589,0.049766006204108,1.1676045351126,-0.02170268101476,49.766006204108,36067.91939127
15.9625,4.8947801318168,0.65023401007465,0.049765989925348,1.1616536266611,-0.021647304538979,49.765989925348,36067.918849395
15.975,4.8950503783745,0.65023402631188,0.049765973688124,1.1557333744193,-0.021592072409888,49.765973688124,36067.918308901
15.9875,4.895319935429,0.65023404250767,0.049765957492328,1.149843617952,-0.021536984235524,49.765957492328,36067.917769787
16,4.8955888047774,0.65023405866215,0.049765941337851,1.1439841976839,-0.021482039625079,49.765941337851,36067.917232049
16.0125,4.8958569882117,0.65023407477541,0.049765925224585,1.1381549548926,-0.021427238188874,49.765925224585,36067.916695682
16.025,4.8961244875193,0.65023409084758,0.049765909152424,1.1323557317056,-0.021372579538371,49.765909152424,36067.916160683
16.0375,4.8963913044826,0.65023410687874,0.049765893121261,1.1265863710959,-0.02131806328617,49.765893121261,36067.915627049
16.05,4.8966574408791,0.65023412286901,0.049765877130988,1.1208467168764,-0.021263689046004,49.765877130988,36067.915094776
16.0625,4.8969228984815,0.6502341388185,0.049765861181499,1.1151366136949,-0.021209456432723,49.765861181499,36067.914563861
16.075,4.8971876790578,0.65023415472731,0.049765845272687,1.1094559070306,-0.021155365062306,49.765845272687,36067.9140343
16.0875,4.8974517843712,0.65023417059555,0.049765829404448,1.1038044431894,-0.021101414551856,49.765829404448,36067.913506089
16.1,4.89771521618,0.65023418642333,0.049765813576674,1.0981820692986,-0.021047604519586,49.765813576674,36067.912979226
16.1125,4.8979779762378,0.65023420221074,0.049765797789262,1.0925886333023,-0.020993934584817,49.765797789262,36067.912453706
16.125,4.8982400662934,0.6502342179579,0.049765782042105,1.0870239839583,-0.020940404367993,49.765782042105,36067.911929526
16.1375,4.8985014880911,0.6502342336649,0.049765766335099,1.0814879708322,-0.020887013490652,49.765766335099,36067.911406682
16.15,4.8987622433701,0.65023424933186,0.04976575066814,1.0759804442929,-0.020833761575432,49.76575066814,36067.910885171
16.1625,4.8990223338652,0.65023426495888,0.049765735041122,1.0705012555091,-0.020780648246072,49.765735041122,36067.91036499
16.175,4.8992817613062,0.65023428054606,0.049765719453943,1.0650502564451,-0.020727673127414,49.765719453943,36067.909846136
16.1875,4.8995405274186,0.6502342960935,0.049765703906499,1.059627299855,-0.020674835845378,49.765703906499,36067.909328603
16.2,4.899798633923,0.65023431160131,0.049765688398686,1.0542322392788,-0.020622136026974,49.765688398686,36067.90881239
16.2125,4.9000560825353,0.6502343270696,0.049765672930401,1.0488649290392,-0.0205695733003,49.765672930401,36067.908297493
16.225,4.9003128749668,0.65023434249846,0.049765657501541,1.0435252242356,-0.020517147294523,49.765657501541,36067.907783908
16.2375,4.9005690129244,0.650234357888,0.049765642112005,1.0382129807417,-0.020464857639903,49.765642112005,36067.907271632
16.25,4.9008244981099,0.65023437323831,0.049765626761688,1.0329280551999,-0.020412703967763,49.765626761688,36067.906760662
16.2625,4.901079332221,0.65023438854951,0.04976561145049,1.0276703050166,-0.020360685910491,49.76561145049,36067.906250994
16.275,4.9013335169506,0.65023440382169,0.049765596178309,1.0224395883602,-0.020308803101555,49.765596178309,36067.905742624
16.2875,4.9015870539869,0.65023441905496,0.049765580945043,1.0172357641545,-0.020257055175474,49.765580945043,36067.90523555
16.3,4.9018399450137,0.65023443424941,0.049765565750592,1.0120586920755,-0.020205441767825,49.765565750592,36067.904729768
16.3125,4.9020921917103,0.65023444940515,0.049765550594854,1.0069082325479,-0.020153962515248,49.765550594854,36067.904225275
16.325,4.9023437957513,0.65023446452227,0.049765535477728,1.0017842467402,-0.020102617055434,49.765535477728,36067.903722067
16.3375,4.9025947588068,0.65023447960089,0.049765520399115,0.99668659656068,-0.020051405027118,49.765520399115,36067.903220141
16.35,4.9028450825426,0.65023449464109,0.049765505358914,0.99161514465363,-0.020000326070084,49.765505358914,36067.902719493
16.3625,4.9030947686198,0.65023450964297,0.049765490357025,0.9865697543953,-0.01994937982516,49.765490357025,36067.902220121
16.375,4.9033438186949,0.65023452460665,0.049765475393349,0.98155028988933,-0.019898565934207,49.765475393349,36067.901722021
16.3875,4.9035922344203,0.65023453953221,0.049765460467787,0.97655661596368,-0.019847884040129,49.765460467787,36067.901225189
16.4,4.9038400174437,0.65023455441976,0.04976544558024,0.97158859816548,-0.019797333786851,49.76544558024,36067.900729623
16.4125,4.9040871694083,0.65023456926939,0.049765430730609,0.96664610275806,-0.019746914819335,49.765430730609,36067.900235319
16.425,4.904333691953,0.65023458408121,0.049765415918794,0.96172899671736,-0.019696626783571,49.765415918794,36067.899742274
16.4375,4.9045795867123,0.6502345988553,0.0497654011447,0.95683714772613,-0.01964646932656,49.7654011447,36067.899250485
16.45,4.9048248553162,0.65023461359177,0.049765386408226,0.95197042417202,-0.019596442096329,49.765386408226,36067.898759948
16.4625,4.9050694993904,0.65023462829072,0.049765371709276,0.94712869514291,-0.019546544741921,49.765371709276,36067.898270659
16.475,4.905313520556,0.65023464295225,0.049765357047753,0.94231183042283,-0.019496776913385,49.765357047753,36067.897782617
16.4875,4.9055569204301,0.65023465757644,0.049765342423558,0.93751970048933,-0.019447138261791,49.765342423558,36067.897295817
16.5,4.9057997006251,0.6502346721634,0.049765327836595,0.93275217650742,-0.019397628439197,49.765327836595,36067.896810257
16.5125,4.9060418627493,0.65023468671323,0.049765313286769,0.9280091303285,-0.01934824709868,49.765313286769,36067.896325933
16.525,4.9062834084064,0.65023470122602,0.049765298773981,0.92329043448438,-0.019298993894305,49.765298773981,36067.895842841
16.5375,4.9065243391962,0.65023471570186,0.049765284298136,0.91859596218536,-0.019249868481142,49.765284298136,36067.89536098
16.55,4.9067646567137,0.65023473014086,0.049765269859139,0.91392558731482,-0.019200870515245,49.765269859139,36067.894880345
16.5625,4.90700436255,0.65023474454311,0.049765255456893,0.90927918442649,-0.019151999653662,49.765255456893,36067.894400933
16.575,4.9072434582917,0.6502347589087,0.049765241091304,0.90465662874108,-0.019103255554429,49.765241091304,36067.893922742
16.5875,4.9074819455213,0.65023477323772,0.049765226762275,0.90005779614163,-0.019054637876559,49.765226762275,36067.893445767
16.6,4.9077198258168,0.65023478753029,0.049765212469714,0.89548256317062,-0.01900614628005,49.765212469714,36067.892970007
16.6125,4.9079571007522,0.65023480178648,0.049765198213524,0.8909308070269,-0.018957780425882,49.765198213524,36067.892495457
16.625,4.9081937718971,0.65023481600639,0.049765183993611,0.88640240555982,-0.018909539975994,49.765183993611,36067.892022114
16.6375,4.908429840817,0.65023483019012,0.049765169809882,0.88189723726871,-0.018861424593307,49.765169809882,36067.891549977
16.65,4.9086653090732,0.65023484433776,0.049765155662243,0.87741518129739,-0.018813433941711,49.765155662243,36067.89107904
16.6625,4.9089001782226,0.6502348584494,0.0497651415506,0.87295611743081,-0.018765567686051,49.7651415506,36067.890609302
16.675,4.9091344498182,0.65023487252514,0.04976512747486,0.86851992609231,-0.018717825492143,49.76512747486,36067.890140759
16.6875,4.9093681254086,0.65023488656507,0.049765113434929,0.86410648833914,-0.018670207026751,49.765113434929,36067.889673407
16.7,4.9096012065384,0.65023490056928,0.049765099430716,0.85971568586004,-0.018622711957605,49.765099430716,36067.889207245
16.7125,4.9098336947479,0.65023491453787,0.049765085462127,0.85534740097147,-0.018575339953383,49.765085462127,36067.888742269
16.725,4.9100655915734,0.65023492847093,0.04976507152907,0.85100151661349,-0.018528090683711,49.76507152907,36067.888278475
16.7375,4.9102968985471,0.65023494236855,0.049765057631453,0.84667791634708,-0.018480963819162,49.765057631453,36067.887815861
16.75,4.9105276171969,0.65023495623082,0.049765043769184,0.84237648435039,-0.018433959031249,49.765043769184,36067.887354424
16.7625,4.9107577490468,0.65023497005783,0.049765029942172,0.83809710541585,-0.018387075992431,49.765029942172,36067.88689416
16.775,4.9109872956166,0.65023498384967,0.049765016150326,0.83383966494642,-0.018340314376101,49.765016150326,36067.886435067
16.7875,4.911216258422,0.65023499760645,0.049765002393553,0.82960404895218,-0.018293673856585,49.765002393553,36067.885977141
16.8,4.9114446389747,0.65023501132824,0.049764988671765,0.82539014404703,-0.018247154109138,49.764988671765,36067.88552038
16.8125,4.9116724387823,0.65023502501513,0.049764974984869,0.82119783744643,-0.018200754809955,49.764974984869,36067.885064781
16.825,4.9118996593485,0.65023503866722,0.049764961332775,0.8170270169623,-0.018154475636143,49.764961332775,36067.884610339
16.8375,4.9121263021728,0.65023505228461,0.049764947715395,0.81287757100134,-0.018108316265739,49.764947715395,36067.884157054
16.85,4.9123523687507,0.65023506586736,0.049764934132636,0.8087493885603,-0.018062276377689,49.764934132636,36067.883704921
16.8625,4.9125778605738,0.65023507941559,0.049764920584411,0.80464235922508,-0.018016355651874,49.764920584411,36067.883253937
16.875,4.9128027791295,0.65023509292937,0.04976490707063,0.80055637316492,-0.017970553769072,49.76490707063,36067.8828041
16.8875,4.9130271259016,0.6502351064088,0.049764893591203,0.79649132113078,-0.017924870410978,49.764893591203,36067.882355406
16.9,4.9132509023694,0.65023511985396,0.049764880146041,0.79244709445162,-0.017879305260193,49.764880146041,36067.881907853
16.9125,4.9134741100087,0.65023513326494,0.049764866735056,0.78842358503168,-0.017833858000225,49.764866735056,36067.881461438
16.925,4.9136967502911,0.65023514664184,0.04976485335816,0.78442068534712,-0.017788528315485,49.76485335816,36067.881016158
16.9375,4.9139188246843,0.65023515998474,0.049764840015265,0.7804382884427,-0.017743315891281,49.764840015265,36067.880572009
16.95,4.9141403346522,0.65023517329372,0.049764826706281,0.77647628792894,-0.017698220413816,49.764826706281,36067.880128989
16.9625,4.9143612816545,0.65023518656888,0.049764813431122,0.77253457797915,-0.017653241570192,49.764813431122,36067.879687095
16.975,4.9145816671474,0.6502351998103,0.049764800189701,0.7686130533258,-0.017608379048395,49.764800189701,36067.879246324
16.9875,4.9148014925828,0.65023521301807,0.049764786981929,0.76471160925824,-0.017563632537303,49.764786981929,36067.878806673
17,4.915020759409,0.65023522619228,0.04976477380772,0.76083014161945,-0.017519001726681,49.764773807721,36067.878368139
17.0125,4.9152394690703,0.65023523933301,0.049764760666988,0.75696854680201,-0.017474486307165,49.764760666988,36067.87793072
17.025,4.9154576230071,0.65023525244036,0.049764747559645,0.75312672174752,-0.01743008597029,49.764747559645,36067.877494412
17.0375,4.9156752226561,0.65023526551439,0.049764734485605,0.74930456394052,-0.017385800408446,49.764734485605,36067.877059213
17.05,4.9158922694501,0.65023527855522,0.049764721444783,0.7455019714085,-0.017341629314917,49.764721444783,36067.876625119
17.0625,4.916108764818,0.65023529156291,0.049764708437092,0.74171884271645,-0.017297572383841,49.764708437092,36067.876192129
17.075,4.9163247101848,0.65023530453755,0.049764695462446,0.73795507696584,-0.017253629310236,49.764695462446,36067.875760238
17.0875,4.916540106972,0.65023531747924,0.049764682520761,0.73421057379093,-0.017209799789985,49.764682520761,36067.875329444
17.1,4.9167549565971,0.65023533038805,0.049764669611951,0.73048523335576,-0.017166083519831,49.764669611951,36067.874899745
17.1125,4.9169692604738,0.65023534326407,0.049764656735931,0.72677895635106,-0.017122480197374,49.764656735931,36067.874471137
17.125,4.917183020012,0.65023535610738,0.049764643892617,0.72309164399241,-0.01707898952108,49.764643892617,36067.874043618
17.1375,4.917396236618,0.65023536891808,0.049764631081923,0.71942319801595,-0.017035611190259,49.764631081923,36067.873617185
17.15,4.9176089116942,0.65023538169623,0.049764618303767,0.71577352067757,-0.016992344905089,49.764618303767,36067.873191835
17.1625,4.9178210466393,0.65023539444194,0.049764605558063,0.71214251474751,-0.016949190366581,49.764605558063,36067.872767565
17.175,4.9180326428483,0.65023540715527,0.049764592844728,0.70853008350986,-0.016906147276604,49.764592844728,36067.872344372
17.1875,4.9182437017125,0.65023541983632,0.049764580163678,0.70493613075838,-0.016863215337864,49.764580163678,36067.871922255
17.2,4.9184542246193,0.65023543248517,0.04976456751483,0.70136056079483,-0.016820394253918,49.76456751483,36067.871501209
17.2125,4.9186642129527,0.6502354451019,0.049764554898101,0.69780327842469,-0.016777683729149,49.764554898101,36067.871081232
17.225,4.9188736680927,0.65023545768659,0.049764542313408,0.69426418895613,-0.016735083468788,49.764542313408,36067.870662322
17.2375,4.9190825914159,0.65023547023933,0.049764529760668,0.6907431981963,-0.016692593178895,49.764529760668,36067.870244475
17.25,4.919290984295,0.6502354827602,0.049764517239799,0.68724021244886,-0.016650212566363,49.764517239799,36067.86982769
17.2625,4.9194988480992,0.65023549524928,0.049764504750718,0.68375513851107,-0.01660794133891,49.764504750718,36067.869411962
17.275,4.919706184194,0.65023550770666,0.049764492293343,0.68028788367195,-0.016565779205086,49.764492293343,36067.86899729
17.2875,4.9199129939412,0.65023552013241,0.049764479867593,0.6768383557083,-0.01652372587426,49.764479867593,36067.86858367
17.3,4.9201192786991,0.65023553252661,0.049764467473386,0.67340646288322,-0.016481781056623,49.764467473386,36067.868171101
17.3125,4.9203250398222,0.65023554488936,0.04976445511064,0.66999211394235,-0.016439944463178,49.76445511064,36067.867759579
17.325,4.9205302786617,0.65023555722072,0.049764442779275,0.66659521811279,-0.016398215805754,49.764442779275,36067.867349101
17.3375,4.9207349965648,0.65023556952079,0.049764430479209,0.66321568509937,-0.01635659479699,49.764430479209,36067.866939665
17.35,4.9209391948754,0.65023558178964,0.049764418210362,0.6598534250822,-0.016315081150333,49.764418210362,36067.866531268
17.3625,4.9211428749338,0.65023559402735,0.049764405972653,0.6565083487145,-0.016273674580042,49.764405972653,36067.866123908
17.375,4.9213460380766,0.650235606234,0.049764393766002,0.65318036711948,-0.016232374801175,49.764393766002,36067.865717582
17.3875,4.9215486856369,0.65023561840967,0.049764381590329,0.64986939188852,-0.016191181529603,49.764381590329,36067.865312287
17.4,4.9217508189444,0.65023563055445,0.049764369445553,0.64657533507787,-0.016150094481988,49.764369445553,36067.86490802
17.4125,4.921952439325,0.6502356426684,0.049764357331596,0.6432981092069,-0.016109113375798,49.764357331596,36067.86450478
17.425,4.9221535481013,0.65023565475162,0.049764345248378,0.64003762725481,-0.016068237929289,49.764345248378,36067.864102562
17.4375,4.9223541465922,0.65023566680418,0.049764333195818,0.63679380265904,-0.01602746786152,49.764333195818,36067.863701365
17.45,4.9225542361133,0.65023567882616,0.04976432117384,0.63356654931191,-0.01598680289233,49.76432117384,36067.863301186
17.4625,4.9227538179765,0.65023569081764,0.049764309182363,0.63035578155871,-0.015946242742354,49.764309182363,36067.862902022
17.475,4.9229528934904,0.65023570277869,0.049764297221308,0.62716141419512,-0.015905787133008,49.764297221308,36067.862503871
17.4875,4.9231514639599,0.6502357147094,0.049764285290599,0.62398336246501,-0.015865435786496,49.764285290599,36067.86210673
17.5,4.9233495306866,0.65023572660984,0.049764273390156,0.62082154205777,-0.015825188425804,49.764273390156,36067.861710597
17.5125,4.9235470949686,0.6502357384801,0.049764261519901,0.61767586910545,-0.015785044774688,49.764261519901,36067.861315468
17.525,4.9237441581006,0.65023575032024,0.049764249679757,0.61454626018159,-0.01574500455769,49.764249679757,36067.860921342
17.5375,4.9239407213738,0.65023576213035,0.049764237869646,0.61143263229747,-0.015705067500118,49.764237869646,36067.860528215
17.55,4.9241367860759,0.65023577391051,0.04976422608949,0.60833490290094,-0.015665233328058,49.76422608949,36067.860136086
17.5625,4.9243323534914,0.65023578566079,0.049764214339213,0.60525298987313,-0.015625501768358,49.764214339213,36067.859744951
17.575,4.9245274249011,0.65023579738126,0.049764202618738,0.60218681152672,-0.015585872548639,49.764202618738,36067.859354808
17.5875,4.9247220015826,0.65023580907201,0.049764190927987,0.5991362866038,-0.015546345397288,49.764190927987,36067.858965655
17.6,4.9249160848102,0.65023582073312,0.049764179266884,0.59610133427238,-0.015506920043444,49.764179266884,36067.858577489
17.6125,4.9251096758545,0.65023583236465,0.049764167635354,0.59308187412548,-0.015467596217015,49.764167635354,36067.858190306
17.625,4.925302775983,0.65023584396668,0.049764156033319,0.59007782617799,-0.015428373648659,49.764156033319,36067.857804106
17.6375,4.9254953864598,0.6502358555393,0.049764144460703,0.58708911086491,-0.015389252069795,49.764144460703,36067.857418885
17.65,4.9256875085455,0.65023586708257,0.049764132917432,0.58411564903894,-0.015350231212595,49.764132917432,36067.857034641
17.6625,4.9258791434974,0.65023587859657,0.049764121403429,0.58115736196768,-0.015311310809976,49.764121403429,36067.856651371
17.675,4.9260702925697,0.65023589008138,0.04976410991862,0.57821417133215,-0.015272490595603,49.76410991862,36067.856269073
17.6875,4.926260957013,0.65023590153707,0.049764098462928,0.57528599922443,-0.015233770303892,49.764098462928,36067.855887744
17.7,4.9264511380747,0.65023591296372,0.049764087036279,0.57237276814528,-0.015195149670001,49.764087036279,36067.855507382
17.7125,4.9266408369988,0.6502359243614,0.049764075638599,0.56947440100153,-0.015156628429823,49.764075638599,36067.855127984
17.725,4.9268300550262,0.65023593573019,0.049764064269812,0.56659082110518,-0.01511820632,49.764064269812,36067.854749548
17.7375,4.9270187933943,0.65023594707016,0.049764052929845,0.56372195216975,-0.015079883077904,49.764052929845,36067.854372071
17.75,4.9272070533374,0.65023595838138,0.049764041618622,0.56086771830873,-0.015041658441639,49.764041618622,36067.853995551
17.7625,4.9273948360863,0.65023596966393,0.049764030336071,0.55802804403372,-0.015003532150045,49.764030336071,36067.853619986
17.775,4.9275821428688,0.65023598091788,0.049764019082118,0.55520285425248,-0.014965503942697,49.764019082118,36067.853245372
17.7875,4.9277689749093,0.65023599214331,0.049764007856689,0.55239207426533,-0.014927573559886,49.764007856689,36067.852871708
17.8,4.927955333429,0.65023600334029,0.04976399665971,0.549595629765,-0.014889740742637,49.76399665971,36067.852498991
17.8125,4.9281412196458,0.65023601450889,0.049763985491108,0.54681344683316,-0.014852005232695,49.763985491108,36067.852127219
17.825,4.9283266347745,0.65023602564919,0.049763974350811,0.54404545193898,-0.014814366772528,49.763974350811,36067.851756389
17.8375,4.9285115800266,0.65023603676125,0.049763963238745,0.54129157193635,-0.014776825105315,49.763963238745,36067.851386498
17.85,4.9286960566105,0.65023604784516,0.049763952154839,0.5385517340632,-0.014739379974964,49.763952154839,36067.851017545
17.8625,4.9288800657311,0.65023605890098,0.049763941099019,0.53582586593803,-0.01470203112609,49.763941099019,36067.850649527
17.875,4.9290636085906,0.65023606992879,0.049763930071213,0.53311389555815,-0.014664778304017,49.763930071213,36067.850282441
17.8875,4.9292466863875,0.65023608092865,0.04976391907135,0.5304157512986,-0.014627621254787,49.76391907135,36067.849916285
17.9,4.9294293003175,0.65023609190064,0.049763908099357,0.52773136190884,-0.014590559725145,49.763908099357,36067.849551058
17.9125,4.929611451573,0.65023610284484,0.049763897155163,0.52506065651196,-0.014553593462546,49.763897155163,36067.849186755
17.925,4.9297931413433,0.6502361137613,0.049763886238697,0.52240356460103,-0.014516722215138,49.763886238697,36067.848823375
17.9375,4.9299743708145,0.65023612465011,0.049763875349886,0.51976001603918,-0.014479945731782,49.763875349886,36067.848460917
17.95,4.9301551411696,0.65023613551134,0.049763864488661,0.51712994105598,-0.014443263762033,49.763864488661,36067.848099376
17.9625,4.9303354535884,0.65023614634505,0.04976385365495,0.51451327024669,-0.014406676056147,49.76385365495,36067.847738751
17.975,4.9305153092478,0.65023615715132,0.049763842848683,0.51190993456862,-0.014370182365065,49.763842848683,36067.84737904
17.9875,4.9306947093212,0.65023616793021,0.049763832069788,0.50931986534143,-0.014333782440433,49.763832069788,36067.84702024
18,4.9308736549793,0.6502361786818,0.049763821318196,0.50674299424339,-0.014297476034582,49.763821318196,36067.846662348
18.0125,4.9310521473895,0.65023618940616,0.049763810593836,0.50417925331028,-0.014261262900531,49.763810593836,36067.846305363
18.025,4.9312301877162,0.65023620010336,0.049763799896639,0.50162857493297,-0.014225142791984,49.763799896639,36067.845949283
18.0375,4.9314077771206,0.65023621077346,0.049763789226535,0.49909089185646,-0.014189115463337,49.763789226535,36067.845594104
18.05,4.931584916761,0.65023622141655,0.049763778583454,0.49656613717684,-0.014153180669659,49.763778583454,36067.845239825
18.0625,4.9317616077925,0.65023623203267,0.049763767967327,0.49405424434057,-0.014117338166711,49.763767967327,36067.844886443
18.075,4.9319378513673,0.65023624262192,0.049763757378084,0.49155514714115,-0.014081587710919,49.763757378084,36067.844533955
18.0875,4.9321136486343,0.65023625318434,0.049763746815657,0.48906877971877,-0.014045929059394,49.763746815657,36067.844182361
18.1,4.9322890007398,0.65023626372002,0.049763736279977,0.48659507655732,-0.014010361969916,49.763736279977,36067.843831657
18.1125,4.9324639088266,0.65023627422903,0.049763725770974,0.48413397248339,-0.013974886200941,49.763725770974,36067.843481841
18.125,4.9326383740348,0.65023628471142,0.049763715288581,0.48168540266428,-0.013939501511599,49.763715288581,36067.84313291
18.1375,4.9328123975014,0.65023629516727,0.049763704832729,0.47924930260534,-0.013904207661678,49.763704832729,36067.842784863
18.15,4.9329859803604,0.65023630559665,0.04976369440335,0.47682560814893,-0.013869004411635,49.76369440335,36067.842437697
18.1625,4.9331591237427,0.65023631599962,0.049763684000376,0.47441425547328,-0.013833891522602,49.763684000376,36067.842091411
18.175,4.9333318287765,0.65023632637626,0.04976367362374,0.4720151810888,-0.013798868756355,49.76367362374,36067.841746001
18.1875,4.9335040965867,0.65023633672663,0.049763663273373,0.46962832183823,-0.013763935875346,49.763663273373,36067.841401465
18.2,4.9336759282955,0.65023634705079,0.049763652949208,0.4672536148934,-0.013729092642672,49.763652949208,36067.841057802
18.2125,4.9338473250219,0.65023635734882,0.049763642651179,0.46489099775492,-0.013694338822098,49.763642651179,36067.840715008
18.225,4.9340182878822,0.65023636762078,0.049763632379217,0.4625404082489,-0.013659674178035,49.763632379217,36067.840373082
18.237499999999,4.9341888179896,0.65023637786674,0.049763622133257,0.46020178452639,-0.013625098475549,49.763622133257,36067.840032022
18.249999999999,4.9343589164544,0.65023638808677,0.049763611913231,0.45787506506065,-0.01359061148035,49.763611913231,36067.839691825
18.262499999999,4.934528584384,0.65023639828093,0.049763601719072,0.45556018864692,-0.013556212958809,49.763601719072,36067.839352489
18.274999999999,4.9346978228829,0.65023640844928,0.049763591550716,0.45325709439924,-0.013521902677937,49.763591550716,36067.839014012
18.287499999999,4.9348666330525,0.65023641859191,0.049763581408094,0.45096572174916,-0.013487680405385,49.763581408094,36067.838676392
18.299999999999,4.9350350159916,0.65023642870886,0.049763571291142,0.44868601044448,-0.013453545909453,49.763571291142,36067.838339626
18.312499999999,4.935202972796,0.65023643880021,0.049763561199794,0.44641790054684,-0.013419498959074,49.763561199794,36067.838003713
18.324999999999,4.9353705045585,0.65023644886602,0.049763551133983,0.44416133243088,-0.013385539323826,49.763551133983,36067.837668649
18.337499999999,4.9355376123691,0.65023645890636,0.049763541093644,0.44191624678189,-0.01335166677392,49.763541093644,36067.837334433
18.349999999999,4.935704297315,0.65023646892129,0.049763531078712,0.43968258459486,-0.013317881080207,49.763531078712,36067.837001064
18.362499999999,4.9358705604804,0.65023647891088,0.049763521089123,0.43746028717177,-0.013284182014162,49.763521089123,36067.836668537
18.374999999999,4.9360364029468,0.65023648887519,0.04976351112481,0.43524929612095,-0.013250569347898,49.76351112481,36067.836336852
18.387499999999,4.9362018257927,0.65023649881429,0.049763501185709,0.43304955335503,-0.013217042854153,49.763501185709,36067.836006007
18.399999999999,4.9363668300939,0.65023650872824,0.049763491271755,0.4308610010893,-0.013183602306293,49.763491271755,36067.835675998
18.412499999999,4.9365314169232,0.65023651861711,0.049763481382885,0.42868358184048,-0.013150247478315,49.763481382885,36067.835346824
18.424999999999,4.9366955873509,0.65023652848097,0.049763471519033,0.42651723842428,-0.013116978144827,49.763471519033,36067.835018483
18.437499999999,4.9368593424441,0.65023653831986,0.049763461680136,0.42436191395469,-0.013083794081069,49.763461680136,36067.834690973
18.449999999999,4.9370226832674,0.65023654813387,0.049763451866129,0.42221755184216,-0.013050695062899,49.763451866129,36067.834364292
18.462499999999,4.9371856108824,0.65023655792305,0.049763442076949,0.42008409579173,-0.013017680866792,49.763442076949,36067.834038436
18.474999999999,4.937348126348,0.65023656768747,0.049763432312533,0.41796148980131,-0.012984751269832,49.763432312533,36067.833713405
18.487499999999,4.9375102307202,0.65023657742718,0.049763422572816,0.41584967816096,-0.012951906049725,49.763422572816,36067.833389197
18.499999999999,4.9376719250525,0.65023658714226,0.049763412857735,0.41374860545076,-0.012919144984791,49.763412857735,36067.833065808
18.512499999999,4.9378332103954,0.65023659683277,0.049763403167228,0.41165821653901,-0.012886467853951,49.763403167228,36067.832743237
18.524999999999,4.9379940877967,0.65023660649877,0.049763393501231,0.40957845658145,-0.012853874436745,49.763393501231,36067.832421483
18.537499999999,4.9381545583014,0.65023661614032,0.049763383859682,0.40750927101912,-0.012821364513314,49.763383859682,36067.832100542
18.549999999999,4.9383146229518,0.65023662575748,0.049763374242517,0.40545060557686,-0.012788937864403,49.763374242517,36067.831780412
18.562499999999,4.9384742827876,0.65023663535032,0.049763364649675,0.40340240626246,-0.012756594271368,49.763364649675,36067.831461093
18.574999999999,4.9386335388455,0.65023664491891,0.049763355081094,0.40136461936388,-0.01272433351615,49.763355081094,36067.83114258
18.587499999999,4.9387923921596,0.65023665446329,0.04976334553671,0.39933719144924,-0.012692155381306,49.76334553671,36067.830824874
18.599999999999,4.9389508437614,0.65023666398354,0.049763336016462,0.3973200693645,-0.012660059649983,49.763336016462,36067.830507971
18.612499999999,4.9391088946796,0.65023667347971,0.049763326520289,0.3953132002322,-0.012628046105929,49.763326520289,36067.830191869
18.624999999999,4.93926654594,0.65023668295187,0.049763317048128,0.39331653144962,-0.01259611453348,49.763317048128,36067.829876566
18.637499999999,4.9394237985662,0.65023669240008,0.049763307599919,0.39133001068807,-0.01256426471757,49.763307599919,36067.829562061
18.649999999999,4.9395806535786,0.6502367018244,0.049763298175599,0.38935358589033,-0.012532496443715,49.763298175599,36067.829248351
18.662499999999,4.9397371119952,0.65023671122489,0.049763288775108,0.38738720527074,-0.012500809498032,49.763288775108,36067.828935434
18.674999999999,4.9398931748313,0.65023672060162,0.049763279398385,0.38543081731217,-0.012469203667216,49.763279398385,36067.828623309
18.687499999999,4.9400488430995,0.65023672995463,0.049763270045368,0.38348437076558,-0.012437678738548,49.763270045368,36067.828311972
18.699999999999,4.9402041178097,0.650236739284,0.049763260715998,0.38154781464873,-0.012406234499903,49.763260715998,36067.828001423
18.712499999999,4.9403589999693,0.65023674858979,0.049763251410213,0.37962109824364,-0.012374870739722,49.763251410213,36067.827691658
18.724999999999,4.9405134905829,0.65023675787205,0.049763242127953,0.37770417109642,-0.012343587247036,49.763242127953,36067.827382677
18.737499999999,4.9406675906525,0.65023676713084,0.049763232869159,0.3757969830152,-0.012312383811453,49.763232869159,36067.827074477
18.749999999999,4.9408213011776,0.65023677636623,0.049763223633769,0.37389948406935,-0.012281260223164,49.763223633769,36067.826767056
18.762499999999,4.9409746231549,0.65023678557827,0.049763214421725,0.37201162458698,-0.012250216272921,49.763214421725,36067.826460412
18.774999999999,4.9411275575786,0.65023679476703,0.049763205232966,0.37013335515469,-0.012219251752061,49.763205232966,36067.826154543
18.787499999999,4.9412801054403,0.65023680393257,0.049763196067433,0.36826462661557,-0.012188366452486,49.763196067433,36067.825849447
18.799999999999,4.9414322677289,0.65023681307493,0.049763186925066,0.36640539006805,-0.012157560166671,49.763186925066,36067.825545123
18.812499999999,4.9415840454308,0.65023682219419,0.049763177805806,0.36455559686488,-0.012126832687661,49.763177805806,36067.825241567
18.824999999999,4.9417354395299,0.65023683129041,0.049763168709595,0.3627151986111,-0.012096183809067,49.763168709595,36067.824938779
18.837499999999,4.9418864510073,0.65023684036363,0.049763159636372,0.36088414716275,-0.012065613325056,49.763159636372,36067.824636756
18.849999999999,4.9420370808416,0.65023684941392,0.04976315058608,0.35906239462665,-0.012035121030374,49.76315058608,36067.824335496
18.862499999999,4.9421873300091,0.65023685844134,0.049763141558659,0.35724989335761,-0.012004706720317,49.763141558659,36067.824034998
18.874999999999,4.9423371994832,0.65023686744595,0.049763132554052,0.35544659595797,-0.011974370190744,49.763132554052,36067.823735259
18.887499999999,4.9424866902349,0.6502368764278,0.049763123572199,0.35365245527604,-0.011944111238073,49.763123572199,36067.823436278
18.899999999999,4.9426358032326,0.65023688538696,0.049763114613042,0.35186742440483,-0.011913929659276,49.763114613042,36067.823138052
18.912499999999,4.9427845394423,0.65023689432348,0.049763105676525,0.35009145668101,-0.011883825251886,49.763105676525,36067.822840579
18.924999999999,4.9429328998273,0.65023690323741,0.049763096762588,0.34832450568305,-0.011853797813982,49.763096762588,36067.822543859
18.937499999999,4.9430808853485,0.65023691212883,0.049763087871174,0.34656652523051,-0.011823847144202,49.763087871174,36067.822247887
18.949999999999,4.9432284969642,0.65023692099777,0.049763079002225,0.34481746938256,-0.01179397304173,49.763079002225,36067.821952664
18.962499999999,4.9433757356304,0.65023692984432,0.049763070155684,0.34307729243639,-0.011764175306297,49.763070155684,36067.821658187
18.974999999999,4.9435226023002,0.65023693866851,0.049763061331494,0.3413459489265,-0.011734453738184,49.763061331494,36067.821364454
18.987499999999,4.9436690979247,0.6502369474704,0.049763052529597,0.33962339362306,-0.011704808138214,49.763052529597,36067.821071462
18.999999999999,4.9438152234521,0.65023695625006,0.049763043749937,0.33790958153082,-0.011675238307756,49.763043749937,36067.820779211
19.012499999999,4.9439609798283,0.65023696500754,0.049763034992457,0.33620446788792,-0.011645744048721,49.763034992457,36067.820487699
19.024999999999,4.9441063679967,0.6502369737429,0.0497630262571,0.33450800816487,-0.011616325163565,49.7630262571,36067.820196922
19.037499999999,4.9442513888983,0.65023698245619,0.049763017543809,0.33282015806218,-0.01158698145527,49.763017543809,36067.81990688
19.049999999999,4.9443960434716,0.65023699114747,0.049763008852528,0.33114087351098,-0.01155771272737,49.763008852528,36067.819617571
19.062499999999,4.9445403326525,0.6502369998168,0.049763000183201,0.32947011067008,-0.011528518783923,49.763000183201,36067.819328993
19.074999999999,4.9446842573747,0.65023700846423,0.049762991535772,0.32780782592601,-0.011499399429528,49.762991535772,36067.819041143
19.087499999999,4.9448278185694,0.65023701708981,0.049762982910185,0.32615397589096,-0.011470354469314,49.762982910185,36067.818754021
19.099999999999,4.9449710171652,0.65023702569362,0.049762974306384,0.32450851740228,-0.011441383708942,49.762974306384,36067.818467624
19.112499999999,4.9451138540884,0.65023703427569,0.049762965724313,0.32287140752083,-0.011412486954603,49.762965724313,36067.81818195
19.124999999999,4.9452563302629,0.65023704283608,0.049762957163917,0.32124260352972,-0.011383664013012,49.762957163917,36067.817896998
19.137499999999,4.9453984466102,0.65023705137486,0.04976294862514,0.31962206293383,-0.011354914691418,49.76294862514,36067.817612765
19.149999999999,4.9455402040493,0.65023705989207,0.049762940107928,0.31800974345772,-0.011326238797588,49.762940107928,36067.81732925
19.162499999999,4.9456816034968,0.65023706838777,0.049762931612225,0.31640560304506,-0.011297636139814,49.762931612225,36067.817046451
19.174999999999,4.945822645867,0.65023707686202,0.049762923137976,0.31480959985745,-0.01126910652691,49.762923137976,36067.816764366
19.187499999999,4.9459633320718,0.65023708531487,0.049762914685127,0.31322169227276,-0.011240649768208,49.762914685127,36067.816482994
19.199999999999,4.9461036630207,0.65023709374638,0.049762906253623,0.3116418388851,-0.011212265673567,49.762906253623,36067.816202332
19.212499999999,4.9462436396208,0.65023710215659,0.049762897843409,0.31006999850212,-0.011183954053351,49.762897843409,36067.815922379
19.224999999999,4.9463832627768,0.65023711054557,0.049762889454431,0.30850613014512,-0.011155714718445,49.762889454431,36067.815643133
19.237499999999,4.9465225333911,0.65023711891337,0.049762881086634,0.30695019304768,-0.011127547480251,49.762881086634,36067.815364591
19.249999999999,4.9466614523638,0.65023712726003,0.049762872739966,0.3054021466544,-0.011099452150686,49.762872739966,36067.815086753
19.262499999999,4.9468000205926,0.65023713558563,0.049762864414371,0.30386195061917,-0.011071428542165,49.762864414371,36067.814809617
19.274999999999,4.9469382389727,0.6502371438902,0.049762856109796,0.30232956480561,-0.011043476467629,49.762856109796,36067.81453318
19.287499999999,4.9470761083973,0.65023715217381,0.049762847826187,0.30080494928437,-0.011015595740517,49.762847826187,36067.814257441
19.299999999999,4.9472136297569,0.65023716043651,0.049762839563491,0.29928806433258,-0.010987786174772,49.762839563491,36067.813982399
19.312499999999,4.94735080394,0.65023716867835,0.049762831321655,0.29777887043363,-0.010960047584854,49.762831321655,36067.81370805
19.324999999999,4.9474876318325,0.65023717689938,0.049762823100625,0.29627732827466,-0.010932379785718,49.762823100625,36067.813434395
19.337499999999,4.9476241143183,0.65023718509965,0.049762814900347,0.29478339874625,-0.010904782592819,49.762814900347,36067.81316143
19.349999999999,4.9477602522788,0.65023719327923,0.04976280672077,0.29329704294162,-0.010877255822122,49.76280672077,36067.812889154
19.362499999999,4.947896046593,0.65023720143816,0.049762798561841,0.29181822215472,-0.01084979929008,49.762798561841,36067.812617565
19.374999999999,4.9480314981379,0.65023720957649,0.049762790423505,0.29034689788033,-0.010822412813658,49.762790423505,36067.812346662
19.387499999999,4.9481666077879,0.65023721769429,0.049762782305712,0.28888303181168,-0.010795096210305,49.762782305712,36067.812076443
19.399999999999,4.9483013764154,0.65023722579159,0.049762774208409,0.28742658584052,-0.010767849297974,49.762774208409,36067.811806905
19.412499999999,4.9484358048904,0.65023723386846,0.049762766131543,0.28597752205513,-0.0107406718951,49.762766131543,36067.811538048
19.424999999999,4.9485698940806,0.65023724192494,0.049762758075062,0.28453580274043,-0.010713563820625,49.762758075062,36067.81126987
19.437499999999,4.9487036448514,0.65023724996109,0.049762750038914,0.28310139037572,-0.01068652489397,49.762750038914,36067.811002368
19.449999999999,4.9488370580661,0.65023725797695,0.049762742023048,0.28167424763429,-0.010659554935046,49.762742023048,36067.810735542
19.462499999999,4.9489701345857,0.65023726597259,0.049762734027412,0.28025433738281,-0.010632653764262,49.762734027412,36067.810469389
19.474999999999,4.949102875269,0.65023727394805,0.049762726051953,0.27884162267923,-0.0106058212025,49.762726051953,36067.810203908
19.487499999999,4.9492352809723,0.65023728190338,0.049762718096621,0.27743606677275,-0.010579057071135,49.762718096621,36067.809939096
19.499999999999,4.94936735255,0.65023728983864,0.049762710161365,0.27603763310243,-0.010552361192026,49.762710161365,36067.809674953
19.512499999999,4.9494990908541,0.65023729775387,0.049762702246132,0.27464628529608,-0.01052573338751,49.762702246132,36067.809411476
19.524999999999,4.9496304967345,0.65023730564913,0.049762694350873,0.27326198716943,-0.010499173480406,49.762694350873,36067.809148665
19.537499999999,4.9497615710388,0.65023731352446,0.049762686475535,0.27188470272532,-0.010472681294017,49.762686475535,36067.808886516
19.549999999999,4.9498923146123,0.65023732137993,0.049762678620069,0.27051439615222,-0.010446256652116,49.762678620069,36067.808625029
19.562499999999,4.9500227282983,0.65023732921558,0.049762670784424,0.26915103182371,-0.010419899378959,49.762670784424,36067.808364202
19.574999999999,4.9501528129378,0.65023733703145,0.049762662968548,0.26779457429728,-0.010393609299275,49.762662968548,36067.808104032
19.587499999999,4.9502825693696,0.65023734482761,0.049762655172393,0.26644498831367,-0.010367386238268,49.762655172393,36067.807844519
19.599999999999,4.9504119984304,0.65023735260409,0.049762647395906,0.26510223879509,-0.010341230021609,49.762647395906,36067.807585661
19.612499999999,4.9505411009546,0.65023736036096,0.049762639639039,0.26376629084546,-0.010315140475448,49.762639639039,36067.807327456
19.624999999999,4.9506698777746,0.65023736809826,0.049762631901742,0.26243710974883,-0.010289117426407,49.762631901742,36067.807069903
19.637499999999,4.9507983297204,0.65023737581604,0.049762624183963,0.26111466096783,-0.010263160701561,49.762624183963,36067.806812999
19.649999999999,4.9509264576201,0.65023738351435,0.049762616485655,0.2597989101436,-0.01023727012846,49.762616485655,36067.806556743
19.662499999999,4.9510542622994,0.65023739119323,0.049762608806766,0.25848982309527,-0.010211445535132,49.762608806766,36067.806301134
19.674999999999,4.9511817445821,0.65023739885275,0.049762601147248,0.25718736581756,-0.010185686750054,49.762601147248,36067.806046169
19.687499999999,4.9513089052897,0.65023740649295,0.049762593507051,0.25589150448098,-0.010159993602171,49.762593507051,36067.805791848
19.699999999999,4.9514357452416,0.65023741411387,0.049762585886127,0.25460220543051,-0.010134365920889,49.762585886127,36067.805538168
19.712499999999,4.951562265255,0.65023742171558,0.049762578284425,0.25331943518472,-0.010108803536074,49.762578284425,36067.805285128
19.724999999999,4.9516884661451,0.6502374292981,0.049762570701897,0.252043160435,-0.010083306278052,49.762570701897,36067.805032726
19.737499999999,4.951814348725,0.65023743686151,0.049762563138494,0.25077334804464,-0.010057873977608,49.762563138494,36067.804780961
19.749999999999,4.9519399138055,0.65023744440583,0.049762555594167,0.2495099650476,-0.010032506465981,49.762555594167,36067.804529831
19.762499999999,4.9520651621955,0.65023745193113,0.049762548068868,0.24825297864803,-0.010007203574865,49.762548068868,36067.804279334
19.774999999999,4.9521900947016,0.65023745943745,0.049762540562548,0.24700235621914,-0.0099819651364097,49.762540562548,36067.804029469
19.787499999999,4.9523147121285,0.65023746692484,0.049762533075159,0.24575806530253,-0.0099567909832174,49.762533075159,36067.803780234
19.799999999999,4.9524390152787,0.65023747439335,0.049762525606653,0.24452007360689,-0.0099316809483376,49.762525606653,36067.803531628
19.812499999999,4.9525630049526,0.65023748184302,0.049762518156981,0.24328834900763,-0.0099066348652741,49.762518156981,36067.803283648
19.824999999999,4.9526866819487,0.6502374892739,0.049762510726097,0.24206285954556,-0.0098816525679748,49.762510726097,36067.803036294
19.837499999999,4.9528100470631,0.65023749668605,0.04976250331395,0.24084357342669,-0.0098567338908442,49.76250331395,36067.802789564
19.849999999999,4.9529331010902,0.6502375040795,0.049762495920495,0.2396304590203,-0.0098318786687202,49.762495920495,36067.802543456
19.862499999999,4.953055844822,0.65023751145432,0.049762488545684,0.238423484859,-0.0098070867368918,49.762488545684,36067.802297969
19.874999999999,4.9531782790487,0.65023751881053,0.049762481189468,0.23722261963753,-0.0097823579310905,49.762481189468,36067.8020531
19.887499999999,4.9533004045583,0.6502375261482,0.049762473851801,0.23602783221205,-0.0097576920874918,49.762473851801,36067.801808849
19.899999999999,4.9534222221369,0.65023753346736,0.049762466532635,0.234839091599,-0.0097330890427081,49.762466532635,36067.801565214
19.912499999999,4.9535437325683,0.65023754076808,0.049762459231924,0.23365636697484,-0.0097085486337996,49.762459231924,36067.801322193
19.924999999999,4.9536649366346,0.65023754805038,0.04976245194962,0.2324796276742,-0.0096840706982508,49.76245194962,36067.801079785
19.937499999999,4.9537858351157,0.65023755531432,0.049762444685677,0.23130884319032,-0.0096596550739978,49.762444685677,36067.800837988
19.949999999999,4.9539064287894,0.65023756255995,0.049762437440047,0.23014398317316,-0.0096353015994026,49.762437440047,36067.800596801
19.962499999999,4.9540267184315,0.65023756978732,0.049762430212685,0.22898501742926,-0.009611010113268,49.762430212685,36067.800356221
19.974999999999,4.9541467048161,0.65023757699646,0.049762423003543,0.22783191592053,-0.0095867804548266,49.762423003543,36067.800116249
19.987499999999,4.9542663887148,0.65023758418743,0.049762415812575,0.22668464876346,-0.0095626124637409,49.762415812575,36067.799876881
19.999999999999,4.9543857708975,0.65023759136026,0.049762408639735,0.22554318622877,-0.0095385059801121,49.762408639735,36067.799638116
20.012499999999,4.9545048521321,0.65023759851502,0.049762401484977,0.22440749873998,-0.0095144608444642,49.762401484977,36067.799399954
20.024999999999,4.9546236331845,0.65023760565174,0.049762394348255,0.22327755687284,-0.0094904768977493,49.762394348255,36067.799162392
20.037499999999,4.9547421148185,0.65023761277048,0.049762387229523,0.22215333135497,-0.0094665539813548,49.762387229523,36067.798925429
20.049999999999,4.9548602977959,0.65023761987126,0.049762380128736,0.2210347930643,-0.0094426919370854,49.762380128736,36067.798689063
20.062499999999,4.9549781828768,0.65023762695415,0.049762373045846,0.21992191302862,-0.0094188906071704,49.762373045846,36067.798453292
20.074999999999,4.9550957708191,0.65023763401919,0.04976236598081,0.21881466242517,-0.009395149834269,49.76236598081,36067.798218117
20.087499999999,4.9552130623786,0.65023764106642,0.049762358933581,0.21771301257929,-0.0093714694614579,49.762358933581,36067.797983533
20.099999999999,4.9553300583096,0.65023764809589,0.049762351904115,0.21661693496405,-0.0093478493322383,49.762351904115,36067.797749542
20.112499999999,4.955446759364,0.65023765510763,0.049762344892365,0.21552640119894,-0.0093242892905234,49.762344892365,36067.797516139
20.124999999999,4.955563166292,0.65023766210171,0.049762337898288,0.21444138305003,-0.0093007891806565,49.762337898288,36067.797283326
20.137499999999,4.9556792798417,0.65023766907816,0.049762330921837,0.21336185242821,-0.0092773488473892,49.762330921837,36067.797051098
20.149999999999,4.9557951007594,0.65023767603703,0.049762323962969,0.2122877813891,-0.0092539681358943,49.762323962969,36067.796819457
20.162499999999,4.9559106297894,0.65023768297836,0.049762317021638,0.21121914213204,-0.0092306468917585,49.762317021638,36067.796588399
20.174999999999,4.9560258676741,0.6502376899022,0.049762310097801,0.21015590699933,-0.0092073849609822,49.762310097801,36067.796357923
20.187499999999,4.9561408151539,0.65023769680859,0.049762303191411,0.20909804847545,-0.0091841821899763,49.762303191411,36067.796128028
20.199999999999,4.9562554729674,0.65023770369757,0.049762296302426,0.20804553918657,-0.0091610384255674,49.762296302426,36067.795898712
20.212499999999,4.9563698418512,0.6502377105692,0.0497622894308,0.20699835189954,-0.0091379535149905,49.7622894308,36067.795669974
20.224999999999,4.95648392254,0.65023771742351,0.04976228257649,0.2059564595213,-0.009114927305891,49.76228257649,36067.795441813
20.237499999999,4.9565977157666,0.65023772426055,0.049762275739452,0.2049198350979,-0.0090919596463177,49.762275739452,36067.795214227
20.249999999999,4.9567112222621,0.65023773108036,0.049762268919641,0.20388845181428,-0.009069050384733,49.762268919641,36067.794987214
20.262499999999,4.9568244427553,0.65023773788299,0.049762262117014,0.20286228299286,-0.0090461993699975,49.762262117014,36067.794760773
20.274999999999,4.9569373779735,0.65023774466847,0.049762255331527,0.20184130209367,-0.0090234064513854,49.762255331527,36067.794534902
20.287499999999,4.9570500286418,0.65023775143686,0.049762248563137,0.20082548271278,-0.0090006714785673,49.762248563137,36067.794309601
20.299999999999,4.9571623954838,0.6502377581882,0.0497622418118,0.19981479858229,-0.0089779943016222,49.7622418118,36067.794084867
20.312499999999,4.9572744792209,0.65023776492253,0.049762235077473,0.19880922356892,-0.0089553747710216,49.762235077473,36067.7938607
20.324999999999,4.9573862805727,0.65023777163989,0.049762228360112,0.19780873167398,-0.008932812737644,49.762228360112,36067.793637097
20.337499999999,4.9574978002571,0.65023777834032,0.049762221659675,0.19681329703226,-0.0089103080527639,49.762221659675,36067.793414058
20.349999999999,4.95760903899,0.65023778502388,0.049762214976118,0.19582289391157,-0.0088878605680556,49.762214976118,36067.79319158
20.362499999999,4.9577199974854,0.6502377916906,0.049762208309399,0.19483749671179,-0.0088654701355875,49.762208309399,36067.792969663
20.374999999999,4.9578306764556,0.65023779834053,0.049762201659475,0.19385707996431,-0.0088431366078225,49.762201659475,36067.792748305
20.387499999999,4.957941076611,0.6502378049737,0.049762195026302,0.19288161833142,-0.0088208598376198,49.762195026302,36067.792527505
20.399999999999,4.9580511986601,0.65023781159016,0.049762188409839,0.19191108660584,-0.008798639678238,49.762188409839,36067.792307261
20.412499999999,4.9581610433097,0.65023781818996,0.049762181810043,0.1909454597091,-0.0087764759833124,49.762181810043,36067.792087572
20.424999999999,4.9582706112646,0.65023782477313,0.049762175226871,0.18998471269231,-0.0087543686068869,49.762175226871,36067.791868436
20.437499999999,4.9583799032279,0.65023783133972,0.049762168660282,0.18902882073411,-0.008732317403382,49.762168660282,36067.791649852
20.449999999999,4.9584889199009,0.65023783788977,0.049762162110234,0.18807775914094,-0.0087103222276141,49.762162110234,36067.791431818
20.462499999999,4.9585976619831,0.65023784442332,0.049762155576683,0.18713150334601,-0.0086883829347872,49.762155576683,36067.791214334
20.474999999999,4.9587061301719,0.65023785094041,0.049762149059589,0.18619002890849,-0.008666499380487,49.762149059589,36067.790997398
20.487499999999,4.9588143251634,0.65023785744109,0.049762142558909,0.18525331151316,-0.0086446714206883,49.762142558909,36067.790781008
20.499999999999,4.9589222476515,0.6502378639254,0.049762136074602,0.1843213269697,-0.0086228989117512,49.762136074602,36067.790565163
20.512499999999,4.9590298983284,0.65023787039337,0.049762129606627,0.18339405121165,-0.0086011817104126,49.762129606627,36067.790349862
20.524999999999,4.9591372778847,0.65023787684506,0.049762123154941,0.18247146029658,-0.0085795196738019,49.762123154941,36067.790135102
20.537499999999,4.959244387009,0.6502378832805,0.049762116719503,0.18155353040455,-0.0085579126594215,49.762116719503,36067.789920884
20.549999999999,4.9593512263881,0.65023788969973,0.049762110300273,0.18064023783799,-0.0085363605251558,49.762110300273,36067.789707205
20.562499999999,4.9594577967072,0.65023789610279,0.049762103897208,0.17973155902112,-0.0085148631292729,49.762103897208,36067.789494065
20.574999999999,4.9595640986497,0.65023790248973,0.049762097510269,0.17882747049881,-0.0084934203304101,49.762097510269,36067.789281461
20.587499999999,4.959670132897,0.65023790886059,0.049762091139413,0.17792794893663,-0.0084720319875906,49.762091139413,36067.789069392
20.599999999999,4.9597759001292,0.6502379152154,0.049762084784601,0.17703297111953,-0.008450697960205,49.762084784601,36067.788857858
20.612499999999,4.9598814010241,0.65023792155421,0.04976207844579,0.17614251395205,-0.0084294181080296,49.76207844579,36067.788646856
20.624999999999,4.9599866362582,0.65023792787706,0.049762072122942,0.17525655445663,-0.0084081922912009,49.762072122942,36067.788436386
20.637499999999,4.9600916065059,0.65023793418399,0.049762065816014,0.17437506977384,-0.0083870203702343,49.762065816014,36067.788226445
20.649999999999,4.9601963124403,0.65023794047503,0.049762059524968,0.17349803716172,-0.0083659022060214,49.762059524968,36067.788017033
20.662499999999,4.9603007547322,0.65023794675024,0.049762053249761,0.17262543399461,-0.0083448376598163,49.762053249761,36067.787808149
20.674999999999,4.9604049340511,0.65023795300964,0.049762046990355,0.17175723776326,-0.0083238265932515,49.762046990355,36067.78759979
20.687499999999,4.9605088510646,0.65023795925329,0.049762040746709,0.17089342607345,-0.0083028688683182,49.762040746709,36067.787391956
20.699999999999,4.9606125064387,0.65023796548122,0.049762034518784,0.17003397664606,-0.0082819643473808,49.762034518784,36067.787184645
20.712499999999,4.9607159008375,0.65023797169346,0.049762028306538,0.16917886731609,-0.0082611128931678,49.762028306538,36067.786977857
20.724999999999,4.9608190349235,0.65023797789007,0.049762022109933,0.16832807603229,-0.0082403143687753,49.762022109933,36067.786771588
20.737499999999,4.9609219093575,0.65023798407107,0.049762015928928,0.16748158085656,-0.0082195686376654,49.762015928928,36067.786565839
20.749999999999,4.9610245247985,0.65023799023652,0.049762009763485,0.16663935996284,-0.0081988755636537,49.762009763485,36067.786360609
20.762499999999,4.961126881904,0.65023799638644,0.049762003613563,0.16580139163754,-0.0081782350109325,49.762003613563,36067.786155894
20.774999999999,4.9612289813295,0.65023800252088,0.049761997479123,0.16496765427787,-0.0081576468440421,49.761997479123,36067.785951696
20.787499999999,4.961330823729,0.65023800863987,0.049761991360126,0.16413812639204,-0.0081371109278905,49.761991360126,36067.785748011
20.799999999999,4.961432409755,0.65023801474347,0.049761985256533,0.16331278659833,-0.0081166271277429,49.761985256533,36067.785544839
20.812499999999,4.9615337400578,0.6502380208317,0.049761979168304,0.16249161362457,-0.0080961953092213,49.761979168304,36067.785342178
20.824999999999,4.9616348152866,0.6502380269046,0.049761973095401,0.16167458630772,-0.0080758153383087,49.761973095401,36067.785140028
20.837499999999,4.9617356360885,0.65023803296222,0.049761967037785,0.16086168359309,-0.0080554870813412,49.761967037785,36067.784938386
20.849999999999,4.9618362031092,0.65023803900458,0.049761960995417,0.16005288453393,-0.0080352104050121,49.761960995417,36067.784737252
20.862499999999,4.9619365169926,0.65023804503174,0.049761954968258,0.15924816829071,-0.0080149851763665,49.761954968258,36067.784536624
20.874999999999,4.9620365783809,0.65023805104373,0.049761948956269,0.1584475141307,-0.0079948112628028,49.761948956269,36067.784336501
20.887499999999,4.9621363879148,0.65023805704059,0.049761942959413,0.15765090142734,-0.0079746885320713,49.761942959413,36067.784136882
20.899999999999,4.9622359462332,0.65023806302235,0.04976193697765,0.15685830965991,-0.0079546168522775,49.76193697765,36067.783937766
20.912499999999,4.9623352539734,0.65023806898906,0.049761931010944,0.15606971841275,-0.0079345960918769,49.761931010944,36067.78373915
20.924999999999,4.9624343117711,0.65023807494075,0.049761925059254,0.15528510737463,-0.0079146261196694,49.761925059254,36067.783541035
20.937499999999,4.9625331202604,0.65023808087746,0.049761919122543,0.15450445633832,-0.0078947068048034,49.761919122543,36067.783343418
20.949999999999,4.9626316800736,0.65023808679923,0.049761913200774,0.15372774520022,-0.0078748380167788,49.761913200774,36067.783146298
20.962499999999,4.9627299918416,0.65023809270609,0.049761907293908,0.15295495395952,-0.0078550196254366,49.761907293908,36067.782949674
20.974999999999,4.9628280561934,0.65023809859809,0.049761901401908,0.15218606271818,-0.007835251500973,49.761901401908,36067.782753546
20.987499999999,4.9629258737566,0.65023810447526,0.049761895524735,0.15142105167949,-0.0078155335139147,49.761895524735,36067.782557911
20.999999999999,4.9630234451572,0.65023811033765,0.049761889662353,0.15065990114859,-0.0077958655351438,49.761889662353,36067.782362768
21.012499999999,4.9631207710193,0.65023811618528,0.049761883814723,0.14990259153114,-0.0077762474358778,49.761883814723,36067.782168116
21.024999999999,4.9632178519658,0.65023812201819,0.049761877981808,0.14914910333313,-0.0077566790876755,49.761877981808,36067.781973954
21.037499999999,4.9633146886176,0.65023812783643,0.049761872163572,0.14839941716075,-0.0077371603624474,49.761872163572,36067.781780281
21.049999999999,4.9634112815943,0.65023813364002,0.049761866359976,0.14765351371875,-0.0077176911324255,49.761866359976,36067.781587095
21.062499999999,4.9635076315138,0.65023813942902,0.049761860570984,0.14691137381122,-0.0076982712701952,49.761860570984,36067.781394395
21.074999999999,4.9636037389924,0.65023814520344,0.049761854796558,0.1461729783402,-0.0076789006486724,49.761854796558,36067.78120218
21.087499999999,4.9636996046447,0.65023815096334,0.049761849036662,0.14543830830559,-0.0076595791411123,49.761849036662,36067.781010449
21.099999999999,4.963795229084,0.65023815670874,0.049761843291259,0.14470734480441,-0.0076403066211039,49.761843291259,36067.7808192
21.112499999999,4.9638906129218,0.65023816243969,0.049761837560312,0.14398006903045,-0.0076210829625722,49.761837560312,36067.780628432
21.124999999999,4.9639857567681,0.65023816815622,0.049761831843784,0.14325646227379,-0.0076019080397778,49.761831843784,36067.780438145
21.137499999999,4.9640806612312,0.65023817385836,0.049761826141639,0.1425365059202,-0.0075827817273133,49.761826141639,36067.780248336
21.149999999999,4.9641753269181,0.65023817954616,0.049761820453841,0.14182018145054,-0.0075637039001002,49.761820453841,36067.780059004
21.162499999999,4.964269754434,0.65023818521965,0.049761814780352,0.14110747044048,-0.007544674433392,49.761814780352,36067.779870149
21.174999999999,4.9643639443827,0.65023819087886,0.049761809121138,0.14039835456015,-0.0075256932027798,49.761809121138,36067.779681769
21.187499999999,4.9644578973663,0.65023819652384,0.049761803476161,0.13969281557318,-0.0075067600841763,49.761803476161,36067.779493863
21.199999999999,4.9645516139854,0.65023820215462,0.049761797845385,0.13899083533649,-0.0074878749538225,49.761797845385,36067.77930643
21.212499999999,4.9646450948392,0.65023820777123,0.049761792228775,0.13829239579986,-0.0074690376882902,49.761792228775,36067.779119468
21.224999999999,4.9647383405252,0.65023821337371,0.049761786626294,0.13759747900555,-0.0074502481644814,49.761786626294,36067.778932977
21.237499999999,4.9648313516393,0.65023821896209,0.049761781037907,0.13690606708722,-0.0074315062596124,49.761781037907,36067.778746955
21.249999999999,4.9649241287761,0.65023822453642,0.049761775463579,0.1362181422701,-0.0074128118512302,49.761775463579,36067.778561401
21.262499999999,4.9650166725286,0.65023823009673,0.049761769903272,0.13553368687053,-0.007394164817212,49.761769903272,36067.778376313
21.274999999999,4.965108983488,0.65023823564305,0.049761764356953,0.13485268329497,-0.0073755650357494,49.761764356953,36067.778191691
21.287499999999,4.9652010622443,0.65023824117541,0.049761758824585,0.13417511403992,-0.0073570123853592,49.761758824585,36067.778007534
21.299999999999,4.965292909386,0.65023824669387,0.049761753306133,0.13350096169118,-0.0073385067448744,49.761753306133,36067.777823839
21.312499999999,4.9653845254998,0.65023825219844,0.049761747801562,0.13283020892394,-0.0073200479934581,49.761747801562,36067.777640607
21.324999999999,4.9654759111712,0.65023825768916,0.049761742310837,0.13216283850163,-0.0073016360105846,49.761742310837,36067.777457836
21.337499999999,4.9655670669839,0.65023826316608,0.049761736833922,0.13149883327589,-0.0072832706760497,49.761736833922,36067.777275524
21.349999999999,4.9656579935204,0.65023826862922,0.049761731370783,0.13083817618601,-0.007264951869967,49.761731370783,36067.777093671
21.362499999999,4.9657486913616,0.65023827407862,0.049761725921385,0.13018085025852,-0.0072466794727681,49.761725921385,36067.776912275
21.374999999999,4.9658391610866,0.65023827951431,0.049761720485692,0.12952683860658,-0.0072284533651974,49.761720485692,36067.776731336
21.387499999999,4.9659294032736,0.65023828493633,0.049761715063671,0.1288761244296,-0.0072102734283135,49.761715063671,36067.776550852
21.399999999999,4.9660194184987,0.65023829034471,0.049761709655286,0.12822869101293,-0.0071921395434913,49.761709655286,36067.776370821
21.412499999999,4.9661092073371,0.6502382957395,0.049761704260504,0.12758452172735,-0.0071740515924201,49.761704260504,36067.776191243
21.424999999999,4.966198770362,0.65023830112071,0.049761698879288,0.12694360002867,-0.0071560094571037,49.761698879288,36067.776012117
21.437499999999,4.9662881081455,0.65023830648839,0.049761693511606,0.12630590945682,-0.007138013019846,49.761693511606,36067.775833442
21.449999999999,4.966377221258,0.65023831184258,0.049761688157423,0.12567143363627,-0.0071200621632741,49.761688157423,36067.775655216
21.462499999999,4.9664661102686,0.6502383171833,0.049761682816705,0.12504015627492,-0.0071021567703191,49.761682816705,36067.775477438
21.474999999999,4.9665547757448,0.65023832251058,0.049761677489417,0.12441206116389,-0.0070842967242211,49.761677489417,36067.775300107
21.487499999999,4.9666432182528,0.65023832782447,0.049761672175526,0.12378713217719,-0.0070664819085309,49.761672175526,36067.775123222
21.499999999999,4.9667314383572,0.650238333125,0.049761666874997,0.12316535327093,-0.0070487122070997,49.761666874997,36067.774946781
21.512499999999,4.9668194366212,0.6502383384122,0.049761661587798,0.12254670848346,-0.007030987504093,49.761661587798,36067.774770785
21.524999999999,4.9669072136065,0.65023834368611,0.049761656313893,0.12193118193456,-0.0070133076839802,49.761656313893,36067.774595231
21.537499999999,4.9669947698736,0.65023834894675,0.04976165105325,0.12131875782495,-0.0069956726315308,49.76165105325,36067.774420118
21.549999999999,4.9670821059812,0.65023835419417,0.049761645805834,0.12070942043619,-0.0069780822318233,49.761645805834,36067.774245446
21.562499999999,4.9671692224868,0.65023835942839,0.049761640571613,0.1201031541299,-0.006960536370233,49.761640571613,36067.774071213
21.574999999999,4.9672561199464,0.65023836464945,0.049761635350553,0.11949994334769,-0.0069430349324424,49.761635350553,36067.773897418
21.587499999999,4.9673427989147,0.65023836985738,0.049761630142621,0.11889977261065,-0.0069255778044361,49.761630142621,36067.77372406
21.599999999999,4.9674292599447,0.65023837505222,0.049761624947783,0.11830262651867,-0.0069081648724936,49.761624947783,36067.773551138
21.612499999999,4.9675155035883,0.65023838023399,0.049761619766006,0.11770848975047,-0.0068907960231996,49.761619766006,36067.773378651
21.624999999999,4.9676015303956,0.65023838540274,0.049761614597257,0.11711734706282,-0.0068734711434342,49.761614597257,36067.773206597
21.637499999999,4.9676873409158,0.6502383905585,0.049761609441504,0.11652918329037,-0.0068561901203772,49.761609441504,36067.773034976
21.649999999999,4.9677729356962,0.65023839570129,0.049761604298713,0.11594398334524,-0.0068389528415072,49.761604298713,36067.772863787
21.662499999999,4.9678583152829,0.65023840083115,0.049761599168851,0.11536173221639,-0.0068217591945956,49.761599168851,36067.772693028
21.674999999999,4.9679434802207,0.65023840594811,0.049761594051886,0.11478241496945,-0.0068046090677107,49.761594051886,36067.772522698
21.687499999999,4.9680284310529,0.65023841105221,0.049761588947785,0.11420601674609,-0.0067875023492103,49.761588947785,36067.772352796
21.699999999999,4.9681131683214,0.65023841614348,0.049761583856516,0.11363252276398,-0.0067704389277523,49.761583856516,36067.772183322
21.712499999999,4.9681976925666,0.65023842122195,0.049761578778046,0.11306191831634,-0.0067534186922913,49.761578778046,36067.772014273
21.724999999999,4.9682820043278,0.65023842628766,0.049761573712342,0.11249418877118,-0.0067364415320661,49.761573712342,36067.77184565
21.737499999999,4.9683661041427,0.65023843134063,0.049761568659373,0.11192931957123,-0.0067195073366104,49.761568659373,36067.77167745
21.749999999999,4.9684499925476,0.65023843638089,0.049761563619106,0.11136729623341,-0.0067026159957457,49.761563619106,36067.771509673
21.762499999999,4.9685336700776,0.65023844140849,0.049761558591509,0.11080810434855,-0.0066857673995848,49.761558591509,36067.771342318
21.774999999999,4.9686171372662,0.65023844642345,0.04976155357655,0.1102517295812,-0.0066689614385353,49.76155357655,36067.771175384
21.787499999999,4.9687003946458,0.6502384514258,0.049761548574197,0.10969815766867,-0.0066521980032839,49.761548574197,36067.771008869
21.799999999999,4.9687834427472,0.65023845641558,0.049761543584417,0.10914737442131,-0.0066354769848118,49.761543584417,36067.770842773
21.812499999999,4.9688662820999,0.65023846139282,0.049761538607181,0.10859936572153,-0.0066187982743795,49.761538607181,36067.770677094
21.824999999999,4.9689489132322,0.65023846635755,0.049761533642454,0.10805411752406,-0.0066021617635421,49.761533642454,36067.770511832
21.837499999999,4.9690313366708,0.65023847130979,0.049761528690207,0.10751161585504,-0.0065855673441337,49.761528690207,36067.770346985
21.849999999999,4.9691135529413,0.65023847624959,0.049761523750407,0.10697184681198,-0.0065690149082762,49.761523750407,36067.770182552
21.862499999999,4.9691955625676,0.65023848117698,0.049761518823022,0.1064347965631,-0.0065525043483703,49.761518823022,36067.770018533
21.874999999999,4.9692773660727,0.65023848609198,0.049761513908022,0.10590045134729,-0.0065360355571027,49.761513908022,36067.769854926
21.887499999999,4.969358963978,0.65023849099462,0.049761509005375,0.10536879747357,-0.0065196084274426,49.761509005375,36067.76969173
21.899999999999,4.9694403568035,0.65023849588495,0.04976150411505,0.10483982132077,-0.0065032228526398,49.76150411505,36067.769528945
21.912499999999,4.9695215450681,0.65023850076298,0.049761499237016,0.10431350933708,-0.0064868787262231,49.761499237016,36067.769366568
21.924999999999,4.9696025292891,0.65023850562876,0.049761494371241,0.10378984803975,-0.0064705759420001,49.761494371241,36067.7692046
21.937499999999,4.9696833099828,0.65023851048231,0.049761489517694,0.10326882401495,-0.0064543143940625,49.761489517694,36067.769043038
21.949999999999,4.9697638876638,0.65023851532365,0.049761484676345,0.10275042391697,-0.0064380939767741,49.761484676345,36067.768881883
21.962499999999,4.9698442628457,0.65023852015284,0.049761479847163,0.10223463446821,-0.0064219145847773,49.761479847163,36067.768721132
21.974999999999,4.9699244360406,0.65023852496988,0.049761475030117,0.10172144245884,-0.0064057761129952,49.761475030117,36067.768560786
21.987499999999,4.9700044077594,0.65023852977482,0.049761470225177,0.10121083474627,-0.0063896784566246,49.761470225177,36067.768400843
21.999999999999,4.9700841785115,0.65023853456769,0.04976146543231,0.10070279825475,-0.0063736215111323,49.76146543231,36067.768241301
22.012499999999,4.9701637488054,0.65023853934851,0.049761460651489,0.10019731997538,-0.0063576051722674,49.761460651489,36067.768082161
22.024999999999,4.9702431191478,0.65023854411732,0.04976145588268,0.099694386965332,-0.0063416293360454,49.76145588268,36067.76792342
22.037499999999,4.9703222900444,0.65023854887414,0.049761451125855,0.099193986347863,-0.0063256938987593,49.761451125855,36067.767765078
22.049999999999,4.9704012619996,0.65023855361902,0.049761446380983,0.098696105311758,-0.0063097987569716,49.761446380983,36067.767607134
22.062499999999,4.9704800355164,0.65023855835197,0.049761441648034,0.098200731111195,-0.0062939438075205,49.761441648034,36067.767449587
22.074999999999,4.9705586110965,0.65023856307302,0.049761436926977,0.097707851065096,-0.0062781289475087,49.761436926977,36067.767292436
22.087499999999,4.9706369892405,0.65023856778222,0.049761432217783,0.09721745255715,-0.0062623540743143,49.761432217783,36067.76713568
22.099999999999,4.9707151704476,0.65023857247958,0.049761427520422,0.09672952303495,-0.006246619085573,49.761427520422,36067.766979317
22.112499999999,4.9707931552156,0.65023857716514,0.049761422834863,0.096244050010567,-0.0062309238792064,49.761422834863,36067.766823348
22.124999999999,4.9708709440412,0.65023858183892,0.049761418161077,0.09576102105931,-0.006215268353392,49.761418161077,36067.76666777
22.137499999999,4.9709485374198,0.65023858650097,0.049761413499034,0.095280423819749,-0.0061996524065737,49.761413499034,36067.766512583
22.149999999999,4.9710259358455,0.6502385911513,0.049761408848705,0.094802245993633,-0.0061840759374689,49.761408848705,36067.766357786
22.162499999999,4.9711031398111,0.65023859578994,0.049761404210059,0.09432647534493,-0.0061685388450474,49.761404210059,36067.766203379
22.174999999999,4.9711801498082,0.65023860041693,0.049761399583067,0.093853099700569,-0.0061530410285648,49.761399583067,36067.766049359
22.187499999999,4.9712569663271,0.6502386050323,0.0497613949677,0.09338210694888,-0.006137582387522,49.7613949677,36067.765895726
22.199999999999,4.9713335898569,0.65023860963607,0.049761390363929,0.092913485040015,-0.0061221628216881,49.761390363929,36067.765742478
22.212499999999,4.9714100208854,0.65023861422828,0.049761385771723,0.092447221985537,-0.0061067822310967,49.761385771723,36067.765589616
22.224999999999,4.9714862598993,0.65023861880895,0.049761381191054,0.091983305858021,-0.0060914405160428,49.761381191054,36067.765437138
22.237499999999,4.9715623073837,0.65023862337811,0.049761376621893,0.091521724790759,-0.0060761375770824,49.761376621893,36067.765285043
22.249999999999,4.9716381638228,0.65023862793579,0.049761372064211,0.09106246697742,-0.0060608733150307,49.761372064211,36067.765133331
22.262499999999,4.9717138296994,0.65023863248202,0.049761367517978,0.090605520671759,-0.0060456476309625,49.761367517978,36067.764981999
22.274999999999,4.9717893054951,0.65023863701683,0.049761362983166,0.090150874187382,-0.0060304604262136,49.761362983166,36067.764831047
22.287499999999,4.9718645916904,0.65023864154025,0.049761358459745,0.089698515897302,-0.0060153116023756,49.761358459745,36067.764680475
22.299999999999,4.9719396887643,0.65023864605231,0.049761353947688,0.089248434233863,-0.0060002010613029,49.761353947688,36067.764530281
22.312499999999,4.9720145971949,0.65023865055304,0.049761349446965,0.088800617687932,-0.0059851287050954,49.761349446965,36067.764380464
22.324999999999,4.9720893174587,0.65023865504245,0.049761344957547,0.08835505480925,-0.005970094436119,49.761344957547,36067.764231023
22.337499999999,4.9721638500312,0.65023865952059,0.049761340479407,0.087911734205885,-0.0059550981569974,49.761340479407,36067.764081958
22.349999999999,4.9722381953868,0.65023866398749,0.049761336012515,0.087470644543588,-0.0059401397705994,49.761336012515,36067.763933267
22.362499999999,4.9723123539985,0.65023866844316,0.049761331556843,0.087031774545885,-0.0059252191800514,49.761331556843,36067.76378495
22.374999999999,4.9723863263382,0.65023867288764,0.049761327112363,0.086595112993743,-0.0059103362887356,49.761327112363,36067.763637005
22.387499999999,4.9724601128764,0.65023867732095,0.049761322679046,0.086160648725095,-0.0058954910002829,49.761322679046,36067.763489432
22.399999999999,4.9725337140826,0.65023868174314,0.049761318256865,0.085728370634765,-0.0058806832185798,49.761318256865,36067.76334223
22.412499999999,4.9726071304251,0.65023868615421,0.049761313845791,0.085298267674051,-0.0058659128477636,49.761313845791,36067.763195397
22.424999999999,4.9726803623709,0.6502386905542,0.049761309445796,0.084870328850447,-0.0058511797922218,49.761309445796,36067.763048933
22.437499999999,4.9727534103858,0.65023869494315,0.049761305056852,0.084444543227376,-0.0058364839565925,49.761305056852,36067.762902837
22.449999999999,4.9728262749344,0.65023869932107,0.049761300678931,0.084020899923721,-0.0058218252457571,49.761300678931,36067.762757108
22.462499999999,4.9728989564804,0.65023870368799,0.049761296312006,0.083599388113913,-0.0058072035648529,49.761296312006,36067.762611745
22.474999999999,4.9729714554859,0.65023870804395,0.049761291956048,0.083179997027313,-0.0057926188192603,49.761291956048,36067.762466747
22.487499999999,4.973043772412,0.65023871238897,0.04976128761103,0.082762715948351,-0.0057780709146176,49.76128761103,36067.762322113
22.499999999999,4.9731159077187,0.65023871672308,0.049761283276925,0.082347534215351,-0.0057635597567884,49.761283276925,36067.762177843
22.512499999999,4.9731878618646,0.6502387210463,0.049761278953704,0.081934441221543,-0.0057490852519066,49.761278953704,36067.762033934
22.524999999999,4.9732596353075,0.65023872535866,0.04976127464134,0.081523426413482,-0.0057346473063298,49.76127464134,36067.761890388
22.537499999999,4.9733312285037,0.65023872966019,0.049761270339806,0.081114479291801,-0.0057202458266747,49.761270339806,36067.761747201
22.549999999999,4.9734026419085,0.65023873395093,0.049761266049074,0.080707589410355,-0.0057058807197965,49.761266049074,36067.761604374
22.562499999999,4.9734738759758,0.65023873823088,0.049761261769118,0.080302746376059,-0.0056915518927916,49.761261769118,36067.761461906
22.574999999999,4.9735449311587,0.65023874250009,0.049761257499909,0.079899939848741,-0.0056772592530017,49.761257499909,36067.761319796
22.587499999999,4.9736158079089,0.65023874675858,0.049761253241421,0.079499159540833,-0.0056630027080118,49.761253241421,36067.761178042
22.599999999999,4.973686506677,0.65023875100637,0.049761248993627,0.079100395217026,-0.0056487821656468,49.761248993627,36067.761036645
22.612499999999,4.9737570279125,0.6502387552435,0.0497612447565,0.078703636694017,-0.0056345975339713,49.7612447565,36067.760895602
22.624999999999,4.9738273720637,0.65023875946999,0.049761240530012,0.07830887384016,-0.0056204487212863,49.761240530012,36067.760754914
22.637499999999,4.9738975395777,0.65023876368586,0.049761236314138,0.077916096575469,-0.0056063356361378,49.761236314138,36067.760614579
22.649999999999,4.9739675309006,0.65023876789115,0.049761232108849,0.077525294871175,-0.0055922581873098,49.761232108849,36067.760474596
22.662499999999,4.9740373464773,0.65023877208588,0.04976122791412,0.077136458749328,-0.0055782162838192,49.76122791412,36067.760334965
22.674999999999,4.9741069867515,0.65023877627008,0.049761223729923,0.076749578282904,-0.0055642098349278,49.761223729923,36067.760195685
22.687499999999,4.9741764521658,0.65023878044377,0.049761219556233,0.076364643595117,-0.0055502387501267,49.761219556233,36067.760056754
22.699999999999,4.9742457431617,0.65023878460698,0.049761215393022,0.075981644859425,-0.0055363029391451,49.761215393022,36067.759918172
22.712499999999,4.9743148601796,0.65023878875974,0.049761211240264,0.075600572299435,-0.0055224023119553,49.761211240264,36067.759779938
22.724999999999,4.9743838036588,0.65023879290207,0.049761207097933,0.07522141618813,-0.0055085367787537,49.761207097933,36067.759642051
22.737499999999,4.9744525740372,0.650238797034,0.049761202966002,0.074844166847971,-0.0054947062499728,49.761202966002,36067.75950451
22.749999999999,4.974521171752,0.65023880115555,0.049761198844446,0.074468814650711,-0.0054809106362832,49.761198844446,36067.759367315
22.762499999999,4.974589597239,0.65023880526676,0.049761194733237,0.074095350016917,-0.0054671498485845,49.761194733237,36067.759230464
22.774999999999,4.974657850933,0.65023880936765,0.04976119063235,0.07372376341588,-0.0054534237980111,49.76119063235,36067.759093956
22.787499999999,4.9747259332676,0.65023881345824,0.049761186541759,0.073354045365243,-0.0054397323959261,49.761186541759,36067.758957792
22.799999999999,4.9747938446754,0.65023881753856,0.049761182461438,0.072986186430811,-0.0054260755539239,49.761182461438,36067.758821969
22.812499999999,4.9748615855879,0.65023882160864,0.049761178391361,0.072620177226375,-0.0054124531838315,49.761178391361,36067.758686487
22.824999999999,4.9749291564353,0.6502388256685,0.049761174331502,0.072256008413336,-0.0053988651977033,49.761174331502,36067.758551345
22.837499999999,4.9749965576471,0.65023882971817,0.049761170281835,0.071893670700624,-0.0053853115078262,49.761170281835,36067.758416543
22.849999999999,4.9750637896512,0.65023883375767,0.049761166242334,0.071533154844182,-0.0053717920267093,49.761166242334,36067.758282079
22.862499999999,4.9751308528748,0.65023883778703,0.049761162212975,0.071174451647122,-0.0053583066670981,49.761162212975,36067.758147952
22.874999999999,4.9751977477438,0.65023884180627,0.04976115819373,0.070817551959029,-0.0053448553419564,49.76115819373,36067.758014163
22.887499999999,4.9752644746832,0.65023884581542,0.049761154184576,0.070462446676115,-0.0053314379644807,49.761154184576,36067.757880709
22.899999999999,4.9753310341168,0.65023884981451,0.049761150185485,0.070109126740761,-0.0053180544480913,49.761150185485,36067.75774759
22.912499999999,4.9753974264671,0.65023885380357,0.049761146196434,0.069757583141391,-0.0053047047064361,49.761146196434,36067.757614805
22.924999999999,4.9754636521561,0.6502388577826,0.049761142217395,0.069407806912019,-0.0052913886533812,49.761142217395,36067.757482354
22.937499999999,4.9755297116041,0.65023886175165,0.049761138248346,0.069059789132354,-0.0052781062030238,49.761138248346,36067.757350235
22.949999999999,4.9755956052306,0.65023886571074,0.049761134289259,0.068713520927404,-0.005264857269685,49.761134289259,36067.757218448
22.962499999999,4.9756613334542,0.65023886965989,0.04976113034011,0.068368993467019,-0.0052516417679005,49.76113034011,36067.757086991
22.974999999999,4.9757268966922,0.65023887359913,0.049761126400874,0.068026197966053,-0.0052384596124355,49.761126400874,36067.756955865
22.987499999999,4.9757922953608,0.65023887752847,0.049761122471526,0.067685125684007,-0.0052253107182789,49.761122471526,36067.756825067
22.999999999999,4.9758575298754,0.65023888144796,0.04976111855204,0.067345767924544,-0.0052121950006327,49.761118552041,36067.756694598
23.012499999999,4.97592260065,0.65023888535761,0.049761114642393,0.067008116035687,-0.0051991123749282,49.761114642393,36067.756564457
23.024999999999,4.9759875080979,0.65023888925744,0.049761110742559,0.066672161409152,-0.0051860627568079,49.761110742559,36067.756434642
23.037499999999,4.976052252631,0.65023889314749,0.049761106852513,0.066337895480552,-0.0051730460621418,49.761106852513,36067.756305153
23.049999999999,4.9761168346605,0.65023889702777,0.049761102972231,0.066005309728727,-0.0051600622070094,49.761102972231,36067.756175989
23.062499999999,4.9761812545962,0.65023890089831,0.049761099101688,0.065674395676089,-0.0051471111077213,49.761099101688,36067.756047149
23.074999999999,4.9762455128471,0.65023890475914,0.04976109524086,0.065345144887776,-0.005134192680794,49.76109524086,36067.755918632
23.087499999999,4.9763096098211,0.65023890861028,0.049761091389721,0.065017548971854,-0.0051213068429661,49.761091389721,36067.755790439
23.099999999999,4.976373545925,0.65023891245175,0.049761087548248,0.064691599578937,-0.0051084535111912,49.761087548248,36067.755662566
23.112499999999,4.9764373215647,0.65023891628358,0.049761083716416,0.064367288402023,-0.0050956326026395,49.761083716416,36067.755535015
23.124999999999,4.9765009371448,0.6502389201058,0.049761079894202,0.064044607176251,-0.0050828440346962,49.761079894202,36067.755407784
23.137499999999,4.9765643930693,0.65023892391842,0.049761076081579,0.063723547678699,-0.0050700877249614,49.761076081579,36067.755280872
23.149999999999,4.9766276897407,0.65023892772147,0.049761072278525,0.063404101728139,-0.0050573635912485,49.761072278525,36067.755154279
23.162499999999,4.9766908275608,0.65023893151498,0.049761068485016,0.063086261184837,-0.0050446715515839,49.761068485016,36067.755028003
23.174999999999,4.9767538069301,0.65023893529897,0.049761064701026,0.062770017950493,-0.0050320115242126,49.761064701026,36067.754902044
23.187499999999,4.9768166282485,0.65023893907347,0.049761060926533,0.062455363967681,-0.0050193834275838,49.761060926533,36067.754776402
23.199999999999,4.9768792919145,0.65023894283849,0.049761057161512,0.062142291219928,-0.0050067871803616,49.761057161512,36067.754651074
23.212499999999,4.9769417983256,0.65023894659406,0.049761053405939,0.061830791731424,-0.0049942227014217,49.761053405939,36067.754526062
23.224999999999,4.9770041478786,0.65023895034021,0.049761049659791,0.06152085756692,-0.0049816899098545,49.761049659791,36067.754401362
23.237499999999,4.9770663409689,0.65023895407696,0.049761045923044,0.061212480831226,-0.004969188724953,49.761045923044,36067.754276976
23.249999999999,4.9771283779913,0.65023895780433,0.049761042195673,0.060905653669238,-0.0049567190662216,49.761042195673,36067.754152902
23.262499999999,4.9771902593392,0.65023896152234,0.049761038477656,0.060600368265792,-0.0049442808533779,49.761038477656,36067.754029139
23.274999999999,4.9772519854052,0.65023896523103,0.049761034768969,0.060296616845258,-0.0049318740063438,49.761034768969,36067.753905687
23.287499999999,4.9773135565809,0.65023896893041,0.049761031069588,0.059994391671475,-0.0049194984452505,49.761031069588,36067.753782545
23.299999999999,4.9773749732569,0.65023897262051,0.04976102737949,0.059693685047483,-0.0049071540904357,49.76102737949,36067.753659712
23.312499999999,4.9774362358228,0.65023897630135,0.049761023698651,0.059394489315422,-0.0048948408624465,49.761023698651,36067.753537187
23.324999999999,4.9774973446671,0.65023897997295,0.049761020027048,0.059096796856124,-0.0048825586820307,49.761020027048,36067.753414969
23.337499999999,4.9775583001774,0.65023898363534,0.049761016364658,0.058800600089151,-0.0048703074701457,49.761016364658,36067.753293058
23.349999999999,4.9776191027405,0.65023898728854,0.049761012711458,0.058505891472607,-0.0048580871479587,49.761012711458,36067.753171453
23.362499999999,4.9776797527418,0.65023899093258,0.049761009067424,0.058212663502611,-0.004845897636832,49.761009067424,36067.753050153
23.374999999999,4.977740250566,0.65023899456747,0.049761005432533,0.05792090871346,-0.0048337388583377,49.761005432533,36067.752929157
23.387499999999,4.9778005965969,0.65023899819324,0.049761001806763,0.057630619677232,-0.0048216107342487,49.761001806763,36067.752808465
23.399999999999,4.9778607912171,0.65023900180991,0.049760998190089,0.057341789003649,-0.0048095131865402,49.760998190089,36067.752688076
23.412499999999,4.9779208348083,0.65023900541751,0.04976099458249,0.057054409339901,-0.0047974461373901,49.76099458249,36067.752567989
23.424999999999,4.9779807277512,0.65023900901606,0.049760990983942,0.056768473370587,-0.0047854095091839,49.760990983942,36067.752448203
23.437499999999,4.9780404704258,0.65023901260558,0.049760987394423,0.056483973817208,-0.004773403224501,49.760987394423,36067.752328717
23.449999999999,4.9781000632107,0.65023901618609,0.04976098381391,0.05620090343811,-0.0047614272061196,49.76098381391,36067.752209532
23.462499999999,4.9781595064838,0.65023901975762,0.04976098024238,0.055919255028565,-0.0047494813770275,49.76098024238,36067.752090645
23.474999999999,4.978218800622,0.65023902332019,0.04976097667981,0.055639021420218,-0.0047375656604061,49.76097667981,36067.751972057
23.487499999999,4.9782779460012,0.65023902687382,0.049760973126178,0.055360195481035,-0.0047256799796358,49.760973126178,36067.751853766
23.499999999999,4.9783369429964,0.65023903041854,0.049760969581462,0.055082770115178,-0.0047138242582978,49.760969581462,36067.751735772
23.512499999999,4.9783957919817,0.65023903395436,0.049760966045638,0.05480673826266,-0.0047019984201668,49.760966045638,36067.751618074
23.524999999999,4.97845449333,0.65023903748131,0.049760962518685,0.054532092899345,-0.0046902023892184,49.760962518685,36067.751500672
23.537499999999,4.9785130474135,0.65023904099942,0.04976095900058,0.054258827036776,-0.0046784360896286,49.76095900058,36067.751383563
23.549999999999,4.9785714546034,0.6502390445087,0.049760955491301,0.053986933721714,-0.004666699445762,49.760955491301,36067.751266749
23.562499999999,4.9786297152699,0.65023904800917,0.049760951990825,0.053716406036343,-0.0046549923821875,49.760951990825,36067.751150228
23.574999999999,4.9786878297822,0.65023905150087,0.049760948499131,0.05344723709765,-0.0046433148236584,49.760948499131,36067.751033999
23.587499999999,4.9787457985088,0.6502390549838,0.049760945016196,0.053179420057791,-0.0046316666951363,49.760945016196,36067.750918061
23.599999999999,4.978803621817,0.650239058458,0.049760941541998,0.052912948103391,-0.0046200479217671,49.760941541998,36067.750802415
23.612499999999,4.9788613000733,0.65023906192348,0.049760938076516,0.052647814455707,-0.0046084584288959,49.760938076516,36067.750687058
23.624999999999,4.9789188336433,0.65023906538027,0.049760934619726,0.052384012370183,-0.0045968981420543,49.760934619726,36067.750571991
23.637499999999,4.9789762228915,0.65023906882839,0.049760931171608,0.052121535136603,-0.0045853669869746,49.760931171608,36067.750457212
23.649999999999,4.9790334681816,0.65023907226786,0.049760927732139,0.051860376078611,-0.0045738648895757,49.760927732139,36067.750342722
23.662499999999,4.9790905698765,0.6502390756987,0.049760924301298,0.051600528553789,-0.0045623917759734,49.760924301298,36067.750228518
23.674999999999,4.9791475283379,0.65023907912094,0.049760920879063,0.051341985953254,-0.0045509475724703,49.760920879063,36067.750114601
23.687499999999,4.9792043439267,0.65023908253459,0.049760917465412,0.051084741701621,-0.0045395322055608,49.760917465412,36067.75000097
23.699999999999,4.979261017003,0.65023908593968,0.049760914060323,0.050828789256879,-0.0045281456019328,49.760914060323,36067.749887624
23.712499999999,4.9793175479259,0.65023908933622,0.049760910663776,0.05057412211,-0.0045167876884573,49.760910663776,36067.749774562
23.724999999999,4.9793739370534,0.65023909272425,0.049760907275748,0.050320733785012,-0.0045054583921988,49.760907275748,36067.749661784
23.737499999999,4.9794301847429,0.65023909610378,0.049760903896218,0.050068617838809,-0.0044941576404138,49.760903896218,36067.749549289
23.749999999999,4.9794862913508,0.65023909947484,0.049760900525165,0.049817767860675,-0.0044828853605363,49.760900525165,36067.749437075
23.762499999999,4.9795422572324,0.65023910283743,0.049760897162567,0.049568177472644,-0.0044716414802011,49.760897162567,36067.749325144
23.774999999999,4.9795980827423,0.6502391061916,0.049760893808403,0.049319840328752,-0.004460425927217,49.760893808403,36067.749213493
23.787499999999,4.9796537682342,0.65023910953735,0.049760890462651,0.049072750115516,-0.0044492386295953,49.760890462651,36067.749102122
23.799999999999,4.9797093140608,0.65023911287471,0.049760887125291,0.048826900551031,-0.0044380795155163,49.760887125291,36067.74899103
23.812499999999,4.9797647205739,0.6502391162037,0.049760883796302,0.048582285385489,-0.004426948513359,49.760883796302,36067.748880217
23.824999999999,4.9798199881246,0.65023911952434,0.049760880475661,0.048338898400476,-0.0044158455516765,49.760880475661,36067.748769682
23.837499999999,4.9798751170628,0.65023912283665,0.049760877163349,0.048096733409292,-0.0044047705592174,49.760877163349,36067.748659424
23.849999999999,4.9799301077377,0.65023912614066,0.049760873859345,0.047855784256412,-0.0043937234649079,49.760873859345,36067.748549443
23.862499999999,4.9799849604977,0.65023912943637,0.049760870563626,0.047616044817531,-0.0043827041978606,49.760870563626,36067.748439737
23.874999999999,4.9800396756901,0.65023913272383,0.049760867276173,0.047377508999259,-0.0043717126873677,49.760867276173,36067.748330307
23.887499999999,4.9800942536614,0.65023913600303,0.049760863996965,0.047140170739248,-0.0043607488629132,49.760863996965,36067.748221151
23.899999999999,4.9801486947573,0.65023913927402,0.049760860725981,0.046904024005539,-0.0043498126541497,49.760860725981,36067.748112269
23.912499999999,4.9802029993225,0.6502391425368,0.0497608574632,0.046669062797037,-0.0043389039909272,49.7608574632,36067.74800366
23.924999999999,4.9802571677009,0.6502391457914,0.049760854208601,0.046435281142671,-0.0043280228032607,49.760854208601,36067.747895323
23.937499999999,4.9803112002356,0.65023914903784,0.049760850962164,0.046202673101827,-0.0043171690213573,49.760850962164,36067.747787258
23.949999999999,4.9803650972686,0.65023915227613,0.049760847723869,0.045971232763857,-0.0043063425755996,49.760847723869,36067.747679464
23.962499999999,4.9804188591413,0.65023915550631,0.049760844493694,0.045740954248092,-0.0042955433965535,49.760844493694,36067.74757194
23.974999999999,4.9804724861939,0.65023915872838,0.04976084127162,0.045511831703622,-0.0042847714149641,49.76084127162,36067.747464686
23.987499999999,4.9805259787662,0.65023916194237,0.049760838057626,0.045283859308926,-0.0042740265617454,49.760838057626,36067.747357701
23.999999999999,4.9805793371967,0.65023916514831,0.049760834851691,0.045057031272228,-0.0042633087680031,49.760834851691,36067.747250984
24.012499999999,4.9806325618232,0.6502391683462,0.049760831653796,0.044831341830972,-0.0042526179650171,49.760831653796,36067.747144535
24.024999999999,4.9806856529827,0.65023917153608,0.04976082846392,0.044606785251652,-0.0042419540842396,49.76082846392,36067.747038352
24.037499999999,4.9807386110114,0.65023917471796,0.049760825282043,0.044383355829857,-0.0042313170573038,49.760825282043,36067.746932436
24.049999999999,4.9807914362444,0.65023917789186,0.049760822108144,0.04416104789006,-0.0042207068160209,49.760822108144,36067.746826786
24.062499999999,4.9808441290162,0.6502391810578,0.049760818942204,0.043939855785331,-0.0042101232923724,49.760818942204,36067.7467214
24.074999999999,4.9808966896603,0.6502391842158,0.049760815784203,0.043719773897387,-0.004199566418519,49.760815784203,36067.746616279
24.087499999999,4.9809491185093,0.65023918736588,0.049760812634121,0.043500796636458,-0.0041890361268013,49.76081263412,36067.746511421
24.099999999999,4.9810014158953,0.65023919050806,0.049760809491937,0.043282918440849,-0.0041785323497248,49.760809491937,36067.746406826
24.112499999999,4.9810535821491,0.65023919364237,0.049760806357632,0.043066133777111,-0.0041680550199743,49.760806357632,36067.746302494
24.124999999999,4.981105617601,0.65023919676881,0.049760803231186,0.04285043713979,-0.004157604070409,49.760803231186,36067.746198423
24.137499999999,4.9811575225802,0.65023919988742,0.049760800112579,0.042635823051294,-0.004147179434062,49.760800112579,36067.746094613
24.149999999999,4.9812092974153,0.65023920299821,0.049760797001791,0.042422286061618,-0.0041367810441333,49.760797001791,36067.745991063
24.162499999999,4.981260942434,0.6502392061012,0.049760793898804,0.042209820748538,-0.0041264088340061,49.760793898804,36067.745887773
24.174999999999,4.981312457963,0.6502392091964,0.049760790803596,0.041998421716972,-0.0041160627372214,49.760790803596,36067.745784742
24.187499999999,4.9813638443284,0.65023921228385,0.049760787716149,0.041788083599285,-0.0041057426875,49.760787716149,36067.74568197
24.199999999999,4.9814151018554,0.65023921536356,0.049760784636443,0.041578801055085,-0.0040954486187381,49.760784636443,36067.745579454
24.212499999999,4.9814662308682,0.65023921843554,0.049760781564459,0.041370568770699,-0.0040851804649886,49.760781564459,36067.745477196
24.224999999999,4.9815172316905,0.65023922149982,0.049760778500176,0.041163381459587,-0.0040749381604872,49.760778500176,36067.745375195
24.237499999999,4.9815681046449,0.65023922455642,0.049760775443577,0.040957233861885,-0.0040647216396366,49.760775443577,36067.745273449
24.249999999999,4.9816188500534,0.65023922760536,0.04976077239464,0.040752120744211,-0.0040545308370028,49.76077239464,36067.745171958
24.262499999999,4.9816694682369,0.65023923064665,0.049760769353348,0.040548036899681,-0.0040443656873226,49.760769353348,36067.745070722
24.274999999999,4.9817199595158,0.65023923368032,0.04976076631968,0.040344977147854,-0.0040342261255066,49.76076631968,36067.744969739
24.287499999999,4.9817703242095,0.65023923670638,0.049760763293618,0.040142936334358,-0.0040241120866273,49.760763293618,36067.74486901
24.299999999999,4.9818205626366,0.65023923972486,0.049760760275143,0.039941909330978,-0.0040140235059294,49.760760275143,36067.744768533
24.312499999999,4.981870675115,0.65023924273576,0.049760757264235,0.039741891035284,-0.0040039603188173,49.760757264235,36067.744668308
24.324999999999,4.9819206619616,0.65023924573912,0.049760754260875,0.039542876370759,-0.003993922460868,49.760754260875,36067.744568334
24.337499999999,4.9819705234927,0.65023924873496,0.049760751265045,0.039344860286495,-0.0039839098678218,49.760751265045,36067.744468611
24.349999999999,4.9820202600237,0.65023925172328,0.049760748276725,0.039147837757111,-0.0039739224755841,49.760748276725,36067.744369138
24.362499999999,4.9820698718692,0.6502392547041,0.049760745295896,0.038951803782731,-0.003963960220231,49.760745295896,36067.744269914
24.374999999999,4.982119359343,0.65023925767746,0.04976074232254,0.038756753388591,-0.0039540230379949,49.760742322541,36067.744170939
24.387499999999,4.9821687227582,0.65023926064336,0.049760739356638,0.038562681625192,-0.0039441108652785,49.760739356638,36067.744072213
24.399999999999,4.9822179624269,0.65023926360183,0.049760736398171,0.038369583567906,-0.003934223638641,49.760736398171,36067.743973733
24.412499999999,4.9822670786606,0.65023926655288,0.049760733447121,0.038177454317306,-0.0039243612948212,49.760733447121,36067.743875501
24.424999999999,4.9823160717699,0.65023926949653,0.049760730503468,0.037986288998322,-0.0039145237706997,49.760730503468,36067.743777515
24.437499999999,4.9823649420647,0.65023927243281,0.049760727567194,0.03779608276078,-0.003904711003333,49.760727567194,36067.743679774
24.449999999999,4.9824136898541,0.65023927536172,0.04976072463828,0.037606830778974,-0.0038949229299376,49.76072463828,36067.743582278
24.462499999999,4.9824623154463,0.65023927828329,0.049760721716709,0.037418528251549,-0.0038851594878899,49.760721716709,36067.743485027
24.474999999999,4.9825108191488,0.65023928119754,0.049760718802461,0.037231170401457,-0.0038754206147296,49.760718802461,36067.74338802
24.487499999999,4.9825592012684,0.65023928410448,0.049760715895518,0.037044752475701,-0.0038657062481526,49.760715895518,36067.743291256
24.499999999999,4.9826074621109,0.65023928700414,0.049760712995862,0.036859269745394,-0.0038560163260204,49.760712995862,36067.743194734
24.512499999999,4.9826556019817,0.65023928989653,0.049760710103474,0.036674717505507,-0.0038463507863522,49.760710103474,36067.743098454
24.524999999999,4.982703621185,0.65023929278166,0.049760707218336,0.036491091074758,-0.0038367095673255,49.760707218336,36067.743002416
24.537499999999,4.9827515200245,0.65023929565957,0.04976070434043,0.036308385795563,-0.0038270926072794,49.76070434043,36067.742906618
24.549999999999,4.982799298803,0.65023929853026,0.049760701469738,0.036126597033893,-0.0038174998447129,49.760701469738,36067.742811061
24.562499999999,4.9828469578227,0.65023930139376,0.049760698606241,0.035945720178993,-0.0038079312182759,49.760698606241,36067.742715743
24.574999999999,4.9828944973848,0.65023930425008,0.049760695749922,0.035765750643542,-0.0037983866667837,49.760695749922,36067.742620663
24.587499999999,4.9829419177899,0.65023930709924,0.049760692900761,0.035586683863371,-0.0037888661292076,49.760692900761,36067.742525823
24.599999999999,4.9829892193378,0.65023930994126,0.049760690058742,0.035408515297353,-0.0037793695446755,49.760690058742,36067.74243122
24.612499999999,4.9830364023276,0.65023931277615,0.049760687223847,0.035231240427198,-0.0037698968524662,49.760687223847,36067.742336854
24.624999999999,4.9830834670574,0.65023931560394,0.049760684396057,0.035054854757508,-0.0037604479920184,49.760684396057,36067.742242724
24.637499999999,4.9831304138249,0.65023931842465,0.049760681575354,0.034879353815767,-0.0037510229029358,49.760681575354,36067.742148831
24.649999999999,4.9831772429268,0.65023932123828,0.049760678761721,0.034704733151804,-0.0037416215249646,49.760678761721,36067.742055172
24.662499999999,4.9832239546591,0.65023932404486,0.04976067595514,0.034530988338081,-0.0037322437980141,49.76067595514,36067.741961749
24.674999999999,4.983270549317,0.65023932684441,0.049760673155593,0.034358114969326,-0.0037228896621428,49.760673155593,36067.74186856
24.687499999999,4.9833170271951,0.65023932963694,0.049760670363063,0.034186108662587,-0.0037135590575677,49.760670363063,36067.741775604
24.699999999999,4.9833633885872,0.65023933242247,0.049760667577531,0.034014965056901,-0.0037042519246508,49.760667577531,36067.741682881
24.712499999999,4.9834096337862,0.65023933520102,0.049760664798981,0.033844679813514,-0.0036949682039182,49.760664798981,36067.741590391
24.724999999999,4.9834557630845,0.65023933797261,0.049760662027394,0.033675248615449,-0.0036857078360413,49.760662027394,36067.741498132
24.737499999999,4.9835017767737,0.65023934073725,0.049760659262754,0.033506667167667,-0.0036764707618513,49.760659262754,36067.741406105
24.749999999999,4.9835476751444,0.65023934349496,0.049760656505042,0.033338931196666,-0.0036672569223235,49.760656505042,36067.741314308
24.762499999999,4.9835934584868,0.65023934624576,0.049760653754242,0.033172036450638,-0.0036580662585912,49.760653754242,36067.741222741
24.774999999999,4.9836391270902,0.65023934898966,0.049760651010335,0.033005978699179,-0.0036488987119352,49.760651010335,36067.741131404
24.787499999999,4.9836846812432,0.6502393517267,0.049760648273305,0.032840753733274,-0.0036397542237889,49.760648273305,36067.741040296
24.799999999999,4.9837301212336,0.65023935445687,0.049760645543134,0.032676357365109,-0.0036306327357334,49.760645543134,36067.740949416
24.812499999999,4.9837754473487,0.6502393571802,0.049760642819805,0.032512785428156,-0.0036215341895076,49.760642819805,36067.740858763
24.824999999999,4.9838206598748,0.6502393598967,0.049760640103301,0.03235003377669,-0.0036124585269874,49.760640103301,36067.740768338
24.837499999999,4.9838657590976,0.6502393626064,0.049760637393604,0.032188098286204,-0.0036034056902139,49.760637393604,36067.74067814
24.849999999999,4.983910745302,0.6502393653093,0.049760634690698,0.032026974852825,-0.0035943756213666,49.760634690698,36067.740588168
24.862499999999,4.9839556187723,0.65023936800543,0.049760631994565,0.031866659393349,-0.0035853682627707,49.760631994565,36067.740498421
24.874999999999,4.9840003797921,0.65023937069481,0.049760629305189,0.031707147845362,-0.0035763835569096,49.760629305189,36067.740408899
24.887499999999,4.9840450286441,0.65023937337745,0.049760626622552,0.031548436166763,-0.0035674214464034,49.760626622552,36067.740319601
24.899999999999,4.9840895656103,0.65023937605336,0.049760623946637,0.031390520336043,-0.0035584818740304,49.760623946637,36067.740230527
24.912499999999,4.9841339909723,0.65023937872257,0.049760621277428,0.031233396351847,-0.0035495647827073,49.760621277428,36067.740141676
24.924999999999,4.9841783050106,0.65023938138509,0.049760618614908,0.031077060233124,-0.0035406701155036,49.760618614908,36067.740053048
24.937499999999,4.9842225080051,0.65023938404094,0.049760615959059,0.030921508018849,-0.0035317978156311,49.760615959059,36067.739964642
24.949999999999,4.9842666002352,0.65023938669013,0.049760613309866,0.030766735767983,-0.0035229478264469,49.760613309866,36067.739876458
24.962499999999,4.9843105819793,0.65023938933269,0.049760610667311,0.030612739559446,-0.0035141200914577,49.760610667311,36067.739788494
24.974999999999,4.9843544535153,0.65023939196862,0.049760608031377,0.030459515491928,-0.0035053145543138,49.760608031377,36067.739700751
24.987499999999,4.9843982151203,0.65023939459795,0.049760605402049,0.030307059683671,-0.0034965311588024,49.760605402049,36067.739613228
24.999999999999,4.9844418670707,0.65023939722069,0.049760602779309,0.030155368272717,-0.0034877698488671,49.760602779309,36067.739525924
25.012499999999,4.9844854096422,0.65023939983686,0.04976060016314,0.030004437416504,-0.0034790305685899,49.76060016314,36067.739438839
25.024999999999,4.9845288431099,0.65023940244647,0.049760597553527,0.029854263291868,-0.0034703132621967,49.760597553527,36067.739351972
25.037499999999,4.9845721677481,0.65023940504955,0.049760594950453,0.02970484209489,-0.0034616178740539,49.760594950453,36067.739265323
25.049999999999,4.9846153838304,0.6502394076461,0.049760592353901,0.029556170040894,-0.0034529443486733,49.760592353901,36067.739178891
25.062499999999,4.9846584916298,0.65023941023614,0.049760589763855,0.029408243364299,-0.003444292630709,49.760589763855,36067.739092675
25.074999999999,4.9847014914184,0.6502394128197,0.049760587180299,0.029261058318465,-0.0034356626649537,49.760587180299,36067.739006675
25.087499999999,4.984744383468,0.65023941539678,0.049760584603216,0.029114611175815,-0.0034270543963508,49.760584603216,36067.738920891
25.099999999999,4.9847871680492,0.65023941796741,0.04976058203259,0.028968898227412,-0.0034184677699756,49.76058203259,36067.738835322
25.112499999999,4.9848298454324,0.6502394205316,0.049760579468405,0.028823915783086,-0.0034099027310468,49.760579468405,36067.738749967
25.124999999999,4.984872415887,0.65023942308936,0.049760576910644,0.028679660171309,-0.0034013592249256,49.760576910644,36067.738664826
25.137499999999,4.9849148796818,0.65023942564071,0.049760574359292,0.028536127739051,-0.0033928371971115,49.760574359292,36067.738579899
25.149999999999,4.984957237085,0.65023942818567,0.049760571814332,0.028393314851748,-0.0033843365932462,49.760571814332,36067.738495184
25.162499999999,4.9849994883641,0.65023943072425,0.049760569275749,0.02825121789313,-0.0033758573591083,49.760569275749,36067.738410681
25.174999999999,4.9850416337858,0.65023943325647,0.049760566743525,0.028109833265161,-0.0033673994406147,49.760566743525,36067.738326391
25.187499999999,4.9850836736162,0.65023943578235,0.049760564217646,0.027969157387924,-0.0033589627838193,49.760564217646,36067.738242311
25.199999999999,4.9851256081208,0.6502394383019,0.049760561698095,0.027829186699741,-0.0033505473349251,49.760561698095,36067.738158442
25.212499999999,4.9851674375644,0.65023944081514,0.049760559184857,0.027689917656675,-0.0033421530402595,49.760559184857,36067.738074783
25.224999999999,4.9852091622109,0.65023944332209,0.049760556677915,0.027551346732828,-0.0033337798462973,49.760556677915,36067.737991334
25.237499999999,4.9852507823239,0.65023944582275,0.049760554177254,0.027413470419989,-0.0033254276996448,49.760554177254,36067.737908094
25.249999999999,4.9852922981662,0.65023944831714,0.049760551682857,0.027276285227703,-0.0033170965470486,49.760551682857,36067.737825062
25.262499999999,4.9853337099997,0.65023945080529,0.04976054919471,0.027139787683004,-0.0033087863353849,49.76054919471,36067.737742238
25.274999999999,4.985375018086,0.6502394532872,0.049760546712796,0.027003974330657,-0.0033004970116792,49.760546712796,36067.737659622
25.287499999999,4.9854162226857,0.6502394557629,0.0497605442371,0.026868841732667,-0.0032922285230814,49.7605442371,36067.737577213
25.299999999999,4.9854573240592,0.65023945823239,0.049760541767607,0.02673438646834,-0.0032839808168745,49.760541767607,36067.73749501
25.312499999999,4.9854983224656,0.6502394606957,0.049760539304299,0.026600605134465,-0.0032757538404908,49.760539304299,36067.737413013
25.324999999999,4.985539218164,0.65023946315284,0.049760536847163,0.026467494344794,-0.0032675475414852,49.760536847163,36067.737331222
25.337499999999,4.9855800114123,0.65023946560382,0.049760534396182,0.026335050730225,-0.0032593618675509,49.760534396182,36067.737249635
25.349999999999,4.9856207024681,0.65023946804866,0.049760531951342,0.026203270938574,-0.0032511967665112,49.760531951342,36067.737168253
25.362499999999,4.9856612915883,0.65023947048737,0.049760529512625,0.026072151634755,-0.0032430521863347,49.760529512625,36067.737087075
25.374999999999,4.985701779029,0.65023947291998,0.049760527080019,0.025941689500238,-0.0032349280751074,49.760527080019,36067.7370061
25.387499999999,4.9857421650457,0.65023947534649,0.049760524653506,0.025811881233463,-0.0032268243810627,49.760524653506,36067.736925328
25.399999999999,4.9857824498934,0.65023947776693,0.049760522233071,0.025682723549379,-0.0032187410525584,49.760522233071,36067.736844758
25.412499999999,4.9858226338263,0.6502394801813,0.0497605198187,0.025554213179516,-0.0032106780380854,49.7605198187,36067.736764391
25.424999999999,4.985862717098,0.65023948258962,0.049760517410377,0.025426346871906,-0.003202635286268,49.760517410377,36067.736684224
25.437499999999,4.9859026999614,0.65023948499191,0.049760515008086,0.025299121390944,-0.00319461274586,49.760515008086,36067.736604258
25.449999999999,4.985942582669,0.65023948738819,0.049760512611813,0.025172533517398,-0.0031866103657503,49.760512611813,36067.736524493
25.462499999999,4.9859823654722,0.65023948977846,0.049760510221543,0.025046580048218,-0.0031786280949557,49.760510221543,36067.736444927
25.474999999999,4.9860220486224,0.65023949216274,0.049760507837261,0.024921257796462,-0.0031706658826209,49.760507837261,36067.736365561
25.487499999999,4.9860616323697,0.65023949454105,0.04976050545895,0.024796563591355,-0.0031627236780274,49.76050545895,36067.736286393
25.499999999999,4.9861011169641,0.6502394969134,0.049760503086597,0.024672494278021,-0.0031548014305809,49.760503086597,36067.736207424
25.512499999999,4.9861405026546,0.65023949927981,0.049760500720187,0.024549046717573,-0.0031468990898222,49.760500720187,36067.736128653
25.524999999999,4.9861797896899,0.6502395016403,0.049760498359704,0.024426217786871,-0.0031390166054166,49.760498359704,36067.736050079
25.537499999999,4.9862189783176,0.65023950399487,0.049760496005134,0.024304004378532,-0.0031311539271588,49.760496005134,36067.735971702
25.549999999999,4.9862580687853,0.65023950634354,0.049760493656461,0.024182403400825,-0.0031233110049715,49.760493656461,36067.735893521
25.562499999999,4.9862970613394,0.65023950868633,0.049760491313671,0.024061411777626,-0.0031154877889072,49.760491313671,36067.735815535
25.574999999999,4.986335956226,0.65023951102325,0.04976048897675,0.023941026448372,-0.0031076842291498,49.76048897675,36067.735737746
25.587499999999,4.9863747536905,0.65023951335432,0.049760486645682,0.02382124436774,-0.0030999002759984,49.760486645682,36067.735660151
25.599999999999,4.9864134539777,0.65023951567955,0.049760484320453,0.023702062506013,-0.0030921358798963,49.760484320453,36067.73558275
25.612499999999,4.9864520573317,0.65023951799895,0.049760482001047,0.02358347784857,-0.0030843909914022,49.760482001047,36067.735505544
25.624999999999,4.986490563996,0.65023952031255,0.049760479687451,0.023465487396002,-0.0030766655612027,49.760479687451,36067.73542853
25.637499999999,4.9865289742136,0.65023952262035,0.04976047737965,0.023348088164043,-0.0030689595401121,49.76047737965,36067.73535171
25.649999999999,4.9865672882268,0.65023952492237,0.049760475077629,0.023231277183473,-0.0030612728790711,49.760475077629,36067.735275082
25.662499999999,4.9866055062773,0.65023952721863,0.049760472781374,0.023115051500014,-0.0030536055291446,49.760472781374,36067.735198646
25.674999999999,4.9866436286061,0.65023952950913,0.04976047049087,0.022999408174265,-0.0030459574415218,49.76047049087,36067.735122401
25.687499999999,4.9866816554538,0.6502395317939,0.049760468206103,0.022884344281683,-0.00303832856752,49.760468206103,36067.735046347
25.699999999999,4.9867195870602,0.65023953407294,0.049760465927059,0.022769856912457,-0.0030307188585805,49.760465927059,36067.734970484
25.712499999999,4.9867574236645,0.65023953634628,0.049760463653722,0.02265594317139,-0.0030231282662658,49.760463653722,36067.734894811
25.724999999999,4.9867951655055,0.65023953861392,0.049760461386079,0.022542600177849,-0.0030155567422607,49.760461386079,36067.734819327
25.737499999999,4.9868328128212,0.65023954087588,0.049760459124115,0.022429825065839,-0.0030080042383815,49.760459124115,36067.734744033
25.749999999999,4.9868703658489,0.65023954313218,0.049760456867817,0.022317614983713,-0.0030004707065618,49.760456867817,36067.734668926
25.762499999999,4.9869078248257,0.65023954538283,0.049760454617169,0.022205967094212,-0.0029929560988595,49.760454617169,36067.734594009
25.774999999999,4.9869451899877,0.65023954762784,0.049760452372158,0.022094878574321,-0.0029854603674515,49.760452372158,36067.734519278
25.787499999999,4.9869824615705,0.65023954986723,0.049760450132769,0.021984346615357,-0.0029779834646444,49.760450132769,36067.734444735
25.799999999999,4.9870196398093,0.65023955210101,0.049760447898989,0.021874368422717,-0.002970525342862,49.760447898989,36067.734370379
25.812499999999,4.9870567249386,0.6502395543292,0.049760445670803,0.021764941215889,-0.0029630859546508,49.760445670803,36067.734296208
25.824999999999,4.9870937171921,0.6502395565518,0.049760443448198,0.021656062228287,-0.0029556652526725,49.760443448198,36067.734222224
25.837499999999,4.9871306168032,0.65023955876884,0.049760441231159,0.021547728707464,-0.0029482631897242,49.760441231159,36067.734148425
25.849999999999,4.9871674240045,0.65023956098033,0.049760439019671,0.021439937914606,-0.0029408797187074,49.760439019671,36067.73407481
25.862499999999,4.9872041390282,0.65023956318628,0.049760436813723,0.02133268712486,-0.0029335147926552,49.760436813723,36067.73400138
25.874999999999,4.9872407621058,0.6502395653867,0.049760434613298,0.021225973627029,-0.0029261683647164,49.760434613298,36067.733928134
25.887499999999,4.9872772934683,0.65023956758162,0.049760432418384,0.021119794723564,-0.0029188403881584,49.760432418384,36067.733855071
25.899999999999,4.9873137333459,0.65023956977103,0.049760430228967,0.02101414773055,-0.0029115308163714,49.760430228967,36067.733782191
25.912499999999,4.9873500819685,0.65023957195497,0.049760428045033,0.02090902997756,-0.0029042396028629,49.760428045033,36067.733709494
25.924999999999,4.9873863395652,0.65023957413343,0.049760425866568,0.020804438807625,-0.0028969667012593,49.760425866568,36067.733636979
25.937499999999,4.9874225063646,0.65023957630644,0.049760423693558,0.020700371577111,-0.0028897120653024,49.760423693558,36067.733564645
25.949999999999,4.9874585825949,0.65023957847401,0.04976042152599,0.020596825655789,-0.0028824756488586,49.76042152599,36067.733492493
25.962499999999,4.9874945684833,0.65023958063615,0.04976041936385,0.020493798426668,-0.0028752574059112,49.76041936385,36067.733420521
25.974999999999,4.9875304642569,0.65023958279288,0.049760417207124,0.020391287285803,-0.0028680572905522,49.760417207124,36067.73334873
25.987499999999,4.9875662701419,0.6502395849442,0.049760415055799,0.020289289642543,-0.002860875257003,49.760415055799,36067.733277118
25.999999999999,4.9876019863641,0.65023958709014,0.049760412909861,0.02018780291916,-0.0028537112595934,49.760412909861,36067.733205685
26.012499999999,4.9876376131486,0.6502395892307,0.049760410769297,0.020086824550916,-0.0028465652527707,49.760410769297,36067.733134432
26.024999999999,4.98767315072,0.65023959136591,0.049760408634093,0.019986351986074,-0.0028394371911045,49.760408634093,36067.733063357
26.037499999999,4.9877085993024,0.65023959349576,0.049760406504236,0.019886382685694,-0.0028323270292763,49.760406504236,36067.73299246
26.049999999999,4.9877439591192,0.65023959562029,0.049760404379712,0.019786914123561,-0.0028252347220796,49.760404379712,36067.73292174
26.062499999999,4.9877792303933,0.65023959773949,0.049760402260508,0.01968794378626,-0.0028181602244288,49.760402260508,36067.732851197
26.074999999999,4.9878144133472,0.65023959985339,0.049760400146611,0.019589469173035,-0.0028111034913536,49.760400146611,36067.732780831
26.087499999999,4.9878495082024,0.65023960196199,0.049760398038007,0.019491487795656,-0.0028040644779939,49.760398038007,36067.732710642
26.099999999999,4.9878845151803,0.65023960406532,0.049760395934682,0.019393997178509,-0.0027970431396103,49.760395934682,36067.732640628
26.112499999999,4.9879194345016,0.65023960616338,0.049760393836625,0.019296994858339,-0.0027900394315701,49.760393836625,36067.732570789
26.124999999999,4.9879542663862,0.65023960825618,0.049760391743821,0.019200478384386,-0.0027830533093613,49.760391743821,36067.732501125
26.137499999999,4.9879890110538,0.65023961034374,0.049760389656257,0.019104445318231,-0.0027760847285858,49.760389656257,36067.732431636
26.149999999999,4.9880236687234,0.65023961242608,0.04976038757392,0.01900889323359,-0.0027691336449482,49.76038757392,36067.732362321
26.162499999999,4.9880582396134,0.6502396145032,0.049760385496797,0.018913819716573,-0.0027622000142795,49.760385496797,36067.732293179
26.174999999999,4.9880927239417,0.65023961657512,0.049760383424875,0.018819222365308,-0.0027552837925136,49.760383424875,36067.73222421
26.187499999999,4.9881271219256,0.65023961864186,0.049760381358141,0.018725098790155,-0.0027483849357068,49.760381358141,36067.732155414
26.199999999999,4.9881614337818,0.65023962070342,0.049760379296582,0.018631446613378,-0.0027415034000189,49.760379296582,36067.732086791
26.212499999999,4.9881956597268,0.65023962275982,0.049760377240185,0.018538263469258,-0.0027346391417247,49.760377240185,36067.732018339
26.224999999999,4.9882297999761,0.65023962481106,0.049760375188936,0.01844554700392,-0.0027277921172058,49.760375188936,36067.731950058
26.237499999999,4.9882638547449,0.65023962685718,0.049760373142823,0.018353294875465,-0.0027209622829645,49.760373142823,36067.731881949
26.249999999999,4.9882978242478,0.65023962889817,0.049760371101834,0.018261504753626,-0.0027141495956027,49.760371101834,36067.73181401
26.262499999999,4.9883317086988,0.65023963093405,0.049760369065954,0.018170174320122,-0.0027073540118518,49.760369065954,36067.731746241
26.274999999999,4.9883655083116,0.65023963296483,0.049760367035172,0.018079301268026,-0.0027005754885305,49.760367035172,36067.731678642
26.287499999999,4.988399223299,0.65023963499053,0.049760365009474,0.017988883302191,-0.0026938139825798,49.760365009474,36067.731611212
26.299999999999,4.9884328538736,0.65023963701115,0.049760362988849,0.017898918139046,-0.0026870694510528,49.760362988849,36067.73154395
26.312499999999,4.9884664002472,0.65023963902672,0.049760360973282,0.017809403506477,-0.002680341851109,49.760360973282,36067.731476858
26.324999999999,4.9884998626312,0.65023964103724,0.049760358962761,0.017720337143791,-0.0026736311400164,49.760358962761,36067.731409933
26.337499999999,4.9885332412365,0.65023964304273,0.049760356957275,0.017631716801595,-0.002666937275146,49.760356957275,36067.731343176
26.349999999999,4.9885665362734,0.65023964504319,0.049760354956809,0.017543540241977,-0.0026602602139896,49.760354956809,36067.731276586
26.362499999999,4.9885997479517,0.65023964703865,0.049760352961352,0.017455805238168,-0.0026535999141384,49.760352961352,36067.731210162
26.374999999999,4.9886328764805,0.65023964902911,0.04976035097089,0.017368509574678,-0.0026469563332974,49.76035097089,36067.731143905
26.387499999999,4.9886659220687,0.65023965101459,0.049760348985412,0.017281651047106,-0.0026403294292745,49.760348985412,36067.731077814
26.399999999999,4.9886988849245,0.6502396529951,0.049760347004905,0.017195227462219,-0.0026337191599914,49.760347004905,36067.731011888
26.412499999999,4.9887317652554,0.65023965497064,0.049760345029356,0.017109236637723,-0.0026271254834693,49.760345029356,36067.730946128
26.424999999999,4.9887645632687,0.65023965694125,0.049760343058753,0.017023676402391,-0.002620548357843,49.760343058753,36067.730880532
26.437499999999,4.988797279171,0.65023965890692,0.049760341093083,0.016938544595826,-0.0026139877413467,49.760341093083,36067.7308151
26.449999999999,4.9888299131683,0.65023966086766,0.049760339132335,0.016853839068619,-0.0026074435923302,49.760339132335,36067.730749832
26.462499999999,4.9888624654664,0.6502396628235,0.049760337176495,0.016769557682113,-0.0026009158692446,49.760337176495,36067.730684727
26.474999999999,4.9888949362701,0.65023966477445,0.049760335225552,0.016685698308352,-0.0025944045306421,49.760335225552,36067.730619786
26.487499999999,4.9889273257842,0.65023966672051,0.049760333279493,0.01660225883028,-0.0025879095351957,49.760333279493,36067.730555007
26.499999999999,4.9889596342126,0.65023966866169,0.049760331338305,0.016519237141283,-0.0025814308416674,49.760331338305,36067.73049039
26.512499999999,4.9889918617588,0.65023967059802,0.049760329401978,0.016436631145454,-0.0025749684089327,49.760329401978,36067.730425935
26.524999999999,4.9890240086258,0.6502396725295,0.049760327470498,0.016354438757387,-0.0025685221959684,49.760327470498,36067.730361641
26.537499999999,4.9890560750162,0.65023967445615,0.049760325543853,0.016272657902169,-0.0025620921618561,49.760325543853,36067.730297508
26.549999999999,4.9890880611318,0.65023967637797,0.049760323622031,0.016191286515403,-0.0025556782657876,49.760323622031,36067.730233536
26.562499999999,4.9891199671743,0.65023967829498,0.04976032170502,0.016110322542996,-0.0025492804670524,49.76032170502,36067.730169724
26.574999999999,4.9891517933445,0.65023968020719,0.049760319792808,0.016029763941135,-0.0025428987250393,49.760319792808,36067.730106071
26.587499999999,4.9891835398428,0.65023968211462,0.049760317885383,0.015949608676485,-0.0025365329992564,49.760317885383,36067.730042578
26.599999999999,4.9892152068694,0.65023968401727,0.049760315982734,0.015869854725716,-0.0025301832492968,49.760315982734,36067.729979244
26.612499999999,4.9892467946235,0.65023968591515,0.049760314084847,0.015790500075831,-0.0025238494348692,49.760314084847,36067.729916069
26.624999999999,4.9892783033042,0.65023968780829,0.04976031219171,0.015711542723876,-0.0025175315157782,49.76031219171,36067.729853052
26.637499999999,4.9893097331099,0.65023968969669,0.049760310303313,0.015632980677002,-0.0025112294519332,49.760310303313,36067.729790192
26.649999999999,4.9893410842385,0.65023969158036,0.049760308419644,0.015554811952441,-0.0025049432033502,49.760308419644,36067.72972749
26.662499999999,4.9893723568874,0.65023969345931,0.049760306540689,0.015477034577257,-0.0024986727301357,49.760306540689,36067.729664944
26.674999999999,4.9894035512537,0.65023969533356,0.049760304666438,0.015399646588609,-0.0024924179925119,49.760304666438,36067.729602556
26.687499999999,4.9894346675337,0.65023969720312,0.049760302796878,0.015322646033398,-0.0024861789507913,49.760302796878,36067.729540323
26.699999999999,4.9894657059234,0.650239699068,0.049760300931999,0.015246030968372,-0.0024799555653896,49.760300931999,36067.729478246
26.712499999999,4.9894966666183,0.65023970092821,0.049760299071787,0.015169799460078,-0.0024737477968255,49.760299071787,36067.729416325
26.724999999999,4.9895275498133,0.65023970278377,0.049760297216232,0.015093949584821,-0.0024675556057208,49.760297216232,36067.729354559
26.737499999999,4.9895583557029,0.65023970463468,0.049760295365322,0.015018479428526,-0.002461378952793,49.760295365322,36067.729292947
26.749999999999,4.9895890844811,0.65023970648095,0.049760293519045,0.014943387086737,-0.0024552177988593,49.760293519045,36067.729231489
26.762499999999,4.9896197363414,0.65023970832261,0.049760291677389,0.014868670664638,-0.0024490721048416,49.760291677389,36067.729170185
26.774999999999,4.9896503114767,0.65023971015966,0.049760289840343,0.014794328276835,-0.0024429418317524,49.760289840343,36067.729109035
26.787499999999,4.9896808100797,0.6502397119921,0.049760288007896,0.014720358047545,-0.0024368269407145,49.760288007896,36067.729048038
26.799999999999,4.9897112323423,0.65023971381996,0.049760286180035,0.014646758110362,-0.0024307273929445,49.760286180035,36067.728987193
26.812499999999,4.9897415784561,0.65023971564325,0.049760284356749,0.01457352660823,-0.0024246431497552,49.760284356749,36067.728926501
26.824999999999,4.9897718486121,0.65023971746197,0.049760282538028,0.014500661693467,-0.0024185741725606,49.760282538028,36067.728865961
26.837499999999,4.989802043001,0.65023971927614,0.049760280723858,0.014428161527651,-0.0024125204228707,49.760280723858,36067.728805572
26.849999999999,4.9898321618128,0.65023972108577,0.04976027891423,0.014356024281669,-0.0024064818622982,49.76027891423,36067.728745335
26.862499999999,4.9898622052372,0.65023972289087,0.049760277109131,0.014284248135582,-0.0024004584525521,49.760277109131,36067.728685248
26.874999999999,4.9898921734632,0.65023972469145,0.04976027530855,0.014212831278542,-0.0023944501554336,49.76027530855,36067.728625311
26.887499999999,4.9899220666797,0.65023972648752,0.049760273512476,0.014141771908852,-0.0023884569328452,49.760273512476,36067.728565525
26.899999999999,4.9899518850748,0.6502397282791,0.049760271720897,0.014071068233909,-0.0023824787467888,49.760271720897,36067.728505888
26.912499999999,4.9899816288361,0.6502397300662,0.049760269933802,0.014000718470066,-0.0023765155593587,49.760269933802,36067.728446401
26.924999999999,4.990011298151,0.65023973184882,0.049760268151181,0.013930720842642,-0.0023705673327452,49.760268151181,36067.728387062
26.937499999999,4.9900408932062,0.65023973362698,0.049760266373021,0.013861073585915,-0.002364634029238,49.760266373021,36067.728327872
26.949999999999,4.990070414188,0.65023973540069,0.049760264599312,0.013791774942999,-0.0023587156112193,49.760264599312,36067.72826883
26.962499999999,4.9900998612823,0.65023973716996,0.049760262830042,0.013722823165927,-0.002352812041174,49.760262830042,36067.728209936
26.974999999999,4.9901292346744,0.6502397389348,0.049760261065201,0.013654216515401,-0.0023469232816726,49.760261065201,36067.728151189
26.987499999999,4.9901585345492,0.65023974069522,0.049760259304776,0.013585953260976,-0.0023410492953904,49.760259304776,36067.728092589
26.999999999999,4.9901877610912,0.65023974245124,0.049760257548758,0.013518031680797,-0.0023351900450876,49.760257548758,36067.728034136
27.012499999999,4.9902169144843,0.65023974420287,0.049760255797135,0.0134504500618,-0.0023293454936315,49.760255797135,36067.727975829
27.024999999999,4.9902459949121,0.6502397459501,0.049760254049896,0.013383206699409,-0.0023235156039725,49.760254049896,36067.727917668
27.037499999999,4.9902750025575,0.65023974769297,0.049760252307029,0.013316299897654,-0.0023177003391588,49.760252307029,36067.727859653
27.049999999999,4.9903039376031,0.65023974943148,0.049760250568525,0.013249727969154,-0.0023118996623381,49.760250568525,36067.727801783
27.062499999999,4.9903328002311,0.65023975116563,0.049760248834372,0.013183489234893,-0.0023061135367417,49.760248834372,36067.727744058
27.074999999999,4.9903615906232,0.65023975289544,0.049760247104558,0.013117582024383,-0.0023003419257019,49.760247104558,36067.727686477
27.087499999999,4.9903903089605,0.65023975462093,0.049760245379075,0.013052004675503,-0.0022945847926419,49.760245379075,36067.72762904
27.099999999999,4.9904189554238,0.65023975634209,0.049760243657909,0.012986755534519,-0.0022888421010805,49.760243657909,36067.727571747
27.112499999999,4.9904475301933,0.65023975805895,0.049760241941051,0.012921832955966,-0.0022831138146255,49.760241941051,36067.727514598
27.124999999999,4.990476033449,0.65023975977151,0.04976024022849,0.012857235302645,-0.0022773998969772,49.76024022849,36067.727457591
27.137499999999,4.9905044653701,0.65023976147979,0.049760238520215,0.01279296094563,-0.0022717003119315,49.760238520215,36067.727400727
27.149999999999,4.9905328261357,0.65023976318378,0.049760236816215,0.012729008264162,-0.0022660150233751,49.760236816215,36067.727344006
27.162499999999,4.9905611159242,0.65023976488352,0.04976023511648,0.012665375645598,-0.0022603439952835,49.76023511648,36067.727287426
27.174999999999,4.9905893349136,0.650239766579,0.049760233420998,0.012602061485465,-0.0022546871917299,49.760233420998,36067.727230988
27.187499999999,4.9906174832816,0.65023976827024,0.04976023172976,0.012539064187269,-0.002249044576871,49.76023172976,36067.727174692
27.199999999999,4.9906455612052,0.65023976995725,0.049760230042754,0.01247638216261,-0.0022434161149611,49.760230042754,36067.727118536
27.212499999999,4.9906735688611,0.65023977164003,0.04976022835997,0.012414013831052,-0.0022378017703435,49.76022835997,36067.72706252
27.224999999999,4.9907015064257,0.6502397733186,0.049760226681397,0.012351957620017,-0.0022322015074447,49.760226681397,36067.727006645
27.237499999999,4.9907293740746,0.65023977499297,0.049760225007025,0.012290211965032,-0.0022266152907999,49.760225007025,36067.72695091
27.249999999999,4.9907571719833,0.65023977666316,0.049760223336844,0.012228775309276,-0.0022210430850151,49.760223336844,36067.726895314
27.262499999999,4.9907849003267,0.65023977832916,0.049760221670841,0.012167646103891,-0.0022154848547995,49.760221670841,36067.726839858
27.274999999999,4.9908125592791,0.65023977999099,0.049760220009009,0.012106822807698,-0.0022099405649421,49.760220009009,36067.72678454
27.287499999999,4.9908401490148,0.65023978164867,0.049760218351335,0.012046303887354,-0.0022044101803296,49.760218351335,36067.72672936
27.299999999999,4.9908676697072,0.65023978330219,0.049760216697809,0.011986087817154,-0.0021988936659323,49.760216697809,36067.726674319
27.312499999999,4.9908951215296,0.65023978495158,0.049760215048421,0.011926173079081,-0.002193390986811,49.760215048421,36067.726619415
27.324999999999,4.9909225046546,0.65023978659684,0.049760213403161,0.011866558162744,-0.0021879021081155,49.760213403161,36067.726564649
27.337499999999,4.9909498192546,0.65023978823798,0.049760211762018,0.011807241565381,-0.0021824269950876,49.760211762018,36067.72651002
27.349999999999,4.9909770655014,0.65023978987502,0.049760210124981,0.011748221791693,-0.0021769656130495,49.760210124981,36067.726455527
27.362499999999,4.9910042435663,0.65023979150796,0.049760208492042,0.011689497353959,-0.0021715179274171,49.760208492042,36067.726401171
27.374999999999,4.9910313536205,0.65023979313681,0.049760206863188,0.011631066771979,-0.002166083903699,49.760206863188,36067.726346951
27.387499999999,4.9910583958345,0.65023979476159,0.049760205238411,0.011572928572891,-0.0021606635074818,49.760205238411,36067.726292867
27.399999999999,4.9910853703783,0.6502397963823,0.049760203617699,0.011515081291283,-0.0021552567044445,49.760203617699,36067.726238917
27.412499999999,4.9911122774218,0.65023979799896,0.049760202001043,0.01145752346907,-0.0021498634603496,49.760202001043,36067.726185103
27.424999999999,4.9911391171341,0.65023979961157,0.049760200388433,0.01140025365549,-0.0021444837410467,49.760200388433,36067.726131424
27.437499999999,4.9911658896842,0.65023980122014,0.049760198779858,0.011343270407168,-0.0021391175124812,49.760198779858,36067.726077879
27.449999999999,4.9911925952404,0.65023980282469,0.049760197175308,0.011286572287873,-0.0021337647406749,49.760197175308,36067.726024468
27.462499999999,4.9912192339707,0.65023980442523,0.049760195574773,0.011230157868654,-0.0021284253917422,49.760195574773,36067.72597119
27.474999999999,4.9912458060427,0.65023980602176,0.049760193978243,0.011174025727674,-0.0021230994318771,49.760193978243,36067.725918046
27.487499999999,4.9912723116236,0.65023980761429,0.049760192385708,0.011118174450306,-0.0021177868273661,49.760192385708,36067.725865035
27.499999999999,4.9912987508801,0.65023980920284,0.049760190797159,0.011062602628934,-0.0021124875445722,49.760190797159,36067.725812156
27.512499999999,4.9913251239786,0.65023981078742,0.049760189212584,0.011007308863177,-0.0021072015499595,49.760189212584,36067.72575941
27.524999999999,4.9913514310848,0.65023981236803,0.049760187631974,0.010952291759507,-0.0021019288100597,49.760187631974,36067.725706796
27.537499999999,4.9913776723643,0.65023981394468,0.049760186055319,0.010897549931525,-0.0020966692915021,49.760186055319,36067.725654313
27.549999999999,4.9914038479821,0.65023981551739,0.049760184482609,0.010843081999712,-0.0020914229609925,49.760184482609,36067.725601962
27.562499999999,4.9914299581029,0.65023981708616,0.049760182913835,0.01078888659154,-0.0020861897853273,49.760182913835,36067.725549742
27.574999999999,4.991456002891,0.65023981865101,0.049760181348986,0.010734962341367,-0.0020809697313862,49.760181348986,36067.725497652
27.587499999999,4.99148198251,0.65023982021195,0.049760179788053,0.010681307890349,-0.0020757627661272,49.760179788053,36067.725445693
27.599999999999,4.9915078971235,0.65023982176897,0.049760178231025,0.010627921886537,-0.002070568856599,49.760178231025,36067.725393864
27.612499999999,4.9915337468944,0.65023982332211,0.049760176677893,0.010574802984733,-0.0020653879699299,49.760176677893,36067.725342164
27.624999999999,4.9915595319853,0.65023982487135,0.049760175128648,0.010521949846479,-0.0020602200733304,49.760175128648,36067.725290594
27.637499999999,4.9915852525584,0.65023982641672,0.049760173583278,0.010469361140133,-0.0020550651341029,49.760173583278,36067.725239153
27.649999999999,4.9916109087755,0.65023982795822,0.049760172041776,0.010417035540636,-0.0020499231196229,49.760172041776,36067.725187841
27.662499999999,4.9916365007978,0.65023982949587,0.04976017050413,0.010364971729628,-0.0020447939973529,49.76017050413,36067.725136657
27.674999999999,4.9916620287864,0.65023983102967,0.049760168970332,0.010313168395379,-0.0020396777348388,49.760168970332,36067.725085601
27.687499999999,4.9916874929017,0.65023983255963,0.049760167440372,0.01026162423274,-0.0020345742997083,49.760167440372,36067.725034672
27.699999999999,4.991712893304,0.65023983408576,0.049760165914239,0.010210337943095,-0.002029483659669,49.760165914239,36067.724983872
27.712499999999,4.9917382301529,0.65023983560807,0.049760164391926,0.010159308234399,-0.0020244057825156,49.760164391926,36067.724933198
27.724999999999,4.9917635036079,0.65023983712658,0.049760162873421,0.010108533821025,-0.0020193406361173,49.760162873421,36067.724882651
27.737499999999,4.9917887138278,0.65023983864129,0.049760161358715,0.010058013423841,-0.0020142881884286,49.760161358715,36067.724832231
27.749999999999,4.9918138609711,0.6502398401522,0.049760159847799,0.010007745770141,-0.0020092484074858,49.760159847799,36067.724781936
27.762499999999,4.9918389451961,0.65023984165934,0.049760158340664,0.0099577295935816,-0.0020042212614033,49.760158340664,36067.724731768
27.774999999999,4.9918639666604,0.6502398431627,0.049760156837299,0.0099079636342908,-0.0019992067183878,49.760156837299,36067.724681725
27.787499999999,4.9918889255214,0.6502398446623,0.049760155337696,0.0098584466385234,-0.0019942047467065,49.760155337696,36067.724631807
27.799999999999,4.9919138219361,0.65023984615816,0.049760153841844,0.0098091773590172,-0.0019892153147261,49.760153841844,36067.724582014
27.812499999999,4.9919386560609,0.65023984765026,0.049760152349736,0.0097601545546645,-0.0019842383908824,49.760152349736,36067.724532346
27.824999999999,4.991963428052,0.65023984913864,0.04976015086136,0.0097113769906406,-0.0019792739436966,49.76015086136,36067.724482802
27.837499999999,4.9919881380652,0.65023985062329,0.049760149376708,0.0096628434383042,-0.0019743219417681,49.760149376708,36067.724433382
27.849999999999,4.9920127862559,0.65023985210423,0.049760147895771,0.0096145526751687,-0.0019693823537743,49.760147895771,36067.724384086
27.862499999999,4.992037372779,0.65023985358146,0.049760146418539,0.0095665034848901,-0.0019644551484728,49.760146418539,36067.724334913
27.874999999999,4.9920618977892,0.650239855055,0.049760144945003,0.0095186946572214,-0.001959540294699,49.760144945003,36067.724285863
27.887499999999,4.9920863614406,0.65023985652485,0.049760143475153,0.0094711249880521,-0.0019546377613739,49.760143475153,36067.724236935
27.899999999999,4.992110763887,0.65023985799102,0.049760142008981,0.0094237932792249,-0.0019497475174877,49.760142008981,36067.72418813
27.912499999999,4.992135105282,0.65023985945352,0.049760140546477,0.0093766983386791,-0.0019448695321174,49.760140546477,36067.724139448
27.924999999999,4.9921593857784,0.65023986091237,0.049760139087632,0.0093298389803192,-0.0019400037744166,49.760139087632,36067.724090887
27.937499999999,4.992183605529,0.65023986236756,0.049760137632437,0.0092832140239525,-0.0019351502136118,49.760137632437,36067.724042447
27.949999999999,4.992207764686,0.65023986381912,0.049760136180882,0.0092368222953978,-0.0019303088190163,49.760136180882,36067.723994129
27.962499999999,4.9922318634013,0.65023986526704,0.049760134732959,0.0091906626262699,-0.0019254795600112,49.760134732959,36067.723945931
27.974999999999,4.9922559018265,0.65023986671134,0.049760133288658,0.0091447338541561,-0.0019206624060661,49.760133288658,36067.723897855
27.987499999999,4.9922798801126,0.65023986815203,0.049760131847971,0.0090990348224012,-0.0019158573267202,49.760131847971,36067.723849898
27.999999999999,4.9923037984104,0.65023986958911,0.049760130410888,0.0090535643801658,-0.0019110642915905,49.760130410888,36067.723802061
28.012499999999,4.9923276568702,0.6502398710226,0.0497601289774,0.0090083213823816,-0.0019062832703707,49.7601289774,36067.723754344
28.024999999999,4.9923514556421,0.6502398724525,0.049760127547498,0.0089633046898247,-0.0019015142328414,49.760127547498,36067.723706747
28.037499999999,4.9923751948756,0.65023987387883,0.049760126121174,0.0089185131688703,-0.0018967571488471,49.760126121174,36067.723659268
28.049999999999,4.9923988747201,0.65023987530158,0.049760124698418,0.0088739456915838,-0.0018920119883088,49.760124698418,36067.723611909
28.062499999999,4.9924224953242,0.65023987672078,0.049760123279221,0.0088296011357773,-0.0018872787212327,49.760123279221,36067.723564668
28.074999999999,4.9924460568366,0.65023987813643,0.049760121863575,0.0087854783848157,-0.0018825573176926,49.760121863575,36067.723517545
28.087499999999,4.9924695594053,0.65023987954853,0.04976012045147,0.0087415763277569,-0.0018778477478474,49.76012045147,36067.723470539
28.099999999999,4.992493003178,0.6502398809571,0.049760119042898,0.0086978938591756,-0.0018731499819253,49.760119042898,36067.723423652
28.112499999999,4.9925163883022,0.65023988236215,0.049760117637849,0.0086544298792035,-0.0018684639902311,49.760117637849,36067.723376882
28.124999999999,4.9925397149248,0.65023988376368,0.049760116236316,0.0086111832934706,-0.0018637897431422,49.760116236316,36067.723330228
28.137499999999,4.9925629831924,0.65023988516171,0.049760114838289,0.008568153013161,-0.0018591272111177,49.760114838289,36067.723283692
28.149999999999,4.9925861932513,0.65023988655624,0.049760113443759,0.0085253379548394,-0.0018544763646826,49.760113443759,36067.723237272
28.162499999999,4.9926093452474,0.65023988794728,0.049760112052717,0.0084827370405728,-0.0018498371744435,49.760112052717,36067.723190968
28.174999999999,4.9926324393262,0.65023988933484,0.049760110665156,0.0084403491978558,-0.0018452096110835,49.760110665156,36067.72314478
28.187499999999,4.9926554756328,0.65023989071893,0.049760109281065,0.008398173359471,-0.0018405936453494,49.760109281065,36067.723098707
28.199999999999,4.9926784543121,0.65023989209956,0.049760107900437,0.0083562084636588,-0.0018359892480735,49.760107900437,36067.72305275
28.212499999999,4.9927013755084,0.65023989347674,0.049760106523263,0.0083144534539302,-0.0018313963901555,49.760106523263,36067.723006907
28.224999999999,4.9927242393659,0.65023989485047,0.049760105149534,0.0082729072791221,-0.0018268150425715,49.760105149534,36067.722961179
28.237499999999,4.9927470460282,0.65023989622076,0.049760103779241,0.0082315688932924,-0.0018222451763652,49.760103779241,36067.722915566
28.249999999999,4.9927697956386,0.65023989758762,0.049760102412376,0.0081904372558713,-0.0018176867626671,49.760102412376,36067.722870067
28.262499999999,4.9927924883402,0.65023989895107,0.049760101048931,0.0081495113313484,-0.0018131397726631,49.760101048931,36067.722824682
28.274999999999,4.9928151242756,0.6502399003111,0.049760099688896,0.0081087900895521,-0.0018086041776275,49.760099688896,36067.72277941
28.287499999999,4.9928377035869,0.65023990166774,0.049760098332263,0.0080682725053852,-0.0018040799488972,49.760098332263,36067.722734251
28.299999999999,4.9928602264162,0.65023990302098,0.049760096979024,0.0080279575589762,-0.0017995670578905,49.760096979024,36067.722689205
28.312499999999,4.9928826929049,0.65023990437083,0.04976009562917,0.0079878442354958,-0.0017950654760899,49.76009562917,36067.722644272
28.324999999999,4.9929051031943,0.65023990571731,0.049760094282693,0.0079479315252287,-0.0017905751750522,49.760094282693,36067.722599452
28.337499999999,4.9929274574251,0.65023990706042,0.049760092939583,0.0079082184235958,-0.0017860961264144,49.760092939583,36067.722554743
28.349999999999,4.9929497557379,0.65023990840017,0.049760091599834,0.0078687039309421,-0.0017816283018721,49.760091599834,36067.722510147
28.362499999999,4.9929719982728,0.65023990973656,0.049760090263436,0.0078293870527014,-0.0017771716732007,49.760090263436,36067.722465662
28.374999999999,4.9929941851695,0.65023991106962,0.04976008893038,0.0077902667992943,-0.0017727262122467,49.76008893038,36067.722421288
28.387499999999,4.9930163165675,0.65023991239934,0.049760087600659,0.007751342186089,-0.0017682918909259,49.760087600659,36067.722377025
28.399999999999,4.9930383926059,0.65023991372574,0.049760086274265,0.0077126122333622,-0.0017638686812216,49.760086274265,36067.722332873
28.412499999999,4.9930604134233,0.65023991504881,0.049760084951188,0.0076740759664009,-0.0017594565551988,49.760084951188,36067.722288831
28.424999999999,4.9930823791581,0.65023991636858,0.049760083631421,0.007635732415261,-0.0017550554849795,49.760083631421,36067.7222449
28.437499999999,4.9931042899484,0.65023991768505,0.049760082314955,0.0075975806149932,-0.0017506654427706,49.760082314955,36067.722201078
28.449999999999,4.9931261459319,0.65023991899822,0.049760081001782,0.0075596196054176,-0.0017462864008415,49.760081001782,36067.722157366
28.462499999999,4.9931479472458,0.65023992030811,0.049760079691893,0.0075218484311334,-0.0017419183315273,49.760079691893,36067.722113764
28.474999999999,4.9931696940272,0.65023992161472,0.049760078385282,0.0074842661416033,-0.001737561207241,49.760078385282,36067.72207027
28.487499999999,4.9931913864126,0.65023992291806,0.049760077081938,0.0074468717910689,-0.001733215000467,49.760077081938,36067.722026885
28.499999999999,4.9932130245385,0.65023992421815,0.049760075781854,0.0074096644384526,-0.0017288796837516,49.760075781854,36067.721983609
28.512499999999,4.9932346085407,0.65023992551498,0.049760074485023,0.0073726431474113,-0.0017245552297123,49.760074485023,36067.721940441
28.524999999999,4.9932561385548,0.65023992680857,0.049760073191435,0.0073358069863597,-0.0017202416110429,49.760073191435,36067.721897381
28.537499999999,4.9932776147162,0.65023992809892,0.049760071901083,0.0072991550283116,-0.0017159388004977,49.760071901083,36067.721854429
28.549999999999,4.9932990371598,0.65023992938604,0.049760070613958,0.0072626863509491,-0.001711646770902,49.760070613958,36067.721811584
28.562499999999,4.9933204060201,0.65023993066995,0.049760069330053,0.0072264000366305,-0.0017073654951556,49.760069330053,36067.721768846
28.574999999999,4.9933417214314,0.65023993195064,0.049760068049359,0.007190295172248,-0.0017030949462189,49.760068049359,36067.721726215
28.587499999999,4.9933629835277,0.65023993322813,0.049760066771868,0.0071543708493565,-0.0016988350971303,49.760066771868,36067.721683691
28.599999999999,4.9933841924424,0.65023993450243,0.049760065497573,0.0071186261640017,-0.0016945859209887,49.760065497573,36067.721641273
28.612499999999,4.9934053483089,0.65023993577353,0.049760064226465,0.0070830602167443,-0.0016903473909586,49.760064226465,36067.721598962
28.624999999999,4.9934264512601,0.65023993704146,0.049760062958537,0.0070476721127128,-0.0016861194802793,49.760062958537,36067.721556756
28.637499999999,4.9934475014285,0.65023993830622,0.049760061693779,0.0070124609615376,-0.0016819021622592,49.760061693779,36067.721514655
28.649999999999,4.9934684989464,0.65023993956781,0.049760060432186,0.0069774258772257,-0.0016776954102635,49.760060432186,36067.72147266
28.662499999999,4.9934894439457,0.65023994082625,0.049760059173747,0.0069425659783035,-0.0016734991977341,49.760059173747,36067.72143077
28.674999999999,4.9935103365579,0.65023994208154,0.049760057918456,0.0069078803877209,-0.00166931349818,49.760057918456,36067.721388985
28.687499999999,4.9935311769144,0.65023994333369,0.049760056666305,0.0068733682328163,-0.0016651382851762,49.760056666305,36067.721347304
28.699999999999,4.9935519651459,0.65023994458271,0.049760055417286,0.006839028645281,-0.0016609735323616,49.760055417286,36067.721305728
28.712499999999,4.9935727013833,0.65023994582861,0.049760054171391,0.0068048607611681,-0.0016568192134425,49.760054171391,36067.721264255
28.724999999999,4.9935933857565,0.65023994707139,0.049760052928611,0.0067708637208867,-0.0016526753021946,49.760052928611,36067.721222887
28.737499999999,4.9936140183957,0.65023994831106,0.04976005168894,0.0067370366691086,-0.0016485417724539,49.76005168894,36067.721181621
28.749999999999,4.9936345994305,0.65023994954763,0.04976005045237,0.0067033787548641,-0.001644418598131,49.76005045237,36067.721140459
28.762499999999,4.99365512899,0.65023995078111,0.049760049218893,0.0066698891314204,-0.0016403057531988,49.760049218893,36067.7210994
28.774999999999,4.9936756072032,0.6502399520115,0.0497600479885,0.0066365669562613,-0.0016362032116923,49.7600479885,36067.721058444
28.787499999999,4.9936960341989,0.65023995323882,0.049760046761185,0.0066034113911255,-0.0016321109477158,49.760046761185,36067.72101759
28.799999999999,4.9937164101052,0.65023995446306,0.049760045536939,0.0065704216019863,-0.0016280289354427,49.760045536939,36067.720976838
28.812499999999,4.9937367350503,0.65023995568424,0.049760044315756,0.0065375967589455,-0.0016239571491052,49.760044315756,36067.720936188
28.824999999999,4.9937570091616,0.65023995690237,0.049760043097626,0.0065049360362997,-0.0016198955630049,49.760043097626,36067.72089564
28.837499999999,4.9937772325667,0.65023995811746,0.049760041882543,0.0064724386124499,-0.0016158441515035,49.760041882543,36067.720855193
28.849999999999,4.9937974053924,0.6502399593295,0.0497600406705,0.0064401036699528,-0.0016118028890322,49.7600406705,36067.720814847
28.862499999999,4.9938175277656,0.65023996053851,0.049760039461487,0.0064079303954585,-0.001607771750086,49.760039461487,36067.720774603
28.874999999999,4.9938375998126,0.6502399617445,0.049760038255498,0.0063759179796777,-0.0016037507092221,49.760038255498,36067.720734459
28.887499999999,4.9938576216594,0.65023996294747,0.049760037052526,0.0063440656174184,-0.0015997397410672,49.760037052526,36067.720694415
28.899999999999,4.9938775934318,0.65023996414744,0.049760035852562,0.0063123725074825,-0.0015957388203063,49.760035852562,36067.720654471
28.912499999999,4.9938975152553,0.6502399653444,0.049760034655599,0.0062808378527171,-0.001591747921692,49.760034655599,36067.720614628
28.924999999999,4.993917387255,0.65023996653837,0.049760033461629,0.0062494608599675,-0.001587767020041,49.760033461629,36067.720574884
28.937499999999,4.9939372095556,0.65023996772935,0.049760032270646,0.0062182407400305,-0.0015837960902303,49.760032270646,36067.720535239
28.949999999999,4.9939569822817,0.65023996891736,0.049760031082641,0.0061871767076634,-0.0015798351072007,49.760031082641,36067.720495694
28.962499999999,4.9939767055575,0.65023997010239,0.049760029897608,0.0061562679815938,-0.0015758840459608,49.760029897608,36067.720456247
28.974999999999,4.9939963795067,0.65023997128446,0.049760028715538,0.0061255137844309,-0.0015719428815775,49.760028715538,36067.720416899
28.987499999999,4.9940160042531,0.65023997246358,0.049760027536424,0.0060949133426889,-0.0015680115891819,49.760027536424,36067.72037765
28.999999999999,4.9940355799197,0.65023997363974,0.049760026360259,0.0060644658868105,-0.0015640901439742,49.760026360259,36067.720338498
29.012499999999,4.9940551066296,0.65023997481296,0.049760025187036,0.006034170651051,-0.0015601785212116,49.760025187036,36067.720299445
29.024999999999,4.9940745845054,0.65023997598325,0.049760024016747,0.006004026873489,-0.0015562766962116,49.760024016747,36067.720260489
29.037499999999,4.9940940136694,0.65023997715062,0.049760022849384,0.0059740337960486,-0.0015523846443575,49.760022849384,36067.720221631
29.049999999999,4.9941133942435,0.65023997831506,0.049760021684941,0.005944190664441,-0.0015485023410928,49.760021684941,36067.72018287
29.062499999999,4.9941327263496,0.65023997947659,0.04976002052341,0.0059144967282145,-0.0015446297619306,49.76002052341,36067.720144205
29.074999999999,4.994152010109,0.65023998063522,0.049760019364784,0.0058849512405596,-0.0015407668824299,49.760019364784,36067.720105638
29.087499999999,4.9941712456427,0.65023998179094,0.049760018209056,0.0058555534585364,-0.0015369136782279,49.760018209056,36067.720067167
29.099999999999,4.9941904330717,0.65023998294378,0.049760017056218,0.0058263026428528,-0.0015330701250136,49.760017056218,36067.720028792
29.112499999999,4.9942095725164,0.65023998409374,0.049760015906262,0.0057971980579829,-0.0015292361985448,49.760015906262,36067.719990513
29.124999999999,4.9942286640969,0.65023998524082,0.049760014759183,0.0057682389720547,-0.0015254118746366,49.760014759183,36067.71995233
29.137499999999,4.9942477079331,0.65023998638503,0.049760013614972,0.0057394246568462,-0.0015215971291624,49.760013614972,36067.719914242
29.149999999999,4.9942667041447,0.65023998752638,0.049760012473623,0.0057107543878226,-0.0015177919380616,49.760012473623,36067.71987625
29.162499999999,4.9942856528509,0.65023998866487,0.049760011335128,0.0056822274440509,-0.0015139962773301,49.760011335128,36067.719838352
29.174999999999,4.9943045541706,0.65023998980052,0.04976001019948,0.005653843108211,-0.0015102101230244,49.76001019948,36067.71980055
29.187499999999,4.9943234082226,0.65023999093333,0.049760009066672,0.0056256006666044,-0.0015064334512651,49.760009066672,36067.719762842
29.199999999999,4.9943422151253,0.6502399920633,0.049760007936696,0.0055974994091371,-0.0015026662382365,49.760007936696,36067.719725228
29.212499999999,4.9943609749967,0.65023999319045,0.049760006809547,0.0055695386291708,-0.0014989084601691,49.760006809547,36067.719687708
29.224999999999,4.9943796879546,0.65023999431478,0.049760005685216,0.0055417176237309,-0.0014951600933699,49.760005685216,36067.719650282
29.237499999999,4.9943983541165,0.6502399954363,0.049760004563697,0.0055140356932915,-0.0014914211141956,49.760004563697,36067.71961295
29.249999999999,4.9944169735997,0.65023999655502,0.049760003444983,0.0054864921418514,-0.0014876914990651,49.760003444983,36067.719575711
29.262499999999,4.9944355465209,0.65023999767093,0.049760002329066,0.0054590862769305,-0.0014839712244612,49.760002329066,36067.719538565
29.274999999999,4.9944540729969,0.65023999878406,0.04976000121594,0.0054318174094616,-0.0014802602669182,49.76000121594,36067.719501512
29.287499999999,4.9944725531439,0.6502399998944,0.049760000105597,0.0054046848538531,-0.0014765586030325,49.760000105597,36067.719464552
29.299999999999,4.994490987078,0.65024000100197,0.049759998998031,0.005377687927972,-0.001472866209463,49.759998998031,36067.719427684
29.312499999999,4.9945093749149,0.65024000210677,0.049759997893235,0.0053508259531151,-0.0014691830629285,49.759997893235,36067.719390908
29.324999999999,4.99452771677,0.6502400032088,0.049759996791201,0.0053240982539277,-0.0014655091401998,49.759996791201,36067.719354225
29.337499999999,4.9945460127585,0.65024000430808,0.049759995691923,0.0052975041584789,-0.0014618444181114,49.759995691923,36067.719317633
29.349999999999,4.9945642629953,0.65024000540461,0.049759994595394,0.0052710429981678,-0.001458188873551,49.759994595394,36067.719281132
29.362499999999,4.9945824675949,0.65024000649839,0.049759993501607,0.0052447141078233,-0.0014545424834758,49.759993501607,36067.719244723
29.374999999999,4.9946006266717,0.65024000758944,0.049759992410555,0.0052185168255089,-0.0014509052248872,49.759992410555,36067.719208405
29.387499999999,4.9946187403395,0.65024000867777,0.049759991322232,0.0051924504926736,-0.0014472770748544,49.759991322232,36067.719172178
29.399999999999,4.9946368087122,0.65024000976337,0.04975999023663,0.0051665144540467,-0.0014436580105013,49.75999023663,36067.719136041
29.412499999999,4.9946548319032,0.65024001084626,0.049759989153743,0.0051407080576476,-0.0014400480090107,49.759989153743,36067.719099994
29.424999999999,4.9946728100256,0.65024001192644,0.049759988073563,0.0051150306547452,-0.0014364470476202,49.759988073563,36067.719064038
29.437499999999,4.9946907431923,0.65024001300392,0.049759986996085,0.0050894815998931,-0.00143285510363,49.759986996085,36067.719028172
29.449999999999,4.9947086315158,0.6502400140787,0.0497599859213,0.0050640602508513,-0.0014292721543931,49.7599859213,36067.718992395
29.462499999999,4.9947264751084,0.6502400151508,0.049759984849204,0.0050387659685957,-0.0014256981773197,49.759984849204,36067.718956708
29.474999999999,4.9947442740822,0.65024001622021,0.049759983779788,0.005013598117329,-0.0014221331498803,49.759983779788,36067.71892111
29.487499999999,4.9947620285489,0.65024001728695,0.049759982713046,0.0049885560644395,-0.001418577049602,49.759982713046,36067.718885601
29.499999999999,4.9947797386199,0.65024001835103,0.049759981648972,0.0049636391804492,-0.0014150298540638,49.759981648972,36067.718850181
29.512499999999,4.9947974044064,0.65024001941244,0.049759980587559,0.0049388468390989,-0.0014114915409102,49.759980587559,36067.718814849
29.524999999999,4.9948150260193,0.6502400204712,0.049759979528799,0.0049141784171708,-0.0014079620878285,49.759979528799,36067.718779606
29.537499999999,4.9948326035692,0.65024002152731,0.049759978472688,0.0048896332946735,-0.0014044414725767,49.759978472688,36067.718744451
29.549999999999,4.9948501371665,0.65024002258078,0.049759977419216,0.0048652108546652,-0.0014009296729611,49.759977419216,36067.718709384
29.562499999999,4.9948676269211,0.65024002363162,0.049759976368379,0.0048409104833137,-0.0013974266668466,49.759976368379,36067.718674404
29.574999999999,4.9948850729429,0.65024002467983,0.04975997532017,0.0048167315698452,-0.0013939324321512,49.75997532017,36067.718639512
29.587499999999,4.9949024753414,0.65024002572542,0.049759974274582,0.0047926735065662,-0.0013904469468518,49.759974274582,36067.718604708
29.599999999999,4.9949198342258,0.65024002676839,0.049759973231608,0.0047687356888246,-0.0013869701889799,49.759973231608,36067.71856999
29.612499999999,4.9949371497051,0.65024002780876,0.049759972191242,0.004744917514996,-0.0013835021366226,49.759972191242,36067.718535359
29.624999999999,4.9949544218879,0.65024002884652,0.049759971153477,0.0047212183864564,-0.00138004276792,49.759971153477,36067.718500814
29.637499999999,4.9949716508827,0.65024002988169,0.049759970118308,0.004697637707581,-0.0013765920610673,49.759970118308,36067.718466356
29.649999999999,4.9949888367976,0.65024003091427,0.049759969085726,0.0046741748858024,-0.0013731499943255,49.759969085726,36067.718431985
29.662499999999,4.9950059797404,0.65024003194427,0.049759968055727,0.0046508293314147,-0.0013697165459945,49.759968055727,36067.718397699
29.674999999999,4.9950230798188,0.6502400329717,0.049759967028303,0.0046276004577176,-0.0013662916944366,49.759967028303,36067.718363499
29.687499999999,4.9950401371401,0.65024003399655,0.049759966003448,0.0046044876809532,-0.001362875418069,49.759966003448,36067.718329384
29.699999999999,4.9950571518113,0.65024003501884,0.049759964981156,0.0045814904203168,-0.0013594676953677,49.759964981156,36067.718295355
29.712499999999,4.9950741239392,0.65024003603858,0.049759963961419,0.004558608097835,-0.001356068504851,49.759963961419,36067.71826141
29.724999999999,4.9950910536304,0.65024003705577,0.049759962944233,0.004535840138484,-0.0013526778250998,49.759962944233,36067.718227551
29.737499999999,4.9951079409911,0.65024003807041,0.049759961929589,0.0045131859701398,-0.0013492956347516,49.759961929589,36067.718193776
29.749999999999,4.9951247861273,0.65024003908252,0.049759960917483,0.004490645023493,-0.0013459219124901,49.759960917483,36067.718160086
29.762499999999,4.9951415891446,0.65024004009209,0.049759959907907,0.0044682167321311,-0.0013425566370593,49.759959907907,36067.71812648
29.774999999999,4.9951583501487,0.65024004109914,0.049759958900856,0.0044459005324295,-0.0013391997872496,49.759958900856,36067.718092958
29.787499999999,4.9951750692445,0.65024004210368,0.049759957896322,0.0044236958636572,-0.0013358513419153,49.759957896322,36067.71805952
29.799999999999,4.9951917465371,0.6502400431057,0.049759956894301,0.0044016021678327,-0.0013325112799549,49.759956894301,36067.718026165
29.812499999999,4.9952083821312,0.65024004410522,0.049759955894784,0.0043796188897942,-0.0013291795803241,49.759955894784,36067.717992894
29.824999999999,4.9952249761311,0.65024004510223,0.049759954897767,0.0043577454771743,-0.0013258562220333,49.759954897767,36067.717959706
29.837499999999,4.9952415286409,0.65024004609676,0.049759953903242,0.0043359813803397,-0.0013225411841411,49.759953903242,36067.717926601
29.849999999999,4.9952580397645,0.6502400470888,0.049759952911205,0.0043143260524375,-0.0013192344457629,49.759952911205,36067.717893579
29.862499999999,4.9952745096056,0.65024004807835,0.049759951921647,0.0042927789493347,-0.0013159359860637,49.759951921647,36067.717860639
29.874999999999,4.9952909382676,0.65024004906544,0.049759950934564,0.0042713395296411,-0.0013126457842638,49.759950934564,36067.717827782
29.887499999999,4.9953073258534,0.65024005005005,0.049759949949949,0.004250007254684,-0.0013093638196366,49.759949949949,36067.717795006
29.899999999999,4.9953236724659,0.6502400510322,0.049759948967795,0.0042287815884844,-0.0013060900715072,49.759948967795,36067.717762313
29.912499999999,4.9953399782077,0.6502400520119,0.049759947988097,0.0042076619977325,-0.0013028245192501,49.759947988097,36067.717729702
29.924999999999,4.9953562431812,0.65024005298915,0.049759947010849,0.0041866479517757,-0.00129956714229,49.759947010849,36067.717697172
29.937499999999,4.9953724674884,0.65024005396396,0.049759946036044,0.0041657389226629,-0.0012963179201098,49.759946036044,36067.717664723
29.949999999999,4.995388651231,0.65024005493632,0.049759945063676,0.0041449343850861,-0.0012930768322441,49.759945063676,36067.717632356
29.962499999999,4.9954047945107,0.65024005590626,0.049759944093739,0.0041242338163341,-0.0012898438582738,49.759944093739,36067.717600069
29.974999999999,4.9954208974288,0.65024005687377,0.049759943126228,0.0041036366963593,-0.0012866189778382,49.759943126228,36067.717567863
29.987499999999,4.9954369600862,0.65024005783886,0.049759942161135,0.0040831425076639,-0.0012834021706194,49.759942161135,36067.717535738
29.999999999999,4.9954529825838,0.65024005880154,0.049759941198455,0.0040627507353779,-0.0012801934163562,49.759941198455,36067.717503693
30.012499999999,4.9954689650221,0.65024005976182,0.049759940238182,0.0040424608671791,-0.0012769926948337,49.759940238182,36067.717471728
30.024999999999,4.9954849075015,0.65024006071969,0.04975993928031,0.0040222723933602,-0.0012737999858956,49.75993928031,36067.717439843
30.037499999999,4.9955008101218,0.65024006167517,0.049759938324833,0.0040021848067598,-0.0012706152694353,49.759938324833,36067.717408038
30.049999999999,4.995516672983,0.65024006262825,0.049759937371745,0.0039821976027175,-0.0012674385253906,49.759937371745,36067.717376312
30.062499999999,4.9955324961845,0.65024006357896,0.04975993642104,0.0039623102791062,-0.0012642697337508,49.75993642104,36067.717344666
30.074999999999,4.9955482798256,0.65024006452729,0.049759935472711,0.0039425223363433,-0.0012611088745604,49.759935472711,36067.717313099
30.087499999999,4.9955640240054,0.65024006547325,0.049759934526754,0.0039228332773556,-0.0012579559279153,49.759934526754,36067.71728161
30.099999999999,4.9955797288226,0.65024006641684,0.049759933583161,0.0039032426075235,-0.0012548108739558,49.759933583161,36067.717250201
30.112499999999,4.9955953943758,0.65024006735807,0.049759932641928,0.0038837498347252,-0.0012516736928756,49.759932641928,36067.717218869
30.124999999999,4.9956110207632,0.65024006829695,0.049759931703047,0.0038643544692911,-0.0012485443649162,49.759931703047,36067.717187617
30.137499999999,4.9956266080829,0.65024006923349,0.049759930766514,0.003845056024026,-0.0012454228703724,49.759930766514,36067.717156442
30.149999999999,4.9956421564327,0.65024007016768,0.049759929832323,0.0038258540141422,-0.0012423091895837,49.759929832323,36067.717125345
30.162499999999,4.9956576659102,0.65024007109953,0.049759928900467,0.0038067479573248,-0.001239203302946,49.759928900467,36067.717094326
30.174999999999,4.9956731366126,0.65024007202906,0.049759927970941,0.0037877373736329,-0.0012361051908982,49.759927970941,36067.717063385
30.187499999999,4.9956885686371,0.65024007295626,0.049759927043738,0.0037688217855645,-0.0012330148339341,49.759927043738,36067.717032521
30.199999999999,4.9957039620803,0.65024007388115,0.049759926118854,0.0037500007179801,-0.0012299322125919,49.759926118854,36067.717001734
30.212499999999,4.995719317039,0.65024007480372,0.049759925196282,0.0037312736981346,-0.0012268573074614,49.759925196282,36067.716971024
30.224999999999,4.9957346336093,0.65024007572398,0.049759924276017,0.0037126402556556,-0.0012237900991821,49.759924276017,36067.716940391
30.237499999999,4.9957499118875,0.65024007664195,0.049759923358052,0.0036940999224996,-0.0012207305684377,49.759923358052,36067.716909834
30.249999999999,4.9957651519694,0.65024007755762,0.049759922442382,0.0036756522329951,-0.0012176786959657,49.759922442382,36067.716879354
30.262499999999,4.9957803539505,0.650240078471,0.049759921529001,0.0036572967237884,-0.0012146344625492,49.759921529001,36067.71684895
30.274999999999,4.9957955179263,0.6502400793821,0.049759920617904,0.0036390329338649,-0.0012115978490232,49.759920617904,36067.716818622
30.287499999999,4.9958106439919,0.65024008029092,0.049759919709085,0.0036208604044739,-0.0012085688362635,49.759919709085,36067.71678837
30.299999999999,4.9958257322421,0.65024008119746,0.049759918802538,0.0036027786792245,-0.0012055474052044,49.759918802538,36067.716758194
30.312499999999,4.9958407827717,0.65024008210174,0.049759917898257,0.0035847873039685,-0.0012025335368211,49.759917898257,36067.716728093
30.324999999999,4.9958557956749,0.65024008300376,0.049759916996236,0.0035668858268529,-0.0011995272121403,49.759916996236,36067.716698067
30.337499999999,4.9958707710461,0.65024008390353,0.049759916096471,0.0035490737982676,-0.0011965284122333,49.759916096471,36067.716668116
30.349999999999,4.9958857089792,0.65024008480104,0.049759915198955,0.0035313507708763,-0.0011935371182226,49.759915198955,36067.71663824
30.362499999999,4.9959006095678,0.65024008569632,0.049759914303683,0.0035137162995644,-0.0011905533112753,49.759914303683,36067.716608439
30.374999999999,4.9959154729054,0.65024008658935,0.049759913410649,0.003496169941428,-0.0011875769726029,49.759913410649,36067.716578712
30.387499999999,4.9959302990853,0.65024008748015,0.049759912519848,0.0034787112558373,-0.0011846080834736,49.759912519848,36067.71654906
30.399999999999,4.9959450882005,0.65024008836873,0.049759911631273,0.0034613398043313,-0.0011816466251968,49.759911631273,36067.716519482
30.412499999999,4.9959598403438,0.65024008925508,0.04975991074492,0.0034440551506397,-0.0011786925791277,49.75991074492,36067.716489977
30.424999999999,4.9959745556075,0.65024009013922,0.049759909860783,0.0034268568607339,-0.0011757459266786,49.759909860783,36067.716460547
30.437499999999,4.9959892340842,0.65024009102114,0.049759908978856,0.0034097445026619,-0.0011728066492918,49.759908978856,36067.71643119
30.449999999999,4.9960038758659,0.65024009190087,0.049759908099134,0.0033927176467243,-0.0011698747284719,49.759908099134,36067.716401906
30.462499999999,4.9960184810443,0.65024009277839,0.049759907221611,0.0033757758652985,-0.0011669501457572,49.759907221611,36067.716372696
30.474999999999,4.9960330497111,0.65024009365372,0.049759906346282,0.0033589187329736,-0.0011640328827447,49.759906346282,36067.716343559
30.487499999999,4.9960475819577,0.65024009452686,0.049759905473141,0.0033421458264264,-0.0011611229210704,49.759905473141,36067.716314494
30.499999999999,4.9960620778753,0.65024009539782,0.049759904602183,0.0033254567244733,-0.0011582202424201,49.759904602183,36067.716285502
30.512499999999,4.9960765375547,0.6502400962666,0.049759903733402,0.0033088510079889,-0.0011553248285168,49.759903733402,36067.716256583
30.524999999999,4.9960909610867,0.65024009713321,0.049759902866793,0.0032923282599983,-0.0011524366611386,49.759902866793,36067.716227736
30.537499999999,4.9961053485617,0.65024009799765,0.04975990200235,0.0032758880656463,-0.0011495557221153,49.75990200235,36067.716198961
30.549999999999,4.99611970007,0.65024009885993,0.049759901140069,0.0032595300120859,-0.0011466819933101,49.759901140069,36067.716170258
30.562499999999,4.9961340157016,0.65024009972006,0.049759900279942,0.0032432536885405,-0.0011438154566328,49.759900279942,36067.716141627
30.574999999999,4.9961482955462,0.65024010057803,0.049759899421967,0.0032270586863439,-0.0011409560940479,49.759899421967,36067.716113067
30.587499999999,4.9961625396935,0.65024010143386,0.049759898566135,0.00321094459883,-0.0011381038875573,49.759898566135,36067.716084579
30.599999999999,4.9961767482327,0.65024010228756,0.049759897712444,0.0031949110213934,-0.0011352588192128,49.759897712444,36067.716056162
30.612499999999,4.9961909212531,0.65024010313911,0.049759896860886,0.0031789575514203,-0.0011324208711052,49.759896860886,36067.716027816
30.624999999999,4.9962050588434,0.65024010398854,0.049759896011457,0.0031630837883583,-0.0011295900253785,49.759896011457,36067.71599954
30.637499999999,4.9962191610924,0.65024010483585,0.049759895164152,0.0031472893336275,-0.0011267662642158,49.759895164152,36067.715971336
30.649999999999,4.9962332280884,0.65024010568104,0.049759894318965,0.0031315737906708,-0.0011239495698501,49.759894318965,36067.715943202
30.662499999999,4.9962472599198,0.65024010652411,0.04975989347589,0.0031159367648943,-0.001121139924555,49.75989347589,36067.715915138
30.674999999999,4.9962612566746,0.65024010736508,0.049759892634923,0.0031003778636885,-0.0011183373106505,49.759892634923,36067.715887145
30.687499999999,4.9962752184404,0.65024010820394,0.049759891796058,0.0030848966963892,-0.0011155417104973,49.759891796058,36067.715859221
30.699999999999,4.9962891453049,0.65024010904071,0.04975989095929,0.0030694928743367,-0.0011127531065096,49.75989095929,36067.715831368
30.712499999999,4.9963030373554,0.65024010987539,0.049759890124614,0.0030541660107592,-0.0011099714811351,49.759890124614,36067.715803583
30.724999999999,4.996316894679,0.65024011070798,0.049759889292025,0.0030389157208711,-0.001107196816875,49.759889292025,36067.715775869
30.737499999999,4.9963307173627,0.65024011153848,0.049759888461517,0.0030237416217856,-0.0011044290962694,49.759888461517,36067.715748223
30.749999999999,4.9963445054931,0.65024011236692,0.049759887633084,0.0030086433325157,-0.0011016683018994,49.759887633084,36067.715720647
30.762499999999,4.9963582591567,0.65024011319328,0.049759886806723,0.002993620474014,-0.0010989144163958,49.759886806723,36067.71569314
30.774999999999,4.9963719784398,0.65024011401757,0.049759885982427,0.0029786726691438,-0.0010961674224355,49.759885982427,36067.715665701
30.787499999999,4.9963856634283,0.65024011483981,0.049759885160192,0.0029637995426313,-0.0010934273027345,49.759885160192,36067.715638331
30.799999999999,4.9963993142082,0.65024011565999,0.049759884340012,0.0029490007210578,-0.0010906940400481,49.759884340012,36067.71561103
30.812499999999,4.9964129308649,0.65024011647812,0.049759883521883,0.0029342758329172,-0.0010879676171829,49.759883521883,36067.715583796
30.824999999999,4.996426513484,0.6502401172942,0.049759882705798,0.0029196245085217,-0.001085248016981,49.759882705798,36067.715556631
30.837499999999,4.9964400621505,0.65024011810825,0.049759881891754,0.0029050463800975,-0.0010825352223396,49.759881891754,36067.715529534
30.849999999999,4.9964535769495,0.65024011892026,0.049759881079744,0.0028905410816431,-0.0010798292161862,49.759881079744,36067.715502504
30.862499999999,4.9964670579657,0.65024011973024,0.049759880269764,0.0028761082490154,-0.0010771299814962,49.759880269764,36067.715475542
30.874999999999,4.9964805052836,0.65024012053819,0.049759879461809,0.0028617475199123,-0.0010744375012912,49.759879461809,36067.715448648
30.887499999999,4.9964939189875,0.65024012134413,0.049759878655873,0.0028474585338254,-0.0010717517586318,49.759878655873,36067.71542182
30.899999999999,4.9965072991617,0.65024012214805,0.049759877851952,0.0028332409320602,-0.0010690727366232,49.759877851952,36067.71539506
30.912499999999,4.9965206458899,0.65024012294996,0.049759877050041,0.0028190943577182,-0.0010664004184129,49.759877050041,36067.715368366
30.924999999999,4.9965339592558,0.65024012374987,0.049759876250134,0.0028050184556604,-0.001063734787186,49.759876250134,36067.71534174
30.937499999999,4.996547239343,0.65024012454777,0.049759875452226,0.0027910128725832,-0.0010610758261809,49.759875452226,36067.715315179
30.949999999999,4.9965604862347,0.65024012534369,0.049759874656313,0.0027770772568976,-0.0010584235186677,49.759874656313,36067.715288686
30.962499999999,4.9965737000141,0.65024012613761,0.04975987386239,0.0027632112587956,-0.001055777847963,49.75987386239,36067.715262258
30.974999999999,4.9965868807638,0.65024012692955,0.049759873070451,0.002749414530196,-0.0010531387974204,49.759873070451,36067.715235897
30.987499999999,4.9966000285666,0.65024012771951,0.049759872280491,0.0027356867248098,-0.0010505063504453,49.759872280491,36067.715209601
30.999999999999,4.996613143505,0.65024012850749,0.049759871492507,0.0027220274980302,-0.001047880490475,49.759871492507,36067.715183371
31.012499999999,4.9966262256611,0.65024012929351,0.049759870706491,0.002708436507017,-0.0010452612009964,49.759870706491,36067.715157207
31.024999999999,4.9966392751171,0.65024013007756,0.049759869922441,0.002694913410624,-0.0010426484655337,49.759869922441,36067.715131108
31.037499999999,4.9966522919546,0.65024013085965,0.04975986914035,0.0026814578694185,-0.001040042267654,49.75986914035,36067.715105074
31.049999999999,4.9966652762554,0.65024013163979,0.049759868360215,0.0026680695456363,-0.0010374425909596,49.759868360215,36067.715079106
31.062499999999,4.9966782281008,0.65024013241797,0.049759867582029,0.0026547481032752,-0.0010348494191081,49.759867582029,36067.715053202
31.074999999999,4.9966911475721,0.65024013319421,0.049759866805788,0.0026414932079307,-0.0010322627357819,49.759866805788,36067.715027363
31.087499999999,4.9967040347502,0.65024013396851,0.049759866031488,0.0026283045269349,-0.0010296825247167,49.759866031488,36067.715001589
31.099999999999,4.996716889716,0.65024013474088,0.049759865259123,0.0026151817292572,-0.0010271087696836,49.759865259123,36067.714975879
31.112499999999,4.99672971255,0.65024013551131,0.049759864488689,0.0026021244855237,-0.0010245414544947,49.759864488689,36067.714950233
31.124999999999,4.9967425033327,0.65024013627982,0.04975986372018,0.0025891324680277,-0.0010219805630065,49.75986372018,36067.714924652
31.137499999999,4.9967552621443,0.65024013704641,0.049759862953592,0.0025762053506766,-0.001019426079111,49.759862953592,36067.714899134
31.149999999999,4.9967679890647,0.65024013781108,0.049759862188921,0.0025633428090296,-0.0010168779867445,49.759862188921,36067.71487368
31.162499999999,4.9967806841738,0.65024013857384,0.049759861426161,0.0025505445202627,-0.0010143362698827,49.759861426161,36067.71484829
31.174999999999,4.9967933475511,0.65024013933469,0.049759860665307,0.0025378101631611,-0.0010118009125399,49.759860665307,36067.714822963
31.187499999999,4.996805979276,0.65024014009364,0.049759859906355,0.0025251394181301,-0.0010092718987735,49.759859906355,36067.7147977
31.199999999999,4.9968185794277,0.6502401408507,0.0497598591493,0.0025125319671686,-0.0010067492126797,49.7598591493,36067.714772499
31.212499999999,4.9968311480853,0.65024014160586,0.049759858394137,0.0024999874938628,-0.0010042328383939,49.759858394137,36067.714747362
31.224999999999,4.9968436853275,0.65024014235914,0.049759857640862,0.0024875056833867,-0.0010017227600922,49.759857640862,36067.714722288
31.237499999999,4.9968561912329,0.65024014311053,0.04975985688947,0.0024750862224865,-0.00099921896199007,49.75985688947,36067.714697276
31.249999999999,4.9968686658799,0.65024014386004,0.049759856139956,0.00246272879949,-0.00099672142834528,49.759856139956,36067.714672326
31.262499999999,4.9968811093468,0.65024014460768,0.049759855392315,0.0024504331042738,-0.00099423014345312,49.759855392315,36067.714647439
31.274999999999,4.9968935217115,0.65024014535346,0.049759854646543,0.0024381988282552,-0.00099174509164612,49.759854646543,36067.714622615
31.287499999999,4.9969059030519,0.65024014609737,0.049759853902635,0.002426025664403,-0.00098926625729767,49.759853902635,36067.714597852
31.299999999999,4.9969182534456,0.65024014683941,0.049759853160586,0.0024139133072474,-0.00098679362482557,49.759853160586,36067.714573151
31.312499999999,4.99693057297,0.65024014757961,0.049759852420392,0.0024018614528031,-0.0009843271786778,49.759852420392,36067.714548512
31.324999999999,4.9969428617023,0.65024014831795,0.049759851682048,0.0023898697986579,-0.00098186690335211,49.759851682048,36067.714523935
31.337499999999,4.9969551197196,0.65024014905445,0.04975985094555,0.0023779380438611,-0.00097941278337466,49.75985094555,36067.714499419
31.349999999999,4.9969673470987,0.65024014978911,0.049759850210892,0.0023660658890035,-0.00097696480331777,49.759850210892,36067.714474964
31.362499999999,4.9969795439163,0.65024015052193,0.049759849478071,0.0023542530361581,-0.00097452294778932,49.759849478071,36067.71445057
31.374999999999,4.9969917102489,0.65024015125292,0.049759848747081,0.0023424991888906,-0.00097208720143627,49.759848747081,36067.714426238
31.387499999999,4.9970038461726,0.65024015198208,0.049759848017918,0.0023308040522605,-0.0009696575489464,49.759848017918,36067.714401966
31.399999999999,4.9970159517636,0.65024015270942,0.049759847290578,0.002319167332789,-0.00096723397504306,49.759847290578,36067.714377755
31.412499999999,4.9970280270979,0.65024015343494,0.049759846565056,0.0023075887384775,-0.00096481646449043,49.759846565056,36067.714353604
31.424999999999,4.9970400722509,0.65024015415865,0.049759845841347,0.0022960679787749,-0.00096240500208822,49.759845841347,36067.714329514
31.437499999999,4.9970520872984,0.65024015488055,0.049759845119447,0.0022846047645966,-0.00095999957267701,49.759845119447,36067.714305484
31.449999999999,4.9970640723156,0.65024015560065,0.049759844399351,0.0022731988082836,-0.00095760016113111,49.759844399351,36067.714281514
31.462499999999,4.9970760273776,0.65024015631895,0.049759843681055,0.0022618498236636,-0.00095520675237282,49.759843681055,36067.714257603
31.474999999999,4.9970879525593,0.65024015703545,0.049759842964554,0.0022505575259339,-0.00095281933134927,49.759842964554,36067.714233753
31.487499999999,4.9970998479356,0.65024015775016,0.049759842249844,0.0022393216317734,-0.00095043788305738,49.759842249844,36067.714209962
31.499999999999,4.997111713581,0.65024015846308,0.049759841536921,0.002228141859251,-0.00094806239252598,49.759841536921,36067.714186231
31.512499999999,4.9971235495698,0.65024015917422,0.049759840825779,0.0022170179278367,-0.00094569284481949,49.759840825779,36067.714162559
31.524999999999,4.9971353559763,0.65024015988359,0.049759840116415,0.0022059495584358,-0.0009433292250467,49.759840116415,36067.714138946
31.537499999999,4.9971471328744,0.65024016059118,0.049759839408823,0.002194936473308,-0.00094097151834482,49.759839408823,36067.714115392
31.549999999999,4.997158880338,0.650240161297,0.049759838703,0.0021839783961356,-0.00093861970989551,49.759838703,36067.714091898
31.562499999999,4.9971705984408,0.65024016200106,0.049759837998942,0.0021730750519833,-0.00093627378491767,49.759837998942,36067.714068461
31.574999999999,4.9971822872561,0.65024016270336,0.049759837296643,0.0021622261672673,-0.00093393372866224,49.759837296643,36067.714045084
31.587499999999,4.9971939468573,0.6502401634039,0.049759836596099,0.0021514314697904,-0.00093159952642097,49.759836596099,36067.714021764
31.599999999999,4.9972055773173,0.65024016410269,0.049759835897306,0.0021406906887182,-0.00092927116352293,49.759835897306,36067.713998504
31.612499999999,4.9972171787092,0.65024016479974,0.049759835200259,0.0021300035545817,-0.00092694862533627,49.759835200259,36067.713975301
31.624999999999,4.9972287511057,0.65024016549504,0.049759834504955,0.002119369799197,-0.00092463189725223,49.759834504955,36067.713952156
31.637499999999,4.9972402945792,0.65024016618861,0.049759833811389,0.0021087891558145,-0.00092232096471889,49.759833811389,36067.713929069
31.649999999999,4.9972518092021,0.65024016688044,0.049759833119556,0.0020982613589651,-0.00092001581320922,49.759833119556,36067.71390604
31.662499999999,4.9972632950467,0.65024016757055,0.049759832429452,0.0020877861445115,-0.00091771642823346,49.759832429452,36067.713883068
31.674999999999,4.9972747521848,0.65024016825893,0.049759831741072,0.0020773632496421,-0.00091542279533918,49.759831741072,36067.713860154
31.687499999999,4.9972861806884,0.65024016894559,0.049759831054414,0.0020669924128803,-0.0009131349001148,49.759831054414,36067.713837297
31.699999999999,4.997297580629,0.65024016963053,0.049759830369471,0.0020566733740303,-0.00091085272817892,49.759830369471,36067.713814497
31.712499999999,4.997308952078,0.65024017031376,0.04975982968624,0.0020464058741876,-0.00090857626518392,49.75982968624,36067.713791754
31.724999999999,4.9973202951069,0.65024017099528,0.049759829004717,0.002036189655788,-0.00090630549682835,49.759829004717,36067.713769068
31.737499999999,4.9973316097866,0.6502401716751,0.049759828324897,0.0020260244625223,-0.00090404040883918,49.759828324897,36067.713746439
31.749999999999,4.997342896188,0.65024017235322,0.049759827646776,0.0020159100393935,-0.00090178098698601,49.759827646776,36067.713723866
31.762499999999,4.997354154382,0.65024017302965,0.04975982697035,0.0020058461326238,-0.00089952721706155,49.75982697035,36067.713701349
31.774999999999,4.997365384439,0.65024017370439,0.049759826295615,0.0019958324897754,-0.00089727908491,49.759826295615,36067.713678889
31.787499999999,4.9973765864295,0.65024017437743,0.049759825622565,0.0019858688596097,-0.00089503657639689,49.759825622565,36067.713656485
31.799999999999,4.9973877604236,0.6502401750488,0.049759824951198,0.0019759549921766,-0.00089279967743039,49.759824951198,36067.713634137
31.812499999999,4.9973989064915,0.65024017571849,0.049759824281509,0.0019660906387847,-0.00089056837395596,49.759824281509,36067.713611845
31.824999999999,4.9974100247028,0.65024017638651,0.049759823613494,0.0019562755519796,-0.00088834265195281,49.759823613494,36067.713589609
31.837499999999,4.9974211151274,0.65024017705285,0.049759822947148,0.0019465094855306,-0.00088612249743214,49.759822947148,36067.713567428
31.849999999999,4.9974321778348,0.65024017771753,0.049759822282467,0.0019367921944556,-0.00088390789644421,49.759822282467,36067.713545303
31.862499999999,4.9974432128942,0.65024017838055,0.049759821619447,0.0019271234349848,-0.00088169883507128,49.759821619447,36067.713523232
31.874999999999,4.9974542203748,0.65024017904192,0.049759820958085,0.0019175029645777,-0.00087949529943288,49.759820958085,36067.713501217
31.887499999999,4.9974652003457,0.65024017970162,0.049759820298375,0.00190793054191,-0.00087729727568409,49.759820298375,36067.713479257
31.899999999999,4.9974761528755,0.65024018035969,0.049759819640315,0.0018984059268368,-0.0008751047500084,49.759819640315,36067.713457352
31.912499999999,4.9974870780331,0.6502401810161,0.049759818983898,0.0018889288804719,-0.00087291770863729,49.759818983898,36067.713435502
31.924999999999,4.9974979758867,0.65024018167088,0.049759818329123,0.0018794991650818,-0.00087073613782707,49.759818329123,36067.713413706
31.937499999999,4.9975088465048,0.65024018232402,0.049759817675983,0.0018701165441034,-0.00086856002386426,49.759817675983,36067.713391965
31.949999999999,4.9975196899554,0.65024018297552,0.049759817024476,0.0018607807821999,-0.00086638935307981,49.759817024476,36067.713370278
31.962499999999,4.9975305063066,0.6502401836254,0.049759816374597,0.0018514916451709,-0.00086422411182951,49.759816374597,36067.713348646
31.974999999999,4.997541295626,0.65024018427366,0.049759815726343,0.0018422489000462,-0.00086206428651714,49.759815726343,36067.713327067
31.987499999999,4.9975520579813,0.65024018492029,0.049759815079708,0.0018330523149808,-0.00085990986357132,49.759815079708,36067.713305542
31.999999999999,4.99756279344,0.65024018556531,0.04975981443469,0.0018239016592653,-0.00085776082944911,49.75981443469,36067.713284071
32.012499999999,4.9975735020693,0.65024018620872,0.049759813791283,0.0018147967033961,-0.00085561717065374,49.759813791283,36067.713262654
32.024999999999,4.9975841839364,0.65024018685052,0.049759813149484,0.0018057372189942,-0.0008534788737169,49.759813149484,36067.71324129
32.037499999999,4.9975948391081,0.65024018749071,0.04975981250929,0.0017967229788224,-0.00085134592520397,49.75981250929,36067.71321998
32.049999999999,4.9976054676513,0.65024018812931,0.049759811870695,0.0017877537567876,-0.00084921831171592,49.759811870695,36067.713198723
32.062499999999,4.9976160696325,0.6502401887663,0.049759811233696,0.0017788293279204,-0.00084709601988564,49.759811233696,36067.713177519
32.074999999999,4.9976266451182,0.65024018940171,0.049759810598289,0.0017699494683698,-0.00084497903637804,49.759810598289,36067.713156368
32.087499999999,4.9976371941747,0.65024019003553,0.04975980996447,0.0017611139553983,-0.00084286734788996,49.75980996447,36067.71313527
32.099999999999,4.997647716868,0.65024019066776,0.049759809332235,0.0017523225674207,-0.00084076094116092,49.759809332235,36067.713114224
32.112499999999,4.9976582132642,0.65024019129842,0.04975980870158,0.0017435750839323,-0.00083865980295705,49.75980870158,36067.713093232
32.124999999999,4.9976686834289,0.6502401919275,0.049759808072501,0.0017348712855408,-0.00083656392008002,49.759808072501,36067.713072291
32.137499999999,4.9976791274278,0.65024019255501,0.049759807444995,0.0017262109539314,-0.00083447327935993,49.759807444995,36067.713051403
32.149999999999,4.9976895453263,0.65024019318094,0.049759806819056,0.001717593871906,-0.00083238786766593,49.759806819056,36067.713030568
32.162499999999,4.9976999371897,0.65024019380532,0.049759806194682,0.0017090198233415,-0.0008303076718974,49.759806194682,36067.713009784
32.174999999999,4.9977103030832,0.65024019442813,0.049759805571868,0.0017004885931916,-0.00082823267898569,49.759805571868,36067.712989052
32.187499999999,4.9977206430716,0.65024019504939,0.04975980495061,0.0016919999674822,-0.0008261628758941,49.75980495061,36067.712968372
32.199999999999,4.9977309572199,0.65024019566909,0.049759804330905,0.0016835537333352,-0.00082409824962504,49.759804330905,36067.712947744
32.212499999999,4.9977412455925,0.65024019628725,0.049759803712749,0.00167514967892,-0.00082203878720932,49.759803712749,36067.712927167
32.224999999999,4.997751508254,0.65024019690386,0.049759803096137,0.0016667875934482,-0.00081998447570619,49.759803096137,36067.712906642
32.237499999999,4.9977617452687,0.65024019751893,0.049759802481067,0.0016584672672198,-0.00081793530221574,49.759802481067,36067.712886168
32.249999999999,4.9977719567007,0.65024019813247,0.049759801867533,0.0016501884915601,-0.00081589125386472,49.759801867533,36067.712865745
32.262499999999,4.997782142614,0.65024019874447,0.049759801255533,0.0016419510588653,-0.00081385231781894,49.759801255533,36067.712845373
32.274999999999,4.9977923030725,0.65024019935494,0.049759800645062,0.0016337547625184,-0.00081181848126377,49.759800645062,36067.712825052
32.287499999999,4.9978024381397,0.65024019996388,0.049759800036117,0.0016255993969782,-0.0008097897314272,49.759800036117,36067.712804782
32.299999999999,4.9978125478793,0.65024020057131,0.049759799428694,0.0016174847577235,-0.00080776605556743,49.759799428694,36067.712784562
32.312499999999,4.9978226323545,0.65024020117721,0.049759798822788,0.0016094106412487,-0.00080574744097284,49.759798822788,36067.712764393
32.324999999999,4.9978326916285,0.6502402017816,0.049759798218397,0.0016013768450664,-0.0008037338749638,49.759798218397,36067.712744275
32.337499999999,4.9978427257644,0.65024020238448,0.049759797615516,0.0015933831677163,-0.0008017253448962,49.759797615516,36067.712724207
32.349999999999,4.997852734825,0.65024020298586,0.049759797014141,0.0015854294087322,-0.00079972183815435,49.759797014141,36067.712704189
32.362499999999,4.997862718873,0.65024020358573,0.04975979641427,0.0015775153686587,-0.00079772334215633,49.75979641427,36067.71268422
32.374999999999,4.9978726779711,0.6502402041841,0.049759795815897,0.0015696408490182,-0.00079572984434684,49.759795815897,36067.712664302
32.387499999999,4.9978826121815,0.65024020478098,0.04975979521902,0.0015618056523416,-0.00079374133220611,49.75979521902,36067.712644434
32.399999999999,4.9978925215666,0.65024020537637,0.049759794623634,0.0015540095821562,-0.00079175779324814,49.759794623634,36067.712624615
32.412499999999,4.9979024061884,0.65024020597026,0.049759794029737,0.0015462524429463,-0.00078977921501178,49.759794029737,36067.712604846
32.424999999999,4.9979122661089,0.65024020656268,0.049759793437323,0.0015385340401978,-0.00078780558507319,49.759793437323,36067.712585126
32.437499999999,4.9979221013898,0.65024020715361,0.04975979284639,0.0015308541803649,-0.00078583689103873,49.75979284639,36067.712565455
32.449999999999,4.9979319120928,0.65024020774307,0.049759792256933,0.0015232126708594,-0.00078387312054318,49.759792256933,36067.712545834
32.462499999999,4.9979416982793,0.65024020833105,0.04975979166895,0.0015156093200527,-0.00078191426125152,49.75979166895,36067.712526262
32.474999999999,4.9979514600107,0.65024020891756,0.049759791082436,0.0015080439373062,-0.0007799603008678,49.759791082436,36067.712506738
32.487499999999,4.997961197348,0.65024020950261,0.049759790497387,0.0015005163328902,-0.00077801122711563,49.759790497387,36067.712487263
32.499999999999,4.9979709103524,0.6502402100862,0.049759789913801,0.001493026318063,-0.00077606702775945,49.759789913801,36067.712467837
32.512499999999,4.9979805990846,0.65024021066833,0.049759789331673,0.0014855737050105,-0.00077412769059038,49.759789331673,36067.71244846
32.524999999999,4.9979902636054,0.650240211249,0.049759788751,0.0014781583068495,-0.00077219320342792,49.759788751,36067.712429131
32.537499999999,4.9979999039752,0.65024021182822,0.049759788171777,0.00147077993765,-0.00077026355412713,49.759788171777,36067.71240985
32.549999999999,4.9980095202546,0.650240212406,0.049759787594002,0.0014634384123903,-0.00076833873056792,49.759787594002,36067.712390618
32.562499999999,4.9980191125037,0.65024021298233,0.049759787017671,0.0014561335469731,-0.00076641872066041,49.759787017671,36067.712371433
32.574999999999,4.9980286807827,0.65024021355722,0.04975978644278,0.0014488651582547,-0.0007645035123538,49.75978644278,36067.712352297
32.587499999999,4.9980382251515,0.65024021413067,0.049759785869326,0.00144163306398,-0.00076259309362037,49.759785869326,36067.712333208
32.599999999999,4.9980477456698,0.6502402147027,0.049759785297305,0.0014344370827918,-0.00076068745245905,49.759785297305,36067.712314167
32.612499999999,4.9980572423974,0.65024021527329,0.049759784726713,0.0014272770342869,-0.00075878657691142,49.759784726713,36067.712295173
32.624999999999,4.9980667153938,0.65024021584245,0.049759784157547,0.0014201527389112,-0.00075689045503502,49.759784157547,36067.712276227
32.637499999999,4.9980761647181,0.6502402164102,0.049759783589803,0.0014130640180561,-0.00075499907493004,49.759783589803,36067.712257329
32.649999999999,4.9980855904298,0.65024021697652,0.049759783023478,0.0014060106939672,-0.00075311242471621,49.759783023478,36067.712238477
32.662499999999,4.9980949925878,0.65024021754143,0.049759782458568,0.0013989925898068,-0.00075123049255055,49.759782458568,36067.712219673
32.674999999999,4.998104371251,0.65024021810493,0.04975978189507,0.0013920095295901,-0.00074935326661141,49.75978189507,36067.712200916
32.687499999999,4.9981137264782,0.65024021866702,0.04975978133298,0.0013850613382538,-0.00074748073511799,49.75978133298,36067.712182205
32.699999999999,4.998123058328,0.65024021922771,0.049759780772294,0.0013781478415793,-0.00074561288631081,49.759780772294,36067.712163542
32.712499999999,4.9981323668589,0.65024021978699,0.04975978021301,0.0013712688662345,-0.00074374970846414,49.75978021301,36067.712144924
32.724999999999,4.998141652129,0.65024022034488,0.049759779655123,0.0013644242397373,-0.00074189118987711,49.759779655123,36067.712126354
32.737499999999,4.9981509141968,0.65024022090137,0.04975977909863,0.0013576137904907,-0.00074003731888439,49.75977909863,36067.71210783
32.749999999999,4.99816015312,0.65024022145647,0.049759778543528,0.0013508373477197,-0.00073818808384019,49.759778543528,36067.712089352
32.762499999999,4.9981693689568,0.65024022201019,0.049759777989813,0.0013440947415458,-0.00073634347313956,49.759777989813,36067.71207092
32.774999999999,4.9981785617646,0.65024022256252,0.049759777437481,0.0013373858029244,-0.00073450347520243,49.759777437481,36067.712052535
32.787499999999,4.9981877316012,0.65024022311347,0.04975977688653,0.001330710363647,-0.00073266807847538,49.75977688653,36067.712034195
32.799999999999,4.998196878524,0.65024022366304,0.049759776336955,0.0013240682563507,-0.00073083727143519,49.759776336955,36067.712015901
32.812499999999,4.9982060025903,0.65024022421125,0.049759775788754,0.0013174593145137,-0.00072901104258882,49.759775788754,36067.711997653
32.824999999999,4.9982151038572,0.65024022475808,0.049759775241923,0.0013108833724325,-0.00072718938046812,49.759775241923,36067.71197945
32.837499999999,4.9982241823818,0.65024022530354,0.049759774696458,0.0013043402652566,-0.00072537227364045,49.759774696458,36067.711961293
32.849999999999,4.998233238221,0.65024022584764,0.049759774152356,0.0012978298289328,-0.00072355971069449,49.759774152356,36067.711943182
32.862499999999,4.9982422714314,0.65024022639039,0.049759773609613,0.001291351900253,-0.00072175168025446,49.759773609613,36067.711925115
32.874999999999,4.9982512820696,0.65024022693177,0.049759773068227,0.0012849063168182,-0.00071994817097121,49.759773068227,36067.711907094
32.887499999999,4.9982602701921,0.65024022747181,0.049759772528194,0.0012784929170219,-0.00071814917151869,49.759772528194,36067.711889118
32.899999999999,4.9982692358552,0.65024022801049,0.04975977198951,0.0012721115401037,-0.00071635467060993,49.75977198951,36067.711871186
32.912499999999,4.998278179115,0.65024022854783,0.049759771452172,0.0012657620260693,-0.00071456465697572,49.759771452172,36067.7118533
32.924999999999,4.9982871000276,0.65024022908382,0.049759770916177,0.0012594442157372,-0.00071277911937884,49.759770916177,36067.711835458
32.937499999999,4.9982959986489,0.65024022961848,0.049759770381521,0.001253157950729,-0.00071099804661223,49.759770381521,36067.711817661
32.949999999999,4.9983048750345,0.6502402301518,0.049759769848201,0.001246903073459,-0.0007092214274973,49.759769848201,36067.711799908
32.962499999999,4.9983137292401,0.65024023068379,0.049759769316214,0.0012406794270995,-0.00070744925087496,49.759769316214,36067.7117822
32.974999999999,4.9983225613212,0.65024023121444,0.049759768785556,0.001234486855658,-0.00070568150562877,49.759768785556,36067.711764536
32.987499999999,4.9983313713331,0.65024023174378,0.049759768256224,0.0012283252038741,-0.00070391818065652,49.759768256224,36067.711746916
32.999999999999,4.9983401593309,0.65024023227179,0.049759767728215,0.0012221943172902,-0.00070215926489148,49.759767728215,36067.71172934
33.012499999999,4.9983489253698,0.65024023279848,0.049759767201525,0.001216094042217,-0.0007004047472936,49.759767201525,36067.711711807
33.024999999999,4.9983576695045,0.65024023332385,0.049759766676151,0.0012100242257237,-0.0006986546168477,49.759766676151,36067.711694319
33.037499999999,4.99836639179,0.65024023384791,0.04975976615209,0.0012039847156653,-0.00069690886257234,49.75976615209,36067.711676875
33.049999999999,4.9983750922807,0.65024023437066,0.049759765629338,0.0011979753606416,-0.00069516747350917,49.759765629338,36067.711659474
33.062499999999,4.9983837710313,0.65024023489211,0.049759765107893,0.0011919960100005,-0.00069343043872472,49.759765107893,36067.711642116
33.074999999999,4.9983924280961,0.65024023541225,0.04975976458775,0.0011860465138585,-0.00069169774731748,49.75976458775,36067.711624802
33.087499999999,4.9984010635292,0.65024023593109,0.049759764068908,0.0011801267230974,-0.00068996938841792,49.759764068908,36067.711607531
33.099999999999,4.9984096773849,0.65024023644864,0.049759763551361,0.0011742364892993,-0.00068824535117074,49.759763551361,36067.711590303
33.112499999999,4.998418269717,0.65024023696489,0.049759763035108,0.0011683756648231,-0.00068652562475791,49.759763035108,36067.711573119
33.124999999999,4.9984268405793,0.65024023747985,0.049759762520145,0.0011625441027457,-0.00068481019838273,49.759762520145,36067.711555977
33.137499999999,4.9984353900256,0.65024023799353,0.049759762006469,0.0011567416568949,-0.0006830990612805,49.759762006469,36067.711538878
33.149999999999,4.9984439181094,0.65024023850592,0.049759761494076,0.0011509681818402,-0.00068139220271668,49.759761494076,36067.711521822
33.162499999999,4.9984524248841,0.65024023901704,0.049759760982963,0.001145223532847,-0.00067968961197451,49.759760982963,36067.711504808
33.174999999999,4.998460910403,0.65024023952687,0.049759760473128,0.0011395075659034,-0.00067799127836388,49.759760473128,36067.711487837
33.187499999999,4.9984693747192,0.65024024003543,0.049759759964566,0.0011338201377466,-0.00067629719123019,49.759759964566,36067.711470909
33.199999999999,4.9984778178858,0.65024024054272,0.049759759457276,0.001128161105812,-0.00067460733994018,49.759759457276,36067.711454022
33.212499999999,4.9984862399556,0.65024024104875,0.049759758951252,0.0011225303282591,-0.00067292171389077,49.759758951252,36067.711437178
33.224999999999,4.9984946409814,0.65024024155351,0.049759758446494,0.0011169276639509,-0.00067124030250376,49.759758446494,36067.711420376
33.237499999999,4.9985030210158,0.650240242057,0.049759757942996,0.0011113529724442,-0.00066956309522404,49.759757942996,36067.711403616
33.249999999999,4.9985113801112,0.65024024255924,0.049759757440757,0.0011058061140044,-0.0006678900815249,49.759757440757,36067.711386898
33.262499999999,4.9985197183202,0.65024024306023,0.049759756939772,0.0011002869496079,-0.00066622125090987,49.759756939772,36067.711370222
33.274999999999,4.9985280356947,0.65024024355996,0.049759756440039,0.0010947953409095,-0.00066455659290376,49.759756440039,36067.711353587
33.287499999999,4.9985363322871,0.65024024405845,0.049759755941555,0.0010893311502742,-0.00066289609706338,49.759755941555,36067.711336994
33.299999999999,4.9985446081491,0.65024024455568,0.049759755444316,0.0010838942407273,-0.00066123975296328,49.759755444316,36067.711320442
33.312499999999,4.9985528633327,0.65024024505168,0.04975975494832,0.0010784844760095,-0.00065958755021356,49.75975494832,36067.711303932
33.324999999999,4.9985610978896,0.65024024554644,0.049759754453563,0.0010731017205212,-0.00065793947844384,49.759754453563,36067.711287462
33.337499999999,4.9985693118713,0.65024024603996,0.049759753960043,0.0010677458393543,-0.00065629552731394,49.759753960043,36067.711271034
33.349999999999,4.9985775053292,0.65024024653224,0.049759753467755,0.00106241669826,-0.00065465568650502,49.759753467755,36067.711254648
33.362499999999,4.9985856783147,0.6502402470233,0.049759752976698,0.0010571141636743,-0.00065301994572842,49.759752976698,36067.711238302
33.374999999999,4.998593830879,0.65024024751313,0.049759752486867,0.0010518381026867,-0.00065138829471678,49.759752486867,36067.711221996
33.387499999999,4.9986019630731,0.65024024800174,0.04975975199826,0.0010465883830706,-0.00064976072323475,49.75975199826,36067.711205732
33.399999999999,4.998610074948,0.65024024848913,0.049759751510875,0.0010413648732468,-0.00064813722106827,49.759751510875,36067.711189508
33.412499999999,4.9986181665545,0.65024024897529,0.049759751024707,0.0010361674422966,-0.00064651777802993,49.759751024707,36067.711173325
33.424999999999,4.9986262379432,0.65024024946025,0.049759750539753,0.001030995959948,-0.00064490238395543,49.759750539753,36067.711157182
33.437499999999,4.9986342891646,0.65024024994399,0.049759750056012,0.0010258502966065,-0.00064329102871419,49.759750056012,36067.71114108
33.449999999999,4.9986423202693,0.65024025042652,0.049759749573479,0.0010207303232953,-0.00064168370219164,49.759749573479,36067.711125018
33.462499999999,4.9986503313075,0.65024025090785,0.049759749092152,0.0010156359116918,-0.00064008039430163,49.759749092152,36067.711108996
33.474999999999,4.9986583223293,0.65024025138797,0.049759748612027,0.0010105669341137,-0.00063848109498288,49.759748612027,36067.711093014
33.487499999999,4.9986662933849,0.6502402518669,0.049759748133102,0.0010055232635379,-0.00063688579420607,49.759748133102,36067.711077071
33.499999999999,4.9986742445241,0.65024025234463,0.049759747655374,0.0010005047735363,-0.00063529448195432,49.759747655374,36067.711061169
33.512499999999,4.9986821757967,0.65024025282116,0.049759747178839,0.00099551133834523,-0.00063370714824629,49.759747178839,36067.711045307
33.524999999999,4.9986900872525,0.6502402532965,0.049759746703495,0.00099054283283475,-0.00063212378312727,49.759746703495,36067.711029484
33.537499999999,4.9986979789409,0.65024025377066,0.049759746229339,0.00098559913246097,-0.000630544376655,49.759746229339,36067.7110137
33.549999999999,4.9987058509113,0.65024025424363,0.049759745756367,0.00098068011333568,-0.00062896891892272,49.759745756367,36067.710997956
33.562499999999,4.9987137032131,0.65024025471542,0.049759745284578,0.00097578565217882,-0.00062739740004503,49.759745284578,36067.710982252
33.574999999999,4.9987215358955,0.65024025518603,0.049759744813966,0.00097091562633222,-0.00062582981016313,49.759744813966,36067.710966586
33.587499999999,4.9987293490074,0.65024025565547,0.049759744344531,0.00096606991375668,-0.00062426613944488,49.759744344531,36067.71095096
33.599999999999,4.9987371425979,0.65024025612373,0.049759743876269,0.00096124839298512,-0.0006227063780706,49.759743876269,36067.710935373
33.612499999999,4.9987449167157,0.65024025659082,0.049759743409177,0.00095645094321319,-0.00062115051626321,49.759743409177,36067.710919825
33.624999999999,4.9987526714095,0.65024025705675,0.049759742943251,0.00095167744419206,-0.00061959854425453,49.759742943251,36067.710904315
33.637499999999,4.9987604067279,0.65024025752151,0.04975974247849,0.00094692777630783,-0.00061805045231189,49.75974247849,36067.710888845
33.649999999999,4.9987681227192,0.65024025798511,0.04975974201489,0.00094220182052945,-0.00061650623072218,49.75974201489,36067.710873413
33.662499999999,4.998775819432,0.65024025844755,0.049759741552449,0.0009374994584223,-0.00061496586979715,49.759741552449,36067.710858019
33.674999999999,4.9987834969142,0.65024025890884,0.049759741091163,0.00093282057214542,-0.00061342935987341,49.759741091163,36067.710842664
33.687499999999,4.998791155214,0.65024025936897,0.049759740631029,0.00092816504444873,-0.00061189669131245,49.759740631029,36067.710827348
33.699999999999,4.9987987943794,0.65024025982795,0.049759740172045,0.00092353275865406,-0.00061036785449531,49.759740172045,36067.710812069
33.712499999999,4.9988064144582,0.65024026028579,0.049759739714208,0.00091892359869016,-0.00060884283983498,49.759739714208,36067.710796829
33.724999999999,4.9988140154982,0.65024026074249,0.049759739257515,0.0009143374490415,-0.00060732163776045,49.759739257515,36067.710781627
33.737499999999,4.9988215975468,0.65024026119804,0.049759738801962,0.00090977419478325,-0.00060580423872914,49.759738801962,36067.710766463
33.749999999999,4.9988291606516,0.65024026165245,0.049759738347548,0.00090523372157834,-0.00060429063322687,49.759738347548,36067.710751337
33.762499999999,4.99883670486,0.65024026210573,0.04975973789427,0.00090071591563748,-0.00060278081175547,49.75973789427,36067.710736248
33.774999999999,4.9988442302191,0.65024026255788,0.049759737442123,0.00089622066373268,-0.00060127476483807,49.759737442123,36067.710721198
33.787499999999,4.9988517367762,0.65024026300889,0.049759736991107,0.00089174785324744,-0.00059977248303689,49.759736991107,36067.710706185
33.799999999999,4.9988592245782,0.65024026345878,0.049759736541217,0.00088729737207346,-0.00059827395691947,49.759736541217,36067.710691209
33.812499999999,4.998866693672,0.65024026390755,0.049759736092452,0.00088286910870329,-0.00059677917709067,49.759736092452,36067.710676271
33.824999999999,4.9988741441044,0.65024026435519,0.049759735644807,0.00087846295215377,-0.00059528813416776,49.759735644807,36067.71066137
33.837499999999,4.998881575922,0.65024026480172,0.049759735198282,0.00087407879203184,-0.00059380081880356,49.759735198282,36067.710646506
33.849999999999,4.9988889891714,0.65024026524713,0.049759734752871,0.00086971651846889,-0.00059231722166508,49.759734752871,36067.71063168
33.862499999999,4.998896383899,0.65024026569143,0.049759734308574,0.00086537602216011,-0.00059083733344778,49.759734308574,36067.71061689
33.874999999999,4.9989037601511,0.65024026613461,0.049759733865387,0.00086105719434105,-0.00058936114486841,49.759733865387,36067.710602138
33.887499999999,4.9989111179738,0.65024026657669,0.049759733423306,0.00085675992677469,-0.00058788864666148,49.759733423306,36067.710587422
33.899999999999,4.9989184574133,0.65024026701767,0.049759732982331,0.00085248411180078,-0.00058641982959706,49.759732982331,36067.710572743
33.912499999999,4.9989257785155,0.65024026745754,0.049759732542457,0.00084822964228136,-0.00058495468446296,49.759732542457,36067.710558101
33.924999999999,4.9989330813263,0.65024026789632,0.049759732103682,0.00084399641160352,-0.00058349320206652,49.759732103682,36067.710543496
33.937499999999,4.9989403658913,0.650240268334,0.049759731666004,0.00083978431368732,-0.0005820353732382,49.759731666004,36067.710528926
33.949999999999,4.9989476322562,0.65024026877058,0.049759731229419,0.00083559324300881,-0.00058058118884041,49.759731229419,36067.710514394
33.962499999999,4.9989548804665,0.65024026920608,0.049759730793925,0.00083142309452077,-0.00057913063974091,49.759730793925,36067.710499897
33.974999999999,4.9989621105676,0.65024026964048,0.049759730359518,0.00082727376376276,-0.00057768371685185,49.759730359518,36067.710485437
33.987499999999,4.9989693226047,0.6502402700738,0.049759729926198,0.00082314514676146,-0.00057624041109605,49.759729926198,36067.710471013
33.999999999999,4.998976516623,0.65024027050604,0.049759729493959,0.00081903714004892,-0.00057480071341409,49.759729493959,36067.710456625
34.012499999999,4.9989836926676,0.6502402709372,0.049759729062801,0.00081494964071588,-0.00057336461478386,49.759729062801,36067.710442273
34.024999999999,4.9989908507833,0.65024027136728,0.04975972863272,0.00081088254632312,-0.00057193210619033,49.75972863272,36067.710427957
34.037499999999,4.998997991015,0.65024027179629,0.049759728203714,0.00080683575497503,-0.00057050317865226,49.759728203714,36067.710413676
34.049999999999,4.9990051134075,0.65024027222422,0.049759727775779,0.00080280916527671,-0.00056907782320792,49.759727775779,36067.710399431
34.062499999999,4.9990122180052,0.65024027265109,0.049759727348913,0.00079880267633667,-0.00056765603091691,49.759727348913,36067.710385222
34.074999999999,4.9990193048528,0.65024027307689,0.049759726923114,0.00079481618777448,-0.00056623779286369,49.759726923114,36067.710371048
34.087499999999,4.9990263739944,0.65024027350162,0.049759726498379,0.00079084959969842,-0.00056482310015049,49.759726498379,36067.71035691
34.099999999999,4.9990334254745,0.6502402739253,0.049759726074705,0.00078690281272313,-0.00056341194390441,49.759726074705,36067.710342807
34.112499999999,4.9990404593372,0.65024027434791,0.049759725652089,0.00078297572797712,-0.00056200431528097,49.759725652089,36067.71032874
34.124999999999,4.9990474756264,0.65024027476947,0.04975972523053,0.00077906824704584,-0.00056060020544457,49.75972523053,36067.710314707
34.137499999999,4.9990544743862,0.65024027518998,0.049759724810023,0.00077518027203394,-0.00055919960559159,49.759724810023,36067.710300709
34.149999999999,4.9990614556604,0.65024027560943,0.049759724390567,0.00077131170553306,-0.00055780250693971,49.759724390567,36067.710286747
34.162499999999,4.9990684194926,0.65024027602784,0.049759723972159,0.00076746245060005,-0.00055640890072084,49.759723972159,36067.710272819
34.174999999999,4.9990753659265,0.6502402764452,0.049759723554797,0.00076363241081842,-0.00055501877820419,49.759723554797,36067.710258926
34.187499999999,4.9990822950056,0.65024027686152,0.049759723138477,0.00075982149021271,-0.00055363213066606,49.759723138477,36067.710245068
34.199999999999,4.9990892067732,0.6502402772768,0.049759722723197,0.00075602959330509,-0.00055224894941119,49.759722723197,36067.710231245
34.212499999999,4.9990961012726,0.65024027769105,0.049759722308955,0.00075225662509346,-0.00055086922576564,49.759722308955,36067.710217456
34.224999999999,4.999102978547,0.65024027810425,0.049759721895748,0.00074850249105892,-0.00054949295108031,49.759721895748,36067.710203701
34.237499999999,4.9991098386394,0.65024027851643,0.049759721483573,0.00074476709712968,-0.00054812011671856,49.759721483573,36067.710189981
34.249999999999,4.9991166815928,0.65024027892757,0.049759721072428,0.00074105034971281,-0.00054675071406862,49.759721072428,36067.710176295
34.262499999999,4.9991235074501,0.65024027933769,0.04975972066231,0.00073735215571118,-0.00054538473455068,49.75972066231,36067.710162643
34.274999999999,4.9991303162539,0.65024027974678,0.049759720253216,0.00073367242246342,-0.00054402216959559,49.759720253216,36067.710149026
34.287499999999,4.9991371080469,0.65024028015486,0.049759719845145,0.00073001105777553,-0.00054266301065731,49.759719845145,36067.710135442
34.299999999999,4.9991438828717,0.65024028056191,0.049759719438093,0.0007263679699187,-0.00054130724921286,49.759719438093,36067.710121892
34.312499999999,4.9991506407706,0.65024028096794,0.049759719032058,0.0007227430676223,-0.00053995487676062,49.759719032058,36067.710108377
34.324999999999,4.9991573817859,0.65024028137296,0.049759718627038,0.000719136260067,-0.00053860588481847,49.759718627038,36067.710094895
34.337499999999,4.9991641059599,0.65024028177697,0.049759718223029,0.00071554745690166,-0.00053726026493095,49.759718223029,36067.710081446
34.349999999999,4.9991708133346,0.65024028217997,0.04975971782003,0.00071197656820319,-0.00053591800865505,49.75971782003,36067.710068032
34.362499999999,4.9991775039521,0.65024028258196,0.049759717418038,0.00070842350452185,-0.00053457910757793,49.759717418038,36067.71005465
34.374999999999,4.9991841778542,0.65024028298295,0.04975971701705,0.00070488817683661,-0.00053324355330098,49.75971701705,36067.710041302
34.387499999999,4.9991908350827,0.65024028338294,0.049759716617063,0.00070137049657661,-0.00053191133744868,49.759716617063,36067.710027988
34.399999999999,4.9991974756794,0.65024028378192,0.049759716218076,0.00069787037562845,-0.00053058245167215,49.759716218076,36067.710014707
34.412499999999,4.9992040996856,0.65024028417991,0.049759715820086,0.0006943877262966,-0.00052925688763494,49.759715820086,36067.710001459
34.424999999999,4.999210707143,0.65024028457691,0.04975971542309,0.00069092246134345,-0.00052793463702905,49.75971542309,36067.709988244
34.437499999999,4.9992172980929,0.65024028497291,0.049759715027086,0.00068747449394993,-0.00052661569156065,49.759715027086,36067.709975062
34.449999999999,4.9992238725766,0.65024028536793,0.049759714632072,0.00068404373772291,-0.0005253000429537,49.759714632072,36067.709961913
34.462499999999,4.9992304306351,0.65024028576196,0.049759714238044,0.00068063010673944,-0.00052398768296769,49.759714238044,36067.709948797
34.474999999999,4.9992369723097,0.650240286155,0.049759713845,0.00067723351547059,-0.00052267860336919,49.759713845,36067.709935714
34.487499999999,4.9992434976412,0.65024028654706,0.049759713452939,0.00067385387883495,-0.00052137279595321,49.759713452939,36067.709922663
34.499999999999,4.9992500066705,0.65024028693814,0.049759713061857,0.00067049111215518,-0.0005200702525272,49.759713061857,36067.709909645
34.512499999999,4.9992564994383,0.65024028732825,0.049759712671752,0.00066714513119284,-0.00051877096492525,49.759712671752,36067.709896659
34.524999999999,4.9992629759852,0.65024028771738,0.049759712282622,0.00066381585213251,-0.00051747492500276,49.759712282622,36067.709883706
34.537499999999,4.9992694363519,0.65024028810554,0.049759711894463,0.00066050319157979,-0.00051618212463644,49.759711894463,36067.709870785
34.549999999999,4.9992758805788,0.65024028849273,0.049759711507275,0.00065720706654121,-0.00051489255571724,49.759711507275,36067.709857897
34.562499999999,4.9992823087062,0.65024028887895,0.049759711121054,0.00065392739443599,-0.00051360621015561,49.759711121054,36067.709845041
34.574999999999,4.9992887207743,0.6502402892642,0.049759710735797,0.00065066409312123,-0.00051232307989224,49.759710735797,36067.709832217
34.587499999999,4.9992951168233,0.6502402896485,0.049759710351504,0.00064741708083563,-0.00051104315687667,49.759710351504,36067.709819425
34.599999999999,4.9993014968933,0.65024029003183,0.04975970996817,0.00064418627625184,-0.00050976643308864,49.75970996817,36067.709806664
34.612499999999,4.9993078610241,0.65024029041421,0.049759709585794,0.00064097159843387,-0.00050849290052213,49.759709585794,36067.709793936
34.624999999999,4.9993142092556,0.65024029079563,0.049759709204373,0.00063777296684432,-0.00050722255118885,49.759709204373,36067.70978124
34.637499999999,4.9993205416276,0.65024029117609,0.049759708823905,0.00063459030137378,-0.00050595537713072,49.759708823905,36067.709768575
34.649999999999,4.9993268581797,0.65024029155561,0.049759708444388,0.00063142352228971,-0.00050469137040032,49.759708444388,36067.709755942
34.662499999999,4.9993331589514,0.65024029193418,0.049759708065818,0.00062827255026145,-0.00050343052307156,49.759708065818,36067.70974334
34.674999999999,4.9993394439822,0.65024029231181,0.049759707688195,0.00062513730635832,-0.00050217282723963,49.759707688195,36067.70973077
34.687499999999,4.9993457133114,0.65024029268849,0.049759707311515,0.00062201771205211,-0.00050091827502285,49.759707311515,36067.709718232
34.699999999999,4.9993519669783,0.65024029306422,0.049759706935776,0.00061891368919317,-0.00049966685855374,49.759706935776,36067.709705724
34.712499999999,4.999358205022,0.65024029343902,0.049759706560975,0.00061582516002188,-0.00049841856998434,49.759706560975,36067.709693248
34.724999999999,4.9993644274816,0.65024029381289,0.049759706187111,0.00061275204717994,-0.00049717340149158,49.759706187111,36067.709680803
34.737499999999,4.999370634396,0.65024029418582,0.049759705814181,0.00060969427369098,-0.00049593134527015,49.759705814181,36067.709668389
34.749999999999,4.9993768258041,0.65024029455782,0.049759705442183,0.00060665176295003,-0.00049469239352895,49.759705442183,36067.709656007
34.762499999999,4.9993830017446,0.65024029492889,0.049759705071114,0.000603624438748,-0.00049345653850175,49.759705071114,36067.709643655
34.774999999999,4.9993891622562,0.65024029529903,0.049759704700972,0.00060061222526536,-0.0004922237724454,49.759704700972,36067.709631334
34.787499999999,4.9993953073775,0.65024029566825,0.049759704331754,0.00059761504703999,-0.00049099408762743,49.759704331754,36067.709619043
34.799999999999,4.9994014371469,0.65024029603654,0.04975970396346,0.00059463282899587,-0.00048976747633844,49.75970396346,36067.709606784
34.812499999999,4.9994075516028,0.65024029640392,0.049759703596085,0.00059166549643258,-0.0004885439308886,49.759703596085,36067.709594555
34.824999999999,4.9994136507834,0.65024029677037,0.049759703229628,0.0005887129750364,-0.00048732344361291,49.759703229628,36067.709582357
34.837499999999,4.999419734727,0.65024029713591,0.049759702864086,0.00058577519083564,-0.0004861060068535,49.759702864086,36067.709570189
34.849999999999,4.9994258034717,0.65024029750054,0.049759702499458,0.0005828520702547,-0.00048489161298271,49.759702499458,36067.709558051
34.862499999999,4.9994318570554,0.65024029786426,0.04975970213574,0.00057994354007798,-0.00048368025438883,49.75970213574,36067.709545944
34.874999999999,4.9994378955159,0.65024029822707,0.049759701772931,0.00057704952743976,-0.00048247192347262,49.759701772931,36067.709533867
34.887499999999,4.9994439188912,0.65024029858897,0.049759701411029,0.00057416995986502,-0.00048126661266501,49.759701411029,36067.70952182
34.899999999999,4.999449927219,0.65024029894997,0.04975970105003,0.00057130476521249,-0.00048006431440406,49.75970105003,36067.709509804
34.912499999999,4.9994559205367,0.65024029931007,0.049759700689934,0.00056845387173233,-0.00047886502115979,49.759700689934,36067.709497817
34.924999999999,4.999461898882,0.65024029966926,0.049759700330737,0.00056561720800934,-0.00047766872541111,49.759700330737,36067.70948586
34.937499999999,4.9994678622923,0.65024030002756,0.049759699972437,0.00056279470298681,-0.00047647541965645,49.759699972437,36067.709473934
34.949999999999,4.9994738108048,0.65024030038497,0.049759699615033,0.0005599862859815,-0.00047528509642092,49.759699615033,36067.709462037
34.962499999999,4.9994797444569,0.65024030074148,0.049759699258521,0.00055719188664425,-0.00047409774824025,49.759699258521,36067.709450169
34.974999999999,4.9994856632857,0.6502403010971,0.0497596989029,0.00055441143497931,-0.00047291336766975,49.7596989029,36067.709438332
34.987499999999,4.9994915673282,0.65024030145183,0.049759698548168,0.00055164486135518,-0.00047173194728956,49.759698548168,36067.709426524
34.999999999999,4.9994974566213,0.65024030180568,0.049759698194321,0.00054889209646961,-0.00047055347969049,49.759698194321,36067.709414745
35.012499999999,4.999503331202,0.65024030215864,0.049759697841359,0.00054615307137716,-0.00046937795748647,49.759697841359,36067.709402996
35.024999999999,4.9995091911071,0.65024030251072,0.049759697489278,0.00054342771747919,-0.00046820537331094,49.759697489278,36067.709391276
35.037499999999,4.9995150363731,0.65024030286192,0.049759697138077,0.00054071596651397,-0.00046703571981332,49.759697138077,36067.709379585
35.049999999999,4.9995208670366,0.65024030321225,0.049759696787753,0.00053801775056339,-0.00046586898966261,49.759696787753,36067.709367924
35.062499999999,4.9995266831343,0.6502403035617,0.049759696438305,0.00053533300203902,-0.00046470517554198,49.759696438305,36067.709356292
35.074999999999,4.9995324847024,0.65024030391027,0.049759696089729,0.00053266165370924,-0.00046354427016126,49.759696089729,36067.709344689
35.087499999999,4.9995382717773,0.65024030425798,0.049759695742024,0.00053000363866073,-0.00046238626624096,49.759695742024,36067.709333115
35.099999999999,4.9995440443953,0.65024030460481,0.049759695395188,0.00052735889031748,-0.00046123115652108,49.759695395188,36067.709321569
35.112499999999,4.9995498025924,0.65024030495078,0.049759695049218,0.0005247273424432,-0.00046007893376299,49.759695049218,36067.709310053
35.124999999999,4.9995555464047,0.65024030529589,0.049759694704113,0.00052210892913159,-0.00045892959074578,49.759694704113,36067.709298565
35.137499999999,4.9995612758681,0.65024030564013,0.04975969435987,0.00051950358480483,-0.00045778312026634,49.75969435987,36067.709287106
35.149999999999,4.9995669910186,0.65024030598351,0.049759694016486,0.00051691124421199,-0.0004566395151393,49.759694016486,36067.709275676
35.162499999999,4.9995726918918,0.65024030632604,0.049759693673961,0.00051433184241955,-0.00045549876819351,49.759693673961,36067.709264274
35.174999999999,4.9995783785234,0.65024030666771,0.049759693332291,0.00051176531483793,-0.00045436087228445,49.759693332291,36067.709252901
35.187499999999,4.9995840509492,0.65024030700853,0.049759692991474,0.00050921159717188,-0.00045322582027296,49.759692991474,36067.709241556
35.199999999999,4.9995897092045,0.65024030734849,0.049759692651509,0.00050667062547501,-0.00045209360505005,49.759692651509,36067.70923024
35.212499999999,4.9995953533247,0.65024030768761,0.049759692312394,0.00050414233610032,-0.00045096421951563,49.759692312394,36067.709218952
35.224999999999,4.9996009833453,0.65024030802587,0.049759691974125,0.00050162666573855,-0.00044983765659623,49.759691974125,36067.709207691
35.237499999999,4.9996065993014,0.6502403083633,0.049759691636702,0.0004991235513809,-0.00044871390922907,49.759691636702,36067.70919646
35.249999999999,4.9996122012281,0.65024030869988,0.049759691300121,0.00049663293032952,-0.00044759297036734,49.759691300121,36067.709185256
35.262499999999,4.9996177891607,0.65024030903562,0.049759690964381,0.00049415474022367,-0.00044647483299265,49.759690964381,36067.70917408
35.274999999999,4.9996233631339,0.65024030937052,0.04975969062948,0.000491688918983,-0.00044535949009017,49.75969062948,36067.709162932
35.287499999999,4.9996289231828,0.65024030970458,0.049759690295416,0.00048923540485737,-0.00044424693467171,49.759690295416,36067.709151812
35.299999999999,4.9996344693421,0.65024031003781,0.049759689962186,0.0004867941364017,-0.00044313715976507,49.759689962186,36067.70914072
35.312499999999,4.9996400016465,0.65024031037021,0.049759689629789,0.00048436505248235,-0.00044203015841759,49.759689629789,36067.709129655
35.324999999999,4.9996455201307,0.65024031070178,0.049759689298222,0.00048194809226792,-0.0004409259236926,49.759689298222,36067.709118618
35.337499999999,4.9996510248292,0.65024031103252,0.049759688967483,0.00047954319521615,-0.00043982444866408,49.759688967483,36067.709107609
35.349999999999,4.9996565157764,0.65024031136243,0.04975968863757,0.00047715030110366,-0.00043872572643089,49.75968863757,36067.709096627
35.362499999999,4.9996619930067,0.65024031169152,0.049759688308482,0.00047476934999731,-0.00043762975010431,49.759688308482,36067.709085672
35.374999999999,4.9996674565544,0.65024031201978,0.049759687980215,0.00047240028228754,-0.00043653651282405,49.759687980215,36067.709074745
35.387499999999,4.9996729064537,0.65024031234723,0.049759687652769,0.00047004303863297,-0.00043544600773338,49.759687652769,36067.709063845
35.399999999999,4.9996783427387,0.65024031267386,0.049759687326141,0.00046769756000145,-0.00043435822799864,49.759687326141,36067.709052973
35.412499999999,4.9996837654434,0.65024031299967,0.049759687000328,0.00046536378765707,-0.00043327316680397,49.759687000328,36067.709042127
35.424999999999,4.9996891746018,0.65024031332467,0.04975968667533,0.00046304166315115,-0.00043219081734769,49.75968667533,36067.709031309
35.437499999999,4.9996945702477,0.65024031364886,0.049759686351143,0.00046073112833233,-0.00043111117284766,49.759686351143,36067.709020518
35.449999999999,4.9996999524149,0.65024031397223,0.049759686027767,0.00045843212534134,-0.00043003422653953,49.759686027767,36067.709009753
35.4625,4.999705321137,0.6502403142948,0.049759685705198,0.00045614459660207,-0.00042895997167314,49.759685705198,36067.708999016
35.475,4.9997106764478,0.65024031461657,0.049759685383435,0.00045386848482405,-0.00042788840151431,49.759685383435,36067.708988305
35.4875,4.9997160183806,0.65024031493752,0.049759685062475,0.00045160373300868,-0.00042681950934842,49.759685062475,36067.708977621
35.5,4.9997213469689,0.65024031525768,0.049759684742318,0.00044935028444776,-0.00042575328848038,49.759684742318,36067.708966964
35.5125,4.9997266622462,0.65024031557704,0.04975968442296,0.00044710808269968,-0.00042468973222398,49.75968442296,36067.708956334
35.525,4.9997319642455,0.6502403158956,0.0497596841044,0.00044487707162561,-0.00042362883391966,49.7596841044,36067.70894573
35.5375,4.9997372530002,0.65024031621336,0.049759683786636,0.00044265719534696,-0.00042257058691497,49.759683786636,36067.708935152
35.55,4.9997425285433,0.65024031653033,0.049759683469665,0.00044044839828146,-0.00042151498458232,49.759683469665,36067.708924601
35.5625,4.9997477909078,0.65024031684651,0.049759683153486,0.00043825062510092,-0.00042046202029944,49.759683153486,36067.708914076
35.575,4.9997530401267,0.6502403171619,0.049759682838098,0.00043606382078926,-0.00041941168747783,49.759682838098,36067.708903578
35.5875,4.9997582762329,0.6502403174765,0.049759682523497,0.00043388793057085,-0.00041836397952899,49.759682523497,36067.708893106
35.6,4.999763499259,0.65024031779032,0.049759682209682,0.00043172289996469,-0.00041731888989105,49.759682209682,36067.70888266
35.6125,4.9997687092378,0.65024031810335,0.04975968189665,0.00042956867474995,-0.00041627641201281,49.75968189665,36067.70887224
35.625,4.9997739062019,0.6502403184156,0.049759681584401,0.00042742520098309,-0.0004152365393626,49.759681584401,36067.708861846
35.6375,4.9997790901838,0.65024031872707,0.049759681272932,0.00042529242499285,-0.00041419926542652,49.759681272932,36067.708851478
35.65,4.999784261216,0.65024031903776,0.049759680962241,0.00042317029336443,-0.00041316458370133,49.759680962241,36067.708841136
35.6625,4.9997894193308,0.65024031934767,0.049759680652326,0.00042105875296377,-0.00041213248770688,49.759680652326,36067.70883082
35.675,4.9997945645605,0.65024031965681,0.049759680343185,0.00041895775090715,-0.00041110297097191,49.759680343185,36067.708820529
35.6875,4.9997996969372,0.65024031996518,0.049759680034816,0.00041686723459266,-0.00041007602705001,49.759680034816,36067.708810264
35.7,4.9998048164933,0.65024032027278,0.049759679727218,0.00041478715166631,-0.00040905164950367,49.759679727218,36067.708800025
35.7125,4.9998099232605,0.65024032057961,0.049759679420388,0.00041271745003895,-0.00040802983191313,49.759679420388,36067.708789812
35.725,4.999815017271,0.65024032088568,0.049759679114325,0.00041065807789217,-0.00040701056787995,49.759679114325,36067.708779624
35.7375,4.9998200985566,0.65024032119097,0.049759678809026,0.00040860898365193,-0.00040599385101459,49.759678809026,36067.708769461
35.75,4.9998251671491,0.65024032149551,0.04975967850449,0.00040657011601603,-0.00040497967495057,49.75967850449,36067.708759324
35.7625,4.9998302230802,0.65024032179929,0.049759678200714,0.00040454142391365,-0.00040396803332499,49.759678200714,36067.708749212
35.775,4.9998352663816,0.6502403221023,0.049759677897698,0.00040252285655408,-0.00040295891980335,49.759677897698,36067.708739125
35.7875,4.9998402970847,0.65024032240456,0.049759677595438,0.0004005143633934,-0.00040195232806362,49.759677595438,36067.708729064
35.8,4.9998453152212,0.65024032270607,0.049759677293933,0.00039851589413686,-0.00040094825179793,49.759677293933,36067.708719028
35.8125,4.9998503208225,0.65024032300682,0.049759676993182,0.00039652739874132,-0.00039994668471444,49.759676993182,36067.708709017
35.825,4.9998553139197,0.65024032330682,0.049759676693181,0.00039454882741753,-0.00039894762053905,49.759676693181,36067.70869903
35.8375,4.9998602945442,0.65024032360607,0.04975967639393,0.00039258013062544,-0.00039795105301366,49.75967639393,36067.708689069
35.85,4.9998652627272,0.65024032390457,0.049759676095427,0.00039062125906602,-0.00039695697589259,49.759676095427,36067.708679133
35.8625,4.9998702184997,0.65024032420233,0.049759675797669,0.00038867216368713,-0.00039596538294617,49.759675797669,36067.708669221
35.875,4.9998751618928,0.65024032449934,0.049759675500656,0.0003867327956859,-0.00039497626796248,49.759675500656,36067.708659334
35.8875,4.9998800929373,0.65024032479562,0.049759675204384,0.00038480310649707,-0.00039398962474202,49.759675204384,36067.708649472
35.9,4.9998850116643,0.65024032509115,0.049759674908852,0.00038288304781269,-0.00039300544710841,49.759674908852,36067.708639635
35.9125,4.9998899181043,0.65024032538594,0.049759674614058,0.0003809725715463,-0.00039202372889058,49.759674614058,36067.708629822
35.925,4.9998948122882,0.65024032568,0.049759674320001,0.00037907162986649,-0.00039104446394056,49.759674320001,36067.708620034
35.9375,4.9998996942465,0.65024032597332,0.049759674026678,0.00037718017516807,-0.00039006764611926,49.759674026678,36067.70861027
35.95,4.9999045640099,0.65024032626591,0.049759673734088,0.00037529816010196,-0.00038909326931247,49.759673734088,36067.70860053
35.9625,4.9999094216088,0.65024032655777,0.049759673442229,0.00037342553753628,-0.00038812132741128,49.759673442229,36067.708590815
35.975,4.9999142670735,0.6502403268489,0.049759673151099,0.00037156226058956,-0.00038715181432991,49.759673151099,36067.708581124
35.9875,4.9999191004344,0.6502403271393,0.049759672860696,0.00036970828259881,-0.00038618472398966,49.759672860696,36067.708571457
36,4.9999239217218,0.65024032742898,0.049759672571019,0.00036786355715259,-0.0003852200503367,49.759672571019,36067.708561815
36.0125,4.9999287309659,0.65024032771794,0.049759672282065,0.00036602803805244,-0.00038425778732254,49.759672282065,36067.708552196
36.025,4.9999335281966,0.65024032800617,0.049759671993833,0.00036420167934241,-0.00038329792892,49.759671993833,36067.708542602
36.0375,4.9999383134441,0.65024032829368,0.049759671706321,0.00036238443529099,-0.00038234046911434,49.759671706321,36067.708533031
36.05,4.9999430867383,0.65024032858047,0.049759671419527,0.00036057626040019,-0.00038138540190857,49.759671419527,36067.708523485
36.0625,4.999947848109,0.65024032886655,0.04975967113345,0.0003587771093977,-0.00038043272131993,49.75967113345,36067.708513962
36.075,4.9999525975861,0.65024032915191,0.049759670848087,0.00035698693723919,-0.00037948242138164,49.759670848087,36067.708504463
36.0875,4.9999573351993,0.65024032943656,0.049759670563437,0.00035520569909053,-0.00037853449613401,49.759670563437,36067.708494988
36.1,4.9999620609782,0.6502403297205,0.049759670279498,0.00035343335036355,-0.00037758893964401,49.759670279498,36067.708485536
36.1125,4.9999667749524,0.65024033000373,0.049759669996268,0.00035166984667819,-0.00037664574598573,49.759669996268,36067.708476108
36.125,4.9999714771513,0.65024033028625,0.049759669713746,0.00034991514388811,-0.00037570490925454,49.759669713746,36067.708466704
36.1375,4.9999761676045,0.65024033056807,0.049759669431929,0.00034816919804653,-0.00037476642354939,49.759669431929,36067.708457323
36.15,4.9999808463413,0.65024033084918,0.049759669150817,0.0003464319654449,-0.00037383028299409,49.759669150817,36067.708447966
36.1625,4.9999855133909,0.65024033112959,0.049759668870407,0.00034470340259202,-0.00037289648172667,49.759668870407,36067.708438631
36.175,4.9999901687825,0.6502403314093,0.049759668590697,0.00034298346619985,-0.00037196501389225,49.759668590697,36067.708429321
36.1875,4.9999948125454,0.65024033168831,0.049759668311685,0.00034127211321211,-0.00037103587365905,49.759668311685,36067.708420033
36.2,4.9999994447084,0.65024033196663,0.049759668033371,0.00033956930078027,-0.00037010905520596,49.759668033371,36067.708410769
36.2125,5.0000040653007,0.65024033224425,0.049759667755752,0.00033787498626585,-0.00036918455272428,49.759667755752,36067.708401528
36.225,5.0000086743512,0.65024033252117,0.049759667478827,0.00033618912725895,-0.00036826236042842,49.759667478827,36067.708392309
36.2375,5.0000132718886,0.65024033279741,0.049759667202593,0.00033451168154146,-0.00036734247253634,49.759667202593,36067.708383114
36.25,5.0000178579417,0.65024033307295,0.049759666927049,0.0003328426071186,-0.00036642488328731,49.759666927049,36067.708373942
36.2625,5.0000224325394,0.65024033334781,0.049759666652193,0.00033118186220489,-0.00036550958693482,49.759666652193,36067.708364793
36.275,5.00002699571,0.65024033362198,0.049759666378024,0.00032952940521032,-0.00036459657773946,49.759666378024,36067.708355667
36.2875,5.0000315474824,0.65024033389546,0.04975966610454,0.00032788519476841,-0.00036368584998492,49.75966610454,36067.708346563
36.3,5.0000360878848,0.65024033416826,0.049759665831739,0.00032624918971578,-0.00036277739796731,49.759665831739,36067.708337482
36.3125,5.0000406169457,0.65024033444038,0.04975966555962,0.00032462134909453,-0.00036187121599696,49.75966555962,36067.708328424
36.325,5.0000451346935,0.65024033471182,0.04975966528818,0.0003230016321448,-0.00036096729839485,49.75966528818,36067.708319389
36.3375,5.0000496411565,0.65024033498258,0.049759665017418,0.00032138999831985,-0.00036006563950153,49.759665017418,36067.708310376
36.35,5.0000541363627,0.65024033525267,0.049759664747333,0.00031978640726278,-0.00035916623366461,49.759664747333,36067.708301385
36.3625,5.0000586203404,0.65024033552208,0.049759664477922,0.00031819081882786,-0.00035826907525127,49.759664477922,36067.708292418
36.375,5.0000630931177,0.65024033579082,0.049759664209184,0.00031660319307313,-0.00035737415864467,49.759664209184,36067.708283472
36.3875,5.0000675547224,0.65024033605888,0.049759663941117,0.00031502349024693,-0.00035648147823686,49.759663941117,36067.708274549
36.4,5.0000720051825,0.65024033632628,0.04975966367372,0.00031345167080267,-0.00035559102843763,49.75966367372,36067.708265648
36.4125,5.0000764445259,0.65024033659301,0.049759663406991,0.00031188769538536,-0.00035470280366745,49.759663406991,36067.708256769
36.425,5.0000808727804,0.65024033685907,0.049759663140928,0.00031033152484009,-0.00035381679836277,49.759663140928,36067.708247913
36.4375,5.0000852899736,0.65024033712447,0.04975966287553,0.00030878312021109,-0.00035293300697603,49.75966287553,36067.708239078
36.45,5.0000896961332,0.65024033738921,0.049759662610795,0.00030724244272523,-0.00035205142396677,49.759662610795,36067.708230266
36.4625,5.0000940912868,0.65024033765328,0.049759662346721,0.00030570945381602,-0.00035117204381585,49.759662346721,36067.708221476
36.475,5.0000984754618,0.65024033791669,0.049759662083306,0.00030418411510714,-0.00035029486101656,49.759662083306,36067.708212707
36.4875,5.0001028486857,0.65024033817945,0.04975966182055,0.00030266638840535,-0.00034941987007109,49.75966182055,36067.708203961
36.5,5.0001072109859,0.65024033844155,0.04975966155845,0.00030115623571818,-0.00034854706550114,49.75966155845,36067.708195236
36.5125,5.0001115623897,0.650240338703,0.049759661297005,0.00029965361923756,-0.00034767644183908,49.759661297005,36067.708186533
36.525,5.0001159029242,0.65024033896379,0.049759661036212,0.00029815850134208,-0.00034680799362974,49.759661036212,36067.708177852
36.5375,5.0001202326167,0.65024033922393,0.049759660776071,0.00029667084460524,-0.00034594171543567,49.759660776071,36067.708169193
36.55,5.0001245514942,0.65024033948342,0.04975966051658,0.00029519061178238,-0.00034507760183011,49.75966051658,36067.708160555
36.5625,5.0001288595837,0.65024033974226,0.049759660257737,0.00029371776581889,-0.00034421564740228,49.759660257737,36067.708151939
36.575,5.0001331569123,0.65024034000046,0.049759659999541,0.00029225226983725,-0.00034335584675027,49.759659999541,36067.708143344
36.5875,5.0001374435068,0.65024034025801,0.049759659741989,0.00029079408715434,-0.00034249819449172,49.759659741989,36067.708134771
36.6,5.000141719394,0.65024034051492,0.049759659485081,0.00028934318126239,-0.00034164268525316,49.759659485081,36067.708126219
36.6125,5.0001459846007,0.65024034077119,0.049759659228815,0.00028789951583723,-0.00034078931367532,49.759659228815,36067.708117689
36.625,5.0001502391535,0.65024034102681,0.049759658973189,0.00028646305474343,-0.00033993807441668,49.759658973189,36067.70810918
36.6375,5.0001544830791,0.6502403412818,0.049759658718201,0.0002850337620124,-0.00033908896214108,49.759658718201,36067.708100692
36.65,5.0001587164041,0.65024034153615,0.04975965846385,0.00028361160186857,-0.00033824197153365,49.75965846385,36067.708092225
36.6625,5.0001629391549,0.65024034178987,0.049759658210134,0.00028219653870461,-0.00033739709728664,49.759658210134,36067.70808378
36.675,5.0001671513579,0.65024034204295,0.049759657957053,0.00028078853709847,-0.00033655433411006,49.759657957053,36067.708075355
36.6875,5.0001713530396,0.6502403422954,0.049759657704603,0.00027938756180067,-0.00033571367672458,49.759657704603,36067.708066952
36.7,5.0001755442262,0.65024034254722,0.049759657452784,0.00027799357774235,-0.00033487511986685,49.759657452784,36067.70805857
36.7125,5.0001797249438,0.65024034279841,0.049759657201594,0.00027660655001967,-0.00033403865828063,49.759657201594,36067.708050208
36.725,5.0001838952188,0.65024034304897,0.049759656951031,0.0002752264439225,-0.00033320428673456,49.759656951031,36067.708041868
36.7375,5.0001880550771,0.65024034329891,0.049759656701094,0.00027385322488646,-0.0003323719999937,49.759656701094,36067.708033548
36.75,5.0001922045448,0.65024034354822,0.049759656451782,0.00027248685854802,-0.00033154179285333,49.759656451782,36067.708025249
36.7625,5.0001963436479,0.65024034379691,0.049759656203092,0.00027112731069664,-0.0003307136601105,49.759656203092,36067.708016971
36.775,5.0002004724122,0.65024034404498,0.049759655955024,0.00026977454729752,-0.00032988759657826,49.759655955024,36067.708008713
36.7875,5.0002045908636,0.65024034429243,0.049759655707575,0.0002684285344849,-0.00032906359708207,49.759655707575,36067.708000476
36.8,5.0002086990279,0.65024034453926,0.049759655460744,0.00026708923856706,-0.00032824165646339,49.759655460744,36067.70799226
36.8125,5.0002127969307,0.65024034478547,0.04975965521453,0.00026575662601396,-0.00032742176957257,49.75965521453,36067.707984064
36.825,5.0002168845977,0.65024034503107,0.04975965496893,0.00026443066347087,-0.0003266039312777,49.75965496893,36067.707975889
36.8375,5.0002209620545,0.65024034527606,0.049759654723945,0.00026311131773744,-0.00032578813645223,49.759654723945,36067.707967734
36.85,5.0002250293267,0.65024034552043,0.049759654479571,0.00026179855579283,-0.00032497437999091,49.759654479571,36067.7079596
36.8625,5.0002290864395,0.65024034576419,0.049759654235807,0.00026049234476619,-0.00032416265679203,49.759654235807,36067.707951485
36.875,5.0002331334185,0.65024034600735,0.049759653992653,0.0002591926519731,-0.00032335296178054,49.759653992653,36067.707943391
36.8875,5.0002371702889,0.65024034624989,0.049759653750105,0.00025789944486908,-0.00032254528987963,49.759653750105,36067.707935318
36.9,5.000241197076,0.65024034649184,0.049759653508164,0.00025661269108597,-0.00032173963603377,49.759653508164,36067.707927264
36.9125,5.000245213805,0.65024034673317,0.049759653266827,0.00025533235840835,-0.00032093599519456,49.759653266827,36067.707919231
36.925,5.000249220501,0.65024034697391,0.049759653026092,0.00025405841478418,-0.00032013436232781,49.759653026092,36067.707911217
36.9375,5.0002532171891,0.65024034721404,0.049759652785959,0.00025279082833247,-0.00031933473241885,49.759652785959,36067.707903224
36.95,5.0002572038943,0.65024034745357,0.049759652546426,0.00025152956731993,-0.00031853710045837,49.759652546426,36067.70789525
36.9625,5.0002611806415,0.65024034769251,0.049759652307491,0.000250274600166,-0.00031774146144592,49.759652307491,36067.707887297
36.975,5.0002651474557,0.65024034793085,0.049759652069153,0.00024902589546444,-0.00031694781040414,49.759652069153,36067.707879363
36.9875,5.0002691043616,0.65024034816859,0.04975965183141,0.00024778342195741,-0.0003161561423628,49.75965183141,36067.707871449
37,5.000273051384,0.65024034840574,0.049759651594261,0.00024654714853478,-0.00031536645235875,49.759651594261,36067.707863555
37.0125,5.0002769885476,0.6502403486423,0.049759651357705,0.00024531704426121,-0.00031457873545371,49.759651357705,36067.707855681
37.025,5.000280915877,0.65024034887826,0.049759651121739,0.00024409307833654,-0.00031379298670942,49.759651121739,36067.707847826
37.0375,5.0002848333969,0.65024034911364,0.049759650886363,0.00024287522012834,-0.00031300920120891,49.759650886363,36067.707839991
37.05,5.0002887411316,0.65024034934843,0.049759650651574,0.00024166343914627,-0.00031222737404057,49.759650651574,36067.707832176
37.0625,5.0002926391057,0.65024034958263,0.049759650417372,0.00024045770505798,-0.00031144750030876,49.759650417372,36067.70782438
37.075,5.0002965273435,0.65024034981624,0.049759650183755,0.00023925798768831,-0.00031066957513382,49.759650183755,36067.707816604
37.0875,5.0003004058694,0.65024035004928,0.049759649950722,0.00023806425699942,-0.00030989359363964,49.759649950722,36067.707808846
37.1,5.0003042747076,0.65024035028173,0.04975964971827,0.00023687648310927,-0.00030911955096613,49.75964971827,36067.707801109
37.1125,5.0003081338824,0.6502403505136,0.0497596494864,0.00023569463629089,-0.00030834744226915,49.7596494864,36067.70779339
37.125,5.0003119834178,0.65024035074489,0.049759649255108,0.00023451868696345,-0.00030757726271524,49.759649255108,36067.707785691
37.1375,5.000315823338,0.65024035097561,0.049759649024394,0.00023334860568622,-0.00030680900747804,49.759649024394,36067.707778012
37.15,5.000319653667,0.65024035120574,0.049759648794256,0.00023218436317411,-0.00030604267174894,49.759648794256,36067.707770351
37.1625,5.0003234744288,0.65024035143531,0.049759648564694,0.00023102593027807,-0.00030527825072468,49.759648564694,36067.707762709
37.175,5.0003272856472,0.6502403516643,0.049759648335704,0.000229873278006,-0.00030451573962154,49.759648335704,36067.707755087
37.1875,5.0003310873461,0.65024035189271,0.049759648107287,0.00022872637750851,-0.00030375513366643,49.759648107287,36067.707747484
37.2,5.0003348795493,0.65024035212056,0.04975964787944,0.00022758520007031,-0.00030299642809162,49.75964787944,36067.707739899
37.2125,5.0003386622805,0.65024035234784,0.049759647652162,0.00022644971713627,-0.00030223961815246,49.759647652162,36067.707732334
37.225,5.0003424355634,0.65024035257455,0.049759647425452,0.00022531990027597,-0.00030148469910429,49.759647425452,36067.707724787
37.2375,5.0003461994216,0.65024035280069,0.049759647199308,0.00022419572121246,-0.00030073166622202,49.759647199308,36067.707717259
37.25,5.00034995388,0.65024035302627,0.049759646973729,0.00022307715138813,-0.00029998051450875,49.759646973729,36067.70770975
37.2625,5.0003536989612,0.65024035325129,0.049759646748713,0.00022196416309197,-0.00029923123945252,49.759646748713,36067.70770226
37.275,5.0003574346883,0.65024035347574,0.04975964652426,0.00022085672855113,-0.00029848383641884,49.75964652426,36067.707694789
37.2875,5.0003611610846,0.65024035369963,0.049759646300367,0.00021975482008479,-0.00029773830075364,49.759646300367,36067.707687336
37.3,5.0003648781733,0.65024035392297,0.049759646077033,0.00021865841012244,-0.00029699462779575,49.759646077033,36067.707679902
37.3125,5.0003685859776,0.65024035414574,0.049759645854257,0.00021756747122183,-0.00029625281288936,49.759645854257,36067.707672486
37.325,5.0003722845209,0.65024035436796,0.049759645632038,0.00021648197607367,-0.00029551285138751,49.759645632038,36067.707665089
37.3375,5.0003759738262,0.65024035458963,0.049759645410373,0.00021540189751658,-0.0002947747386628,49.759645410373,36067.70765771
37.35,5.0003796539165,0.65024035481074,0.049759645189262,0.00021432720850785,-0.0002940384700878,49.759645189262,36067.70765035
37.3625,5.000383324815,0.6502403550313,0.049759644968704,0.00021325788215399,-0.00029330404105643,49.759644968704,36067.707643008
37.375,5.0003869865446,0.6502403552513,0.049759644748696,0.00021219389168933,-0.0002925714469697,49.759644748696,36067.707635685
37.3875,5.0003906391281,0.65024035547076,0.049759644529238,0.00021113521047803,-0.00029184068323751,49.759644529238,36067.70762838
37.4,5.0003942825885,0.65024035568967,0.049759644310328,0.00021008181202376,-0.00029111174528573,49.759644310328,36067.707621093
37.4125,5.0003979169485,0.65024035590803,0.049759644091965,0.00020903366996388,-0.00029038462855269,49.759644091965,36067.707613824
37.425,5.0004015422309,0.65024035612585,0.049759643874148,0.00020799075805349,-0.00028965932847846,49.759643874148,36067.707606574
37.4375,5.0004051584584,0.65024035634313,0.049759643656874,0.00020695305020063,-0.0002889358405298,49.759643656874,36067.707599341
37.45,5.0004087656535,0.65024035655986,0.049759643440143,0.00020592052042729,-0.00028821416017344,49.759643440143,36067.707592127
37.4625,5.0004123638388,0.65024035677605,0.049759643223953,0.00020489314288676,-0.00028749428288855,49.759643223953,36067.70758493
37.475,5.0004159530369,0.6502403569917,0.049759643008304,0.00020387089186803,-0.00028677620417028,49.759643008304,36067.707577752
37.4875,5.0004195332702,0.65024035720681,0.049759642793193,0.00020285374178253,-0.00028605991952091,49.759642793193,36067.707570592
37.5,5.0004231045612,0.65024035742138,0.049759642578619,0.0002018416671736,-0.00028534542445691,49.759642578619,36067.707563449
37.5125,5.000426666932,0.65024035763542,0.049759642364581,0.00020083464270841,-0.00028463271450363,49.759642364581,36067.707556324
37.525,5.0004302204051,0.65024035784892,0.049759642151078,0.00019983264317731,-0.00028392178519532,49.759642151078,36067.707549217
37.5375,5.0004337650027,0.65024035806189,0.049759641938108,0.00019883564351331,-0.0002832126320893,49.759641938108,36067.707542128
37.55,5.0004373007468,0.65024035827433,0.04975964172567,0.00019784361874892,-0.00028250525073581,49.75964172567,36067.707535057
37.5625,5.0004408276598,0.65024035848624,0.049759641513762,0.00019685654406062,-0.00028179963670993,49.759641513762,36067.707528003
37.575,5.0004443457636,0.65024035869762,0.049759641302384,0.00019587439474818,-0.00028109578559743,49.759641302384,36067.707520966
37.5875,5.0004478550802,0.65024035890847,0.049759641091534,0.00019489714622175,-0.00028039369298583,49.759641091534,36067.707513948
37.6,5.0004513556315,0.65024035911879,0.049759640881211,0.00019392477402611,-0.00027969335448219,49.759640881211,36067.707506947
37.6125,5.0004548474396,0.65024035932859,0.049759640671412,0.0001929572538227,-0.0002789947657007,49.759640671412,36067.707499963
37.625,5.0004583305262,0.65024035953786,0.049759640462138,0.00019199456139161,-0.00027829792226441,49.759640462138,36067.707492997
37.6375,5.0004618049131,0.65024035974661,0.049759640253387,0.00019103667264323,-0.00027760281981415,49.759640253387,36067.707486048
37.65,5.000465270622,0.65024035995484,0.049759640045157,0.00019008356360541,-0.00027690945399961,49.759640045157,36067.707479117
37.6625,5.0004687276747,0.65024036016255,0.049759639837447,0.00018913521041561,-0.00027621782047405,49.759639837447,36067.707472203
37.675,5.0004721760927,0.65024036036974,0.049759639630255,0.00018819158934231,-0.00027552791491026,49.759639630255,36067.707465306
37.6875,5.0004756158977,0.65024036057642,0.049759639423582,0.00018725267676736,-0.00027483973298814,49.759639423582,36067.707458426
37.7,5.0004790471111,0.65024036078258,0.049759639217424,0.00018631844919032,-0.00027415327039826,49.759639217424,36067.707451564
37.7125,5.0004824697545,0.65024036098822,0.049759639011782,0.00018538888323515,-0.00027346852284715,49.759639011782,36067.707444718
37.725,5.0004858838491,0.65024036119335,0.049759638806653,0.00018446395563033,-0.00027278548604315,49.759638806653,36067.70743789
37.7375,5.0004892894165,0.65024036139796,0.049759638602036,0.00018354364322763,-0.00027210415571055,49.759638602036,36067.707431079
37.75,5.0004926864778,0.65024036160207,0.049759638397931,0.00018262792299434,-0.00027142452758433,49.759638397931,36067.707424285
37.7625,5.0004960750544,0.65024036180567,0.049759638194335,0.00018171677201031,-0.00027074659740833,49.759638194335,36067.707417508
37.775,5.0004994551674,0.65024036200875,0.049759637991248,0.00018081016747223,-0.00027007036093885,49.759637991248,36067.707410748
37.7875,5.000502826838,0.65024036221133,0.049759637788668,0.00017990808669304,-0.00026939581394458,49.759637788668,36067.707404004
37.8,5.0005061900872,0.65024036241341,0.049759637586594,0.00017901050709192,-0.0002687229521996,49.759637586594,36067.707397278
37.8125,5.0005095449362,0.65024036261498,0.049759637385024,0.00017811740620562,-0.00026805177149214,49.759637385024,36067.707390568
37.825,5.0005128914059,0.65024036281604,0.049759637183959,0.00017722876168085,-0.00026738226761935,49.759637183959,36067.707383875
37.8375,5.0005162295172,0.65024036301661,0.049759636983395,0.00017634455127843,-0.00026671443639081,49.759636983395,36067.707377199
37.85,5.000519559291,0.65024036321667,0.049759636783332,0.0001754647528681,-0.00026604827362497,49.759636783332,36067.707370539
37.8625,5.0005228807482,0.65024036341623,0.049759636583769,0.00017458934442799,-0.00026538377514917,49.759636583769,36067.707363896
37.875,5.0005261939095,0.6502403636153,0.049759636384705,0.00017371830405349,-0.00026472093680674,49.759636384705,36067.70735727
37.8875,5.0005294987956,0.65024036381386,0.049759636186137,0.00017285160994496,-0.0002640597544481,49.759636186137,36067.70735066
37.9,5.0005327954273,0.65024036401193,0.049759635988066,0.00017198924040732,-0.00026340022393079,49.759635988066,36067.707344067
37.9125,5.0005360838251,0.65024036420951,0.049759635790489,0.00017113117386117,-0.00026274234112833,49.759635790489,36067.70733749
37.925,5.0005393640096,0.65024036440659,0.049759635593406,0.0001702773888306,-0.00026208610192135,49.759635593406,36067.70733093
37.9375,5.0005426360014,0.65024036460319,0.049759635396815,0.00016942786394277,-0.0002614315021976,49.759635396815,36067.707324386
37.95,5.0005458998208,0.65024036479929,0.049759635200715,0.00016858257794587,-0.0002607785378661,49.759635200715,36067.707317858
37.9625,5.0005491554884,0.6502403649949,0.049759635005105,0.00016774150967856,-0.00026012720483415,49.759635005105,36067.707311347
37.975,5.0005524030245,0.65024036519002,0.049759634809983,0.00016690463809263,-0.000259477499025,49.759634809983,36067.707304852
37.9875,5.0005556424494,0.65024036538465,0.049759634615349,0.0001660719422455,-0.00025882941637256,49.759634615349,36067.707298373
38,5.0005588737833,0.6502403655788,0.049759634421201,0.00016524340129748,-0.00025818295281965,49.759634421201,36067.70729191
38.0125,5.0005620970465,0.65024036577246,0.049759634227538,0.00016441899450675,-0.00025753810431439,49.759634227538,36067.707285464
38.025,5.0005653122592,0.65024036596564,0.049759634034358,0.00016359870125158,-0.00025689486682801,49.759634034358,36067.707279033
38.0375,5.0005685194414,0.65024036615834,0.049759633841661,0.00016278250099805,-0.00025625323632994,49.759633841661,36067.707272619
38.05,5.0005717186133,0.65024036635055,0.049759633649445,0.00016197037331551,-0.0002556132088003,49.759633649445,36067.707266221
38.0625,5.0005749097947,0.65024036654229,0.04975963345771,0.00016116229788282,-0.00025497478023517,49.75963345771,36067.707259838
38.075,5.0005780930058,0.65024036673355,0.049759633266453,0.00016035825447882,-0.00025433794663954,49.759633266453,36067.707253472
38.0875,5.0005812682663,0.65024036692433,0.049759633075674,0.00015955822297742,-0.00025370270402369,49.759633075674,36067.707247121
38.1,5.0005844355963,0.65024036711463,0.049759632885371,0.00015876218336056,-0.00025306904841393,49.759632885371,36067.707240787
38.1125,5.0005875950154,0.65024036730446,0.049759632695544,0.00015797011570208,-0.0002524369758401,49.759632695544,36067.707234468
38.125,5.0005907465434,0.65024036749381,0.049759632506191,0.00015718200018511,-0.00025180648234979,49.759632506191,36067.707228165
38.1375,5.0005938902001,0.65024036768269,0.04975963231731,0.00015639781707933,-0.00025117756399062,49.75963231731,36067.707221877
38.15,5.0005970260051,0.6502403678711,0.049759632128902,0.00015561754676276,-0.00025055021682796,49.759632128902,36067.707215606
38.1625,5.0006001539781,0.65024036805904,0.049759631940964,0.00015484116971017,-0.00024992443693606,49.759631940964,36067.70720935
38.175,5.0006032741385,0.6502403682465,0.049759631753496,0.000154068666486,-0.00024930022039271,49.759631753496,36067.707203109
38.1875,5.000606386506,0.6502403684335,0.049759631566495,0.00015330001776598,-0.00024867756329705,49.759631566495,36067.707196885
38.2,5.0006094911,0.65024036862004,0.049759631379962,0.00015253520431021,-0.00024805646174819,49.759631379962,36067.707190676
38.2125,5.0006125879399,0.65024036880611,0.049759631193895,0.00015177420698033,-0.00024743691185947,49.759631193895,36067.707184482
38.225,5.000615677045,0.65024036899171,0.049759631008292,0.00015101700672814,-0.00024681890974954,49.759631008292,36067.707178304
38.2375,5.0006187584348,0.65024036917685,0.049759630823153,0.00015026358460386,-0.00024620245154949,49.759630823153,36067.707172141
38.25,5.0006218321284,0.65024036936152,0.049759630638476,0.00014951392175569,-0.00024558753340287,49.759630638476,36067.707165993
38.2625,5.0006248981452,0.65024036954574,0.049759630454261,0.00014876799942278,-0.0002449741514603,49.759630454261,36067.707159861
38.275,5.0006279565042,0.65024036972949,0.049759630270506,0.00014802579893923,-0.00024436230188307,49.759630270506,36067.707153745
38.2875,5.0006310072246,0.65024036991279,0.049759630087209,0.00014728730172495,-0.00024375198083604,49.759630087209,36067.707147643
38.3,5.0006340503256,0.65024037009563,0.049759629904371,0.00014655248930467,-0.00024314318450358,49.759629904371,36067.707141557
38.3125,5.0006370858261,0.65024037027801,0.049759629721989,0.00014582134329021,-0.00024253590907541,49.759629721989,36067.707135486
38.325,5.0006401137451,0.65024037045994,0.049759629540062,0.00014509384538014,-0.00024193015074658,49.759629540062,36067.70712943
38.3375,5.0006431341015,0.65024037064141,0.04975962935859,0.00014436997737216,-0.00024132590572812,49.75962935859,36067.707123389
38.35,5.0006461469143,0.65024037082243,0.049759629177572,0.00014364972114772,-0.0002407231702346,49.759629177572,36067.707117364
38.3625,5.0006491522023,0.65024037100299,0.049759628997005,0.00014293305868229,-0.00024012194049305,49.759628997005,36067.707111353
38.375,5.0006521499844,0.65024037118311,0.049759628816889,0.00014221997204485,-0.00023952221274293,49.759628816889,36067.707105358
38.3875,5.0006551402791,0.65024037136278,0.049759628637224,0.00014151044339117,-0.00023892398323078,49.759628637224,36067.707099377
38.4,5.0006581231053,0.65024037154199,0.049759628458007,0.00014080445496546,-0.00023832724821204,49.759628458007,36067.707093411
38.4125,5.0006610984816,0.65024037172076,0.049759628279237,0.0001401019890937,-0.00023773200394572,49.759628279237,36067.707087461
38.425,5.0006640664267,0.65024037189909,0.049759628100914,0.00013940302820214,-0.00023713824671034,49.759628100914,36067.707081525
38.4375,5.000667026959,0.65024037207696,0.049759627923037,0.00013870755480003,-0.00023654597278977,49.759627923037,36067.707075604
38.45,5.0006699800971,0.6502403722544,0.049759627745603,0.00013801555148137,-0.00023595517847497,49.759627745603,36067.707069697
38.4625,5.0006729258595,0.65024037243139,0.049759627568613,0.00013732700093281,-0.00023536586007111,49.759627568613,36067.707063806
38.475,5.0006758642647,0.65024037260793,0.049759627392065,0.0001366418859187,-0.00023477801388516,49.759627392065,36067.707057929
38.4875,5.0006787953309,0.65024037278404,0.049759627215958,0.00013596018929318,-0.0002341916362365,49.759627215958,36067.707052067
38.5,5.0006817190765,0.65024037295971,0.04975962704029,0.00013528189400178,-0.00023360672345873,49.75962704029,36067.707046219
38.5125,5.0006846355198,0.65024037313494,0.049759626865062,0.00013460698306863,-0.00023302327188901,49.759626865062,36067.707040387
38.525,5.0006875446791,0.65024037330973,0.049759626690271,0.00013393543960639,-0.00023244127787692,49.759626690271,36067.707034568
38.5375,5.0006904465725,0.65024037348408,0.049759626515916,0.00013326724680762,-0.00023186073777737,49.759626515917,36067.707028764
38.55,5.0006933412182,0.650240373658,0.049759626341998,0.00013260238795261,-0.00023128164795772,49.759626341998,36067.707022975
38.5625,5.0006962286343,0.65024037383149,0.049759626168513,0.00013194084640485,-0.00023070400479419,49.759626168513,36067.7070172
38.575,5.0006991088389,0.65024037400454,0.049759625995462,0.00013128260560458,-0.00023012780466658,49.759625995462,36067.70701144
38.5875,5.0007019818499,0.65024037417716,0.049759625822843,0.00013062764908669,-0.00022955304397421,49.759625822843,36067.707005694
38.6,5.0007048476854,0.65024037434935,0.049759625650655,0.00012997596045796,-0.0002289797191164,49.759625650655,36067.706999962
38.6125,5.0007077063633,0.6502403745211,0.049759625478897,0.00012932752341291,-0.00022840782650668,49.759625478897,36067.706994245
38.625,5.0007105579014,0.65024037469243,0.049759625307568,0.00012868232171934,-0.00022783736256038,49.759625307568,36067.706988542
38.6375,5.0007134023176,0.65024037486333,0.049759625136667,0.00012804033923799,-0.00022726832371234,49.759625136667,36067.706982853
38.65,5.0007162396297,0.65024037503381,0.049759624966193,0.00012740155990212,-0.00022670070639919,49.759624966193,36067.706977178
38.6625,5.0007190698554,0.65024037520386,0.049759624796145,0.00012676596772714,-0.00022613450706821,49.759624796145,36067.706971518
38.675,5.0007218930125,0.65024037537348,0.049759624626521,0.00012613354680626,-0.0002255697221738,49.759624626521,36067.706965872
38.6875,5.0007247091185,0.65024037554268,0.049759624457321,0.0001255042813141,-0.00022500634818101,49.759624457321,36067.706960239
38.7,5.0007275181912,0.65024037571146,0.049759624288543,0.00012487815550826,-0.00022444438156732,49.759624288543,36067.706954621
38.7125,5.000730320248,0.65024037587981,0.049759624120188,0.00012425515371906,-0.00022388381881377,49.759624120188,36067.706949017
38.725,5.0007331153065,0.65024037604775,0.049759623952252,0.00012363526035515,-0.00022332465641028,49.759623952252,36067.706943427
38.7375,5.0007359033842,0.65024037621526,0.049759623784736,0.00012301845990506,-0.00022276689085743,49.759623784736,36067.706937851
38.75,5.0007386844986,0.65024037638236,0.049759623617638,0.00012240473693295,-0.00022221051866289,49.759623617638,36067.706932289
38.7625,5.0007414586669,0.65024037654904,0.049759623450958,0.00012179407608019,-0.00022165553634323,49.759623450958,36067.70692674
38.775,5.0007442259066,0.65024037671531,0.049759623284694,0.00012118646207281,-0.00022110194043101,49.759623284694,36067.706921206
38.7875,5.000746986235,0.65024037688115,0.049759623118845,0.00012058187970351,-0.00022054972745877,49.759623118845,36067.706915685
38.8,5.0007497396694,0.65024037704659,0.049759622953411,0.00011998031384119,-0.00021999889396795,49.759622953411,36067.706910178
38.8125,5.0007524862269,0.65024037721161,0.04975962278839,0.0001193817494363,-0.0002194494365142,49.75962278839,36067.706904685
38.825,5.0007552259247,0.65024037737622,0.04975962262378,0.000118786171507,-0.00021890135165492,49.75962262378,36067.706899206
38.8375,5.00075795878,0.65024037754042,0.049759622459582,0.00011819356515422,-0.00021835463596354,49.759622459582,36067.70689374
38.85,5.0007606848099,0.65024037770421,0.049759622295794,0.0001176039155459,-0.00021780928601522,49.759622295794,36067.706888288
38.8625,5.0007634040315,0.65024037786758,0.049759622132415,0.00011701720792628,-0.00021726529839583,49.759622132415,36067.706882849
38.875,5.0007661164616,0.65024037803056,0.049759621969444,0.00011643342761936,-0.0002167226697054,49.759621969444,36067.706877425
38.8875,5.0007688221174,0.65024037819312,0.049759621806881,0.00011585256001325,-0.000216181396544,49.759621806881,36067.706872013
38.9,5.0007715210157,0.65024037835528,0.049759621644723,0.00011527459057322,-0.00021564147552411,49.759621644723,36067.706866615
38.9125,5.0007742131733,0.65024037851703,0.04975962148297,0.0001146995048375,-0.00021510290326709,49.75962148297,36067.706861231
38.925,5.0007768986072,0.65024037867838,0.049759621321621,0.00011412728841889,-0.00021456567640499,49.759621321621,36067.70685586
38.9375,5.0007795773342,0.65024037883932,0.049759621160675,0.000113557926993,-0.00021402979156981,49.759621160675,36067.706850503
38.95,5.0007822493709,0.65024037899987,0.049759621000131,0.0001129914063169,-0.00021349524541137,49.759621000131,36067.706845159
38.9625,5.0007849147342,0.65024037916001,0.049759620839988,0.00011242771221548,-0.00021296203458476,49.759620839988,36067.706839828
38.975,5.0007875734406,0.65024037931975,0.049759620680245,0.00011186683058119,-0.00021243015575045,49.759620680245,36067.706834511
38.9875,5.0007902255068,0.6502403794791,0.049759620520901,0.00011130874738119,-0.00021189960558132,49.759620520901,36067.706829206
39,5.0007928709494,0.65024037963804,0.049759620361955,0.00011075344864769,-0.00021137038075381,49.759620361955,36067.706823916
39.0125,5.000795509785,0.65024037979659,0.049759620203406,0.0001102009204888,-0.00021084247795855,49.759620203406,36067.706818638
39.025,5.00079814203,0.65024037995475,0.049759620045253,0.00010965114908071,-0.00021031589389331,49.759620045253,36067.706813373
39.0375,5.0008007677009,0.65024038011251,0.049759619887495,0.00010910412066556,-0.00020979062526116,49.759619887495,36067.706808122
39.05,5.0008033868141,0.65024038026987,0.049759619730131,0.00010855982154932,-0.00020926666876875,49.759619730131,36067.706802884
39.0625,5.000805999386,0.65024038042684,0.04975961957316,0.00010801823812168,-0.00020874402114579,49.75961957316,36067.706797659
39.075,5.000808605433,0.65024038058342,0.049759619416581,0.00010747935682814,-0.00020822267911846,49.759619416581,36067.706792447
39.0875,5.0008112049713,0.65024038073961,0.049759619260393,0.00010694316418437,-0.0002077026394236,49.759619260393,36067.706787248
39.1,5.0008137980173,0.65024038089541,0.049759619104595,0.00010640964677048,-0.00020718389880336,49.759619104595,36067.706782061
39.1125,5.0008163845871,0.65024038105081,0.049759618949186,0.00010587879123977,-0.00020666645401413,49.759618949186,36067.706776888
39.125,5.0008189646968,0.65024038120583,0.049759618794165,0.0001053505843093,-0.00020615030181759,49.759618794165,36067.706771728
39.1375,5.0008215383627,0.65024038136047,0.049759618639532,0.00010482501276322,-0.00020563543898433,49.759618639532,36067.706766581
39.15,5.0008241056009,0.65024038151472,0.049759618485284,0.00010430206344704,-0.00020512186228849,49.759618485284,36067.706761446
39.1625,5.0008266664273,0.65024038166858,0.049759618331422,0.00010378172328359,-0.00020460956852375,49.759618331422,36067.706756325
39.175,5.0008292208581,0.65024038182206,0.049759618177945,0.00010326397924561,-0.00020409855447667,49.759618177945,36067.706751216
39.1875,5.0008317689091,0.65024038197515,0.04975961802485,0.00010274881838073,-0.00020358881695159,49.75961802485,36067.70674612
39.2,5.0008343105964,0.65024038212786,0.049759617872138,0.00010223622779854,-0.00020308035275818,49.759617872138,36067.706741036
39.2125,5.0008368459358,0.65024038228019,0.049759617719807,0.00010172619467029,-0.00020257315871142,49.759617719807,36067.706735966
39.225,5.0008393749431,0.65024038243214,0.049759617567857,0.00010121870624111,-0.00020206723164407,49.759617567857,36067.706730908
39.2375,5.0008418976343,0.65024038258371,0.049759617416286,0.00010071374980472,-0.00020156256838177,49.759617416286,36067.706725862
39.25,5.000844414025,0.65024038273491,0.049759617265094,0.00010021131273521,-0.00020105916577506,49.759617265094,36067.706720829
39.2625,5.0008469241311,0.65024038288572,0.049759617114279,9.9711382456458e-05,-0.00020055702066912,49.759617114279,36067.706715809
39.275,5.0008494279681,0.65024038303616,0.049759616963841,9.9213946456161e-05,-0.00020005612991802,49.759616963841,36067.706710801
39.2875,5.0008519255519,0.65024038318622,0.049759616813779,9.8718992292509e-05,-0.00019955649039183,49.759616813779,36067.706705806
39.3,5.0008544168979,0.65024038333591,0.049759616664091,9.8226507581538e-05,-0.00019905809896414,49.759616664091,36067.706700824
39.3125,5.0008569020218,0.65024038348522,0.049759616514778,9.7736479998642e-05,-0.00019856095251392,49.759616514778,36067.706695853
39.325,5.0008593809391,0.65024038363416,0.049759616365837,9.7248897280056e-05,-0.00019806504792719,49.759616365837,36067.706690896
39.3375,5.0008618536653,0.65024038378273,0.049759616217268,9.6763747229533e-05,-0.00019757038210422,49.759616217268,36067.70668595
39.35,5.000864320216,0.65024038393093,0.049759616069071,9.6281017711045e-05,-0.00019707695195237,49.759616069071,36067.706681017
39.3625,5.0008667806064,0.65024038407876,0.049759615921243,9.580069663984e-05,-0.00019658475437723,49.759615921243,36067.706676096
39.375,5.000869234852,0.65024038422622,0.049759615773785,9.5322772003004e-05,-0.00019609378630392,49.759615773785,36067.706671188
39.3875,5.0008716829682,0.65024038437331,0.049759615626695,9.4847231838363e-05,-0.00019560404465579,49.759615626695,36067.706666291
39.4,5.0008741249702,0.65024038452003,0.049759615479972,9.4374064249777e-05,-0.00019511552637042,49.759615479972,36067.706661407
39.4125,5.0008765608734,0.65024038466638,0.049759615333615,9.3903257396506e-05,-0.00019462822838889,49.759615333615,36067.706656536
39.425,5.000878990693,0.65024038481238,0.049759615187625,9.3434799501521e-05,-0.00019414214766478,49.759615187625,36067.706651676
39.4375,5.0008814144441,0.650240384958,0.049759615041999,9.2968678840945e-05,-0.00019365728115339,49.759615041999,36067.706646828
39.45,5.0008838321419,0.65024038510326,0.049759614896736,9.2504883752348e-05,-0.00019317362582072,49.759614896736,36067.706641993
39.4625,5.0008862438016,0.65024038524816,0.049759614751836,9.2043402632743e-05,-0.00019269117864162,49.759614751836,36067.70663717
39.475,5.0008886494382,0.6502403853927,0.049759614607299,9.1584223936605e-05,-0.00019220993659808,49.759614607299,36067.706632358
39.4875,5.0008910490668,0.65024038553688,0.049759614463122,9.1127336170538e-05,-0.00019172989667382,49.759614463122,36067.706627559
39.5,5.0008934427024,0.65024038568069,0.049759614319305,9.0672727908235e-05,-0.00019125105587037,49.759614319305,36067.706622772
39.5125,5.0008958303599,0.65024038582415,0.049759614175847,9.0220387773286e-05,-0.00019077341118923,49.759614175847,36067.706617997
39.525,5.0008982120543,0.65024038596725,0.049759614032748,8.9770304445703e-05,-0.00019029695963901,49.759614032748,36067.706613233
39.5375,5.0009005878005,0.65024038610999,0.049759613890006,8.9322466665002e-05,-0.000189821698239,49.759613890006,36067.706608482
39.55,5.0009029576133,0.65024038625238,0.049759613747621,8.8876863228236e-05,-0.00018934762401734,49.759613747621,36067.706603742
39.5625,5.0009053215076,0.65024038639441,0.049759613605591,8.8433482986385e-05,-0.00018887473400753,49.759613605591,36067.706599014
39.575,5.0009076794981,0.65024038653608,0.049759613463916,8.7992314844121e-05,-0.00018840302524836,49.759613463916,36067.706594298
39.5875,5.0009100315996,0.65024038667741,0.049759613322595,8.7553347762883e-05,-0.00018793249478755,49.759613322595,36067.706589594
39.6,5.0009123778268,0.65024038681837,0.049759613181626,8.7116570760597e-05,-0.00018746313968165,49.759613181626,36067.706584902
39.6125,5.0009147181944,0.65024038695899,0.04975961304101,8.6681972909757e-05,-0.00018699495699437,49.75961304101,36067.706580221
39.625,5.000917052717,0.65024038709926,0.049759612900745,8.6249543338814e-05,-0.00018652794379825,49.759612900745,36067.706575552
39.6375,5.0009193814092,0.65024038723917,0.04975961276083,8.5819271223706e-05,-0.00018606209716587,49.75961276083,36067.706570894
39.65,5.0009217042856,0.65024038737874,0.049759612621265,8.5391145800772e-05,-0.000185597414184,49.759612621265,36067.706566249
39.6625,5.0009240213607,0.65024038751795,0.049759612482048,8.4965156359889e-05,-0.00018513389194652,49.759612482048,36067.706561615
39.675,5.000926332649,0.65024038765682,0.049759612343179,8.4541292240979e-05,-0.00018467152755086,49.759612343179,36067.706556992
39.6875,5.000928638165,0.65024038779534,0.049759612204657,8.4119542840281e-05,-0.00018421031810512,49.759612204657,36067.706552381
39.7,5.000930937923,0.65024038793352,0.04975961206648,8.3699897605217e-05,-0.0001837502607227,49.75961206648,36067.706547781
39.7125,5.0009332319375,0.65024038807135,0.049759611928649,8.3282346035776e-05,-0.00018329135252415,49.759611928649,36067.706543193
39.725,5.0009355202227,0.65024038820884,0.049759611791162,8.2866877687488e-05,-0.00018283359064064,49.759611791162,36067.706538617
39.7375,5.0009378027931,0.65024038834598,0.049759611654019,8.2453482161505e-05,-0.00018237697220336,49.759611654019,36067.706534052
39.75,5.0009400796628,0.65024038848278,0.049759611517217,8.2042149117255e-05,-0.0001819214943577,49.759611517217,36067.706529498
39.7625,5.0009423508462,0.65024038861924,0.049759611380758,8.163286826253e-05,-0.0001814671542526,49.759611380758,36067.706524956
39.775,5.0009446163574,0.65024038875536,0.049759611244639,8.1225629356471e-05,-0.00018101394904413,49.759611244639,36067.706520425
39.7875,5.0009468762107,0.65024038889114,0.049759611108861,8.0820422210923e-05,-0.00018056187589721,49.759611108861,36067.706515905
39.8,5.00094913042,0.65024038902658,0.049759610973421,8.0417236690171e-05,-0.00018011093198567,49.759610973421,36067.706511396
39.8125,5.0009513789996,0.65024038916168,0.04975961083832,8.0016062702776e-05,-0.00017966111448331,49.75961083832,36067.706506899
39.825,5.0009536219635,0.65024038929644,0.049759610703556,7.9616890217192e-05,-0.00017921242058172,49.759610703556,36067.706502413
39.8375,5.0009558593256,0.65024038943087,0.049759610569128,7.9219709240954e-05,-0.00017876484746715,49.759610569128,36067.706497939
39.85,5.0009580911001,0.65024038956496,0.049759610435037,7.8824509836278e-05,-0.00017831839233828,49.759610435037,36067.706493475
39.862500000001,5.0009603173009,0.65024038969872,0.04975961030128,7.8431282121337e-05,-0.00017787305240802,49.75961030128,36067.706489023
39.875000000001,5.0009625379419,0.65024038983214,0.049759610167857,7.8040016255885e-05,-0.00017742882488747,49.759610167857,36067.706484581
39.887500000001,5.0009647530369,0.65024038996523,0.049759610034768,7.7650702447359e-05,-0.00017698570699309,49.759610034768,36067.706480151
39.900000000001,5.0009669625999,0.65024039009799,0.04975960990201,7.7263330956885e-05,-0.00017654369595377,49.75960990201,36067.706475732
39.912500000001,5.0009691666446,0.65024039023042,0.049759609769585,7.6877892094335e-05,-0.00017610278900548,49.759609769585,36067.706471324
39.925000000001,5.0009713651848,0.65024039036251,0.04975960963749,7.6494376216555e-05,-0.00017566298338956,49.75960963749,36067.706466927
39.937500000001,5.0009735582344,0.65024039049427,0.049759609505725,7.6112773728693e-05,-0.00017522427635441,49.759609505725,36067.706462541
39.950000000001,5.0009757458069,0.65024039062571,0.049759609374289,7.5733075082439e-05,-0.0001747866651538,49.759609374289,36067.706458166
39.962500000001,5.0009779279161,0.65024039075682,0.049759609243182,7.535527077581e-05,-0.00017435014704681,49.759609243182,36067.706453801
39.975000000001,5.0009801045756,0.6502403908876,0.049759609112401,7.4979351359077e-05,-0.00017391471930495,49.759609112401,36067.706449448
39.987500000001,5.0009822757991,0.65024039101805,0.049759608981948,7.4605307428369e-05,-0.00017348037920506,49.759608981948,36067.706445106
40,5.0009844416001,0.65024039114818,0.04975960885182,7.4233129625465e-05,-0.00017304712402932,49.75960885182,36067.706440774
