time,aq_si,fluid_min,phi_min,power,rate,solid_mass,water
0,1,0.65,0.05,6426.8267911346,-1.6101405902947,50,36075.708409659
0.003125,1.0050160520612,0.65000030137946,0.049999698620544,6386.9427905353,-1.60513665958,49.999698620544,36075.698377554
0.00625,1.0100165926806,0.65000060182694,0.049999398173062,6347.5024063663,-1.6001729982076,49.999398173062,36075.688376473
0.009375,1.0150017458376,0.6500009013499,0.049999098650105,6308.4979522113,-1.5952490102314,49.999098650105,36075.678406167
0.0125,1.0199716336896,0.65000119995567,0.049998800044333,6269.9219256967,-1.5903641126669,49.998800044333,36075.668466391
0.015625,1.0249263766119,0.65000149765149,0.049998502348514,6231.7670028526,-1.5855177351201,49.998502348514,36075.658556905
0.01875,1.0298660932351,0.65000179444448,0.04999820555552,6194.0260326848,-1.5807093194292,49.99820555552,36075.648677472
0.021875,1.034790900483,0.65000209034167,0.049997909658326,6156.6920319477,-1.5759383193194,49.997909658326,36075.638827858
0.025,1.0397009136082,0.65000238534999,0.049997614650008,6119.7581801089,-1.5712042000692,49.997614650008,36075.629007831
0.028125,1.0445962462275,0.65000267947626,0.049997320523738,6083.2178144991,-1.566506438189,49.997320523738,36075.619217166
0.03125,1.049477010356,0.65000297272721,0.049997027272787,6047.0644256375,-1.5618445211101,49.997027272787,36075.609455638
0.034375,1.05434331644,0.65000326510948,0.049996734890518,6011.291652725,-1.5572179468848,49.996734890518,36075.599723026
0.0375,1.0591952733897,0.65000355662961,0.049996443370389,5975.8932793002,-1.5526262238962,49.996443370389,36075.590019112
0.040625,1.0640329886103,0.65000384729405,0.049996152705945,5940.8632290491,-1.5480688705786,49.996152705945,36075.580343681
0.04375,1.0688565680326,0.65000413710918,0.049995862890823,5906.1955617634,-1.5435454151467,49.995862890823,36075.570696523
0.046875,1.073666116143,0.65000442608126,0.049995573918744,5871.8844694401,-1.5390553953337,49.995573918744,36075.561077426
0.05,1.0784617360122,0.65000471421648,0.049995285783515,5837.9242725182,-1.5345983581384,49.995285783515,36075.551486187
0.053125,1.0832435293234,0.65000500152097,0.049994998479028,5804.309416245,-1.530173859581,49.994998479028,36075.5419226
0.05625,1.0880115963998,0.65000528800075,0.049994711999254,5771.0344671681,-1.5257814644656,49.994711999254,36075.532386466
0.059375,1.0927660362316,0.65000557366175,0.049994426338245,5738.0941097472,-1.5214207461522,49.994426338245,36075.522877586
0.0625,1.0975069465014,0.65000585850987,0.049994141490133,5705.4831430814,-1.5170912863343,49.994141490133,36075.513395766
0.065625,1.1022344236102,0.65000614255087,0.049993857449126,5673.1964777469,-1.5127926748249,49.993857449126,36075.503940811
0.06875,1.1069485627019,0.65000642579049,0.049993574209507,5641.2291327412,-1.5085245093487,49.993574209507,36075.494512533
0.071875,1.1116494576874,0.65000670823437,0.049993291765634,5609.576232529,-1.5042863953411,49.993291765634,36075.485110743
0.075,1.1163372012678,0.65000698988806,0.049993010111936,5578.2330041864,-1.5000779457534,49.993010111936,36075.475735256
0.078125,1.121011884958,0.65000727075708,0.049992729242916,5547.194774639,-1.4958987808642,49.992729242916,36075.466385889
0.08125,1.1256735991083,0.65000755084686,0.049992449153145,5516.456967991,-1.4917485280967,49.992449153145,36075.45706246
0.084375,1.1303224329266,0.65000783016274,0.049992169837262,5486.0151029407,-1.4876268218414,49.992169837262,36075.447764793
0.0875,1.1349584744994,0.65000810871002,0.049991891289977,5455.8647902805,-1.4835333032846,49.991891289977,36075.43849271
0.090625,1.1395818108126,0.65000838649394,0.049991613506061,5426.0017304763,-1.4794676202417,49.991613506061,36075.429246037
0.09375,1.144192527772,0.65000866351965,0.049991336480354,5396.4217113254,-1.4754294269961,49.991336480354,36075.420024603
0.096875,1.1487907102224,0.65000893979224,0.049991060207758,5367.1206056885,-1.4714183841424,49.991060207758,36075.410828238
0.1,1.1533764419675,0.65000921531676,0.049990784683237,5338.0943692931,-1.4674341584349,49.990784683237,36075.401656775
0.103125,1.1579498057883,0.65000949009818,0.049990509901819,5309.3390386067,-1.4634764226398,49.990509901819,36075.392510047
0.10625,1.1625108834614,0.65000976414141,0.049990235858589,5280.8507287759,-1.4595448553928,49.990235858589,36075.383387892
0.109375,1.1670597557772,0.65001003745131,0.049989962548694,5252.6256316298,-1.4556391410597,49.989962548694,36075.374290147
0.1125,1.1715965025572,0.65001031003266,0.049989689967337,5224.6600137449,-1.4517589696025,49.989689967337,36075.365216654
0.115625,1.1761212026711,0.65001058189022,0.04998941810978,5196.95021457,-1.4479040364481,49.98941810978,36075.356167253
0.11875,1.1806339340535,0.65001085302866,0.04998914697134,5169.4926446075,-1.4440740423615,49.98914697134,36075.347141791
0.121875,1.1851347737201,0.65001112345261,0.049988876547391,5142.2837836511,-1.4402686933223,49.988876547391,36075.338140111
0.125,1.1896237977839,0.65001139316664,0.049988606833358,5115.3201790757,-1.4364877004054,49.988606833358,36075.329162063
0.128125,1.1941010814703,0.65001166217528,0.049988337824722,5088.5984441792,-1.4327307796642,49.988337824722,36075.320207496
0.13125,1.1985666991329,0.65001193048298,0.049988069517016,5062.115256574,-1.4289976520174,49.988069517016,36075.31127626
0.134375,1.2030207242677,0.65001219809418,0.049987801905824,5035.867356626,-1.4252880431398,49.987801905824,36075.30236821
0.1375,1.2074632295282,0.65001246501322,0.04998753498678,5009.8515459395,-1.4216016833545,49.98753498678,36075.2934832
0.140625,1.2118942867392,0.65001273124443,0.04998726875557,4984.0646858876,-1.41793830753,49.98726875557,36075.284621085
0.14375,1.216313966911,0.65001299679207,0.049987003207926,4958.5036961842,-1.4142976549786,49.987003207926,36075.275781725
0.146875,1.2207223402528,0.65001326166037,0.049986738339631,4933.1655534989,-1.4106794693583,49.986738339631,36075.266964978
0.15,1.2251194761858,0.65001352585349,0.049986474146512,4908.047290111,-1.4070834985777,49.986474146512,36075.258170706
0.153125,1.2295054433568,0.65001378937555,0.049986210624447,4883.1459926027,-1.4035094947024,49.986210624447,36075.249398772
0.15625,1.2338803096501,0.65001405223064,0.049985947769355,4858.4588005893,-1.3999572138654,49.985947769355,36075.240649039
0.159375,1.2382441422007,0.6500143144228,0.049985685577204,4833.9829054863,-1.3964264161785,49.985685577204,36075.231921374
0.1625,1.2425970074058,0.650014575956,0.049985424044004,4809.7155493103,-1.392916865647,49.985424044004,36075.223215644
0.165625,1.2469389709373,0.65001483683419,0.049985163165809,4785.6540235149,-1.3894283300865,49.985163165809,36075.214531717
0.16875,1.2512700977531,0.65001509706128,0.049984902938717,4761.7956678583,-1.3859605810413,49.984902938717,36075.205869463
0.171875,1.2555904521084,0.65001535664113,0.049984643358866,4738.1378693029,-1.3825133937063,49.984643358866,36075.197228754
0.175,1.2599000975673,0.65001561557756,0.049984384422438,4714.6780609456,-1.3790865468491,49.984384422438,36075.188609463
0.178125,1.2641990970134,0.65001587387435,0.049984126125654,4691.4137209768,-1.3756798227359,49.984126125654,36075.180011465
0.18125,1.2684875126604,0.65001613153522,0.049983868464777,4668.3423716692,-1.3722930070582,49.983868464777,36075.171434633
0.184375,1.2727654060631,0.65001638856389,0.049983611436107,4645.4615783932,-1.3689258888619,49.983611436107,36075.162878846
0.1875,1.2770328381271,0.65001664496401,0.049983355035987,4622.7689486596,-1.3655782604778,49.983355035987,36075.154343982
0.190625,1.2812898691192,0.65001690073921,0.049983099260794,4600.2621311882,-1.3622499174545,49.983099260794,36075.14582992
0.19375,1.285536558677,0.65001715589305,0.049982844106945,4577.9388150008,-1.3589406584926,49.982844106945,36075.137336541
0.196875,1.2897729658188,0.65001741042911,0.049982589570895,4555.7967285399,-1.3556502853803,49.982589570895,36075.128863727
0.2,1.2939991489529,0.65001766435087,0.049982335649133,4533.8336388092,-1.3523786029314,49.982335649133,36075.120411361
0.203125,1.2982151658871,0.65001791766181,0.049982082338188,4512.0473505381,-1.349125418924,49.982082338188,36075.111979327
0.20625,1.3024210738372,0.65001817036538,0.049981829634621,4490.435705368,-1.3458905440416,49.981829634621,36075.103567511
0.209375,1.3066169294366,0.65001842246497,0.049981577535029,4468.9965810595,-1.3426737918145,49.981577535029,36075.0951758
0.2125,1.3108027887446,0.65001867396396,0.049981326036044,4447.7278907208,-1.3394749785642,49.981326036044,36075.086804081
0.215625,1.3149787072551,0.65001892486567,0.049981075134332,4426.6275820563,-1.3362939233476,49.981075134332,36075.078452244
0.21875,1.3191447399048,0.65001917517341,0.049980824826592,4405.6936366339,-1.3331304479036,49.980824826592,36075.070120179
0.221875,1.3233009410817,0.65001942489044,0.049980575109557,4384.924069172,-1.3299843766007,49.980575109557,36075.061807776
0.225,1.3274473646329,0.65001967402001,0.049980325979991,4364.3169268447,-1.3268555363856,49.980325979991,36075.053514929
0.228125,1.3315840638727,0.65001992256531,0.04998007743469,4343.8702886039,-1.3237437567338,49.98007743469,36075.045241531
0.23125,1.3357110915902,0.65002017052952,0.049979829470484,4323.5822645196,-1.3206488696001,49.979829470484,36075.036987475
0.234375,1.339828500057,0.65002041791577,0.049979582084231,4303.4509951367,-1.3175707093717,49.979582084231,36075.028752659
0.2375,1.3439363410345,0.65002066472718,0.049979335272822,4283.4746508472,-1.3145091128218,49.979335272822,36075.020536977
0.240625,1.3480346657816,0.65002091096682,0.049979089033176,4263.6514312794,-1.3114639190635,49.979089033176,36075.012340327
0.24375,1.3521235250613,0.65002115663776,0.049978843362244,4243.9795647012,-1.3084349695065,49.978843362244,36075.004162608
0.246875,1.3562029691482,0.650021401743,0.049978598257005,4224.4573074389,-1.3054221078133,49.978598257005,36074.99600372
0.25,1.3602730478353,0.65002164628553,0.049978353714467,4205.0829433102,-1.3024251798572,49.978353714467,36074.987863563
0.253125,1.3643338104405,0.65002189026833,0.049978109731667,4185.8547830707,-1.2994440336808,49.978109731667,36074.979742038
0.25625,1.3683853058138,0.65002213369433,0.049977866305671,4166.771163875,-1.2964785194563,49.977866305671,36074.971639047
0.259375,1.3724275823433,0.65002237656643,0.04997762343357,4147.8304487497,-1.2935284894455,49.97762343357,36074.963554494
0.2625,1.376460687962,0.65002261888751,0.049977381112485,4129.0310260803,-1.2905937979617,49.977381112485,36074.955488283
0.265625,1.3804846701536,0.65002286066044,0.049977139339563,4110.3713091095,-1.2876743013321,49.977139339563,36074.947440318
0.26875,1.3844995759594,0.65002310188802,0.049976898111978,4091.8497354483,-1.2847698578611,49.976898111978,36074.939410507
0.271875,1.3885054519838,0.65002334257307,0.049976657426928,4073.4647665989,-1.2818803277943,49.976657426928,36074.931398755
0.275,1.3925023444003,0.65002358271836,0.049976417281641,4055.214887488,-1.2790055732834,49.976417281641,36074.92340497
0.278125,1.3964902989577,0.65002382232663,0.049976177673368,4037.0986060122,-1.2761454583522,49.976177673368,36074.915429061
0.28125,1.4004693609854,0.65002406140062,0.049975938599384,4019.114452594,-1.2732998488628,49.975938599384,36074.907470937
0.284375,1.4044395753994,0.65002429994301,0.049975700056991,4001.2609797474,-1.2704686124827,49.975700056991,36074.899530508
0.2875,1.4084009867077,0.65002453795648,0.049975462043516,3983.5367616552,-1.2676516186531,49.975462043516,36074.891607685
0.290625,1.4123536390157,0.65002477544369,0.049975224556307,3965.9403937543,-1.2648487385574,49.975224556307,36074.883702381
0.29375,1.4162975760316,0.65002501240726,0.049974987592739,3948.4704923325,-1.2620598450903,49.974987592739,36074.875814507
0.296875,1.4202328410716,0.65002524884979,0.04997475115021,3931.1256941331,-1.2592848128283,49.97475115021,36074.867943976
0.3,1.4241594770654,0.65002548477386,0.049974515226139,3913.9046559699,-1.2565235179999,49.974515226139,36074.860090704
0.303125,1.4280775265606,0.65002572018203,0.049974279817972,3896.8060543497,-1.2537758384571,49.974279817972,36074.852254605
0.30625,1.4319870317282,0.65002595507683,0.049974044923173,3879.8285851046,-1.2510416536472,49.974044923173,36074.844435595
0.309375,1.4358880343675,0.65002618946077,0.049973810539231,3862.9709630321,-1.2483208445854,49.973810539231,36074.83663359
0.3125,1.4397805759108,0.65002642333634,0.049973576663658,3846.2319215433,-1.2456132938281,49.973576663658,36074.828848507
0.315625,1.4436646974278,0.65002665670602,0.049973343293984,3829.6102123196,-1.2429188854461,49.973343293984,36074.821080264
0.31875,1.4475404396309,0.65002688957223,0.049973110427766,3813.104604976,-1.2402375049992,49.973110427766,36074.813328779
0.321875,1.4514078428794,0.65002712193742,0.049972878062576,3796.7138867335,-1.237569039511,49.972878062576,36074.805593973
0.325,1.4552669471839,0.65002735380399,0.049972646196012,3780.4368620971,-1.2349133774438,49.972646196012,36074.797875764
0.328125,1.459117792211,0.65002758517431,0.049972414825691,3764.2723525425,-1.2322704086748,49.972414825691,36074.790174074
0.33125,1.4629604172875,0.65002781605075,0.049972183949248,3748.2191962086,-1.2296400244726,49.972183949248,36074.782488824
0.334375,1.4667948614046,0.65002804643566,0.049971953564342,3732.2762475972,-1.2270221174733,49.971953564342,36074.774819936
0.3375,1.4706211632223,0.65002827633135,0.04997172366865,3716.4423772796,-1.2244165816585,49.97172366865,36074.767167332
0.340625,1.4744393610733,0.65002850574013,0.049971494259869,3700.716471609,-1.2218233123328,49.971494259869,36074.759530936
0.34375,1.4782494929674,0.65002873466429,0.049971265335714,3685.0974324395,-1.219242206102,49.971265335714,36074.751910673
0.346875,1.482051596595,0.65002896310608,0.049971036893922,3669.5841768512,-1.2166731608517,49.971036893922,36074.744306465
0.35,1.4858457093317,0.65002919106775,0.049970808932246,3654.175636881,-1.2141160757266,49.970808932246,36074.73671824
0.353125,1.4896318682414,0.65002941855154,0.04997058144846,3638.8707592598,-1.2115708511099,49.97058144846,36074.729145922
0.35625,1.4934101100808,0.65002964555964,0.049970354440356,3623.6685051542,-1.2090373886031,49.970354440356,36074.721589438
0.359375,1.4971804713027,0.65002987209426,0.049970127905743,3608.5678499152,-1.2065155910068,49.970127905743,36074.714048716
0.3625,1.5009429880599,0.65003009815755,0.049969901842448,3593.5677828305,-1.2040053623008,49.969901842448,36074.706523682
0.365625,1.5046976962087,0.65003032375168,0.049969676248319,3578.6673068841,-1.2015066076257,49.969676248319,36074.699014266
0.36875,1.5084446313126,0.65003054887878,0.049969451121217,3563.8654385187,-1.1990192332642,49.969451121217,36074.691520396
0.371875,1.5121838286458,0.65003077354098,0.049969226459023,3549.1612074052,-1.196543146623,49.969226459023,36074.684042001
0.375,1.5159153231965,0.65003099774036,0.049969002259636,3534.5536562154,-1.1940782562149,49.969002259636,36074.676579012
0.378125,1.5196391496704,0.65003122147903,0.04996877852097,3520.0418404006,-1.1916244716416,49.96877852097,36074.669131359
0.38125,1.5233553424941,0.65003144475904,0.049968555240957,3505.6248279739,-1.1891817035764,49.968555240957,36074.661698974
0.384375,1.5270639358183,0.65003166758246,0.049968332417544,3491.3016992976,-1.1867498637477,49.968332417544,36074.654281787
0.3875,1.5307649635212,0.6500318899513,0.049968110048697,3477.0715468748,-1.184328864922,49.968110048697,36074.646879732
0.390625,1.5344584592114,0.6500321118676,0.049967888132395,3462.9334751453,-1.1819186208885,49.967888132395,36074.63949274
0.39375,1.5381444562316,0.65003233333336,0.049967666666636,3448.8866002855,-1.1795190464427,49.967666666636,36074.632120746
0.396875,1.5418229876609,0.65003255435057,0.049967445649432,3434.9300500125,-1.1771300573714,49.967445649432,36074.624763683
0.4,1.5454940863185,0.65003277492119,0.049967225078812,3421.0629633926,-1.1747515704371,49.967225078812,36074.617421486
0.403125,1.5491577847665,0.65003299504718,0.049967004952818,3407.2844906527,-1.1723835033632,49.967004952818,36074.610094089
0.40625,1.5528141153128,0.65003321473049,0.04996678526951,3393.5937929964,-1.1700257748193,49.96678526951,36074.602781428
0.409375,1.5564631100141,0.65003343397304,0.049966566026961,3379.9900424234,-1.1676783044072,49.966566026961,36074.595483439
0.4125,1.5601048006786,0.65003365277674,0.049966347223261,3366.4724215528,-1.1653410126464,49.966347223261,36074.588200057
0.415625,1.5637392188691,0.65003387114349,0.049966128856513,3353.0401234493,-1.1630138209602,49.966128856513,36074.580931221
0.41875,1.5673663959055,0.65003408907517,0.049965910924835,3339.6923514534,-1.1606966516626,49.965910924835,36074.573676867
0.421875,1.5709863628679,0.65003430657364,0.04996569342636,3326.4283190151,-1.1583894279448,49.96569342636,36074.566436933
0.425,1.5745991505987,0.65003452364077,0.049965476359235,3313.2472495301,-1.1560920738618,49.965476359235,36074.559211357
0.428125,1.5782047897059,0.65003474027838,0.04996525972162,3300.1483761803,-1.15380451432,49.96525972162,36074.552000079
0.43125,1.5818033105655,0.65003495648831,0.049965043511691,3287.1309417762,-1.1515266750645,49.965043511691,36074.544803037
0.434375,1.5853947433238,0.65003517227236,0.049964827727637,3274.1941986036,-1.1492584826665,49.964827727637,36074.537620172
0.4375,1.5889791179004,0.65003538763234,0.049964612367659,3261.3374082723,-1.1469998645115,49.964612367659,36074.530451423
0.440625,1.5925564639904,0.65003560257003,0.049964397429974,3248.5598415682,-1.1447507487874,49.964397429974,36074.523296731
0.44375,1.5961268110669,0.65003581708719,0.049964182912811,3235.8607783083,-1.1425110644724,49.964182912811,36074.516156036
0.446875,1.5996901883835,0.65003603118559,0.049963968814411,3223.2395071984,-1.1402807413238,49.963968814411,36074.509029282
0.45,1.6032466249769,0.65003624486697,0.049963755133031,3210.6953256932,-1.138059709867,49.963755133031,36074.501916409
0.453125,1.6067961496687,0.65003645813306,0.049963541866939,3198.2275398597,-1.1358479013837,49.963541866939,36074.494817359
0.45625,1.6103387910684,0.65003667098558,0.049963329014416,3185.8354642426,-1.1336452479017,49.963329014416,36074.487732076
0.459375,1.6138745775752,0.65003688342624,0.049963116573756,3173.5184217329,-1.1314516821841,49.963116573756,36074.480660503
0.4625,1.6174035373806,0.65003709545674,0.049962904543264,3161.2757434381,-1.1292671377183,49.962904543264,36074.473602584
0.465625,1.6209256984703,0.65003730707874,0.049962692921259,3149.1067685558,-1.1270915487065,49.962692921259,36074.466558262
0.46875,1.6244410886267,0.65003751829393,0.049962481706072,3137.010844249,-1.1249248500547,49.962481706072,36074.459527481
0.471875,1.627949735431,0.65003772910395,0.049962270896046,3124.9873255238,-1.1227669773637,49.962270896046,36074.452510188
0.475,1.6314516662651,0.65003793951046,0.049962060489536,3113.0355751101,-1.1206178669184,49.962060489536,36074.445506326
0.478125,1.6349469083141,0.65003814951509,0.049961850484908,3101.1549633432,-1.118477455679,49.961850484908,36074.438515842
0.48125,1.638435488568,0.65003835911946,0.04996164088054,3089.3448680491,-1.1163456812708,49.96164088054,36074.431538681
0.484375,1.6419174338242,0.65003856832518,0.049961431674824,3077.6046744306,-1.1142224819757,49.961431674824,36074.424574791
0.4875,1.645392770689,0.65003877713384,0.049961222866159,3065.9337749563,-1.1121077967226,49.961222866159,36074.417624117
0.490625,1.6488615255799,0.65003898554704,0.049961014452959,3054.3315692515,-1.1100015650785,49.961014452959,36074.410686607
0.49375,1.6523237247275,0.65003919356635,0.049960806433647,3042.7974639906,-1.1079037272398,49.960806433647,36074.403762209
0.496875,1.6557793941776,0.65003940119334,0.04996059880666,3031.3308727923,-1.1058142240236,49.96059880666,36074.39685087
0.5,1.6592285597927,0.65003960842956,0.049960391570442,3019.9312161162,-1.1037329968593,49.960391570442,36074.389952539
0.503125,1.6626712472545,0.65003981527655,0.049960184723451,3008.5979211609,-1.1016599877801,49.960184723451,36074.383067164
0.50625,1.6661074820652,0.65004002173584,0.049959978264155,2997.3304217649,-1.099595139415,49.959978264155,36074.376194694
0.509375,1.6695372895495,0.65004022780897,0.049959772191032,2986.1281583083,-1.0975383949803,49.959772191032,36074.36933508
0.5125,1.6729606948566,0.65004043349743,0.049959566502571,2974.9905776171,-1.0954896982721,49.959566502571,36074.362488269
0.515625,1.6763777229618,0.65004063880273,0.049959361197271,2963.9171328684,-1.0934489936584,49.959361197271,36074.355654213
0.51875,1.6797883986683,0.65004084372636,0.049959156273643,2952.9072834983,-1.0914162260712,49.959156273643,36074.348832861
0.521875,1.6831927466089,0.65004104826979,0.049958951730205,2941.96049511,-1.0893913409991,49.958951730205,36074.342024165
0.525,1.6865907912479,0.65004125243451,0.049958747565489,2931.0762393852,-1.08737428448,49.958747565489,36074.335228076
0.528125,1.6899825568826,0.65004145622197,0.049958543778035,2920.2539939957,-1.0853650030937,49.958543778035,36074.328444545
0.53125,1.6933680676449,0.65004165963361,0.049958340366392,2909.4932425172,-1.0833634439545,49.958340366392,36074.321673523
0.534375,1.6967473475034,0.65004186267088,0.04995813732912,2898.7934743446,-1.0813695547045,49.95813732912,36074.314914964
0.5375,1.7001204202643,0.65004206533521,0.049957934664789,2888.1541846087,-1.0793832835064,49.957934664789,36074.308168818
0.540625,1.7034873095738,0.65004226762802,0.049957732371979,2877.5748740939,-1.0774045790368,49.957732371979,36074.301435039
0.54375,1.7068480389191,0.65004246955072,0.049957530449278,2867.0550491584,-1.0754333904796,49.957530449278,36074.294713581
0.546875,1.7102026316301,0.65004267110472,0.049957328895284,2856.5942216545,-1.0734696675189,49.957328895284,36074.288004395
0.55,1.7135511108811,0.6500428722914,0.049957127708605,2846.1919088514,-1.071513360333,49.957127708605,36074.281307437
0.553125,1.7168934996923,0.65004307311214,0.049956926887858,2835.8476333584,-1.0695644195879,49.956926887858,36074.274622659
0.55625,1.7202298209312,0.65004327356833,0.049956726431669,2825.5609230504,-1.0676227964307,49.956726431669,36074.267950017
0.559375,1.7235600973139,0.65004347366133,0.049956526338673,2815.3313109934,-1.0656884424839,49.956526338673,36074.261289464
0.5625,1.7268843514072,0.65004367339249,0.049956326607514,2805.1583353726,-1.0637613098388,49.956326607514,36074.254640956
0.565625,1.7302026056292,0.65004387276315,0.049956127236846,2795.0415394207,-1.0618413510498,49.956127236846,36074.248004447
0.56875,1.7335148822515,0.65004407177467,0.04995592822533,2784.9804713483,-1.0599285191284,49.95592822533,36074.241379894
0.571875,1.7368212034,0.65004427042836,0.049955729571636,2774.9746842743,-1.0580227675376,49.955729571636,36074.234767252
0.575,1.7401215910569,0.65004446872556,0.049955531274444,2765.0237361588,-1.0561240501857,49.955531274444,36074.228166477
0.578125,1.7434160670613,0.65004466666756,0.049955333332443,2755.1271897362,-1.0542323214212,49.955333332443,36074.221577524
0.58125,1.7467046531114,0.65004486425567,0.049955135744327,2745.2846124497,-1.0523475360269,49.955135744327,36074.215000352
0.584375,1.7499873707652,0.6500450614912,0.049954938508802,2735.4955763871,-1.0504696492146,49.954938508802,36074.208434917
0.5875,1.7532642414421,0.65004525837542,0.049954741624581,2725.7596582172,-1.0485986166196,49.954741624581,36074.201881176
0.590625,1.7565352864243,0.65004545490961,0.049954545090386,2716.0764391276,-1.0467343942958,49.954545090386,36074.195339086
0.59375,1.7598005268578,0.65004565109506,0.049954348904945,2706.4455047637,-1.0448769387098,49.954348904945,36074.188808605
0.596875,1.7630599837538,0.650045846933,0.049954153066996,2696.8664451681,-1.0430262067365,49.954153066996,36074.182289691
0.6,1.7663136779902,0.65004604242471,0.049953957575285,2687.3388547216,-1.0411821556537,49.953957575285,36074.175782303
0.603125,1.7695616303125,0.65004623757143,0.049953762428566,2677.8623320847,-1.039344743137,49.953762428566,36074.169286398
0.60625,1.7728038613352,0.6500464323744,0.049953567625599,2668.4364801406,-1.0375139272552,49.953567625599,36074.162801936
0.609375,1.7760403915429,0.65004662683485,0.049953373165155,2659.0609059384,-1.0356896664653,49.953373165155,36074.156328876
0.6125,1.7792712412917,0.65004682095399,0.049953179046009,2649.735220638,-1.033871919608,49.953179046009,36074.149867176
0.615625,1.7824964308102,0.65004701473305,0.049952985266948,2640.4590394552,-1.0320606459026,49.952985266948,36074.143416797
0.61875,1.7857159802006,0.65004720817324,0.049952791826762,2631.2319816082,-1.0302558049427,49.952791826762,36074.136977698
0.621875,1.7889299094403,0.65004740127575,0.049952598724251,2622.0536702647,-1.0284573566918,49.952598724251,36074.13054984
0.625,1.7921382383824,0.65004759404178,0.049952405958223,2612.9237324898,-1.0266652614784,49.952405958223,36074.124133182
0.628125,1.7953409867574,0.65004778647251,0.049952213527493,2603.8417991951,-1.024879479992,49.952213527493,36074.117727685
0.63125,1.7985381741739,0.65004797856912,0.049952021430881,2594.8075050882,-1.0230999732787,49.952021430881,36074.11133331
0.634375,1.8017298201199,0.65004817033278,0.049951829667218,2585.8204886229,-1.0213267027365,49.951829667218,36074.104950018
0.6375,1.804915943964,0.65004836176466,0.049951638235339,2576.8803919511,-1.0195596301119,49.951638235339,36074.098577771
0.640625,1.8080965649562,0.65004855286591,0.049951447134088,2567.9868608741,-1.017798717495,49.951447134088,36074.092216529
0.64375,1.811271702229,0.65004874363769,0.049951256362315,2559.1395447957,-1.0160439273159,49.951256362315,36074.085866254
0.646875,1.8144413747988,0.65004893408112,0.049951065918878,2550.3380966759,-1.0142952223405,49.951065918878,36074.079526909
0.65,1.8176056015666,0.65004912419736,0.049950875802641,2541.5821729847,-1.0125525656663,49.950875802641,36074.073198455
0.653125,1.8207644013188,0.65004931398752,0.049950686012476,2532.8714336576,-1.0108159207191,49.950686012476,36074.066880856
0.65625,1.823917792729,0.65004950345274,0.049950496547259,2524.2055420505,-1.0090852512486,49.950496547259,36074.060574073
0.659375,1.8270657943581,0.65004969259412,0.049950307405878,2515.5841648969,-1.0073605213249,49.950307405878,36074.05427807
0.6625,1.830208424656,0.65004988141278,0.049950118587221,2507.0069722644,-1.0056416953346,49.950118587221,36074.047992809
0.665625,1.8333457019622,0.65005006990981,0.049949930090189,2498.4736375124,-1.0039287379773,49.949930090189,36074.041718255
0.66875,1.8364776445068,0.65005025808631,0.049949741913685,2489.9838372507,-1.0022216142618,49.949741913685,36074.03545437
0.671875,1.8396042704115,0.65005044594338,0.049949554056621,2481.5372512983,-1.0005202895025,49.949554056621,36074.029201118
0.675,1.8427255976906,0.65005063348209,0.049949366517914,2473.1335626429,-0.99882472931621,49.949366517914,36074.022958463
0.678125,1.8458416442519,0.65005082070351,0.049949179296488,2464.7724574016,-0.99713489961824,49.949179296488,36074.01672637
0.68125,1.8489524278976,0.65005100760873,0.049948992391275,2456.453624781,-0.99545076661926,49.948992391275,36074.010504803
0.684375,1.8520579663251,0.65005119419879,0.049948805801209,2448.1767570393,-0.99377229682181,49.948805801209,36074.004293726
0.6875,1.8551582771283,0.65005138047476,0.049948619525235,2439.9415494479,-0.99209945701701,49.948619525235,36073.998093104
0.690625,1.8582533777979,0.6500515664377,0.049948433562302,2431.7477002544,-0.99043221428129,49.948433562302,36073.991902903
0.69375,1.8613432857229,0.65005175208864,0.049948247911364,2423.5949106452,-0.98877053597311,49.948247911364,36073.985723087
0.696875,1.8644280181908,0.65005193742862,0.049948062571383,2415.4828847097,-0.9871143897298,49.948062571383,36073.979553622
0.7,1.8675075923891,0.65005212245867,0.049947877541326,2407.4113294041,-0.98546374346443,49.947877541326,36073.973394474
0.703125,1.8705820254058,0.65005230717983,0.049947692820168,2399.3799545166,-0.9838185653627,49.947692820168,36073.967245608
0.70625,1.8736513342305,0.65005249159311,0.049947508406885,2391.3884726327,-0.98217882387985,49.947508406885,36073.96110699
0.709375,1.8767155357546,0.65005267569953,0.049947324300465,2383.4365991005,-0.98054448773772,49.947324300465,36073.954978587
0.7125,1.8797746467732,0.6500528595001,0.049947140499898,2375.5240519978,-0.97891552592168,49.947140499898,36073.948860365
0.715625,1.8828286839846,0.65005304299582,0.04994695700418,2367.6505520982,-0.97729190767781,49.94695700418,36073.942752291
0.71875,1.8858776639925,0.65005322618769,0.049946773812314,2359.8158228389,-0.9756736025099,49.946773812314,36073.936654331
0.721875,1.8889216033055,0.65005340907669,0.049946590923309,2352.0195902884,-0.97406058017669,49.946590923309,36073.930566452
0.725,1.8919605183389,0.65005359166382,0.049946408336177,2344.2615831147,-0.972452810689,49.946408336177,36073.924488622
0.728125,1.8949944254149,0.65005377395006,0.049946226049938,2336.5415325541,-0.97085026430698,49.946226049938,36073.918420808
0.73125,1.8980233407635,0.65005395593638,0.049946044063617,2328.8591723803,-0.96925291153738,49.946044063617,36073.912362977
0.734375,1.9010472805232,0.65005413762376,0.049945862376244,2321.2142388742,-0.96766072313083,49.945862376244,36073.906315098
0.7375,1.9040662607422,0.65005431901314,0.049945680986856,2313.6064707938,-0.96607367007921,49.945680986856,36073.900277137
0.740625,1.9070802973785,0.65005450010551,0.049945499894493,2306.0356093449,-0.964491723613,49.945499894493,36073.894249064
0.74375,1.910089406301,0.6500546809018,0.049945319098201,2298.5013981519,-0.96291485519869,49.945319098201,36073.888230846
0.746875,1.9130936032902,0.65005486140297,0.049945138597033,2291.0035832293,-0.96134303653625,49.945138597033,36073.882222452
0.75,1.9160929040388,0.65005504160995,0.049944958390047,2283.5419129534,-0.95977623955658,49.944958390047,36073.876223851
0.753125,1.9190873241526,0.6500552215237,0.049944778476303,2276.1161380344,-0.95821443641903,49.944778476303,36073.87023501
0.75625,1.9220768791511,0.65005540114513,0.04994459885487,2268.7260114892,-0.95665759950898,49.94459885487,36073.8642559
0.759375,1.9250615844681,0.65005558047518,0.04994441952482,2261.371288614,-0.95510570143537,49.94441952482,36073.85828649
0.7625,1.9280414554525,0.65005575951477,0.049944240485232,2254.0517269582,-0.95355871502833,49.944240485232,36073.852326748
0.765625,1.9310165073692,0.65005593826481,0.049944061735188,2246.7670862974,-0.95201661333684,49.944061735188,36073.846376644
0.76875,1.9339867553993,0.65005611672622,0.049943883273775,2239.5171286084,-0.95047936962639,49.943883273775,36073.840436148
0.771875,1.9369522146411,0.65005629489991,0.049943705100088,2232.3016180428,-0.94894695737668,49.943705100088,36073.834505229
0.775,1.9399129001107,0.65005647278678,0.049943527213223,2225.1203209024,-0.94741935027936,49.943527213223,36073.828583858
0.778125,1.9428688267427,0.65005665038772,0.049943349612283,2217.9730056141,-0.9458965222358,49.943349612283,36073.822672005
0.78125,1.9458200093907,0.65005682770362,0.049943172296376,2210.8594427056,-0.94437844735489,49.943172296376,36073.81676964
0.784375,1.948766462828,0.65005700473539,0.049942995264614,2203.7794047811,-0.94286509995083,49.942995264614,36073.810876733
0.7875,1.9517082017485,0.65005718148389,0.049942818516114,2196.7326664978,-0.94135645454103,49.942818516114,36073.804993255
0.790625,1.9546452407667,0.65005735795,0.049942642049999,2189.7190045421,-0.93985248584395,49.942642049999,36073.799119177
0.79375,1.9575775944192,0.65005753413461,0.049942465865394,2182.7381976066,-0.93835316877702,49.942465865394,36073.79325447
0.796875,1.9605052771643,0.65005771003857,0.049942289961432,2175.7900263673,-0.93685847845458,49.942289961432,36073.787399104
0.8,1.9634283033837,0.65005788566275,0.049942114337248,2168.8742734611,-0.93536839018584,49.942114337248,36073.781553052
0.803125,1.966346687382,0.65005806100802,0.049941938991982,2161.9907234636,-0.93388287947285,49.941938991982,36073.775716284
0.80625,1.9692604433883,0.65005823607522,0.04994176392478,2155.1391628673,-0.93240192200854,49.94176392478,36073.769888772
0.809375,1.972169585556,0.65005841086521,0.049941589134791,2148.3193800598,-0.93092549367472,49.941589134791,36073.764070488
0.8125,1.975074127964,0.65005858537883,0.04994141462117,2141.5311653028,-0.92945357054019,49.941414621169,36073.758261403
0.815625,1.9779740846167,0.65005875961693,0.049941240383074,2134.7743107107,-0.92798612885879,49.941240383074,36073.752461489
0.81875,1.980869469445,0.65005893358033,0.049941066419667,2128.0486102303,-0.92652314506752,49.941066419667,36073.74667072
0.821875,1.9837602963068,0.65005910726988,0.049940892730117,2121.3538596202,-0.9250645957847,49.940892730117,36073.740889066
0.825,1.9866465789875,0.65005928068641,0.049940719313595,2114.6898564305,-0.92361045780809,49.940719313595,36073.735116501
0.828125,1.9895283312003,0.65005945383072,0.049940546169276,2108.0563999831,-0.92216070811311,49.940546169276,36073.729352996
0.83125,1.9924055665874,0.65005962670366,0.049940373296343,2101.4532913521,-0.92071532385101,49.940373296343,36073.723598525
0.834375,1.9952782987197,0.65005979930602,0.049940200693978,2094.8803333443,-0.91927428234714,49.940200693978,36073.717853061
0.8375,1.9981465410981,0.65005997163863,0.049940028361371,2088.3373304802,-0.91783756109916,49.940028361371,36073.712116576
0.840625,2.0010103071537,0.65006014370228,0.049939856297715,2081.8240889751,-0.91640513777534,49.939856297715,36073.706389044
0.84375,2.0038696102481,0.65006031549779,0.049939684502207,2075.3404167205,-0.91497699021282,49.939684502207,36073.700670438
0.846875,2.0067244636744,0.65006048702595,0.049939512974049,2068.886123266,-0.91355309641598,49.939512974049,36073.694960731
0.85,2.0095748806574,0.65006065828755,0.049939341712445,2062.4610198009,-0.91213343455472,49.939341712445,36073.689259897
0.853125,2.0124208743541,0.65006082928339,0.049939170716606,2056.0649191363,-0.91071798296284,49.939170716606,36073.68356791
0.85625,2.0152624578545,0.65006100001426,0.049938999985745,2049.697635688,-0.90930672013642,49.938999985745,36073.677884743
0.859375,2.0180996441818,0.65006117048092,0.049938829519079,2043.3589854583,-0.90789962473222,49.938829519079,36073.67221037
0.8625,2.020932446293,0.65006134068417,0.049938659315829,2037.0487860196,-0.90649667556607,49.938659315829,36073.666544766
0.865625,2.0237608770793,0.65006151062478,0.049938489375222,2030.766856497,-0.90509785161134,49.938489375222,36073.660887904
0.86875,2.0265849493668,0.65006168030351,0.049938319696487,2024.5130175518,-0.90370313199737,49.938319696487,36073.65523976
0.871875,2.0294046759168,0.65006184972114,0.049938150278857,2018.2870913649,-0.90231249600795,49.938150278857,36073.649600307
0.875,2.0322200694264,0.65006201887843,0.049937981121569,2012.0889016206,-0.90092592307982,49.937981121569,36073.64396952
0.878125,2.0350311425289,0.65006218777614,0.049937812223863,2005.9182734904,-0.89954339280115,49.937812223863,36073.638347374
0.88125,2.0378379077943,0.65006235641501,0.049937643584986,1999.7750336173,-0.89816488491014,49.937643584986,36073.632733843
0.884375,2.0406403777295,0.65006252479582,0.049937475204185,1993.6590101,-0.89679037929347,49.937475204185,36073.627128903
0.8875,2.0434385647795,0.65006269291929,0.049937307080712,1987.5700324775,-0.89541985598494,49.937307080712,36073.621532529
0.890625,2.0462324813269,0.65006286078618,0.049937139213824,1981.507931714,-0.894053295164,49.937139213824,36073.615944696
0.89375,2.049022139693,0.65006302839722,0.049936971602781,1975.4725401836,-0.89269067715439,49.936971602781,36073.610365379
0.896875,2.0518075521381,0.65006319575316,0.049936804246845,1969.4636916555,-0.89133198242273,49.936804246845,36073.604794554
0.9,2.0545887308617,0.65006336285472,0.049936637145284,1963.4812212794,-0.88997719157715,49.936637145284,36073.599232197
0.903125,2.0573656880035,0.65006352970263,0.049936470297368,1957.5249655709,-0.88862628536593,49.936470297368,36073.593678283
0.90625,2.0601384356431,0.65006369629763,0.049936303702371,1951.5947623975,-0.88727924467621,49.936303702371,36073.588132787
0.909375,2.062906985801,0.65006386264043,0.049936137359572,1945.6904509639,-0.88593605053261,49.936137359572,36073.582595687
0.9125,2.0656713504388,0.65006402873175,0.049935971268252,1939.8118717987,-0.88459668409596,49.935971268252,36073.577066958
0.915625,2.0684315414597,0.65006419457231,0.049935805427694,1933.9588667401,-0.88326112666198,49.935805427694,36073.571546576
0.91875,2.0711875707086,0.65006436016281,0.049935639837189,1928.1312789227,-0.88192935966007,49.935639837189,36073.566034517
0.921875,2.0739394499731,0.65006452550397,0.049935474496027,1922.3289527639,-0.88060136465196,49.935474496027,36073.560530759
0.925,2.0766871909835,0.6500646905965,0.049935309403504,1916.5517339505,-0.87927712333054,49.935309403504,36073.555035277
0.928125,2.0794308054133,0.65006485544108,0.049935144558918,1910.7994694259,-0.87795661751858,49.935144558918,36073.549548048
0.93125,2.0821703048794,0.65006502003843,0.049934979961572,1905.0720073772,-0.87663982916756,49.934979961572,36073.544069049
0.934375,2.0849057009431,0.65006518438923,0.04993481561077,1899.3691972219,-0.87532674035643,49.93481561077,36073.538598257
0.9375,2.0876370051096,0.65006534849418,0.049934651505822,1893.6908895961,-0.87401733329042,49.934651505822,36073.533135648
0.940625,2.0903642288293,0.65006551235396,0.049934487646039,1888.0369363413,-0.87271159029991,49.934487646039,36073.527681201
0.94375,2.0930873834975,0.65006567596926,0.049934324030737,1882.4071904927,-0.87140949383921,49.934324030737,36073.522234892
0.94687500000001,2.0958064804553,0.65006583934077,0.049934160659235,1876.8015062666,-0.87011102648548,49.934160659235,36073.516796698
0.95000000000001,2.0985215309895,0.65006600246915,0.049933997530854,1871.2197390487,-0.86881617093752,49.933997530854,36073.511366597
0.95312500000001,2.1012325463333,0.65006616535508,0.049933834644919,1865.6617453822,-0.8675249100147,49.933834644919,36073.505944566
0.95625000000001,2.1039395376666,0.65006632799924,0.049933672000758,1860.1273829559,-0.86623722665586,49.933672000758,36073.500530583
0.95937500000001,2.1066425161163,0.6500664904023,0.049933509597704,1854.616510593,-0.86495310391817,49.933509597704,36073.495124626
0.96250000000001,2.1093414927569,0.65006665256491,0.049933347435091,1849.1289882394,-0.86367252497608,49.933347435091,36073.489726673
0.96562500000001,2.1120364786104,0.65006681448774,0.049933185512256,1843.6646769526,-0.86239547312023,49.933185512256,36073.484336701
0.96875000000001,2.1147274846471,0.65006697617146,0.04993302382854,1838.2234388902,-0.86112193175641,49.93302382854,36073.478954689
0.97187500000001,2.1174145217859,0.65006713761671,0.049932862383288,1832.8051372997,-0.85985188440452,49.932862383288,36073.473580615
0.97500000000001,2.1200976008943,0.65006729882415,0.049932701175845,1827.4096365065,-0.85858531469748,49.932701175845,36073.468214457
0.97812500000001,2.1227767327892,0.65006745979444,0.049932540205564,1822.0368019043,-0.85732220638027,49.932540205564,36073.462856193
0.98125000000001,2.1254519282371,0.6500676205282,0.049932379471796,1816.6864999437,-0.85606254330891,49.932379471796,36073.457505802
0.98437500000001,2.1281231979541,0.6500677810261,0.049932218973897,1811.3585981219,-0.85480630944941,49.932218973897,36073.452163263
0.98750000000001,2.1307905526068,0.65006794128877,0.049932058711228,1806.0529649726,-0.85355348887684,49.932058711228,36073.446828553
0.99062500000001,2.1334540028124,0.65006810131685,0.049931898683149,1800.7694700557,-0.85230406577432,49.931898683149,36073.441501653
0.99375000000001,2.1361135591387,0.65006826111097,0.049931738889026,1795.5079839467,-0.85105802443204,49.931738889026,36073.43618254
0.99687500000001,2.1387692321051,0.65006842067177,0.049931579328227,1790.2683782276,-0.84981534924635,49.931579328227,36073.430871194
1,2.1414210321824,0.65006857999988,0.049931420000123,1785.0505254761,-0.84857602471878,49.931420000123,36073.425567594
1.003125,2.1440689697932,0.65006873909591,0.049931260904088,1779.8542992565,-0.84734003545511,49.931260904088,36073.420271719
1.00625,2.1467130553124,0.6500688979605,0.049931102039498,1774.6795741099,-0.84610736616444,49.931102039498,36073.414983548
1.009375,2.1493532990676,0.65006905659427,0.049930943405732,1769.5262255446,-0.84487800165829,49.930943405732,36073.40970306
1.0125,2.151989711339,0.65006921499783,0.049930785002174,1764.3941300265,-0.84365192684967,49.930785002174,36073.404430236
1.015625,2.1546223023601,0.65006937317179,0.049930626828207,1759.2831649703,-0.84242912675223,49.930626828207,36073.399165054
1.01875,2.1572510823179,0.65006953111678,0.049930468883221,1754.1932087299,-0.84120958647932,49.930468883221,36073.393907494
1.021875,2.159876061353,0.65006968883339,0.049930311166606,1749.1241405895,-0.83999329124315,49.930311166606,36073.388657536
1.025,2.1624972495604,0.65006984632225,0.049930153677755,1744.0758407546,-0.83878022635393,49.930153677755,36073.383415159
1.028125,2.1651146569892,0.65007000358394,0.049929996416064,1739.048190343,-0.83757037721897,49.929996416064,36073.378180345
1.03125,2.1677282936434,0.65007016061907,0.049929839380933,1734.0410713764,-0.83636372934189,49.929839380933,36073.372953071
1.034375,2.1703381694819,0.65007031742824,0.049929682571763,1729.0543667711,-0.83516026832173,49.929682571763,36073.36773332
1.0375,2.1729442944189,0.65007047401204,0.049929525987958,1724.0879603301,-0.83395997985215,49.929525987958,36073.36252107
1.040625,2.1755466783243,0.65007063037107,0.049929369628926,1719.1417367343,-0.83276284972062,49.929369628926,36073.357316302
1.04375,2.1781453310237,0.65007078650592,0.049929213494076,1714.2155815342,-0.83156886380758,49.929213494076,36073.352118997
1.046875,2.180740262299,0.65007094241718,0.04992905758282,1709.3093811415,-0.83037800808566,49.92905758282,36073.346929134
1.05,2.1833314818884,0.65007109810543,0.049928901894574,1704.4230228212,-0.82919026861885,49.928901894574,36073.341746695
1.053125,2.185918999487,0.65007125357125,0.049928746428754,1699.5563946834,-0.82800563156178,49.928746428754,36073.33657166
1.05625,2.1885028247469,0.65007140881522,0.049928591184781,1694.709385675,-0.82682408315887,49.928591184781,36073.331404009
1.059375,2.1910829672773,0.65007156383792,0.049928436162077,1689.8818855724,-0.82564560974363,49.928436162077,36073.326243724
1.0625,2.1936594366458,0.65007171863993,0.049928281360068,1685.0737849722,-0.82447019773759,49.928281360068,36073.321090785
1.065625,2.1962322423765,0.65007187322182,0.049928126778181,1680.2849752867,-0.82329783365033,49.928126778181,36073.315945174
1.06875,2.1988013939522,0.65007202758415,0.049927972415847,1675.5153487333,-0.82212850407797,49.927972415847,36073.310806871
1.071875,2.2013669008143,0.6500721817275,0.049927818272498,1670.7647983278,-0.82096219570271,49.927818272498,36073.305675857
1.075,2.2039287723626,0.65007233565243,0.04992766434757,1666.0332178771,-0.81979889529206,49.92766434757,36073.300552114
1.078125,2.2064870179559,0.6500724893595,0.0499275106405,1661.3205019716,-0.81863858969816,49.9275106405,36073.295435623
1.08125,2.2090416469122,0.65007264284927,0.049927357150729,1656.6265459784,-0.81748126585703,49.927357150729,36073.290326365
1.084375,2.2115926685089,0.6500727961223,0.049927203877698,1651.9512460333,-0.8163269107879,49.927203877698,36073.285224322
1.0875,2.2141400919831,0.65007294917915,0.049927050820854,1647.2944990346,-0.81517551159248,49.927050820854,36073.280129475
1.090625,2.2166839265319,0.65007310202036,0.049926897979642,1642.6562026354,-0.81402705545428,49.926897979642,36073.275041806
1.09375,2.2192241813125,0.65007325464649,0.049926745353515,1638.0362552367,-0.81288152963794,49.926745353515,36073.269961296
1.096875,2.2217608654426,0.65007340705808,0.049926592941922,1633.4345559809,-0.81173892148853,49.926592941922,36073.264887928
1.1,2.2242939880007,0.65007355925568,0.049926440744319,1628.8510047444,-0.81059921843088,49.926440744319,36073.259821683
1.103125,2.226823558026,0.65007371123984,0.049926288760164,1624.2855021316,-0.80946240796894,49.926288760164,36073.254762543
1.10625,2.2293495845192,0.65007386301109,0.049926136988914,1619.7379494674,-0.80832847768512,49.926136988914,36073.24971049
1.109375,2.2318720764423,0.65007401456997,0.049925985430032,1615.2082487914,-0.80719741523959,49.925985430032,36073.244665506
1.1125,2.2343910427189,0.65007416591702,0.049925834082981,1610.6963028508,-0.80606920836972,49.925834082981,36073.239627573
1.115625,2.2369064922347,0.65007431705277,0.049925682947228,1606.2020150942,-0.80494384488938,49.925682947228,36073.234596674
1.11875,2.2394184338373,0.65007446797776,0.04992553202224,1601.7252896654,-0.80382131268834,49.92553202224,36073.229572791
1.121875,2.2419268763369,0.65007461869251,0.04992538130749,1597.2660313966,-0.80270159973161,49.92538130749,36073.224555906
1.125,2.2444318285062,0.65007476919755,0.049925230802448,1592.8241458027,-0.8015846940589,49.925230802448,36073.219546002
1.128125,2.246933299081,0.65007491949341,0.049925080506592,1588.399539075,-0.80047058378391,49.925080506592,36073.21454306
1.13125,2.2494312967598,0.6500750695806,0.049924930419397,1583.9921180746,-0.7993592570938,49.924930419397,36073.209547065
1.134375,2.2519258302048,0.65007521945966,0.049924780540344,1579.6017903272,-0.79825070224857,49.924780540344,36073.204557998
1.1375,2.2544169080414,0.65007536913109,0.049924630868915,1575.2284640167,-0.79714490758044,49.924630868915,36073.199575842
1.140625,2.256904538859,0.65007551859541,0.049924481404592,1570.8720479789,-0.79604186149332,49.924481404592,36073.194600581
1.14375,2.2593887312108,0.65007566785314,0.049924332146863,1566.5324516966,-0.79494155246218,49.924332146863,36073.189632196
1.146875,2.2618694936145,0.65007581690478,0.049924183095216,1562.209585293,-0.79384396903248,49.924183095216,36073.184670671
1.15,2.2643468345518,0.65007596575086,0.04992403424914,1557.9033595264,-0.79274909981964,49.92403424914,36073.179715989
1.153125,2.2668207624694,0.65007611439187,0.049923885608129,1553.6136857844,-0.79165693350843,49.923885608129,36073.174768134
1.15625,2.2692912857787,0.65007626282832,0.049923737171677,1549.3404760785,-0.79056745885245,49.923737171677,36073.169827087
1.159375,2.2717584128562,0.65007641106072,0.049923588939281,1545.0836430383,-0.78948066467354,49.923588939281,36073.164892833
1.1625,2.2742221520437,0.65007655908956,0.04992344091044,1540.8430999062,-0.78839653986128,49.92344091044,36073.159965354
1.165625,2.2766825116484,0.65007670691535,0.049923293084654,1536.6187605319,-0.7873150733724,49.923293084654,36073.155044635
1.16875,2.2791394999432,0.65007685453857,0.049923145461426,1532.4105393673,-0.78623625423027,49.923145461426,36073.150130659
1.171875,2.2815931251671,0.65007700195974,0.049922998040262,1528.2183514609,-0.7851600715244,49.922998040262,36073.145223408
1.175,2.284043395525,0.65007714917933,0.049922850820668,1524.0421124525,-0.78408651440983,49.922850820668,36073.140322868
1.178125,2.2864903191882,0.65007729619785,0.049922703802153,1519.8817385686,-0.7830155721067,49.922703802153,36073.13542902
1.18125,2.2889339042945,0.65007744301577,0.049922556984229,1515.7371466164,-0.78194723389969,49.922556984229,36073.13054185
1.184375,2.2913741589485,0.65007758963359,0.049922410366409,1511.6082539795,-0.7808814891375,49.922410366409,36073.125661341
1.1875,2.2938110912214,0.65007773605179,0.049922263948207,1507.4949786125,-0.7798183272324,49.922263948207,36073.120787476
1.190625,2.296244709152,0.65007788227086,0.049922117729141,1503.3972390361,-0.77875773765965,49.922117729141,36073.11592024
1.19375,2.2986750207459,0.65007802829127,0.04992197170873,1499.314954332,-0.77769970995708,49.92197170873,36073.111059617
1.196875,2.3011020339767,0.65007817411351,0.049921825886494,1495.2480441387,-0.77664423372454,49.921825886494,36073.106205591
1.2,2.3035257567852,0.65007831973804,0.049921680261956,1491.1964286456,-0.77559129862348,49.921680261956,36073.101358145
1.203125,2.3059461970805,0.65007846516536,0.049921534834642,1487.1600285894,-0.77454089437639,49.921534834642,36073.096517264
1.20625,2.3083633627395,0.65007861039592,0.049921389604078,1483.1387652484,-0.7734930107664,49.921389604078,36073.091682933
1.209375,2.3107772616074,0.65007875543021,0.049921244569792,1479.1325604387,-0.77244763763676,49.921244569792,36073.086855135
1.2125,2.3131879014981,0.65007890026868,0.049921099731316,1475.1413365087,-0.77140476489038,49.921099731316,36073.082033856
1.215625,2.3155952901937,0.65007904491182,0.049920955088181,1471.1650163354,-0.7703643824894,49.920955088181,36073.077219078
1.21875,2.3179994354454,0.65007918936008,0.049920810639921,1467.2035233193,-0.76932648045467,49.920810639921,36073.072410788
1.221875,2.3204003449735,0.65007933361393,0.049920666386074,1463.2567813801,-0.76829104886537,49.920666386074,36073.067608969
1.225,2.3227980264671,0.65007947767382,0.049920522326177,1459.3247149523,-0.7672580778585,49.920522326177,36073.062813606
1.228125,2.325192487585,0.65007962154023,0.04992037845977,1455.4072489807,-0.76622755762849,49.92037845977,36073.058024683
1.23125,2.3275837359554,0.65007976521361,0.049920234786394,1451.5043089164,-0.76519947842669,49.920234786394,36073.053242187
1.234375,2.3299717791763,0.65007990869441,0.049920091305593,1447.6158207121,-0.76417383056101,49.920091305593,36073.0484661
1.2375,2.3323566248153,0.65008005198309,0.049919948016913,1443.741710818,-0.76315060439542,49.919948016913,36073.043696409
1.240625,2.3347382804105,0.6500801950801,0.0499198049199,1439.8819061778,-0.76212979034957,49.9198049199,36073.038933098
1.24375,2.3371167534698,0.6500803379859,0.049919662014103,1436.0363342241,-0.76111137889835,49.919662014103,36073.034176152
1.246875,2.3394920514719,0.65008048070093,0.049919519299073,1432.2049228747,-0.76009536057146,49.919519299073,36073.029425556
1.25,2.3418641818658,0.65008062322564,0.049919376774362,1428.3876005285,-0.75908172595301,49.919376774362,36073.024681295
1.253125,2.3442331520714,0.65008076556047,0.049919234439526,1424.5842960611,-0.7580704656811,49.919234439526,36073.019943354
1.25625,2.3465989694794,0.65008090770588,0.049919092294118,1420.7949388212,-0.7570615704474,49.919092294118,36073.01521172
1.259375,2.3489616414515,0.6500810496623,0.049918950337698,1417.0194586263,-0.75605503099678,49.918950337698,36073.010486376
1.2625,2.351321175321,0.65008119143018,0.049918808569825,1413.2577857593,-0.75505083812686,49.918808569825,36073.005767308
1.265625,2.3536775783922,0.65008133300994,0.049918666990059,1409.5098509639,-0.75404898268767,49.918666990059,36073.001054502
1.26875,2.3560308579411,0.65008147440204,0.049918525597964,1405.7755854415,-0.75304945558119,49.918525597964,36072.996347943
1.271875,2.3583810212157,0.6500816156069,0.049918384393104,1402.054920847,-0.75205224776103,49.918384393104,36072.991647616
1.275,2.3607280754354,0.65008175662495,0.049918243375045,1398.3477892849,-0.751057350232,49.918243375045,36072.986953508
1.278125,2.3630720277921,0.65008189745664,0.049918102543356,1394.654123306,-0.75006475404974,49.918102543356,36072.982265603
1.28125,2.3654128854497,0.65008203810239,0.049917961897605,1390.9738559036,-0.74907445032033,49.917961897605,36072.977583888
1.284375,2.3677506555443,0.65008217856264,0.049917821437365,1387.3069205095,-0.74808643019994,49.917821437365,36072.972908347
1.2875,2.3700853451849,0.65008231883779,0.049917681162207,1383.6532509908,-0.74710068489443,49.917681162207,36072.968238968
1.290625,2.3724169614529,0.65008245892829,0.049917541071707,1380.0127816462,-0.74611720565901,49.917541071707,36072.963575736
1.29375,2.3747455114025,0.65008259883456,0.04991740116544,1376.3854472024,-0.74513598379784,49.91740116544,36072.958918636
1.296875,2.3770710020611,0.65008273855702,0.049917261442985,1372.7711828106,-0.74415701066371,49.917261442985,36072.954267654
1.3,2.379393440429,0.65008287809608,0.04991712190392,1369.1699240433,-0.74318027765764,49.91712190392,36072.949622778
1.303125,2.38171283348,0.65008301745217,0.049916982547828,1365.5816068902,-0.74220577622856,49.916982547828,36072.944983992
1.30625,2.3840291881612,0.65008315662571,0.04991684337429,1362.0061677557,-0.74123349787293,49.91684337429,36072.940351282
1.309375,2.3863425113931,0.65008329561711,0.04991670438289,1358.4435434548,-0.74026343413442,49.91670438289,36072.935724636
1.3125,2.3886528100702,0.65008343442679,0.049916565573214,1354.8936712101,-0.73929557660352,49.916565573214,36072.931104038
1.315625,2.3909600910609,0.65008357305515,0.049916426944851,1351.3564886485,-0.73832991691727,49.916426944851,36072.926489476
1.31875,2.3932643612072,0.65008371150261,0.049916288497387,1347.8319337977,-0.73736644675884,49.916288497387,36072.921880936
1.321875,2.3955656273258,0.65008384976958,0.049916150230415,1344.3199450832,-0.73640515785725,49.916150230415,36072.917278404
1.325,2.3978638962073,0.65008398785647,0.049916012143526,1340.8204613252,-0.735446041987,49.916012143526,36072.912681866
1.328125,2.4001591746168,0.65008412576369,0.049915874236313,1337.333421735,-0.73448909096778,49.915874236313,36072.908091309
1.33125,2.4024514692941,0.65008426349163,0.049915736508372,1333.8587659122,-0.73353429666412,49.915736508372,36072.90350672
1.334375,2.4047407869537,0.6500844010407,0.049915598959299,1330.3964338416,-0.73258165098505,49.915598959299,36072.898928085
1.3375,2.4070271342848,0.65008453841131,0.049915461588693,1326.9463658899,-0.7316311458838,49.915461588693,36072.89435539
1.340625,2.4093105179518,0.65008467560385,0.049915324396152,1323.5085028027,-0.73068277335749,49.915324396152,36072.889788623
1.34375,2.4115909445941,0.65008481261872,0.049915187381278,1320.0827857016,-0.7297365254468,49.915187381278,36072.885227769
1.346875,2.4138684208263,0.65008494945633,0.049915050543673,1316.6691560812,-0.72879239423563,49.915050543673,36072.880672817
1.35,2.4161429532386,0.65008508611706,0.049914913882943,1313.267555806,-0.72785037185086,49.914913882943,36072.876123752
1.353125,2.4184145483965,0.65008522260131,0.049914777398691,1309.8779271077,-0.72691045046199,49.914777398691,36072.871580562
1.35625,2.4206832128413,0.65008535890948,0.049914641090525,1306.5002125818,-0.72597262228082,49.914641090525,36072.867043233
1.359375,2.4229489530902,0.65008549504195,0.049914504958054,1303.1343551853,-0.72503687956121,49.914504958054,36072.862511752
1.3625,2.4252117756361,0.65008563099911,0.049914369000887,1299.7802982336,-0.72410321459874,49.914369000887,36072.857986107
1.365625,2.4274716869479,0.65008576678136,0.049914233218635,1296.4379853976,-0.7231716197304,49.914233218635,36072.853466285
1.36875,2.4297286934711,0.65008590238909,0.049914097610912,1293.107360701,-0.72224208733435,49.914097610912,36072.848952272
1.371875,2.431982801627,0.65008603782267,0.049913962177332,1289.7883685175,-0.72131460982956,49.913962177332,36072.844444055
1.375,2.4342340178137,0.65008617308249,0.04991382691751,1286.480953568,-0.72038917967558,49.91382691751,36072.839941623
1.378125,2.4364823484057,0.65008630816894,0.049913691831063,1283.1850609181,-0.71946578937224,49.913691831063,36072.835444962
1.38125,2.4387277997543,0.65008644308239,0.04991355691761,1279.9006359749,-0.71854443145931,49.91355691761,36072.830954059
1.384375,2.4409703781874,0.65008657782323,0.04991342217677,1276.6276244852,-0.71762509851632,49.91342217677,36072.826468902
1.3875,2.4432100900099,0.65008671239184,0.049913287608164,1273.3659725317,-0.71670778316221,49.913287608164,36072.821989478
1.390625,2.4454469415041,0.65008684678858,0.049913153211416,1270.1156265316,-0.71579247805504,49.913153211416,36072.817515775
1.39375,2.447680938929,0.65008698101385,0.049913018986149,1266.876533233,-0.7148791758918,49.913018986149,36072.813047781
1.396875,2.4499120885211,0.65008711506801,0.049912884931988,1263.6486397129,-0.71396786940805,49.912884931988,36072.808585481
1.4,2.4521403964943,0.65008724895144,0.04991275104856,1260.4318933746,-0.71305855137769,49.91275104856,36072.804128866
1.403125,2.4543658690402,0.65008738266451,0.049912617335493,1257.2262419449,-0.7121512146127,49.912617335493,36072.79967792
1.40625,2.4565885123278,0.65008751620758,0.049912483792416,1254.0316334718,-0.71124585196286,49.912483792416,36072.795232634
1.409375,2.458808332504,0.65008764958104,0.04991235041896,1250.8480163222,-0.7103424563155,49.91235041896,36072.790792993
1.4125,2.4610253356935,0.65008778278524,0.049912217214758,1247.6753391791,-0.70944102059521,49.912217214758,36072.786358987
1.415625,2.4632395279993,0.65008791582056,0.049912084179441,1244.5135510393,-0.70854153776364,49.912084179441,36072.781930602
1.41875,2.465450915502,0.65008804868735,0.049911951312646,1241.362601211,-0.70764400081919,49.911951312646,36072.777507827
1.421875,2.467659504261,0.65008818138599,0.049911818614008,1238.2224393116,-0.70674840279678,49.911818614008,36072.77309065
1.425,2.4698653003136,0.65008831391684,0.049911686083164,1235.0930152651,-0.70585473676759,49.911686083164,36072.768679058
1.428125,2.4720683096757,0.65008844628025,0.049911553719752,1231.9742792997,-0.70496299583882,49.911553719752,36072.764273039
1.43125,2.474268538342,0.65008857847659,0.049911421523413,1228.8661819457,-0.70407317315346,49.911421523413,36072.759872582
1.434375,2.4764659922856,0.65008871050621,0.049911289493788,1225.7686740333,-0.70318526188998,49.911289493788,36072.755477674
1.4375,2.4786606774585,0.65008884236948,0.049911157630519,1222.6817066899,-0.70229925526218,49.911157630519,36072.751088304
1.440625,2.4808525997916,0.65008897406675,0.049911025933249,1219.6052313381,-0.70141514651887,49.911025933249,36072.746704459
1.44375,2.4830417651947,0.65008910559838,0.049910894401624,1216.5391996936,-0.70053292894369,49.910894401624,36072.742326128
1.446875,2.4852281795569,0.65008923696471,0.04991076303529,1213.4835637626,-0.69965259585481,49.91076303529,36072.737953299
1.45,2.4874118487465,0.65008936816611,0.049910631833894,1210.4382758402,-0.69877414060476,49.910631833894,36072.733585961
1.453125,2.489592778611,0.65008949920291,0.049910500797085,1207.4032885075,-0.69789755658016,49.910500797085,36072.729224101
1.45625,2.4917709749775,0.65008963007549,0.049910369924513,1204.3785546301,-0.69702283720152,49.910369924513,36072.724867709
1.459375,2.4939464436524,0.65008976078417,0.049910239215828,1201.3640273554,-0.69614997592294,49.910239215828,36072.720516771
1.4625,2.4961191904221,0.65008989132932,0.049910108670684,1198.359660111,-0.69527896623199,49.910108670684,36072.716171278
1.465625,2.4982892210524,0.65009002171127,0.049909978288734,1195.3654066023,-0.6944098016494,49.909978288734,36072.711831216
1.46875,2.5004565412892,0.65009015193037,0.049909848069632,1192.3812208105,-0.69354247572886,49.909848069632,36072.707496576
1.471875,2.5026211568583,0.65009028198696,0.049909718013035,1189.4070569904,-0.69267698205681,49.909718013035,36072.703167345
1.475,2.5047830734655,0.6500904118814,0.049909588118599,1186.4428696687,-0.69181331425222,49.909588118599,36072.698843512
1.478125,2.5069422967968,0.65009054161402,0.049909458385984,1183.4886136416,-0.69095146596638,49.909458385984,36072.694525065
1.48125,2.5090988325185,0.65009067118515,0.049909328814848,1180.5442439731,-0.69009143088263,49.909328814848,36072.690211993
1.484375,2.5112526862772,0.65009080059515,0.049909199404853,1177.6097159928,-0.68923320271623,49.909199404853,36072.685904286
1.4875,2.5134038636999,0.65009092984434,0.04990907015566,1174.684985294,-0.68837677521409,49.90907015566,36072.681601931
1.490625,2.5155523703943,0.65009105893307,0.049908941066932,1171.7700077318,-0.68752214215458,49.908941066932,36072.677304918
1.49375,2.5176982119487,0.65009118786167,0.049908812138334,1168.8647394211,-0.68666929734731,49.908812138334,36072.673013235
1.496875,2.5198413939321,0.65009131663047,0.049908683369531,1165.9691367349,-0.68581823463292,49.908683369531,36072.668726871
1.5,2.5219819218944,0.65009144523981,0.049908554760189,1163.0831563019,-0.68496894788291,49.908554760189,36072.664445815
1.503125,2.5241198013664,0.65009157369002,0.049908426309977,1160.2067550051,-0.6841214309994,49.908426309977,36072.660170056
1.50625,2.5262550378601,0.65009170198144,0.049908298018563,1157.3398899799,-0.68327567791493,49.908298018563,36072.655899583
1.509375,2.5283876368683,0.65009183011438,0.049908169885617,1154.482518612,-0.68243168259229,49.908169885617,36072.651634385
1.5125,2.5305176038654,0.65009195808919,0.04990804191081,1151.6345985356,-0.68158943902427,49.90804191081,36072.647374451
1.515625,2.5326449443069,0.65009208590619,0.049907914093814,1148.7960876317,-0.68074894123353,49.907914093814,36072.64311977
1.51875,2.5347696636298,0.6500922135657,0.049907786434303,1145.9669440265,-0.67991018327233,49.907786434303,36072.638870331
1.521875,2.5368917672525,0.65009234106805,0.049907658931951,1143.1471260892,-0.6790731592224,49.907658931951,36072.634626124
1.525,2.5390112605752,0.65009246841357,0.049907531586433,1140.3365924304,-0.67823786319473,49.907531586433,36072.630387137
1.528125,2.5411281489795,0.65009259560257,0.049907404397428,1137.5353019005,-0.67740428932934,49.907404397428,36072.626153361
1.53125,2.543242437829,0.65009272263539,0.049907277364611,1134.7432135878,-0.67657243179516,49.907277364611,36072.621924783
1.534375,2.5453541324691,0.65009284951234,0.049907150487662,1131.9602868167,-0.67574228478977,49.907150487662,36072.617701394
1.5375,2.5474632382272,0.65009297623374,0.04990702376626,1129.1864811462,-0.67491384253926,49.90702376626,36072.613483182
1.540625,2.5495697604126,0.65009310279991,0.049906897200088,1126.4217563681,-0.67408709929806,49.906897200088,36072.609270138
1.54375,2.551673704317,0.65009322921117,0.049906770788826,1123.6660725054,-0.67326204934869,49.906770788826,36072.60506225
1.546875,2.553775075214,0.65009335546784,0.049906644532159,1120.9193898105,-0.67243868700165,49.906644532159,36072.600859508
1.55,2.5558738783598,0.65009348157023,0.049906518429769,1118.1816687636,-0.6716170065952,49.906518429769,36072.596661902
1.553125,2.5579701189927,0.65009360751866,0.049906392481343,1115.4528700712,-0.67079700249519,49.906392481343,36072.59246942
1.55625,2.5600638023338,0.65009373331343,0.049906266686567,1112.7329546642,-0.66997866909489,49.906266686567,36072.588282054
1.559375,2.5621549335865,0.65009385895487,0.049906141045128,1110.0218836967,-0.6691620008148,49.906141045128,36072.584099791
1.5625,2.5642435179369,0.65009398444329,0.049906015556715,1107.319618544,-0.66834699210248,49.906015556715,36072.579922623
1.565625,2.5663295605541,0.65009410977898,0.049905890221016,1104.6261208012,-0.66753363743239,49.905890221016,36072.575750537
1.56875,2.5684130665895,0.65009423496228,0.049905765037723,1101.9413522817,-0.66672193130571,49.905765037723,36072.571583525
1.571875,2.570494041178,0.65009435999347,0.049905640006527,1099.2652750156,-0.66591186825016,49.905640006527,36072.567421576
1.575,2.5725724894369,0.65009448487288,0.04990551512712,1096.597851248,-0.66510344281985,49.90551512712,36072.56326468
1.578125,2.574648416467,0.6500946096008,0.049905390399196,1093.9390434378,-0.66429664959508,49.905390399196,36072.559112826
1.58125,2.5767218273521,0.65009473417755,0.04990526582245,1091.2888142558,-0.66349148318223,49.90526582245,36072.554966004
1.584375,2.5787927271591,0.65009485860342,0.049905141396577,1088.6471265837,-0.66268793821352,49.905141396577,36072.550824204
1.5875,2.5808611209385,0.65009498287873,0.049905017121273,1086.013943512,-0.66188600934692,49.905017121273,36072.546687417
1.590625,2.5829270137238,0.65009510700376,0.049904892996237,1083.389228339,-0.66108569126594,49.904892996237,36072.542555631
1.59375,2.5849904105323,0.65009523097883,0.049904769021167,1080.7729445693,-0.66028697867949,49.904769021167,36072.538428837
1.596875,2.5870513163647,0.65009535480424,0.049904645195762,1078.165055912,-0.65948986632169,49.904645195762,36072.534307026
1.6,2.5891097362053,0.65009547848028,0.049904521519722,1075.5655262796,-0.65869434895177,49.904521519722,36072.530190186
1.603125,2.5911656750222,0.65009560200725,0.04990439799275,1072.9743197866,-0.65790042135386,49.90439799275,36072.526078308
1.60625,2.5932191377671,0.65009572538545,0.049904274614548,1070.3914007478,-0.65710807833684,49.904274614548,36072.521971383
1.609375,2.5952701293758,0.65009584861518,0.04990415138482,1067.8167336771,-0.65631731473421,49.90415138482,36072.5178694
1.6125,2.5973186547678,0.65009597169673,0.049904028303268,1065.2502832862,-0.65552812540393,49.904028303268,36072.513772349
1.615625,2.5993647188468,0.6500960946304,0.0499039053696,1062.692014483,-0.65474050522824,49.9039053696,36072.509680221
1.61875,2.6014083265004,0.65009621741648,0.049903782583522,1060.1418923702,-0.65395444911353,49.903782583522,36072.505593005
1.621875,2.6034494826005,0.65009634005526,0.04990365994474,1057.5998822443,-0.65316995199021,49.90365994474,36072.501510693
1.625,2.6054881920031,0.65009646254704,0.049903537452963,1055.065949594,-0.65238700881252,49.903537452963,36072.497433274
1.628125,2.6075244595487,0.6500965848921,0.0499034151079,1052.5400600989,-0.65160561455841,49.9034151079,36072.493360739
1.63125,2.6095582900621,0.65009670709074,0.049903292909261,1050.022179628,-0.65082576422936,49.903292909261,36072.489293078
1.634375,2.6115896883524,0.65009682914324,0.049903170856758,1047.512274239,-0.65004745285031,49.903170856758,36072.485230282
1.6375,2.6136186592133,0.6500969510499,0.049903048950101,1045.0103101761,-0.64927067546941,49.903048950101,36072.48117234
1.640625,2.6156452074233,0.65009707281099,0.049902927189005,1042.5162538695,-0.64849542715797,49.902927189005,36072.477119244
1.64375,2.6176693377453,0.65009719442682,0.049902805573183,1040.0300719338,-0.64772170301025,49.902805573183,36072.473070983
1.646875,2.6196910549271,0.65009731589765,0.04990268410235,1037.5517311666,-0.64694949814336,49.90268410235,36072.469027549
1.65,2.6217103637013,0.65009743722378,0.049902562776221,1035.0811985475,-0.64617880769713,49.902562776221,36072.464988931
1.653125,2.6237272687853,0.65009755840549,0.049902441594513,1032.6184412368,-0.64540962683389,49.902441594513,36072.460955121
1.65625,2.6257417748815,0.65009767944306,0.049902320556943,1030.1634265742,-0.64464195073846,49.902320556943,36072.456926109
1.659375,2.6277538866772,0.65009780033677,0.04990219966323,1027.7161220774,-0.64387577461789,49.90219966323,36072.452901885
1.6625,2.6297636088452,0.65009792108691,0.049902078913093,1025.2764954414,-0.6431110937014,49.902078913093,36072.448882441
1.665625,2.6317709460429,0.65009804169375,0.049901958306252,1022.8445145367,-0.64234790324022,49.901958306252,36072.444867766
1.66875,2.6337759029134,0.65009816215757,0.049901837842428,1020.4201474085,-0.64158619850746,49.901837842428,36072.440857853
1.671875,2.6357784840847,0.65009828247866,0.049901717521344,1018.0033622754,-0.64082597479796,49.901717521344,36072.43685269
1.675,2.6377786941705,0.65009840265728,0.049901597342721,1015.5941275282,-0.64006722742821,49.901597342721,36072.43285227
1.678125,2.6397765377698,0.65009852269372,0.049901477306284,1013.1924117288,-0.63930995173613,49.901477306284,36072.428856583
1.68125,2.641772019467,0.65009864258824,0.049901357411757,1010.7981836089,-0.63855414308105,49.901357411757,36072.42486562
1.684375,2.6437651438323,0.65009876234113,0.049901237658866,1008.411412069,-0.63779979684348,49.901237658866,36072.420879371
1.6875,2.6457559154212,0.65009888195266,0.049901118047337,1006.0320661772,-0.63704690842504,49.901118047337,36072.416897828
1.690625,2.6477443387752,0.6500990014231,0.049900998576896,1003.6601151682,-0.63629547324834,49.900998576896,36072.412920981
1.69375,2.6497304184214,0.65009912075273,0.049900879247273,1001.295528442,-0.63554548675679,49.900879247273,36072.408948822
1.696875,2.6517141588728,0.6500992399418,0.049900760058195,998.93827556265,-0.63479694441456,49.900760058195,36072.404981341
1.7,2.6536955646283,0.65009935899061,0.049900641009393,996.5883262577,-0.6340498417064,49.900641009393,36072.401018529
1.703125,2.6556746401726,0.6500994778994,0.049900522100598,994.24565041656,-0.63330417413751,49.900522100598,36072.397060378
1.70625,2.6576513899765,0.65009959666846,0.049900403331539,991.91021808966,-0.63255993723347,49.900403331539,36072.393106878
1.709375,2.6596258184971,0.65009971529805,0.04990028470195,989.58199948735,-0.63181712654006,49.90028470195,36072.389158021
1.7125,2.6615979301772,0.65009983378844,0.049900166211564,987.26096497882,-0.63107573762319,49.900166211564,36072.385213798
1.715625,2.6635677294463,0.65009995213989,0.049900047860115,984.94708509103,-0.63033576606874,49.900047860115,36072.3812742
1.71875,2.6655352207198,0.65010007035266,0.049899929647337,982.64033050772,-0.62959720748246,49.899929647337,36072.377339217
1.721875,2.6675004083995,0.65010018842703,0.049899811572965,980.34067206826,-0.62886005748986,49.899811572965,36072.373408842
1.725,2.6694632968738,0.65010030636326,0.049899693636737,978.04808076674,-0.62812431173607,49.899693636737,36072.369483065
1.728125,2.6714238905173,0.65010042416161,0.049899575838389,975.76252775087,-0.62738996588574,49.899575838389,36072.365561877
1.73125,2.6733821936912,0.65010054182234,0.04989945817766,973.48398432097,-0.62665701562294,49.89945817766,36072.361645271
1.734375,2.6753382107433,0.65010065934571,0.049899340654287,971.21242192901,-0.625925456651,49.899340654287,36072.357733237
1.7375,2.6772919460081,0.65010077673199,0.049899223268011,968.94781217755,-0.62519528469243,49.899223268011,36072.353825766
1.740625,2.6792434038066,0.65010089398143,0.049899106018572,966.69012681879,-0.62446649548882,49.899106018572,36072.349922851
1.74375,2.6811925884467,0.65010101109429,0.049898988905711,964.43933775356,-0.62373908480068,49.898988905711,36072.346024482
1.746875,2.683139504223,0.65010112807083,0.049898871929171,962.19541703037,-0.62301304840739,49.898871929171,36072.34213065
1.75,2.6850841554172,0.65010124491131,0.049898755088693,959.95833684443,-0.62228838210702,49.898755088693,36072.338241348
1.753125,2.6870265462977,0.65010136161598,0.049898638384022,957.72806953668,-0.6215650817163,49.898638384022,36072.334356566
1.75625,2.6889666811199,0.6501014781851,0.049898521814901,955.50458759286,-0.62084314307043,49.898521814901,36072.330476296
1.759375,2.6909045641263,0.65010159461892,0.049898405381077,953.28786364252,-0.62012256202304,49.898405381077,36072.32660053
1.7625,2.6928401995465,0.65010171091771,0.049898289082294,951.07787045816,-0.61940333444604,49.898289082294,36072.322729259
1.765625,2.6947735915973,0.6501018270817,0.049898172918299,948.8745809542,-0.61868545622952,49.898172918299,36072.318862475
1.76875,2.6967047444826,0.65010194311116,0.04989805688884,946.67796818614,-0.61796892328167,49.89805688884,36072.315000169
1.771875,2.6986336623938,0.65010205900633,0.049897940993666,944.48800534962,-0.61725373152865,49.897940993666,36072.311142334
1.775,2.7005603495092,0.65010217476748,0.049897825232524,942.30466577947,-0.6165398769145,49.897825232524,36072.307288959
1.778125,2.7024848099949,0.65010229039484,0.049897709605164,940.12792294889,-0.61582735540101,49.897709605164,36072.303440038
1.78125,2.7044070480043,0.65010240588866,0.049897594111338,937.95775046845,-0.61511616296765,49.897594111338,36072.299595562
1.784375,2.7063270676782,0.6501025212492,0.049897478750796,935.79412208532,-0.61440629561147,49.897478750796,36072.295755523
1.7875,2.708244873145,0.65010263647671,0.04989736352329,933.63701168227,-0.61369774934695,49.89736352329,36072.291919912
1.790625,2.7101604685207,0.65010275157143,0.049897248428573,931.48639327691,-0.61299052020597,49.897248428573,36072.288088721
1.79375,2.712073857909,0.6501028665336,0.049897133466398,929.34224102073,-0.61228460423764,49.897133466398,36072.284261943
1.796875,2.7139850454013,0.65010298136348,0.04989701863652,927.20452919829,-0.61157999750826,49.89701863652,36072.280439568
1.8,2.7158940350767,0.65010309606131,0.049896903938694,925.07323222636,-0.6108766961012,49.896903938694,36072.276621588
1.803125,2.7178008310021,0.65010321062733,0.049896789372674,922.94832465304,-0.61017469611676,49.896789372674,36072.272807996
1.80625,2.7197054372325,0.65010332506178,0.049896674938218,920.82978115698,-0.60947399367217,49.896674938218,36072.268998784
1.809375,2.7216078578103,0.65010343936492,0.049896560635082,918.71757654652,-0.60877458490139,49.896560635082,36072.265193943
1.8125,2.7235080967665,0.65010355353697,0.049896446463025,916.6116857588,-0.60807646595507,49.896446463025,36072.261393465
1.815625,2.7254061581197,0.6501036675782,0.049896332421805,914.51208385903,-0.60737963300047,49.896332421805,36072.257597342
1.81875,2.7273020458768,0.65010378148882,0.049896218511181,912.41874603964,-0.60668408222132,49.896218511181,36072.253805567
1.821875,2.7291957640325,0.65010389526909,0.049896104730913,910.33164761947,-0.60598980981775,49.896104730913,36072.25001813
1.825,2.7310873165701,0.65010400891924,0.049895991080762,908.25076404295,-0.60529681200619,49.895991080762,36072.246235025
1.828125,2.7329767074609,0.65010412243951,0.049895877560489,906.17607087931,-0.60460508501929,49.895877560489,36072.242456244
1.83125,2.7348639406644,0.65010423583014,0.049895764169856,904.10754382184,-0.60391462510584,49.895764169856,36072.238681777
1.834375,2.7367490201286,0.65010434909137,0.049895650908627,902.04515868704,-0.60322542853063,49.895650908627,36072.234911618
1.8375,2.7386319497899,0.65010446222344,0.049895537776564,899.98889141383,-0.60253749157439,49.895537776564,36072.231145759
1.840625,2.7405127335729,0.65010457522657,0.049895424773432,897.93871806291,-0.60185081053373,49.895424773432,36072.227384191
1.84375,2.7423913753908,0.650104688101,0.049895311898996,895.89461481581,-0.601165381721,49.895311898996,36072.223626908
1.846875,2.7442678791455,0.65010480084698,0.049895199153021,893.85655797425,-0.60048120146422,49.895199153021,36072.2198739
1.85,2.7461422487272,0.65010491346473,0.049895086535273,891.82452395935,-0.59979826610702,49.895086535273,36072.216125161
1.853125,2.7480144880147,0.65010502595448,0.04989497404552,889.79848931089,-0.5991165720085,49.89497404552,36072.212380682
1.85625,2.7498846008759,0.65010513831647,0.049894861683529,887.77843068654,-0.59843611554317,49.894861683529,36072.208640457
1.859375,2.7517525911669,0.65010525055093,0.049894749449068,885.76432486115,-0.5977568931009,49.894749449068,36072.204904476
1.8625,2.7536184627329,0.65010536265809,0.049894637341907,883.75614872601,-0.59707890108677,49.894637341907,36072.201172733
1.865625,2.7554822194077,0.65010547463819,0.049894525361815,881.75387928813,-0.59640213592102,49.894525361815,36072.19744522
1.86875,2.7573438650141,0.65010558649144,0.049894413508562,879.7574936695,-0.59572659403897,49.894413508562,36072.193721928
1.871875,2.7592034033639,0.65010569821808,0.049894301781919,877.76696910637,-0.59505227189091,49.894301781919,36072.190002852
1.875,2.7610608382575,0.65010580981834,0.049894190181658,875.78228294859,-0.59437916594207,49.894190181658,36072.186287982
1.878125,2.7629161734847,0.65010592129245,0.049894078707552,873.80341265883,-0.59370727267247,49.894078707552,36072.182577311
1.88125,2.7647694128241,0.65010603264063,0.049893967359373,871.83033581196,-0.59303658857687,49.893967359373,36072.178870833
1.884375,2.7666205600434,0.65010614386311,0.049893856136894,869.86303009425,-0.59236711016471,49.893856136894,36072.175168538
1.8875,2.7684696188996,0.65010625496011,0.049893745039891,867.90147330282,-0.59169883395999,49.893745039891,36072.171470421
1.890625,2.7703165931387,0.65010636593186,0.049893634068138,865.94564334482,-0.59103175650122,49.893634068138,36072.167776472
1.89375,2.7721614864961,0.65010647677859,0.04989352322141,863.99551823683,-0.59036587434133,49.89352322141,36072.164086685
1.896875,2.7740043026963,0.65010658750052,0.049893412499484,862.05107610417,-0.58970118404756,49.893412499484,36072.160401053
1.9,2.7758450454533,0.65010669809786,0.049893301902137,860.11229518023,-0.58903768220146,49.893301902137,36072.156719568
1.903125,2.7776837184702,0.65010680857085,0.049893191429147,858.17915380577,-0.58837536539871,49.893191429147,36072.153042221
1.90625,2.7795203254398,0.65010691891971,0.04989308108029,856.25163042834,-0.58771423024913,49.89308108029,36072.149369008
1.909375,2.7813548700442,0.65010702914465,0.049892970855347,854.32970360154,-0.58705427337657,49.892970855347,36072.145699918
1.9125,2.7831873559549,0.6501071392459,0.049892860754096,852.4133519844,-0.5863954914188,49.892860754096,36072.142034947
1.915625,2.7850177868332,0.65010724922368,0.049892750776317,850.50255434079,-0.58573788102749,49.892750776317,36072.138374085
1.91875,2.7868461663297,0.65010735907821,0.049892640921792,848.59728953869,-0.58508143886811,49.892640921792,36072.134717326
1.921875,2.7886724980849,0.6501074688097,0.049892531190301,846.6975365496,-0.58442616161984,49.892531190301,36072.131064662
1.925,2.7904967857286,0.65010757841837,0.049892421581626,844.80327444794,-0.58377204597553,49.892421581626,36072.127416087
1.928125,2.7923190328807,0.65010768790445,0.049892312095551,842.91448241034,-0.58311908864158,49.892312095551,36072.123771593
1.93125,2.7941392431505,0.65010779726814,0.049892202731857,841.0311397151,-0.58246728633793,49.892202731857,36072.120131172
1.934375,2.7959574201375,0.65010790650967,0.049892093490329,839.15322574155,-0.58181663579793,49.892093490329,36072.116494818
1.9375,2.7977735674306,0.65010801562925,0.049891984370751,837.28071996941,-0.58116713376827,49.891984370751,36072.112862524
1.940625,2.7995876886088,0.65010812462709,0.049891875372909,835.41360197818,-0.58051877700896,49.891875372909,36072.109234281
1.94375,2.801399787241,0.65010823350341,0.049891766496587,833.5518514466,-0.5798715622932,49.891766496587,36072.105610084
1.946875,2.8032098668861,0.65010834225843,0.049891657741571,831.69544815198,-0.57922548640734,49.891657741571,36072.101989925
1.95,2.8050179310929,0.65010845089235,0.04989154910765,829.84437196963,-0.57858054615081,49.89154910765,36072.098373796
1.953125,2.8068239834002,0.65010855940539,0.049891440594609,827.99860287229,-0.57793673833603,49.891440594609,36072.094761692
1.95625,2.8086280273371,0.65010866779776,0.049891332202237,826.15812092952,-0.57729405978837,49.891332202237,36072.091153604
1.959375,2.8104300664226,0.65010877606968,0.049891223930323,824.32290630709,-0.57665250734604,49.891223930323,36072.087549526
1.9625,2.812230104166,0.65010888422135,0.049891115778655,822.49293926649,-0.57601207786006,49.891115778655,36072.08394945
1.965625,2.8140281440667,0.65010899225298,0.049891007747023,820.66820016428,-0.57537276819419,49.891007747023,36072.08035337
1.96875,2.8158241896143,0.65010910016478,0.049890899835219,818.84866945152,-0.57473457522483,49.890899835219,36072.076761279
1.971875,2.8176182442889,0.65010920795697,0.049890792043032,817.03432767325,-0.57409749584098,49.890792043032,36072.07317317
1.975,2.8194103115606,0.65010931562975,0.049890684370254,815.22515546791,-0.57346152694415,49.890684370254,36072.069589035
1.978125,2.8212003948902,0.65010942318332,0.049890576816677,813.42113356675,-0.57282666544833,49.890576816677,36072.066008869
1.98125,2.8229884977287,0.65010953061791,0.049890469382094,811.62224279333,-0.5721929082799,49.890469382094,36072.062432663
1.984375,2.8247746235174,0.6501096379337,0.049890362066299,809.82846406294,-0.57156025237754,49.890362066299,36072.058860411
1.9875,2.8265587756884,0.65010974513092,0.049890254869084,808.03977838205,-0.57092869469224,49.890254869084,36072.055292107
1.990625,2.828340957664,0.65010985220976,0.049890147790244,806.2561668478,-0.57029823218714,49.890147790244,36072.051727743
1.99375,2.8301211728573,0.65010995917043,0.049890040829575,804.47761064741,-0.56966886183753,49.890040829575,36072.048167313
1.996875,2.8318994246718,0.65011006601313,0.049889933986871,802.70409105769,-0.56904058063079,49.889933986871,36072.044610809
2,2.8336757165018,0.65011017273807,0.049889827261929,800.93558944452,-0.56841338556627,49.889827261929,36072.041058225
2.003125,2.835450051732,0.65011027934545,0.049889720654545,799.17208726227,-0.5677872736553,49.889720654545,36072.037509555
2.00625,2.8372224337381,0.65011038583548,0.049889614164517,797.41356605332,-0.56716224192105,49.889614164517,36072.033964791
2.009375,2.8389928658862,0.65011049220836,0.049889507791642,795.66000744753,-0.56653828739854,49.889507791642,36072.030423927
2.0125,2.8407613515336,0.65011059846428,0.049889401535719,793.9113931617,-0.56591540713452,49.889401535719,36072.026886955
2.015625,2.842527894028,0.65011070460345,0.049889295396547,792.16770499914,-0.56529359818746,49.889295396547,36072.02335387
2.01875,2.8442924967081,0.65011081062608,0.049889189373924,790.42892484905,-0.56467285762745,49.889189373924,36072.019824665
2.021875,2.8460551629036,0.65011091653235,0.049889083467651,788.69503468609,-0.56405318253616,49.889083467651,36072.016299333
2.025,2.8478158959349,0.65011102232247,0.049888977677528,786.96601656987,-0.56343457000675,49.888977677528,36072.012777867
2.028125,2.8495746991135,0.65011112799664,0.049888872003357,785.24185264443,-0.56281701714386,49.888872003357,36072.00926026
2.03125,2.8513315757419,0.65011123355506,0.049888766444938,783.52252513775,-0.56220052106352,49.888766444938,36072.005746507
2.034375,2.8530865291135,0.65011133899793,0.049888661002075,781.80801636129,-0.56158507889307,49.888661002075,36072.0022366
2.0375,2.8548395625128,0.65011144432543,0.049888555674569,780.09830870948,-0.56097068777116,49.888555674569,36071.998730533
2.040625,2.8565906792155,0.65011154953778,0.049888450462224,778.39338465923,-0.56035734484763,49.888450462224,36071.9952283
2.04375,2.8583398824883,0.65011165463516,0.049888345364844,776.69322676945,-0.55974504728349,49.888345364844,36071.991729893
2.046875,2.8600871755892,0.65011175961777,0.049888240382233,774.99781768061,-0.55913379225086,49.888240382233,36071.988235307
2.05,2.8618325617671,0.65011186448581,0.049888135514195,773.30714011421,-0.55852357693289,49.888135514195,36071.984744535
2.053125,2.8635760442626,0.65011196923946,0.049888030760536,771.62117687236,-0.55791439852372,49.888030760536,36071.98125757
2.05625,2.8653176263071,0.65011207387894,0.049887926121062,769.93991083729,-0.55730625422844,49.887926121062,36071.977774406
2.059375,2.8670573111236,0.65011217840442,0.049887821595579,768.26332497086,-0.55669914126299,49.887821595579,36071.974295036
2.0625,2.8687951019263,0.65011228281611,0.049887717183894,766.59140231417,-0.55609305685413,49.887717183894,36071.970819455
2.065625,2.8705310019208,0.65011238711418,0.049887612885815,764.92412598704,-0.55548799823941,49.887612885815,36071.967347655
2.06875,2.8722650143042,0.65011249129885,0.049887508701149,763.2614791876,-0.55488396266707,49.887508701149,36071.96387963
2.071875,2.8739971422649,0.6501125953703,0.049887404629705,761.60344519177,-0.554280947396,49.887404629705,36071.960415374
2.075,2.8757273889827,0.65011269932871,0.049887300671291,759.9500073529,-0.55367894969571,49.887300671291,36071.95695488
2.078125,2.8774557576292,0.65011280317428,0.049887196825718,758.30114910128,-0.55307796684623,49.887196825718,36071.953498143
2.08125,2.8791822513672,0.65011290690721,0.049887093092795,756.6568539437,-0.5524779961381,49.887093092795,36071.950045156
2.084375,2.8809068733512,0.65011301052767,0.049886989472332,755.01710546301,-0.55187903487229,49.886989472332,36071.946595912
2.0875,2.8826296267273,0.65011311403586,0.049886885964141,753.38188731769,-0.55128108036017,49.886885964141,36071.943150405
2.090625,2.8843505146334,0.65011321743197,0.049886782568033,751.75118324143,-0.55068412992344,49.886782568033,36071.939708629
2.09375,2.8860695401987,0.65011332071618,0.04988667928382,750.12497704267,-0.55008818089405,49.88667928382,36071.936270578
2.096875,2.8877867065445,0.65011342388869,0.049886576111314,748.50325260422,-0.54949323061423,49.886576111314,36071.932836245
2.1,2.8895020167834,0.65011352694967,0.049886473050329,746.88599388278,-0.54889927643635,49.886473050329,36071.929405625
2.103125,2.89121547402,0.65011362989932,0.049886370100678,745.27318490856,-0.54830631572291,49.886370100678,36071.92597871
2.10625,2.8929270813509,0.65011373273783,0.049886267262175,743.66480978485,-0.54771434584651,49.886267262175,36071.922555496
2.109375,2.894636841864,0.65011383546537,0.049886164534634,742.0608526876,-0.54712336418974,49.886164534634,36071.919135975
2.1125,2.8963447586395,0.65011393808213,0.04988606191787,740.46129786502,-0.54653336814519,49.88606191787,36071.915720141
2.115625,2.8980508347493,0.6501140405883,0.049885959411699,738.86612963718,-0.54594435511537,49.885959411699,36071.912307989
2.11875,2.8997550732572,0.65011414298406,0.049885857015937,737.27533239555,-0.54535632251264,49.885857015937,36071.908899512
2.121875,2.901457477219,0.6501142452696,0.0498857547304,735.68889060266,-0.54476926775923,49.8857547304,36071.905494704
2.125,2.9031580496824,0.6501143474451,0.049885652554905,734.10678879167,-0.5441831882871,49.885652554905,36071.902093559
2.128125,2.9048567936872,0.65011444951073,0.049885550489268,732.52901156597,-0.54359808153796,49.885550489268,36071.898696071
2.13125,2.9065537122653,0.65011455146669,0.04988544853331,730.95554359879,-0.5430139449632,49.88544853331,36071.895302234
2.134375,2.9082488084404,0.65011465331315,0.049885346686846,729.38636963281,-0.54243077602382,49.885346686846,36071.891912042
2.1375,2.9099420852285,0.6501147550503,0.049885244949697,727.82147447977,-0.54184857219043,49.885244949697,36071.888525488
2.140625,2.9116335456378,0.65011485667832,0.049885143321681,726.26084302007,-0.54126733094316,49.885143321681,36071.885142567
2.14375,2.9133231926684,0.65011495819738,0.049885041802619,724.7044602024,-0.54068704977162,49.885041802619,36071.881763273
2.146875,2.9150110293127,0.65011505960767,0.049884940392329,723.15231104334,-0.54010772617488,49.884940392329,36071.8783876
2.15,2.9166970585554,0.65011516090937,0.049884839090634,721.60438062701,-0.53952935766137,49.884839090634,36071.875015541
2.153125,2.9183812833734,0.65011526210265,0.049884737897355,720.06065410466,-0.53895194174891,49.884737897355,36071.871647092
2.15625,2.9200637067359,0.65011536318769,0.049884636812312,718.52111669431,-0.53837547596458,49.884636812312,36071.868282245
2.159375,2.9217443316042,0.65011546416467,0.049884535835328,716.9857536804,-0.53779995784474,49.884535835328,36071.864920995
2.1625,2.9234231609321,0.65011556503377,0.049884434966225,715.45455041336,-0.53722538493496,49.884434966225,36071.861563337
2.165625,2.9251001976659,0.65011566579517,0.049884334204827,713.92749230933,-0.53665175478995,49.884334204827,36071.858209263
2.16875,2.926775444744,0.65011576644904,0.049884233550957,712.40456484969,-0.53607906497357,49.884233550957,36071.854858769
2.171875,2.9284489050973,0.65011586699556,0.049884133004439,710.8857535808,-0.53550731305873,49.884133004439,36071.851511848
2.175,2.9301205816493,0.6501159674349,0.049884032565096,709.37104411357,-0.53493649662738,49.884032565096,36071.848168495
2.178125,2.9317904773158,0.65011606776724,0.049883932232755,707.86042212314,-0.53436661327044,49.883932232755,36071.844828704
2.18125,2.9334585950052,0.65011616799276,0.04988383200724,706.35387334848,-0.5337976605878,49.88383200724,36071.841492468
2.184375,2.9351249376183,0.65011626811162,0.049883731888377,704.85138359213,-0.53322963618824,49.883731888377,36071.838159783
2.1875,2.9367895080486,0.65011636812401,0.049883631875992,703.35293871971,-0.53266253768935,49.883631875992,36071.834830642
2.190625,2.9384523091822,0.65011646803009,0.049883531969911,701.85852465971,-0.5320963627176,49.883531969911,36071.83150504
2.19375,2.9401133438975,0.65011656783004,0.049883432169962,700.36812740308,-0.53153110890818,49.883432169962,36071.828182971
2.196875,2.941772615066,0.65011666752403,0.049883332475973,698.88173300286,-0.53096677390501,49.883332475973,36071.824864428
2.2,2.9434301255516,0.65011676711223,0.04988323288777,697.39932757387,-0.53040335536072,49.88323288777,36071.821549407
2.203125,2.9450858782108,0.65011686659482,0.049883133405183,695.92089729242,-0.52984085093655,49.883133405183,36071.818237902
2.20625,2.946739875893,0.65011696597196,0.04988303402804,694.44642839586,-0.52927925830235,49.88303402804,36071.814929907
2.209375,2.9483921214404,0.65011706524383,0.049882934756171,692.97590718235,-0.52871857513655,49.882934756171,36071.811625416
2.2125,2.9500426176877,0.65011716441059,0.049882835589405,691.50932001048,-0.52815879912604,49.882835589405,36071.808324423
2.215625,2.9516913674626,0.65011726347243,0.049882736527572,690.04665329895,-0.52759992796625,49.882736527572,36071.805026923
2.21875,2.9533383735856,0.6501173624295,0.049882637570504,688.5878935262,-0.52704195936099,49.882637570504,36071.801732911
2.221875,2.9549836388701,0.65011746128197,0.049882538718029,687.13302723019,-0.5264848910225,49.882538718029,36071.798442381
2.225,2.9566271661223,0.65011756003002,0.049882439969982,685.68204100796,-0.52592872067135,49.882439969982,36071.795155326
2.228125,2.9582689581412,0.65011765867381,0.049882341326192,684.23492151536,-0.52537344603643,49.882341326192,36071.791871742
2.23125,2.9599090177189,0.65011775721351,0.049882242786492,682.79165546675,-0.5248190648549,49.882242786492,36071.788591623
2.234375,2.9615473476404,0.65011785564928,0.049882144350715,681.35222963465,-0.52426557487217,49.882144350715,36071.785314963
2.2375,2.9631839506837,0.65011795398131,0.049882046018695,679.91663084944,-0.52371297384182,49.882046018695,36071.782041757
2.240625,2.9648188296197,0.65011805220974,0.049881947790264,678.48484599903,-0.52316125952559,49.881947790264,36071.778771999
2.24375,2.9664519872126,0.65011815033474,0.049881849665256,677.05686202858,-0.52261042969335,49.881849665256,36071.775505684
2.246875,2.9680834262192,0.65011824835649,0.049881751643506,675.63266594016,-0.52206048212303,49.881751643506,36071.772242806
2.25,2.9697131493899,0.65011834627515,0.049881653724849,674.21224479245,-0.5215114146006,49.881653724849,36071.76898336
2.253125,2.9713411594678,0.65011844409088,0.049881555909119,672.79558570044,-0.52096322492003,49.881555909119,36071.765727339
2.25625,2.9729674591893,0.65011854180385,0.049881458196153,671.38267583514,-0.52041591088326,49.881458196153,36071.76247474
2.259375,2.9745920512841,0.65011863941421,0.049881360585786,669.97350242326,-0.51986947030015,49.881360585786,36071.759225556
2.2625,2.9762149384747,0.65011873692214,0.049881263077855,668.5680527469,-0.51932390098843,49.881263077855,36071.755979781
2.265625,2.9778361234771,0.6501188343278,0.049881165672197,667.16631414329,-0.51877920077372,49.881165672197,36071.752737411
2.26875,2.9794556090006,0.65011893163135,0.049881068368648,665.76827400446,-0.5182353674894,49.881068368648,36071.74949844
2.271875,2.9810733977474,0.65011902883295,0.049880971167047,664.37391977696,-0.51769239897667,49.880971167047,36071.746262863
2.275,2.9826894924133,0.65011912593277,0.049880874067231,662.98323896156,-0.51715029308442,49.880874067231,36071.743030674
2.278125,2.9843038956873,0.65011922293096,0.049880777069039,661.596219113,-0.51660904766929,49.880777069039,36071.739801867
2.28125,2.9859166102517,0.65011931982769,0.04988068017231,660.21284783962,-0.51606866059555,49.88068017231,36071.736576438
2.284375,2.9875276387821,0.65011941662312,0.049880583376883,658.83311280317,-0.51552912973513,49.880583376883,36071.733354381
2.2875,2.9891369839477,0.6501195133174,0.049880486682597,657.45700171845,-0.51499045296751,49.880486682597,36071.730135691
2.290625,2.9907446484108,0.65011960991071,0.049880390089293,656.08450235306,-0.51445262817978,49.880390089293,36071.726920362
2.29375,2.9923506348273,0.65011970640319,0.049880293596811,654.71560252714,-0.5139156532665,49.880293596811,36071.723708389
2.296875,2.9939549458465,0.65011980279501,0.049880197204992,653.35029011304,-0.51337952612976,49.880197204992,36071.720499767
2.3,2.9955575841111,0.65011989908632,0.049880100913678,651.98855303506,-0.51284424467906,49.880100913678,36071.71729449
2.303125,2.9971585522575,0.65011999527729,0.049880004722708,650.63037926923,-0.51230980683137,49.880004722708,36071.714092554
2.30625,2.9987578529154,0.65012009136807,0.049879908631927,649.27575684296,-0.51177621051098,49.879908631927,36071.710893953
2.309375,3.0003554887081,0.65012018735882,0.049879812641176,647.9246738348,-0.51124345364958,49.879812641176,36071.707698681
2.3125,3.0019514622524,0.6501202832497,0.049879716750297,646.57711837418,-0.51071153418615,49.879716750297,36071.704506734
2.315625,3.0035457761589,0.65012037904087,0.049879620959135,645.23307864111,-0.51018045006694,49.879620959135,36071.701318106
2.31875,3.0051384330316,0.65012047473247,0.049879525267532,643.89254286597,-0.50965019924547,49.879525267532,36071.698132792
2.321875,3.0067294354681,0.65012057032467,0.049879429675332,642.55549932918,-0.50912077968245,49.879429675332,36071.694950787
2.325,3.0083187860599,0.65012066581762,0.049879334182381,641.22193636097,-0.50859218934578,49.879334182381,36071.691772086
2.328125,3.0099064873918,0.65012076121148,0.049879238788522,639.89184234113,-0.5080644262105,49.879238788522,36071.688596684
2.33125,3.0114925420426,0.6501208565064,0.0498791434936,638.5652056987,-0.50753748825876,49.8791434936,36071.685424574
2.334375,3.0130769525848,0.65012095170254,0.049879048297462,637.24201491179,-0.5070113734798,49.879048297462,36071.682255753
2.3375,3.0146597215844,0.65012104680005,0.049878953199952,635.92225850725,-0.50648607986991,49.878953199952,36071.679090215
2.340625,3.0162408516014,0.65012114179908,0.049878858200917,634.60592506046,-0.50596160543236,49.878858200917,36071.675927955
2.34375,3.0178203451895,0.6501212366998,0.049878763300204,633.29300319503,-0.50543794817743,49.878763300204,36071.672768968
2.346875,3.0193982048962,0.65012133150234,0.049878668497659,631.98348158261,-0.50491510612235,49.878668497659,36071.669613249
2.35,3.0209744332627,0.65012142620687,0.04987857379313,630.6773489426,-0.50439307729127,49.87857379313,36071.666460792
2.353125,3.0225490328244,0.65012152081354,0.049878479186465,629.37459404192,-0.5038718597152,49.878479186465,36071.663311593
2.35625,3.0241220061101,0.65012161532249,0.049878384677511,628.07520569473,-0.50335145143203,49.878384677511,36071.660165646
2.359375,3.0256933556429,0.65012170973388,0.049878290266117,626.77917276221,-0.50283185048646,49.878290266117,36071.657022947
2.3625,3.0272630839396,0.65012180404787,0.049878195952131,625.48648415232,-0.50231305492998,49.878195952131,36071.653883491
2.365625,3.0288311935109,0.6501218982646,0.049878101735404,624.19712881954,-0.50179506282086,49.878101735404,36071.650747271
2.36875,3.0303976868617,0.65012199238422,0.049878007615784,622.91109576467,-0.50127787222407,49.878007615784,36071.647614285
2.371875,3.0319625664905,0.65012208640688,0.049877913593121,621.62837403451,-0.5007614812113,49.877913593121,36071.644484525
2.375,3.0335258348901,0.65012218033273,0.049877819667266,620.3489527217,-0.5002458878609,49.877819667266,36071.641357989
2.378125,3.0350874945471,0.65012227416193,0.049877725838069,619.07282096446,-0.49973109025787,49.877725838069,36071.638234669
2.38125,3.0366475479425,0.65012236789462,0.049877632105381,617.79996794632,-0.49921708649378,49.877632105381,36071.635114563
2.384375,3.0382059975508,0.65012246153095,0.049877538469053,616.53038289595,-0.49870387466683,49.877538469053,36071.631997663
2.3875,3.0397628458411,0.65012255507106,0.049877444928937,615.26405508685,-0.49819145288173,49.877444928937,36071.628883967
2.390625,3.0413180952763,0.65012264851511,0.049877351484885,614.00097383721,-0.49767981924973,49.877351484885,36071.625773468
2.39375,3.0428717483135,0.65012274186325,0.04987725813675,612.7411285096,-0.49716897188854,49.87725813675,36071.622666162
2.396875,3.0444238074039,0.65012283511562,0.049877164884384,611.48450851077,-0.49665890892237,49.877164884384,36071.619562044
2.4,3.0459742749929,0.65012292827236,0.049877071727639,610.23110329147,-0.49614962848182,49.877071727639,36071.616461108
2.403125,3.0475231535201,0.65012302133363,0.049876978666371,608.98090234611,-0.49564112870392,49.876978666371,36071.613363351
2.40625,3.0490704454193,0.65012311429957,0.049876885700432,607.73389521268,-0.49513340773205,49.876885700432,36071.610268768
2.409375,3.0506161531185,0.65012320717032,0.049876792829676,606.49007147243,-0.49462646371596,49.876792829676,36071.607177352
2.4125,3.0521602790398,0.65012329994604,0.049876700053958,605.24942074966,-0.49412029481168,49.876700053958,36071.6040891
2.415625,3.0537028255997,0.65012339262687,0.049876607373133,604.01193271153,-0.49361489918156,49.876607373133,36071.601004007
2.41875,3.0552437952091,0.65012348521294,0.049876514787056,602.77759706782,-0.4931102749942,49.876514787056,36071.597922068
2.421875,3.056783190273,0.65012357770442,0.049876422295583,601.54640357073,-0.49260642042441,49.876422295583,36071.594843278
2.425,3.0583210131907,0.65012367010143,0.049876329898568,600.31834201464,-0.49210333365321,49.876329898568,36071.591767632
2.428125,3.0598572663559,0.65012376240413,0.049876237595869,599.09340223592,-0.49160101286782,49.876237595869,36071.588695126
2.43125,3.0613919521568,0.65012385461266,0.049876145387342,597.87157411271,-0.49109945626158,49.876145387342,36071.585625754
2.434375,3.0629250729756,0.65012394672716,0.049876053272844,596.65284756469,-0.49059866203396,49.876053272844,36071.582559512
2.4375,3.0644566311894,0.65012403874777,0.049875961252232,595.43721255288,-0.49009862839052,49.875961252232,36071.579496396
2.440625,3.0659866291692,0.65012413067464,0.049875869325363,594.22465907948,-0.48959935354288,49.875869325363,36071.5764364
2.44375,3.0675150692808,0.6501242225079,0.049875777492096,593.01517718756,-0.4891008357087,49.875777492096,36071.57337952
2.446875,3.0690419538843,0.65012431424771,0.049875685752289,591.80875696093,-0.48860307311167,49.875685752289,36071.570325751
2.45,3.0705672853343,0.6501244058942,0.049875594105799,590.60538852392,-0.48810606398143,49.875594105799,36071.567275088
2.453125,3.0720910659798,0.65012449744751,0.049875502552487,589.40506204117,-0.48760980655361,49.875502552487,36071.564227526
2.45625,3.0736132981644,0.65012458890779,0.04987541109221,588.20776771744,-0.48711429906975,49.87541109221,36071.561183062
2.459375,3.0751339842262,0.65012468027517,0.04987531972483,587.01349579737,-0.48661953977731,49.87531972483,36071.55814169
2.4625,3.0766531264979,0.6501247715498,0.049875228450204,585.8222365653,-0.48612552692962,49.875228450204,36071.555103405
2.465625,3.0781707273066,0.6501248627318,0.049875137268195,584.63398034511,-0.48563225878587,49.875137268195,36071.552068204
2.46875,3.0796867889742,0.65012495382134,0.049875046178662,583.44871749997,-0.48513973361107,49.875046178662,36071.54903608
2.471875,3.081201313817,0.65012504481853,0.049874955181466,582.26643843214,-0.48464794967604,49.874955181466,36071.546007031
2.475,3.0827143041459,0.65012513572353,0.049874864276468,581.08713358283,-0.48415690525736,49.874864276468,36071.54298105
2.478125,3.0842257622667,0.65012522653647,0.049874773463529,579.91079343196,-0.48366659863738,49.874773463529,36071.539958134
2.48125,3.0857356904795,0.65012531725749,0.049874682742513,578.73740849795,-0.48317702810417,49.874682742513,36071.536938277
2.484375,3.0872440910794,0.65012540788672,0.049874592113279,577.5669693376,-0.48268819195151,49.874592113279,36071.533921476
2.4875,3.0887509663559,0.65012549842431,0.049874501575692,576.39946654581,-0.48220008847882,49.874501575692,36071.530907726
2.490625,3.0902563185934,0.65012558887039,0.049874411129614,575.23489075546,-0.48171271599121,49.874411129614,36071.527897021
2.49375,3.0917601500709,0.65012567922509,0.049874320774907,574.0732326372,-0.4812260727994,49.874320774907,36071.524889358
2.496875,3.0932624630623,0.65012576948856,0.049874230511436,572.91448289922,-0.4807401572197,49.874230511436,36071.521884732
2.5,3.094763259836,0.65012585966094,0.049874140339063,571.75863228713,-0.48025496757402,49.874140339063,36071.518883139
2.503125,3.0962625426553,0.65012594974235,0.049874050257653,570.60567158374,-0.47977050218981,49.874050257653,36071.515884573
2.50625,3.0977603137785,0.65012603973293,0.049873960267071,569.45559160888,-0.47928675940005,49.873960267071,36071.512889031
2.509375,3.0992565754583,0.65012612963282,0.049873870367181,568.30838321923,-0.47880373754323,49.873870367181,36071.509896507
2.5125,3.1007513299426,0.65012621944215,0.049873780557847,567.16403730809,-0.47832143496329,49.873780557847,36071.506906999
2.515625,3.1022445794739,0.65012630916106,0.049873690838935,566.02254480527,-0.47783985000968,49.873690838935,36071.503920499
2.51875,3.1037363262897,0.65012639878969,0.049873601210311,564.88389667684,-0.47735898103724,49.873601210311,36071.500937006
2.521875,3.1052265726222,0.65012648832816,0.049873511671841,563.74808392503,-0.47687882640623,49.873511671841,36071.497956513
2.525,3.1067153206987,0.65012657777661,0.04987342222339,562.61509758794,-0.4763993844823,49.87342222339,36071.494979017
2.528125,3.1082025727414,0.65012666713517,0.049873332864826,561.48492873951,-0.47592065363647,49.873332864826,36071.492004513
2.53125,3.1096883309671,0.65012675640399,0.049873243596014,560.35756848919,-0.47544263224508,49.873243596014,36071.489032996
2.534375,3.1111725975881,0.65012684558318,0.049873154416823,559.23300798189,-0.4749653186898,49.873154416823,36071.486064463
2.5375,3.1126553748111,0.65012693467288,0.049873065327119,558.11123839774,-0.4744887113576,49.873065327119,36071.483098909
2.540625,3.1141366648381,0.65012702367323,0.04987297632677,556.99225095192,-0.4740128086407,49.87297632677,36071.480136329
2.54375,3.1156164698661,0.65012711258436,0.049872887415645,555.87603689453,-0.47353760893659,49.872887415645,36071.477176719
2.546875,3.1170947920868,0.65012720140639,0.049872798593611,554.76258751035,-0.47306311064797,49.872798593611,36071.474220074
2.55,3.1185716336874,0.65012729013946,0.049872709860537,553.65189411874,-0.47258931218274,49.872709860537,36071.471266391
2.553125,3.1200469968498,0.65012737878371,0.049872621216292,552.54394807345,-0.47211621195401,49.872621216292,36071.468315665
2.55625,3.121520883751,0.65012746733925,0.049872532660745,551.43874076241,-0.47164380838001,49.872532660745,36071.465367891
2.559375,3.1229932965632,0.65012755580623,0.049872444193766,550.33626360762,-0.47117209988413,49.872444193766,36071.462423065
2.5625,3.1244642374535,0.65012764418478,0.049872355815225,549.23650806495,-0.47070108489486,49.872355815225,36071.459481184
2.565625,3.1259337085843,0.65012773247501,0.049872267524991,548.13946562402,-0.47023076184581,49.872267524991,36071.456542241
2.56875,3.127401712113,0.65012782067707,0.049872179322935,547.04512780793,-0.46976112917562,49.872179322935,36071.453606234
2.571875,3.1288682501921,0.65012790879107,0.049872091208927,545.95348617327,-0.46929218532802,49.872091208927,36071.450673158
2.575,3.1303333249695,0.65012799681716,0.04987200318284,544.86453230977,-0.46882392875174,49.87200318284,36071.447743008
2.578125,3.131796938588,0.65012808475546,0.049871915244543,543.77825784027,-0.46835635790053,49.871915244543,36071.444815781
2.58125,3.1332590931856,0.65012817260609,0.049871827393908,542.69465442051,-0.46788947123311,49.871827393908,36071.441891472
2.584375,3.1347197908956,0.65012826036919,0.049871739630807,541.61371373897,-0.4674232672132,49.871739630807,36071.438970077
2.5875,3.1361790338466,0.65012834804489,0.049871651955113,540.53542751674,-0.46695774430941,49.871651955113,36071.436051591
2.590625,3.1376368241623,0.6501284356333,0.049871564366698,539.45978750732,-0.46649290099533,49.871564366698,36071.43313601
2.59375,3.1390931639615,0.65012852313457,0.049871476865434,538.38678549649,-0.46602873574939,49.871476865434,36071.43022333
2.596875,3.1405480553586,0.65012861054881,0.049871389451194,537.31641330215,-0.46556524705495,49.871389451194,36071.427313548
2.6,3.142001500463,0.65012869787615,0.049871302123851,536.24866277419,-0.46510243340022,49.871302123851,36071.424406657
2.603125,3.1434535013795,0.65012878511672,0.04987121488328,535.18352579427,-0.46464029327822,49.87121488328,36071.421502656
2.60625,3.1449040602082,0.65012887227065,0.049871127729354,534.12099427573,-0.46417882518682,49.871127729354,36071.418601538
2.609375,3.1463531790446,0.65012895933805,0.049871040661947,533.06106016344,-0.46371802762869,49.871040661947,36071.4157033
2.6125,3.1478008599793,0.65012904631907,0.049870953680934,532.00371543358,-0.46325789911125,49.870953680934,36071.412807938
2.615625,3.1492471050985,0.65012913321381,0.049870866786188,530.94895209357,-0.46279843814671,49.870866786188,36071.409915448
2.61875,3.1506919164837,0.65012922002241,0.049870779977586,529.89676218188,-0.462339643252,49.870779977586,36071.407025825
2.621875,3.1521352962117,0.650129306745,0.049870693255002,528.84713776787,-0.46188151294877,49.870693255002,36071.404139066
2.625,3.1535772463547,0.65012939338169,0.049870606618311,527.80007095169,-0.46142404576338,49.870606618311,36071.401255166
2.628125,3.1550177689804,0.65012947993261,0.04987052006739,526.75555386409,-0.46096724022686,49.87052006739,36071.39837412
2.63125,3.1564568661519,0.65012956639789,0.049870433602115,525.71357866627,-0.46051109487489,49.870433602115,36071.395495926
2.634375,3.1578945399277,0.65012965277764,0.049870347222361,524.67413754978,-0.46005560824782,49.870347222361,36071.392620579
2.6375,3.1593307923618,0.65012973907199,0.049870260928006,523.63722273633,-0.45960077889059,49.870260928006,36071.389748074
2.640625,3.1607656255035,0.65012982528107,0.049870174718927,522.60282647766,-0.45914660535275,49.870174718927,36071.386878407
2.64375,3.1621990413979,0.650129911405,0.049870088594999,521.57094105545,-0.45869308618846,49.870088594999,36071.384011576
2.646875,3.1636310420852,0.6501299974439,0.049870002556102,520.54155878107,-0.45824021995639,49.870002556102,36071.381147574
2.65,3.1650616296016,0.65013008339789,0.049869916602112,519.51467199552,-0.4577880052198,49.869916602112,36071.378286399
2.653125,3.1664908059783,0.65013016926709,0.049869830732908,518.49027306928,-0.45733644054647,49.869830732908,36071.375428046
2.65625,3.1679185732424,0.65013025505163,0.049869744948368,517.46835440214,-0.45688552450865,49.869744948368,36071.372572512
2.659375,3.1693449334164,0.65013034075163,0.049869659248369,516.4489084231,-0.45643525568313,49.869659248369,36071.369719792
2.6625,3.1707698885185,0.65013042636721,0.049869573632792,515.43192759021,-0.45598563265114,49.869573632792,36071.366869881
2.665625,3.1721934405622,0.65013051189849,0.049869488101515,514.41740439042,-0.45553665399835,49.869488101514,36071.364022777
2.66875,3.173615591557,0.65013059734558,0.049869402654416,513.40533133948,-0.4550883183149,49.869402654416,36071.361178475
2.671875,3.1750363435076,0.65013068270862,0.049869317291377,512.39570098178,-0.45464062419531,49.869317291377,36071.358336971
2.675,3.1764556984146,0.65013076798772,0.049869232012276,511.38850589019,-0.4541935702385,49.869232012276,36071.355498262
2.678125,3.1778736582742,0.65013085318301,0.049869146816994,510.38373866601,-0.4537471550478,49.869146816994,36071.352662342
2.68125,3.179290225078,0.65013093829459,0.04986906170541,509.38139193873,-0.45330137723087,49.86906170541,36071.349829208
2.684375,3.1807054008137,0.65013102332259,0.049868976677407,508.38145836598,-0.45285623539972,49.868976677407,36071.346998857
2.6875,3.1821191874642,0.65013110826714,0.049868891732863,507.38393063336,-0.45241172817068,49.868891732863,36071.344171283
2.690625,3.1835315870085,0.65013119312834,0.049868806871662,506.3888014543,-0.45196785416439,49.868806871662,36071.341346484
2.69375,3.184942601421,0.65013127790632,0.049868722093683,505.39606356998,-0.45152461200578,49.868722093683,36071.338524456
2.696875,3.186352232672,0.65013136260119,0.049868637398808,504.40570974914,-0.45108200032406,49.868637398808,36071.335705193
2.7,3.1877604827275,0.65013144721308,0.04986855278692,503.41773278799,-0.45064001775268,49.86855278692,36071.332888693
2.703125,3.1891673535492,0.6501315317421,0.049868468257901,502.43212551006,-0.45019866292934,49.868468257901,36071.330074951
2.70625,3.1905728470945,0.65013161618837,0.049868383811632,501.44888076609,-0.44975793449593,49.868383811632,36071.327263964
2.709375,3.1919769653167,0.650131700552,0.049868299447997,500.4679914339,-0.44931783109859,49.868299447997,36071.324455728
2.7125,3.1933797101648,0.65013178483312,0.049868215166878,499.48945041824,-0.44887835138761,49.868215166878,36071.321650238
2.715625,3.1947810835836,0.65013186903184,0.049868130968159,498.51325065071,-0.44843949401744,49.868130968159,36071.318847491
2.71875,3.1961810875138,0.65013195314828,0.049868046851723,497.5393850896,-0.44800125764672,49.868046851723,36071.316047483
2.721875,3.1975797238918,0.65013203718255,0.049867962817453,496.56784671977,-0.4475636409382,49.867962817453,36071.313250211
2.725,3.1989769946498,0.65013212113477,0.049867878865234,495.59862855252,-0.44712664255874,49.867878865234,36071.310455669
2.728125,3.200372901716,0.65013220500505,0.04986779499495,494.63172362553,-0.44669026117932,49.86779499495,36071.307663855
2.73125,3.2017674470144,0.65013228879352,0.049867711206485,493.66712500263,-0.44625449547499,49.867711206485,36071.304874764
2.734375,3.2031606324647,0.65013237250028,0.049867627499723,492.70482577377,-0.44581934412487,49.867627499723,36071.302088393
2.7375,3.2045524599829,0.65013245612545,0.049867543874551,491.74481905485,-0.44538480581214,49.867543874551,36071.299304738
2.740625,3.2059429314805,0.65013253966915,0.049867460330852,490.78709798764,-0.44495087922401,49.867460330852,36071.296523795
2.74375,3.2073320488651,0.65013262313149,0.049867376868512,489.83165573962,-0.4445175630517,49.867376868512,36071.293745561
2.746875,3.2087198140401,0.65013270651258,0.049867293487417,488.87848550388,-0.44408485599044,49.867293487417,36071.29097003
2.75,3.2101062289049,0.65013278981255,0.049867210187453,487.927580499,-0.44365275673945,49.867210187453,36071.288197201
2.753125,3.2114912953549,0.65013287303149,0.049867126968505,486.97893396893,-0.44322126400192,49.867126968505,36071.285427068
2.75625,3.2128750152814,0.65013295616954,0.049867043830461,486.0325391829,-0.44279037648498,49.867043830461,36071.282659628
2.759375,3.2142573905718,0.65013303922679,0.049866960773206,485.08838943527,-0.44236009289972,49.866960773206,36071.279894877
2.7625,3.2156384231092,0.65013312220337,0.049866877796628,484.1464780454,-0.44193041196114,49.866877796628,36071.277132812
2.765625,3.2170181147729,0.65013320509939,0.049866794900614,483.2067983576,-0.44150133238814,49.866794900614,36071.274373429
2.76875,3.2183964674382,0.65013328791495,0.049866712085051,482.26934374096,-0.44107285290353,49.866712085051,36071.271616724
2.771875,3.2197734829765,0.65013337065017,0.049866629349826,481.33410758925,-0.44064497223398,49.866629349826,36071.268862692
2.775,3.221149163255,0.65013345330517,0.049866546694828,480.40108332083,-0.44021768911003,49.866546694828,36071.266111332
2.778125,3.222523510137,0.65013353588006,0.049866464119944,479.47026437849,-0.43979100226606,49.866464119944,36071.263362638
2.78125,3.2238965254822,0.65013361837494,0.049866381625063,478.54164422938,-0.43936491044028,49.866381625063,36071.260616607
2.784375,3.2252682111459,0.65013370078993,0.049866299210074,477.61521636492,-0.43893941237473,49.866299210074,36071.257873236
2.7875,3.2266385689797,0.65013378312514,0.049866216874864,476.69097430059,-0.43851450681521,49.866216874864,36071.25513252
2.790625,3.2280076008313,0.65013386538068,0.049866134619323,475.76891157595,-0.43809019251134,49.866134619323,36071.252394457
2.79375,3.2293753085445,0.65013394755666,0.049866052443341,474.84902175442,-0.4376664682165,49.866052443341,36071.249659041
2.796875,3.2307416939592,0.65013402965319,0.049865970346806,473.93129842326,-0.43724333268782,49.865970346806,36071.24692627
2.8,3.2321067589113,0.65013411167039,0.049865888329608,473.01573519338,-0.43682078468617,49.865888329608,36071.244196141
2.803125,3.2334705052331,0.65013419360836,0.049865806391638,472.10232569931,-0.43639882297615,49.865806391638,36071.241468648
2.80625,3.2348329347529,0.65013427546721,0.049865724532785,471.19106359903,-0.43597744632605,49.865724532785,36071.238743789
2.809375,3.2361940492951,0.65013435724706,0.04986564275294,470.28194257389,-0.43555665350789,49.86564275294,36071.23602156
2.8125,3.2375538506804,0.65013443894801,0.049865561051993,469.37495632853,-0.43513644329734,49.865561051993,36071.233301957
2.815625,3.2389123407257,0.65013452057016,0.049865479429836,468.47009859073,-0.43471681447374,49.865479429836,36071.230584977
2.81875,3.2402695212439,0.65013460211364,0.049865397886359,467.56736311134,-0.43429776582011,49.865397886359,36071.227870616
2.821875,3.2416253940443,0.65013468357855,0.049865316421453,466.66674366413,-0.43387929612306,49.865316421453,36071.22515887
2.825,3.2429799609323,0.65013476496499,0.049865235035011,465.76823404576,-0.43346140417287,49.865235035011,36071.222449737
2.828125,3.2443332237097,0.65013484627308,0.049865153726924,464.8718280756,-0.43304408876339,49.865153726924,36071.219743211
2.83125,3.2456851841744,0.65013492750292,0.049865072497083,463.97751959569,-0.43262734869209,49.865072497083,36071.21703929
2.834375,3.2470358441205,0.65013500865462,0.049864991345382,463.08530247058,-0.43221118276,49.864991345382,36071.21433797
2.8375,3.2483852053386,0.65013508972829,0.049864910271711,462.19517058729,-0.43179558977174,49.864910271711,36071.211639248
2.840625,3.2497332696153,0.65013517072403,0.049864829275966,461.30711785517,-0.43138056853547,49.864829275966,36071.208943119
2.84375,3.2510800387336,0.65013525164196,0.049864748358037,460.42113820578,-0.43096611786288,49.864748358037,36071.206249581
2.846875,3.2524255144729,0.65013533248218,0.049864667517818,459.53722559288,-0.4305522365692,49.864667517818,36071.203558629
2.85,3.2537696986088,0.6501354132448,0.049864586755202,458.65537399222,-0.43013892347317,49.864586755202,36071.200870261
2.853125,3.2551125929131,0.65013549392992,0.049864506070084,457.7755774015,-0.429726177397,49.864506070084,36071.198184473
2.85625,3.2564541991543,0.65013557453764,0.049864425462356,456.89782984028,-0.42931399716642,49.864425462356,36071.19550126
2.859375,3.2577945190968,0.65013565506809,0.049864344931913,456.02212534986,-0.42890238161061,49.864344931913,36071.19282062
2.8625,3.2591335545017,0.65013573552135,0.049864264478649,455.14845799319,-0.42849132956222,49.864264478649,36071.190142549
2.865625,3.2604713071263,0.65013581589754,0.049864184102458,454.27682185477,-0.42808083985732,49.864184102458,36071.187467044
2.86875,3.2618077787242,0.65013589619677,0.049864103803235,453.40721104055,-0.42767091133544,49.864103803235,36071.184794101
2.871875,3.2631429710456,0.65013597641913,0.049864023580874,452.53961967787,-0.4272615428395,49.864023580874,36071.182123716
2.875,3.2644768858369,0.65013605656473,0.049863943435272,451.67404191529,-0.42685273321584,49.863943435272,36071.179455887
2.878125,3.2658095248411,0.65013613663368,0.049863863366323,450.8104719226,-0.42644448131417,49.863863366323,36071.176790609
2.88125,3.2671408897973,0.65013621662608,0.049863783373922,449.94890389062,-0.42603678598761,49.863783373922,36071.174127879
2.884375,3.2684709824413,0.65013629654203,0.049863703457966,449.08933203119,-0.42562964609261,49.863703457966,36071.171467694
2.8875,3.2697998045054,0.65013637638165,0.04986362361835,448.23175057701,-0.425223060489,49.86362361835,36071.168810049
2.890625,3.271127357718,0.65013645614503,0.04986354385497,447.37615378161,-0.42481702803991,49.86354385497,36071.166154943
2.89375,3.2724536438043,0.65013653583228,0.049863464167723,446.52253591921,-0.42441154761184,49.863464167723,36071.163502371
2.896875,3.2737786644858,0.65013661544349,0.049863384556506,445.67089128466,-0.42400661807458,49.863384556506,36071.160852329
2.9,3.2751024214805,0.65013669497879,0.049863305021214,444.82121419332,-0.42360223830121,49.863305021214,36071.158204815
2.903125,3.2764249165029,0.65013677443825,0.049863225561746,443.97349898099,-0.42319840716811,49.863225561746,36071.155559825
2.90625,3.277746151264,0.650136853822,0.049863146177997,443.12774000383,-0.42279512355494,49.863146177997,36071.152917356
2.909375,3.2790661274714,0.65013693313013,0.049863066869867,442.28393163825,-0.4223923863446,49.863066869867,36071.150277403
2.9125,3.280384846829,0.65013701236275,0.049862987637252,441.44206828082,-0.42199019442327,49.862987637252,36071.147639965
2.915625,3.2817023110373,0.65013709151995,0.04986290848005,440.60214434818,-0.42158854668033,49.86290848005,36071.145005036
2.91875,3.2830185217936,0.65013717060184,0.049862829398159,439.76415427697,-0.42118744200842,49.862829398159,36071.142372615
2.921875,3.2843334807915,0.65013724960852,0.049862750391477,438.92809252375,-0.42078687930337,49.862750391477,36071.139742697
2.925,3.2856471897211,0.6501373285401,0.049862671459904,438.09395356486,-0.42038685746422,49.862671459904,36071.137115279
2.928125,3.2869596502692,0.65013740739666,0.049862592603337,437.26173189641,-0.41998737539319,49.862592603337,36071.134490358
2.93125,3.2882708641192,0.65013748617833,0.049862513821675,436.43142203411,-0.41958843199568,49.862513821675,36071.13186793
2.934375,3.289580832951,0.65013756488518,0.049862435114818,435.60301851325,-0.41919002618025,49.862435114818,36071.129247993
2.9375,3.2908895584412,0.65013764351734,0.049862356482664,434.7765158886,-0.41879215685862,49.862356482664,36071.126630542
2.940625,3.2921970422629,0.65013772207489,0.049862277925114,433.9519087343,-0.41839482294565,49.862277925114,36071.124015574
2.94375,3.2935032860859,0.65013780055793,0.049862199442066,433.12919164378,-0.4179980233593,49.862199442066,36071.121403086
2.946875,3.2948082915766,0.65013787896658,0.049862121033421,432.30835922972,-0.41760175702068,49.862121033421,36071.118793075
2.95,3.296112060398,0.65013795730092,0.049862042699079,431.48940612391,-0.417206022854,49.862042699079,36071.116185538
2.953125,3.2974145942099,0.65013803556106,0.04986196443894,430.6723269772,-0.41681081978654,49.86196443894,36071.11358047
2.95625,3.2987158946685,0.6501381137471,0.049861886252904,429.85711645941,-0.41641614674867,49.861886252904,36071.110977869
2.959375,3.3000159634269,0.65013819185913,0.049861808140873,429.04376925924,-0.41602200267385,49.861808140873,36071.108377732
2.9625,3.3013148021347,0.65013826989725,0.049861730102747,428.2322800842,-0.41562838649856,49.861730102747,36071.105780054
2.965625,3.3026124124383,0.65013834786157,0.049861652138427,427.42264366051,-0.41523529716236,49.861652138427,36071.103184834
2.96875,3.3039087959809,0.65013842575219,0.049861574247815,426.61485473305,-0.41484273360783,49.861574247815,36071.100592066
2.971875,3.3052039544021,0.65013850356919,0.049861496430811,425.80890806525,-0.41445069478056,49.861496430811,36071.09800175
2.975,3.3064978893384,0.65013858131268,0.049861418687319,425.00479843903,-0.41405917962918,49.861418687319,36071.09541388
2.978125,3.3077906024231,0.65013865898276,0.049861341017238,424.20252065468,-0.41366818710528,49.861341017238,36071.092828454
2.98125,3.3090820952861,0.65013873657953,0.049861263420473,423.40206953084,-0.41327771616348,49.861263420473,36071.090245468
2.984375,3.3103723695541,0.65013881410308,0.049861185896924,422.60343990441,-0.41288776576137,49.861185896924,36071.087664919
2.9875,3.3116614268506,0.65013889155351,0.049861108446494,421.8066266304,-0.41249833485947,49.861108446494,36071.085086805
2.990625,3.3129492687957,0.65013896893091,0.049861031069087,421.01162458196,-0.4121094224213,49.861031069087,36071.082511121
2.99375,3.3142358970063,0.6501390462354,0.049860953764604,420.21842865021,-0.41172102741331,49.860953764604,36071.079937864
2.996875,3.3155213130964,0.65013912346705,0.049860876532949,419.42703374421,-0.41133314880486,49.860876532949,36071.077367032
3,3.3168055186763,0.65013920062597,0.049860799374025,418.63743479091,-0.41094578556828,49.860799374025,36071.074798621
3.003125,3.3180885153534,0.65013927771226,0.049860722287736,417.84962673497,-0.41055893667876,49.860722287736,36071.072232628
3.00625,3.3193703047319,0.65013935472602,0.049860645273985,417.0636045388,-0.41017260111443,49.860645273985,36071.069669049
3.009375,3.3206508884127,0.65013943166732,0.049860568332675,416.27936318243,-0.40978677785629,49.860568332675,36071.067107882
3.0125,3.3219302679936,0.65013950853629,0.049860491463712,415.49689766341,-0.40940146588822,49.860491463712,36071.064549122
3.015625,3.3232084450692,0.650139585333,0.049860414666999,414.71620299681,-0.40901666419697,49.860414666999,36071.061992768
3.01875,3.324485421231,0.65013966205756,0.04986033794244,413.93727421505,-0.40863237177216,49.86033794244,36071.059438816
3.021875,3.3257611980673,0.65013973871006,0.04986026128994,413.16010636793,-0.40824858760624,49.86026128994,36071.056887262
3.025,3.3270357771632,0.6501398152906,0.049860184709405,412.38469452245,-0.4078653106945,49.860184709405,36071.054338104
3.028125,3.3283091601009,0.65013989179926,0.049860108200738,411.61103376284,-0.40748254003507,49.860108200738,36071.051791338
3.03125,3.3295813484591,0.65013996823616,0.049860031763844,410.83911919038,-0.40710027462887,49.860031763844,36071.049246961
3.034375,3.3308523438137,0.65014004460137,0.049859955398631,410.06894592341,-0.40671851347966,49.859955398631,36071.046704971
3.0375,3.3321221477374,0.650140120895,0.049859879105001,409.30050909725,-0.40633725559395,49.859879105001,36071.044165363
3.040625,3.3333907617999,0.65014019711714,0.049859802882863,408.53380386408,-0.40595649998109,49.859802882863,36071.041628135
3.04375,3.3346581875676,0.65014027326788,0.04985972673212,407.76882539289,-0.40557624565314,49.85972673212,36071.039093283
3.046875,3.3359244266039,0.65014034934732,0.04985965065268,407.00556886945,-0.40519649162499,49.85965065268,36071.036560805
3.05,3.3371894804693,0.65014042535555,0.049859574644449,406.24402949618,-0.40481723691423,49.859574644449,36071.034030697
3.053125,3.338453350721,0.65014050129267,0.049859498707332,405.4842024921,-0.40443848054123,49.859498707332,36071.031502957
3.05625,3.3397160389132,0.65014057715876,0.049859422841238,404.72608309277,-0.40406022152907,49.859422841238,36071.028977581
3.059375,3.3409775465973,0.65014065295393,0.049859347046072,403.96966655022,-0.40368245890357,49.859347046072,36071.026454565
3.0625,3.3422378753214,0.65014072867826,0.049859271321741,403.21494813288,-0.40330519169325,49.859271321741,36071.023933908
3.065625,3.3434970266305,0.65014080433185,0.049859195668153,402.46192312547,-0.40292841892934,49.859195668153,36071.021415605
3.06875,3.344755002067,0.65014087991479,0.049859120085215,401.710586829,-0.40255213964577,49.859120085215,36071.018899654
3.071875,3.3460118031697,0.65014095542717,0.049859044572834,400.96093456066,-0.40217635287915,49.859044572834,36071.016386052
3.075,3.3472674314749,0.65014103086908,0.049858969130919,400.21296165376,-0.40180105766875,49.858969130919,36071.013874795
3.078125,3.3485218885157,0.65014110624062,0.049858893759376,399.46666345766,-0.40142625305653,49.858893759376,36071.011365881
3.08125,3.3497751758223,0.65014118154189,0.049858818458115,398.72203533769,-0.40105193808709,49.858818458115,36071.008859307
3.084375,3.3510272949217,0.65014125677296,0.049858743227043,397.97907267513,-0.40067811180767,49.858743227043,36071.006355069
3.0875,3.3522782473382,0.65014133193393,0.049858668066069,397.23777086707,-0.40030477326816,49.858668066069,36071.003853164
3.090625,3.3535280345929,0.6501414070249,0.049858592975101,396.49812532641,-0.39993192152106,49.858592975101,36071.001353589
3.09375,3.3547766582042,0.65014148204595,0.049858517954049,395.76013148178,-0.3995595556215,49.858517954049,36070.998856342
3.096875,3.3560241196875,0.65014155699718,0.049858443002821,395.02378477742,-0.39918767462721,49.858443002821,36070.996361419
3.1,3.357270420555,0.65014163187867,0.049858368121326,394.2890806732,-0.39881627759852,49.858368121326,36070.993868817
3.103125,3.3585155623162,0.65014170669053,0.049858293309473,393.55601464449,-0.39844536359833,49.858293309473,36070.991378534
3.10625,3.3597595464778,0.65014178143283,0.049858218567173,392.82458218212,-0.39807493169216,49.858218567173,36070.988890565
3.109375,3.3610023745432,0.65014185610567,0.049858143894334,392.0947787923,-0.39770498094806,49.858143894334,36070.986404909
3.1125,3.3622440480134,0.65014193070913,0.049858069290867,391.3665999966,-0.39733551043665,49.858069290867,36070.983921562
3.115625,3.363484568386,0.65014200524332,0.049857994756682,390.64004133182,-0.39696651923111,49.857994756682,36070.981440522
3.11875,3.364723937156,0.65014207970831,0.049857920291688,389.91509834998,-0.39659800640715,49.857920291688,36070.978961784
3.121875,3.3659621558155,0.6501421541042,0.049857845895796,389.19176661824,-0.39622997104303,49.857845895796,36070.976485347
3.125,3.3671992258537,0.65014222843108,0.049857771568917,388.47004171883,-0.39586241221951,49.857771568917,36070.974011207
3.128125,3.3684351487569,0.65014230268904,0.049857697310961,387.74991924898,-0.39549532901988,49.857697310961,36070.971539361
3.13125,3.3696699260086,0.65014237687816,0.04985762312184,387.03139482088,-0.39512872052993,49.85762312184,36070.969069806
3.134375,3.3709035590893,0.65014245099854,0.049857549001463,386.31446406162,-0.39476258583794,49.857549001463,36070.96660254
3.1375,3.3721360494769,0.65014252505026,0.049857474949743,385.59912261309,-0.39439692403469,49.857474949743,36070.964137559
3.140625,3.3733673986464,0.65014259903341,0.049857400966591,384.88536613198,-0.39403173421344,49.857400966591,36070.961674861
3.14375,3.3745976080697,0.65014267294808,0.049857327051918,384.17319028965,-0.39366701546989,49.857327051918,36070.959214442
3.146875,3.3758266792163,0.65014274679436,0.049857253205637,383.46259077212,-0.39330276690223,49.857253205637,36070.9567563
3.15,3.3770546135526,0.65014282057234,0.049857179427658,382.75356327999,-0.3929389876111,49.857179427658,36070.954300431
3.153125,3.3782814125423,0.65014289428211,0.049857105717894,382.04610352838,-0.39257567669957,49.857105717894,36070.951846833
3.15625,3.3795070776462,0.65014296792374,0.049857032076258,381.34020724689,-0.39221283327315,49.857032076258,36070.949395503
3.159375,3.3807316103226,0.65014304149734,0.049856958502661,380.63587017949,-0.39185045643977,49.856958502661,36070.946946438
3.1625,3.3819550120267,0.65014311500298,0.049856884997016,379.93308808453,-0.39148854530979,49.856884997016,36070.944499634
3.165625,3.3831772842111,0.65014318844076,0.049856811559237,379.23185673461,-0.39112709899597,49.856811559237,36070.94205509
3.16875,3.3843984283255,0.65014326181077,0.049856738189235,378.53217191659,-0.39076611661346,49.856738189235,36070.939612802
3.171875,3.385618445817,0.65014333511308,0.049856664886924,377.83402943148,-0.39040559727982,49.856664886924,36070.937172767
3.175,3.3868373381299,0.65014340834778,0.049856591652217,377.13742509439,-0.39004554011497,49.856591652217,36070.934734982
3.178125,3.3880551067057,0.65014348151497,0.049856518485028,376.44235473451,-0.38968594424124,49.856518485028,36070.932299445
3.18125,3.3892717529831,0.65014355461473,0.049856445385269,375.748814195,-0.38932680878329,49.856445385269,36070.929866152
3.184375,3.3904872783983,0.65014362764714,0.049856372352856,375.05679933297,-0.38896813286815,49.856372352856,36070.927435102
3.1875,3.3917016843847,0.6501437006123,0.049856299387701,374.36630601941,-0.3886099156252,49.856299387701,36070.92500629
3.190625,3.3929149723728,0.65014377351028,0.049856226489719,373.67733013913,-0.38825215618616,49.856226489719,36070.922579714
3.19375,3.3941271437905,0.65014384634118,0.049856153658824,372.9898675907,-0.38789485368508,49.856153658824,36070.920155371
3.196875,3.3953382000632,0.65014391910507,0.049856080894929,372.30391428642,-0.38753800725835,49.856080894929,36070.917733258
3.2,3.3965481426134,0.65014399180205,0.049856008197951,371.61946615222,-0.38718161604465,49.856008197951,36070.915313373
3.203125,3.3977569728608,0.6501440644322,0.049855935567803,370.93651912765,-0.38682567918498,49.855935567803,36070.912895713
3.20625,3.3989646922228,0.6501441369956,0.049855863004401,370.2550691658,-0.38647019582264,49.855863004401,36070.910480274
3.209375,3.4001713021137,0.65014420949234,0.049855790507659,369.57511223324,-0.38611516510323,49.855790507659,36070.908067054
3.2125,3.4013768039456,0.65014428192251,0.049855718077492,368.89664430998,-0.38576058617462,49.855718077492,36070.905656051
3.215625,3.4025811991274,0.65014435428618,0.049855645713817,368.21966138942,-0.38540645818695,49.855645713817,36070.90324726
3.21875,3.4037844890658,0.65014442658345,0.049855573416547,367.54415947828,-0.38505278029266,49.855573416547,36070.90084068
3.221875,3.4049866751647,0.6501444988144,0.0498555011856,366.87013459652,-0.38469955164641,49.8555011856,36070.898436308
3.225,3.4061877588254,0.65014457097911,0.04985542902089,366.19758277738,-0.38434677140513,49.85542902089,36070.896034141
3.228125,3.4073877414464,0.65014464307767,0.049855356922335,365.5265000672,-0.383994438728,49.855356922335,36070.893634176
3.2312499999999,3.4085866244239,0.65014471511015,0.049855284889849,364.85688252549,-0.38364255277643,49.855284889849,36070.89123641
3.2343749999999,3.4097844091511,0.65014478707665,0.049855212923349,364.18872622476,-0.38329111271404,49.855212923349,36070.88884084
3.2374999999999,3.4109810970189,0.65014485897725,0.049855141022752,363.52202725058,-0.38294011770671,49.855141022752,36070.886447464
3.2406249999999,3.4121766894156,0.65014493081203,0.049855069187974,362.85678170144,-0.3825895669225,49.855069187974,36070.88405628
3.2437499999999,3.4133711877266,0.65014500258107,0.049854997418932,362.19298568873,-0.38223945953169,49.854997418932,36070.881667283
3.2468749999999,3.4145645933351,0.65014507428446,0.049854925715543,361.5306353367,-0.38188979470673,49.854925715543,36070.879280472
3.2499999999999,3.4157569076214,0.65014514592228,0.049854854077723,360.86972678239,-0.3815405716223,49.854854077723,36070.876895843
3.2531249999999,3.4169481319635,0.65014521749461,0.049854782505391,360.2102561756,-0.38119178945524,49.854782505391,36070.874513394
3.2562499999999,3.4181382677366,0.65014528900154,0.049854710998463,359.55221967881,-0.38084344738457,49.854710998463,36070.872133123
3.2593749999999,3.4193273163134,0.65014536044314,0.049854639556858,358.89561346713,-0.38049554459146,49.854639556858,36070.869755026
3.2624999999999,3.4205152790642,0.65014543181951,0.049854568180492,358.24043372831,-0.38014808025927,49.854568180492,36070.8673791
3.2656249999999,3.4217021573566,0.65014550313072,0.049854496869283,357.58667666259,-0.37980105357348,49.854496869283,36070.865005344
3.2687499999999,3.4228879525558,0.65014557437685,0.04985442562315,356.93433848273,-0.37945446372174,49.85442562315,36070.862633753
3.2718749999999,3.4240726660242,0.65014564555799,0.049854354442011,356.28341541392,-0.37910830989382,49.854354442011,36070.860264326
3.2749999999999,3.425256299122,0.65014571667422,0.049854283325784,355.63390369375,-0.37876259128162,49.854283325784,36070.85789706
3.2781249999999,3.4264388532066,0.65014578772561,0.049854212274387,354.98579957215,-0.37841730707918,49.854212274387,36070.855531952
3.2812499999999,3.4276203296331,0.65014585871226,0.049854141287739,354.33909931136,-0.37807245648264,49.854141287739,36070.853168999
3.2843749999999,3.428800729754,0.65014592963424,0.049854070365758,353.69379918582,-0.37772803869023,49.854070365758,36070.850808199
3.2874999999999,3.4299800549193,0.65014600049164,0.049853999508364,353.04989548221,-0.37738405290233,49.853999508364,36070.848449549
3.2906249999999,3.4311583064766,0.65014607128452,0.049853928715476,352.40738449933,-0.37704049832136,49.853928715476,36070.846093045
3.2937499999999,3.4323354857708,0.65014614201299,0.049853857987012,351.7662625481,-0.37669737415185,49.853857987012,36070.843738687
3.2968749999999,3.4335115941446,0.65014621267711,0.049853787322893,351.12652595147,-0.37635467960042,49.853787322893,36070.84138647
3.2999999999999,3.4346866329379,0.65014628327696,0.049853716723037,350.48817104441,-0.37601241387574,49.853716723037,36070.839036393
3.3031249999999,3.4358606034885,0.65014635381264,0.049853646187365,349.85119417383,-0.37567057618856,49.853646187365,36070.836688451
3.3062499999999,3.4370335071315,0.6501464242842,0.049853575715795,349.21559169855,-0.37532916575166,49.853575715795,36070.834342644
3.3093749999999,3.4382053451996,0.65014649469175,0.049853505308248,348.58135998926,-0.37498818177992,49.853505308248,36070.831998968
3.3124999999999,3.439376119023,0.65014656503536,0.049853434964645,347.94849542844,-0.37464762349021,49.853434964645,36070.82965742
3.3156249999999,3.4405458299296,0.6501466353151,0.049853364684904,347.31699441038,-0.37430749010147,49.853364684904,36070.827317999
3.3187499999999,3.4417144792447,0.65014670553105,0.049853294468947,346.68685334104,-0.37396778083465,49.853294468947,36070.8249807
3.3218749999999,3.4428820682913,0.65014677568331,0.049853224316695,346.05806863808,-0.37362849491275,49.853224316695,36070.822645522
3.3249999999999,3.4440485983899,0.65014684577193,0.049853154228067,345.4306367308,-0.37328963156075,49.853154228067,36070.820312462
3.3281249999999,3.4452140708587,0.65014691579702,0.049853084202985,344.80455406003,-0.37295119000566,49.853084202985,36070.817981517
3.3312499999999,3.4463784870133,0.65014698575863,0.049853014241369,344.1798170782,-0.37261316947649,49.853014241369,36070.815652684
3.3343749999999,3.4475418481671,0.65014705565686,0.04985294434314,343.55642224919,-0.37227556920424,49.85294434314,36070.813325962
3.3374999999999,3.4487041556309,0.65014712549178,0.049852874508221,342.93436604833,-0.3719383884219,49.852874508221,36070.811001347
3.3406249999999,3.4498654107133,0.65014719526347,0.049852804736532,342.31364496236,-0.37160162636444,49.852804736532,36070.808678837
3.3437499999999,3.4510256147204,0.65014726497201,0.049852735027995,341.69425548937,-0.37126528226881,49.852735027995,36070.806358429
3.3468749999999,3.4521847689559,0.65014733461747,0.049852665382531,341.07619413876,-0.37092935537392,49.852665382531,36070.80404012
3.3499999999999,3.4533428747213,0.65014740419994,0.049852595800062,340.45945743118,-0.37059384492064,49.852595800062,36070.801723909
3.3531249999999,3.4544999333156,0.65014747371949,0.049852526280511,339.84404189854,-0.37025875015181,49.852526280511,36070.799409792
3.3562499999999,3.4556559460353,0.6501475431762,0.049852456823798,339.22994408389,-0.36992407031221,49.852456823798,36070.797097766
3.3593749999999,3.4568109141748,0.65014761257015,0.049852387429848,338.61716054144,-0.36958980464855,49.852387429848,36070.79478783
3.3624999999999,3.4579648390261,0.65014768190142,0.049852318098581,338.00568783648,-0.36925595240949,49.852318098581,36070.79247998
3.3656249999999,3.4591177218788,0.65014775117008,0.04985224882992,337.39552254533,-0.3689225128456,49.85224882992,36070.790174215
3.3687499999999,3.4602695640201,0.65014782037621,0.049852179623789,336.78666125535,-0.3685894852094,49.852179623789,36070.78787053
3.3718749999999,3.4614203667349,0.65014788951989,0.049852110480109,336.17910056482,-0.36825686875531,49.852110480109,36070.785568925
3.3749999999999,3.462570131306,0.6501479586012,0.049852041398805,335.57283708298,-0.36792466273965,49.852041398805,36070.783269396
3.3781249999999,3.4637188590136,0.6501480276202,0.049851972379798,334.96786742991,-0.36759286642065,49.851972379798,36070.78097194
3.3812499999999,3.4648665511356,0.65014809657699,0.049851903423012,334.36418823654,-0.36726147905844,49.851903423012,36070.778676556
3.3843749999999,3.4660132089479,0.65014816547163,0.049851834528371,333.76179614459,-0.36693049991504,49.851834528371,36070.776383241
3.3874999999999,3.4671588337237,0.6501482343042,0.049851765695797,333.16068780652,-0.36659992825435,49.851765695797,36070.774091991
3.3906249999999,3.4683034267341,0.65014830307478,0.049851696925215,332.56085988551,-0.36626976334214,49.851696925215,36070.771802805
3.3937499999999,3.469446989248,0.65014837178345,0.049851628216549,331.9623090554,-0.36594000444606,49.851628216549,36070.76951568
3.3968749999999,3.4705895225319,0.65014844043028,0.049851559569722,331.36503200065,-0.36561065083563,49.851559569722,36070.767230613
3.3999999999999,3.47173102785,0.65014850901534,0.049851490984658,330.7690254163,-0.36528170178221,49.851490984658,36070.764947603
3.4031249999999,3.4728715064642,0.65014857753872,0.049851422461281,330.17428600794,-0.36495315655902,49.851422461281,36070.762666645
3.4062499999999,3.4740109596343,0.65014864600048,0.049851353999516,329.58081049166,-0.36462501444114,49.851353999516,36070.760387739
3.4093749999999,3.4751493886178,0.65014871440071,0.049851285599288,328.98859559401,-0.36429727470548,49.851285599288,36070.758110881
3.4124999999999,3.4762867946698,0.65014878273948,0.04985121726052,328.39763805195,-0.36396993663077,49.85121726052,36070.755836069
3.4156249999999,3.4774231790432,0.65014885101686,0.049851148983137,327.80793461282,-0.36364299949759,49.851148983137,36070.7535633
3.4187499999999,3.4785585429888,0.65014891923293,0.049851080767066,327.21948203433,-0.36331646258832,49.851080767066,36070.751292572
3.4218749999999,3.479692887755,0.65014898738777,0.049851012612229,326.63227708444,-0.36299032518717,49.851012612229,36070.749023883
3.4249999999999,3.4808262145881,0.65014905548145,0.049850944518553,326.04631654141,-0.36266458658015,49.850944518553,36070.746757229
3.4281249999999,3.481958524732,0.65014912351404,0.049850876485962,325.46159719369,-0.36233924605509,49.850876485962,36070.744492609
3.4312499999999,3.4830898194286,0.65014919148562,0.049850808514383,324.87811583995,-0.3620143029016,49.850808514383,36070.74223002
3.4343749999999,3.4842200999174,0.65014925939626,0.049850740603741,324.29586928895,-0.36168975641108,49.850740603741,36070.739969459
3.4374999999999,3.4853493674358,0.65014932724604,0.04985067275396,323.7148543596,-0.36136560587673,49.85067275396,36070.737710924
3.4406249999999,3.4864776232189,0.65014939503503,0.049850604964968,323.13506788084,-0.36104185059352,49.850604964968,36070.735454412
3.4437499999999,3.4876048684997,0.65014946276331,0.04985053723669,322.55650669165,-0.36071848985819,49.85053723669,36070.733199921
3.4468749999999,3.488731104509,0.65014953043095,0.049850469569052,321.97916764099,-0.36039552296926,49.850469569052,36070.730947449
3.4499999999999,3.4898563324753,0.65014959803802,0.04985040196198,321.40304758779,-0.36007294922699,49.85040196198,36070.728696993
3.4531249999999,3.4909805536251,0.6501496655846,0.0498503344154,320.82814340085,-0.35975076793343,49.8503344154,36070.726448551
3.4562499999999,3.4921037691826,0.65014973307076,0.04985026692924,320.25445195888,-0.35942897839236,49.85026692924,36070.72420212
3.4593749999999,3.4932259803698,0.65014980049657,0.049850199503425,319.6819701504,-0.35910757990929,49.850199503425,36070.721957698
3.4624999999999,3.4943471884067,0.65014986786212,0.049850132137883,319.11069487375,-0.35878657179149,49.850132137883,36070.719715282
3.4656249999999,3.4954673945109,0.65014993516746,0.04985006483254,318.540623037,-0.35846595334797,49.85006483254,36070.717474869
3.4687499999999,3.496586599898,0.65015000241268,0.049849997587322,317.97175155796,-0.35814572388943,49.849997587322,36070.715236459
3.4718749999999,3.4977048057816,0.65015006959784,0.049849930402158,317.40407736411,-0.35782588272833,49.849930402158,36070.713000047
3.4749999999999,3.4988220133728,0.65015013672303,0.049849863276974,316.83759739261,-0.35750642917884,49.849863276974,36070.710765632
3.4781249999999,3.4999382238808,0.6501502037883,0.049849796211699,316.27230859021,-0.35718736255682,49.849796211699,36070.708533211
3.4812499999999,3.5010534385126,0.65015027079374,0.049849729206258,315.70820791322,-0.35686868217985,49.849729206258,36070.706302781
3.4843749999999,3.5021676584731,0.65015033773942,0.04984966226058,315.14529232751,-0.35655038736721,49.84966226058,36070.704074341
3.4874999999999,3.5032808849651,0.65015040462541,0.049849595374593,314.58355880845,-0.35623247743986,49.849595374593,36070.701847888
3.4906249999999,3.5043931191892,0.65015047145178,0.049849528548224,314.02300434087,-0.35591495172047,49.849528548224,36070.69962342
3.4937499999999,3.505504362344,0.6501505382186,0.049849461781401,313.46362591902,-0.35559780953338,49.849461781401,36070.697400934
3.4968749999999,3.5066146156259,0.65015060492595,0.049849395074053,312.90542054658,-0.3552810502046,49.849395074053,36070.695180427
3.4999999999999,3.5077238802293,0.65015067157389,0.049849328426108,312.34838523653,-0.35496467306182,49.849328426108,36070.692961898
3.5031249999999,3.5088321573463,0.65015073816251,0.049849261837494,311.79251701124,-0.3546486774344,49.849261837494,36070.690745344
3.5062499999999,3.5099394481671,0.65015080469186,0.04984919530814,311.23781290231,-0.35433306265336,49.84919530814,36070.688530762
3.5093749999999,3.5110457538797,0.65015087116203,0.049849128837974,310.68426995063,-0.35401782805137,49.849128837974,36070.686318151
3.5124999999999,3.5121510756702,0.65015093757308,0.049849062426924,310.13188520628,-0.35370297296273,49.849062426924,36070.684107507
3.5156249999999,3.5132554147225,0.65015100392508,0.049848996074921,309.58065572856,-0.35338849672344,49.848996074921,36070.681898829
3.5187499999999,3.5143587722183,0.65015107021811,0.049848929781893,309.03057858587,-0.35307439867108,49.848929781893,36070.679692114
3.5218749999999,3.5154611493375,0.65015113645223,0.049848863547768,308.48165085577,-0.3527606781449,49.848863547768,36070.67748736
3.5249999999999,3.5165625472578,0.65015120262752,0.049848797372477,307.93386962486,-0.35244733448577,49.848797372477,36070.675284564
3.5281249999999,3.5176629671548,0.65015126874405,0.049848731255948,307.38723198882,-0.35213436703617,49.848731255948,36070.673083724
3.5312499999999,3.5187624102021,0.65015133480189,0.049848665198112,306.84173505231,-0.35182177514022,49.848665198112,36070.670884838
3.5343749999999,3.5198608775713,0.6501514008011,0.049848599198897,306.29737592899,-0.35150955814364,49.848599198897,36070.668687903
3.5374999999999,3.5209583704319,0.65015146674177,0.049848533258233,305.75415174146,-0.35119771539375,49.848533258233,36070.666492918
3.5406249999999,3.5220548899514,0.65015153262395,0.049848467376051,305.2120596212,-0.35088624623949,49.848467376051,36070.664299878
3.5437499999999,3.5231504372953,0.65015159844772,0.04984840155228,304.67109670861,-0.3505751500314,49.84840155228,36070.662108784
3.5468749999999,3.5242450136269,0.65015166421315,0.04984833578685,304.13126015291,-0.35026442612158,49.84833578685,36070.659919631
3.5499999999999,3.5253386201078,0.65015172992031,0.049848270079692,303.59254711214,-0.34995407386376,49.848270079692,36070.657732418
3.5531249999999,3.5264312578972,0.65015179556926,0.049848204430736,303.0549547531,-0.34964409261322,49.848204430736,36070.655547143
3.5562499999999,3.5275229281526,0.65015186116009,0.049848138839912,302.51848025135,-0.34933448172682,49.848138839912,36070.653363802
3.5593749999999,3.5286136320293,0.65015192669285,0.049848073307151,301.98312079116,-0.34902524056302,49.848073307151,36070.651182394
3.5624999999999,3.5297033706809,0.65015199216762,0.049848007832383,301.44887356545,-0.3487163684818,49.848007832383,36070.649002917
3.5656249999999,3.5307921452585,0.65015205758446,0.04984794241554,300.91573577585,-0.34840786484476,49.84794241554,36070.646825368
3.5687499999999,3.5318799569117,0.65015212294345,0.049847877056553,300.38370463253,-0.34809972901499,49.847877056553,36070.644649745
3.5718749999999,3.5329668067878,0.65015218824465,0.049847811755352,299.8527773543,-0.34779196035719,49.847811755352,36070.642476045
3.5749999999999,3.5340526960323,0.65015225348813,0.049847746511868,299.32295116849,-0.34748455823757,49.847746511868,36070.640304266
3.5781249999999,3.5351376257886,0.65015231867397,0.049847681326034,298.79422331094,-0.3471775220239,49.847681326034,36070.638134407
3.5812499999999,3.5362215971983,0.65015238380222,0.049847616197779,298.26659102601,-0.34687085108548,49.847616197779,36070.635966464
3.5843749999999,3.5373046114007,0.65015244887296,0.049847551127037,297.74005156649,-0.34656454479314,49.847551127037,36070.633800436
3.5874999999999,3.5383866695336,0.65015251388626,0.049847486113738,297.2146021936,-0.34625860251925,49.847486113738,36070.631636319
3.5906249999999,3.5394677727325,0.65015257884219,0.049847421157815,296.69024017695,-0.34595302363769,49.847421157815,36070.629474113
3.5937499999999,3.540547922131,0.6501526437408,0.049847356259199,296.16696279452,-0.34564780752385,49.847356259199,36070.627313814
3.5968749999999,3.5416271188609,0.65015270858218,0.049847291417821,295.6447673326,-0.34534295355465,49.847291417821,36070.625155421
3.5999999999999,3.5427053640518,0.65015277336638,0.049847226633616,295.12365108581,-0.34503846110851,49.847226633616,36070.62299893
3.6031249999999,3.5437826588317,0.65015283809349,0.049847161906513,294.60361135699,-0.34473432956535,49.847161906513,36070.620844341
3.6062499999999,3.5448590043264,0.65015290276355,0.049847097236447,294.08464545727,-0.34443055830659,49.847097236447,36070.61869165
3.6093749999999,3.5459344016599,0.65015296737665,0.049847032623349,293.56675070597,-0.34412714671516,49.847032623349,36070.616540855
3.6124999999999,3.5470088519542,0.65015303193285,0.049846968067152,293.04992443057,-0.34382409417544,49.846968067152,36070.614391954
3.6156249999999,3.5480823563295,0.65015309643221,0.049846903567789,292.53416396671,-0.34352140007333,49.846903567789,36070.612244946
3.6187499999999,3.5491549159038,0.65015316087481,0.049846839125192,292.01946665815,-0.34321906379619,49.846839125192,36070.610099827
3.6218749999999,3.5502265317936,0.65015322526071,0.049846774739294,291.50582985673,-0.34291708473287,49.846774739294,36070.607956595
3.6249999999999,3.5512972051132,0.65015328958997,0.049846710410029,290.99325092235,-0.34261546227367,49.846710410029,36070.605815248
3.6281249999999,3.5523669369751,0.65015335386267,0.04984664613733,290.48172722294,-0.34231419581037,49.84664613733,36070.603675784
3.6312499999999,3.5534357284899,0.65015341807887,0.049846581921129,289.97125613442,-0.34201328473621,49.846581921129,36070.601538201
3.6343749999999,3.5545035807663,0.65015348223864,0.049846517761361,289.46183504069,-0.34171272844589,49.846517761361,36070.599402497
3.6374999999999,3.5555704949111,0.65015354634204,0.049846453657958,288.95346133357,-0.34141252633553,49.846453657958,36070.597268669
3.6406249999999,3.5566364720293,0.65015361038914,0.049846389610855,288.44613241282,-0.34111267780274,49.846389610855,36070.595136714
3.6437499999999,3.5577015132238,0.65015367438002,0.049846325619985,287.93984568604,-0.34081318224655,49.846325619985,36070.593006632
3.6468749999999,3.5587656195959,0.65015373831472,0.049846261685282,287.43459856872,-0.34051403906743,49.846261685282,36070.590878419
3.6499999999999,3.5598287922449,0.65015380219332,0.04984619780668,286.93038848415,-0.34021524766728,49.84619780668,36070.588752074
3.6531249999999,3.5608910322681,0.65015386601589,0.049846133984112,286.42721286343,-0.33991680744943,49.846133984112,36070.586627594
3.6562499999999,3.5619523407613,0.65015392978249,0.049846070217514,285.92506914541,-0.33961871781865,49.846070217514,36070.584504977
3.6593749999999,3.5630127188181,0.65015399349318,0.049846006506819,285.42395477669,-0.3393209781811,49.846006506819,36070.582384221
3.6624999999999,3.5640721675305,0.65015405714804,0.049845942851962,284.92386721158,-0.33902358794438,49.845942851962,36070.580265323
3.6656249999999,3.5651306879883,0.65015412074712,0.049845879252878,284.42480391206,-0.33872654651751,49.845879252878,36070.578148282
3.6687499999999,3.5661882812799,0.6501541842905,0.0498458157095,283.92676234777,-0.33842985331087,49.8458157095,36070.576033096
3.6718749999999,3.5672449484916,0.65015424777824,0.049845752221764,283.42973999598,-0.33813350773629,49.845752221764,36070.573919761
3.6749999999999,3.5683006907079,0.6501543112104,0.049845688789604,282.93373434154,-0.33783750920697,49.845688789604,36070.571808277
3.6781249999999,3.5693555090115,0.65015437458704,0.049845625412956,282.43874287689,-0.33754185713751,49.845625412956,36070.56969864
3.6812499999999,3.5704094044831,0.65015443790825,0.049845562091754,281.94476310202,-0.33724655094392,49.845562091754,36070.567590849
3.6843749999999,3.571462378202,0.65015450117407,0.049845498825934,281.45179252439,-0.33695159004356,49.845498825934,36070.565484902
3.6874999999999,3.5725144312453,0.65015456438457,0.049845435615431,280.95982865899,-0.3366569738552,49.845435615431,36070.563380796
3.6906249999999,3.5735655646885,0.65015462753982,0.049845372460181,280.46886902825,-0.33636270179895,49.845372460181,36070.561278529
3.6937499999999,3.574615779605,0.65015469063988,0.049845309360118,279.97891116206,-0.33606877329633,49.845309360118,36070.559178099
3.6968749999999,3.5756650770668,0.65015475368482,0.049845246315179,279.48995259767,-0.33577518777022,49.845246315179,36070.557079504
3.6999999999999,3.5767134581438,0.6501548166747,0.049845183325298,279.00199087975,-0.33548194464484,49.845183325298,36070.554982742
3.7031249999999,3.5777609239043,0.65015487960959,0.049845120390413,278.51502356029,-0.33518904334578,49.845120390413,36070.552887811
3.7062499999999,3.5788074754146,0.65015494248954,0.049845057510459,278.02904819866,-0.33489648330001,49.845057510459,36070.550794708
3.7093749999999,3.5798531137394,0.65015500531463,0.049844994685371,277.54406236146,-0.33460426393582,49.844994685371,36070.548703431
3.7124999999999,3.5808978399415,0.65015506808491,0.049844931915087,277.0600636226,-0.33431238468285,49.844931915087,36070.546613979
3.7156249999999,3.5819416550821,0.65015513080046,0.049844869199542,276.57704956324,-0.33402084497209,49.844869199542,36070.544526348
3.7187499999999,3.5829845602203,0.65015519346133,0.049844806538672,276.09501777176,-0.33372964423587,49.844806538672,36070.542440538
3.7218749999999,3.5840265564138,0.65015525606758,0.049844743932415,275.61396584372,-0.33343878190786,49.844743932415,36070.540356546
3.7249999999999,3.5850676447182,0.65015531861929,0.049844681380706,275.13389138186,-0.33314825742303,49.844681380706,36070.538274369
3.7281249999999,3.5861078261877,0.65015538111652,0.049844618883483,274.65479199605,-0.33285807021771,49.844618883483,36070.536194006
3.7312499999999,3.5871471018743,0.65015544355932,0.049844556440682,274.17666530331,-0.33256821972954,49.844556440682,36070.534115455
3.7343749999999,3.5881854728287,0.65015550594776,0.04984449405224,273.6995089277,-0.33227870539747,49.84449405224,36070.532038713
3.7374999999999,3.5892229400995,0.65015556828191,0.049844431718094,273.2233205004,-0.33198952666176,49.844431718094,36070.529963778
3.7406249999999,3.5902595047338,0.65015563056182,0.049844369438181,272.74809765959,-0.33170068296401,49.844369438181,36070.527890649
3.7437499999999,3.5912951677767,0.65015569278756,0.049844307212438,272.27383805047,-0.33141217374709,49.844307212438,36070.525819323
3.7468749999999,3.5923299302719,0.6501557549592,0.049844245040803,271.80053932526,-0.33112399845519,49.844245040803,36070.523749798
3.7499999999999,3.5933637932611,0.65015581707679,0.049844182923213,271.32819914313,-0.33083615653379,49.844182923213,36070.521682072
3.7531249999999,3.5943967577843,0.65015587914039,0.049844120859606,270.85681517017,-0.33054864742967,49.844120859606,36070.519616143
3.7562499999999,3.5954288248799,0.65015594115008,0.049844058849919,270.3863850794,-0.3302614705909,49.844058849919,36070.517552009
3.7593749999999,3.5964599955845,0.65015600310591,0.049843996894089,269.91690655074,-0.32997462546682,49.843996894089,36070.515489667
3.7624999999999,3.597490270933,0.65015606500794,0.049843934992055,269.44837727096,-0.32968811150808,49.843934992055,36070.513429117
3.7656249999999,3.5985196519585,0.65015612685624,0.049843873143755,268.98079493369,-0.32940192816657,49.843873143755,36070.511370354
3.7687499999999,3.5995481396925,0.65015618865087,0.049843811349127,268.51415723936,-0.3291160748955,49.843811349127,36070.509313379
3.7718749999999,3.6005757351649,0.65015625039189,0.049843749608108,268.0484618952,-0.32883055114932,49.843749608108,36070.507258188
3.7749999999999,3.6016024394036,0.65015631207936,0.049843687920637,267.58370661519,-0.32854535638373,49.843687920637,36070.50520478
3.7781249999999,3.602628253435,0.65015637371335,0.049843626286653,267.1198891201,-0.32826049005574,49.843626286653,36070.503153152
3.7812499999999,3.6036531782838,0.65015643529391,0.049843564706093,266.65700713737,-0.32797595162357,49.843564706093,36070.501103302
3.7843749999999,3.604677214973,0.6501564968211,0.049843503178897,266.19505840115,-0.32769174054673,49.843503178897,36070.499055228
3.7874999999999,3.6057003645239,0.650156558295,0.049843441705002,265.73404065229,-0.32740785628597,49.843441705002,36070.497008929
3.7906249999999,3.6067226279561,0.65015661971565,0.049843380284348,265.27395163826,-0.32712429830328,49.843380284348,36070.494964402
3.7937499999999,3.6077440062876,0.65015668108313,0.049843318916874,264.81478911317,-0.32684106606189,49.843318916874,36070.492921646
3.7968749999999,3.6087645005346,0.65015674239748,0.049843257602518,264.3565508377,-0.32655815902629,49.843257602518,36070.490880657
3.7999999999999,3.6097841117116,0.65015680365878,0.04984319634122,263.89923457917,-0.32627557666219,49.84319634122,36070.488841435
3.8031249999999,3.6108028408318,0.65015686486708,0.049843135132918,263.44283811139,-0.32599331843652,49.843135132918,36070.486803977
3.8062499999999,3.6118206889062,0.65015692602245,0.049843073977552,262.98735921474,-0.32571138381747,49.843073977552,36070.484768281
3.8093749999999,3.6128376569446,0.65015698712494,0.049843012875062,262.53279567609,-0.32542977227443,49.843012875062,36070.482734344
3.8124999999999,3.6138537459548,0.65015704817461,0.049842951825386,262.07914528882,-0.32514848327803,49.842951825386,36070.480702166
3.8156249999999,3.6148689569432,0.65015710917154,0.049842890828464,261.62640585274,-0.32486751630008,49.842890828464,36070.478671745
3.8187499999999,3.6158832909145,0.65015717011576,0.049842829884236,261.17457517413,-0.32458687081365,49.842829884236,36070.476643077
3.8218749999999,3.6168967488717,0.65015723100736,0.049842768992642,260.72365106566,-0.32430654629299,49.842768992642,36070.474616161
3.8249999999999,3.6179093318161,0.65015729184638,0.04984270815362,260.27363134641,-0.32402654221356,49.84270815362,36070.472590995
3.8281249999999,3.6189210407476,0.65015735263289,0.049842647367113,259.82451384183,-0.32374685805204,49.842647367113,36070.470567577
3.8312499999999,3.6199318766641,0.65015741336694,0.049842586633058,259.37629638371,-0.32346749328628,49.842586633058,36070.468545905
3.8343749999999,3.6209418405622,0.6501574740486,0.049842525951397,258.92897681019,-0.32318844739535,49.842525951397,36070.466525977
3.8374999999999,3.6219509334368,0.65015753467793,0.04984246532207,258.48255296569,-0.3229097198595,49.84246532207,36070.464507792
3.8406249999999,3.622959156281,0.65015759525498,0.049842404745017,258.03702270093,-0.32263131016018,49.842404745017,36070.462491346
3.8437499999999,3.6239665100866,0.65015765577982,0.049842344220178,257.59238387287,-0.32235321777999,49.842344220178,36070.460476638
3.8468749999999,3.6249729958435,0.65015771625251,0.049842283747495,257.14863434473,-0.32207544220276,49.842283747495,36070.458463667
3.8499999999999,3.6259786145401,0.65015777667309,0.049842223326907,256.70577198593,-0.32179798291346,49.842223326907,36070.456452429
3.8531249999999,3.6269833671632,0.65015783704165,0.049842162958355,256.2637946721,-0.32152083939826,49.842162958355,36070.454442924
3.8562499999999,3.627987254698,0.65015789735822,0.04984210264178,255.82270028502,-0.32124401114447,49.84210264178,36070.452435149
3.8593749999999,3.6289902781281,0.65015795762288,0.049842042377123,255.38248671265,-0.3209674976406,49.842042377123,36070.450429102
3.8624999999999,3.6299924384356,0.65015801783567,0.049841982164325,254.94315184906,-0.3206912983763,49.841982164325,36070.448424782
3.8656249999999,3.6309937366007,0.65015807799667,0.049841922003328,254.50469359444,-0.32041541284238,49.841922003328,36070.446422185
3.8687499999999,3.6319941736024,0.65015813810593,0.049841861894071,254.06710985505,-0.32013984053083,49.841861894071,36070.444421311
3.8718749999999,3.6329937504178,0.6501581981635,0.049841801836498,253.63039854324,-0.31986458093477,49.841801836498,36070.442422158
3.8749999999999,3.6339924680226,0.65015825816945,0.049841741830548,253.19455757738,-0.31958963354848,49.841741830548,36070.440424722
3.8781249999999,3.634990327391,0.65015831812384,0.049841681876163,252.75958488188,-0.31931499786737,49.841681876163,36070.438429004
3.8812499999999,3.6359873294953,0.65015837802671,0.049841621973286,252.32547838714,-0.31904067338802,49.841621973286,36070.436434999
3.8843749999999,3.6369834753066,0.65015843787814,0.049841562121857,251.89223602956,-0.31876665960813,49.841562121857,36070.434442708
3.8874999999999,3.6379787657942,0.65015849767818,0.049841502321819,251.45985575148,-0.31849295602654,49.841502321819,36070.432452127
3.8906249999999,3.6389732019259,0.65015855742689,0.049841442573113,251.0283355012,-0.31821956214322,49.841442573113,36070.430463255
3.8937499999999,3.6399667846679,0.65015861712432,0.049841382875681,250.59767323291,-0.31794647745927,49.841382875681,36070.428476089
3.8968749999999,3.6409595149851,0.65015867677053,0.049841323229465,250.16786690673,-0.31767370147693,49.841323229465,36070.426490628
3.8999999999999,3.6419513938404,0.65015873636559,0.049841263634408,249.73891448865,-0.31740123369955,49.841263634408,36070.424506871
3.9031249999999,3.6429424221955,0.65015879590955,0.049841204090451,249.3108139505,-0.31712907363159,49.841204090451,36070.422524814
3.9062499999999,3.6439326010104,0.65015885540246,0.049841144597537,248.88356326996,-0.31685722077864,49.841144597537,36070.420544456
3.9093749999999,3.6449219312437,0.65015891484439,0.049841085155609,248.45716043054,-0.3165856746474,49.841085155609,36070.418565796
3.9124999999999,3.6459104138523,0.65015897423539,0.049841025764608,248.03160342152,-0.31631443474567,49.841025764608,36070.416588831
3.9156249999999,3.6468980497916,0.65015903357552,0.049840966424478,247.60689023798,-0.31604350058238,49.840966424478,36070.414613559
3.9187499999999,3.6478848400156,0.65015909286484,0.049840907135161,247.18301888075,-0.31577287166753,49.840907135161,36070.412639978
3.9218749999999,3.6488707854766,0.6501591521034,0.0498408478966,246.75998735638,-0.31550254751225,49.8408478966,36070.410668087
3.9249999999999,3.6498558871254,0.65015921129126,0.049840788708738,246.33779367718,-0.31523252762875,49.840788708738,36070.408697884
3.9281249999999,3.6508401459114,0.65015927042848,0.049840729571517,245.9164358611,-0.31496281153032,49.840729571517,36070.406729367
3.9312499999999,3.6518235627825,0.65015932951512,0.049840670484881,245.49591193182,-0.31469339873137,49.840670484881,36070.404762533
3.9343749999999,3.6528061386848,0.65015938855123,0.049840611448773,245.07621991864,-0.31442428874738,49.840611448773,36070.402797381
3.9374999999999,3.6537878745632,0.65015944753686,0.049840552463137,244.65735785652,-0.31415548109492,49.840552463137,36070.400833909
3.9406249999999,3.654768771361,0.65015950647209,0.049840493527914,244.23932378604,-0.31388697529162,49.840493527914,36070.398872116
3.9437499999999,3.6557488300199,0.65015956535695,0.04984043464305,243.82211575336,-0.31361877085621,49.84043464305,36070.396911998
3.9468749999999,3.6567280514803,0.65015962419151,0.049840375808487,243.40573181025,-0.3133508673085,49.840375808487,36070.394953555
3.9499999999999,3.6577064366808,0.65015968297583,0.049840317024169,242.99017001401,-0.31308326416934,49.840317024169,36070.392996785
3.9531249999999,3.6586839865588,0.65015974170996,0.04984025829004,242.57542842751,-0.31281596096067,49.84025829004,36070.391041685
3.9562499999999,3.6596607020501,0.65015980039396,0.049840199606043,242.16150511913,-0.31254895720549,49.840199606043,36070.389088254
3.9593749999999,3.6606365840889,0.65015985902788,0.049840140972122,241.74839816275,-0.31228225242787,49.840140972122,36070.38713649
3.9624999999999,3.6616116336082,0.65015991761178,0.049840082388222,241.33610563774,-0.31201584615291,49.840082388222,36070.385186391
3.9656249999999,3.6625858515391,0.65015997614571,0.049840023854286,240.92462562894,-0.3117497379068,49.840023854286,36070.383237955
3.9687499999999,3.6635592388117,0.65016003462974,0.049839965370258,240.51395622664,-0.31148392721676,49.839965370258,36070.381291181
3.9718749999999,3.6645317963542,0.65016009306392,0.049839906936084,240.10409552656,-0.31121841361107,49.839906936084,36070.379346066
3.9749999999999,3.6655035250937,0.65016015144829,0.049839848551706,239.6950416298,-0.31095319661905,49.839848551706,36070.377402608
3.9781249999999,3.6664744259555,0.65016020978293,0.049839790217069,239.2867926429,-0.31068827577107,49.839790217069,36070.375460806
3.9812499999999,3.6674444998636,0.65016026806788,0.049839731932119,238.87934667774,-0.31042365059852,49.839731932119,36070.373520659
3.9843749999999,3.6684137477406,0.6501603263032,0.049839673696798,238.47270185158,-0.31015932063386,49.839673696798,36070.371582163
3.9874999999999,3.6693821705075,0.65016038448895,0.049839615511053,238.06685628699,-0.30989528541055,49.839615511053,36070.369645317
3.9906249999999,3.6703497690839,0.65016044262517,0.049839557374828,237.66180811188,-0.30963154446311,49.839557374828,36070.36771012
3.9937499999999,3.6713165443881,0.65016050071193,0.049839499288067,237.25755545945,-0.30936809732706,49.839499288067,36070.36577657
3.9968749999999,3.6722824973366,0.65016055874928,0.049839441250716,236.85409646819,-0.30910494353897,49.839441250716,36070.363844664
3.9999999999999,3.6732476288449,0.65016061673728,0.04983938326272,236.45142928184,-0.30884208263641,49.83938326272,36070.361914401
4.0031249999999,3.6742119398266,0.65016067467598,0.049839325324023,236.04955204942,-0.308579514158,49.839325324023,36070.359985779
4.0062499999999,3.6751754311942,0.65016073256543,0.049839267434572,235.64846292513,-0.30831723764334,49.839267434572,36070.358058796
4.0093749999999,3.6761381038587,0.65016079040569,0.04983920959431,235.24816006843,-0.30805525263306,49.83920959431,36070.356133451
4.0124999999999,3.6770999587296,0.65016084819682,0.049839151803184,234.84864164393,-0.30779355866881,49.839151803184,36070.354209741
4.0156249999999,3.6780609967149,0.65016090593886,0.049839094061138,234.44990582146,-0.30753215529323,49.839094061138,36070.352287665
4.0187499999999,3.6790212187213,0.65016096363188,0.04983903636812,234.05195077598,-0.30727104204998,49.83903636812,36070.350367221
4.0218749999999,3.679980625654,0.65016102127593,0.049838978724073,233.65477468759,-0.3070102184837,49.838978724073,36070.348448407
4.0249999999999,3.680939218417,0.65016107887106,0.049838921128944,233.25837574151,-0.30674968414004,49.838921128944,36070.346531222
4.0281249999999,3.6818969979125,0.65016113641732,0.049838863582678,232.8627521281,-0.30648943856566,49.838863582678,36070.344615663
4.0312499999999,3.6828539650416,0.65016119391478,0.049838806085222,232.46790204277,-0.3062294813082,49.838806085222,36070.342701728
4.0343749999999,3.6838101207038,0.65016125136348,0.049838748636522,232.07382368602,-0.30596981191628,49.838748636522,36070.340789417
4.0374999999999,3.6847654657974,0.65016130876348,0.049838691236522,231.6805152634,-0.30571042993953,49.838691236522,36070.338878727
4.0406249999999,3.685720001219,0.65016136611483,0.049838633885171,231.2879749855,-0.30545133492853,49.838633885171,36070.336969656
4.0437499999999,3.6866737278641,0.65016142341759,0.049838576582413,230.89620106793,-0.30519252643489,49.838576582413,36070.335062203
4.0468749999999,3.6876266466267,0.65016148067181,0.049838519328195,230.50519173129,-0.30493400401115,49.838519328195,36070.333156365
4.0499999999999,3.6885787583992,0.65016153787754,0.049838462122463,230.1149452012,-0.30467576721086,49.838462122463,36070.331252142
4.0531249999999,3.6895300640729,0.65016159503484,0.049838404965164,229.72545970822,-0.30441781558853,49.838404965164,36070.32934953
4.0562499999999,3.6904805645376,0.65016165214376,0.049838347856245,229.33673348786,-0.30416014869964,49.838347856245,36070.327448529
4.0593749999999,3.6914302606817,0.65016170920435,0.049838290795651,228.94876478059,-0.30390276610064,49.838290795651,36070.325549137
4.0624999999999,3.6923791533922,0.65016176621667,0.049838233783331,228.56155183179,-0.30364566734893,49.838233783331,36070.323651352
4.0656249999999,3.6933272435547,0.65016182318077,0.049838176819229,228.17509289174,-0.30338885200291,49.838176819229,36070.321755171
4.0687499999999,3.6942745320535,0.65016188009671,0.049838119903295,227.7893862156,-0.3031323196219,49.838119903295,36070.319860594
4.0718749999999,3.6952210197715,0.65016193696453,0.049838063035473,227.40443006341,-0.30287606976619,49.838063035473,36070.317967619
4.0749999999999,3.6961667075903,0.65016199378429,0.049838006215712,227.02022270008,-0.30262010199703,49.838006215712,36070.316076243
4.0781249999999,3.6971115963899,0.65016205055604,0.049837949443958,226.63676239532,-0.30236441587662,49.837949443958,36070.314186466
4.0812499999999,3.6980556870491,0.65016210727984,0.049837892720159,226.25404742369,-0.30210901096809,49.837892720159,36070.312298284
4.0843749999999,3.6989989804455,0.65016216395574,0.049837836044262,225.87207606455,-0.30185388683555,49.837836044262,36070.310411698
4.0874999999999,3.699941477455,0.65016222058379,0.049837779416214,225.49084660204,-0.30159904304402,49.837779416214,36070.308526703
4.0906249999999,3.7008831789524,0.65016227716404,0.049837722835963,225.11035732509,-0.30134447915948,49.837722835963,36070.3066433
4.0937499999999,3.701824085811,0.65016233369654,0.049837666303456,224.73060652737,-0.30109019474884,49.837666303456,36070.304761487
4.0968749999999,3.7027641989028,0.65016239018136,0.049837609818641,224.3515925073,-0.30083618937995,49.837609818641,36070.302881261
4.0999999999999,3.7037035190985,0.65016244661853,0.049837553381466,223.97331356803,-0.30058246262158,49.837553381466,36070.30100262
4.1031249999999,3.7046420472674,0.65016250300812,0.049837496991878,223.59576801742,-0.30032901404345,49.837496991878,36070.299125564
4.1062499999999,3.7055797842775,0.65016255935017,0.049837440649825,223.21895416801,-0.30007584321619,49.837440649825,36070.29725009
4.1093749999999,3.7065167309953,0.65016261564474,0.049837384355256,222.84287033703,-0.29982294971136,49.837384355256,36070.295376196
4.1124999999999,3.7074528882863,0.65016267189188,0.049837328108117,222.46751484636,-0.29957033310144,49.837328108117,36070.293503882
4.1156249999999,3.7083882570143,0.65016272809164,0.049837271908358,222.09288602256,-0.29931799295984,49.837271908358,36070.291633144
4.1187499999999,3.7093228380419,0.65016278424407,0.049837215755926,221.71898219679,-0.29906592886087,49.837215755926,36070.289763982
4.1218749999999,3.7102566322306,0.65016284034923,0.04983715965077,221.34580170484,-0.29881414037977,49.83715965077,36070.287896394
4.1249999999999,3.7111896404403,0.65016289640716,0.049837103592837,220.9733428871,-0.29856262709267,49.837103592837,36070.286030378
4.1281249999999,3.7121218635296,0.65016295241792,0.049837047582078,220.60160408853,-0.29831138857664,49.837047582078,36070.284165931
4.1312499999999,3.7130533023559,0.65016300838156,0.049836991618439,220.23058365869,-0.29806042440963,49.836991618439,36070.282303054
4.1343749999999,3.7139839577752,0.65016306429813,0.049836935701869,219.86027995168,-0.2978097341705,49.836935701869,36070.280441743
4.1374999999999,3.7149138306422,0.65016312016768,0.049836879832318,219.49069132614,-0.29755931743902,49.836879832318,36070.278581997
4.1406249999999,3.7158429218103,0.65016317599027,0.049836824009733,219.12181614524,-0.29730917379585,49.836824009733,36070.276723815
4.1437499999999,3.7167712321316,0.65016323176594,0.049836768234064,218.75365277666,-0.29705930282255,49.836768234064,36070.274867194
4.1468749999999,3.7176987624569,0.65016328749474,0.049836712505259,218.38619959257,-0.29680970410157,49.836712505259,36070.273012133
4.1499999999999,3.7186255136357,0.65016334317673,0.049836656823268,218.01945496962,-0.29656037721627,49.836656823268,36070.271158631
4.1531249999999,3.7195514865162,0.65016339881196,0.04983660118804,217.65341728893,-0.29631132175086,49.83660118804,36070.269306685
4.1562499999999,3.7204766819452,0.65016345440048,0.049836545599523,217.28808493608,-0.29606253729047,49.836545599523,36070.267456295
4.1593749999999,3.7214011007684,0.65016350994233,0.049836490057667,216.92345630108,-0.29581402342111,49.836490057667,36070.265607457
4.1624999999999,3.7223247438301,0.65016356543758,0.04983643456242,216.55952977835,-0.29556577972965,49.83643456242,36070.263760171
4.1656249999999,3.7232476119732,0.65016362088627,0.049836379113734,216.19630376674,-0.29531780580387,49.836379113734,36070.261914434
4.1687499999999,3.7241697060396,0.65016367628844,0.049836323711556,215.83377666947,-0.2950701012324,49.836323711556,36070.260070246
4.1718749999999,3.7250910268696,0.65016373164416,0.049836268355837,215.47194689416,-0.29482266560475,49.836268355837,36070.258227605
4.1749999999999,3.7260115753024,0.65016378695347,0.049836213046525,215.11081285278,-0.29457549851131,49.836213046525,36070.256386508
4.1781249999999,3.726931352176,0.65016384221643,0.049836157783571,214.75037296164,-0.29432859954334,49.836157783571,36070.254546954
4.1812499999999,3.7278503583269,0.65016389743308,0.049836102566925,214.39062564142,-0.29408196829294,49.836102566925,36070.252708942
4.1843749999999,3.7287685945905,0.65016395260346,0.049836047396535,214.03156931708,-0.29383560435312,49.836047396535,36070.250872469
4.1874999999999,3.7296860618009,0.65016400772765,0.049835992272353,213.67320241792,-0.29358950731771,49.835992272353,36070.249037535
4.1906249999999,3.7306027607908,0.65016406280567,0.049835937194327,213.31552337751,-0.29334367678143,49.835937194327,36070.247204137
4.1937499999999,3.7315186923919,0.65016411783759,0.049835882162409,212.95853063372,-0.29309811233983,49.835882162409,36070.245372274
4.1968749999999,3.7324338574344,0.65016417282345,0.049835827176548,212.60222262867,-0.29285281358935,49.835827176548,36070.243541944
4.1999999999999,3.7333482567473,0.65016422776331,0.049835772236694,212.24659780872,-0.29260778012723,49.835772236694,36070.241713145
4.2031249999999,3.7342618911584,0.6501642826572,0.049835717342798,211.8916546245,-0.2923630115516,49.835717342798,36070.239885876
4.2062499999999,3.7351747614942,0.65016433750519,0.049835662494809,211.53739153083,-0.29211850746145,49.835662494809,36070.238060135
4.2093749999999,3.73608686858,0.65016439230732,0.049835607692679,211.18380698675,-0.29187426745656,49.835607692679,36070.236235921
4.2124999999999,3.7369982132398,0.65016444706364,0.049835552936358,210.83089945552,-0.29163029113761,49.835552936358,36070.234413232
4.2156249999999,3.7379087962964,0.6501645017742,0.049835498225796,210.47866740454,-0.2913865781061,49.835498225796,36070.232592066
4.2187499999999,3.7388186185713,0.65016455643906,0.049835443560944,210.12710930541,-0.29114312796435,49.835443560944,36070.230772421
4.2218749999999,3.7397276808848,0.65016461105825,0.049835388941753,209.77622363386,-0.29089994031553,49.835388941753,36070.228954297
4.2249999999999,3.7406359840559,0.65016466563183,0.049835334368174,209.42600886979,-0.29065701476366,49.835334368174,36070.22713769
4.2281249999999,3.7415435289025,0.65016472015984,0.049835279840157,209.0764634972,-0.29041435091356,49.835279840157,36070.225322601
4.2312499999999,3.7424503162412,0.65016477464235,0.049835225357653,208.72758600423,-0.29017194837091,49.835225357653,36070.223509026
4.2343749999999,3.7433563468873,0.65016482907939,0.049835170920614,208.37937488309,-0.28992980674219,49.835170920614,36070.221696965
4.2374999999999,3.7442616216549,0.65016488347101,0.04983511652899,208.0318286301,-0.28968792563473,49.83511652899,36070.219886415
4.2406249999999,3.7451661413569,0.65016493781727,0.049835062182733,207.68494574566,-0.28944630465665,49.835062182733,36070.218077376
4.2437499999999,3.7460699068051,0.65016499211821,0.049835007881793,207.33872473419,-0.28920494341692,49.835007881793,36070.216269845
4.2468749999999,3.7469729188099,0.65016504637388,0.049834953626123,206.99316410422,-0.28896384152532,49.834953626123,36070.214463821
4.2499999999999,3.7478751781805,0.65016510058433,0.049834899415673,206.64826236827,-0.28872299859244,49.834899415673,36070.212659302
4.2531249999999,3.7487766857249,0.6501651547496,0.049834845250396,206.30401804288,-0.28848241422968,49.834845250396,36070.210856287
4.2562499999999,3.7496774422501,0.65016520886976,0.049834791130241,205.96042964862,-0.28824208804926,49.834791130241,36070.209054774
4.2593749999999,3.7505774485616,0.65016526294484,0.049834737055162,205.61749571006,-0.2880020196642,49.834737055162,36070.207254761
4.2624999999999,3.7514767054637,0.65016531697489,0.04983468302511,205.27521475572,-0.28776220868834,49.83468302511,36070.205456247
4.2656249999999,3.7523752137598,0.65016537095996,0.049834629040036,204.93358531812,-0.28752265473631,49.834629040036,36070.203659231
4.2687499999999,3.7532729742517,0.65016542490011,0.049834575099892,204.59260593373,-0.28728335742356,49.834575099892,36070.20186371
4.2718749999999,3.7541699877404,0.65016547879537,0.049834521204631,204.25227514295,-0.28704431636631,49.834521204631,36070.200069683
4.2749999999999,3.7550662550253,0.6501655326458,0.049834467354203,203.91259149014,-0.28680553118161,49.834467354203,36070.198277148
4.2781249999999,3.755961776905,0.65016558645144,0.049834413548562,203.57355352354,-0.28656700148728,49.834413548562,36070.196486105
4.2812499999999,3.7568565541765,0.65016564021234,0.049834359787659,203.23515979533,-0.28632872690196,49.834359787659,36070.19469655
4.2843749999999,3.757750587636,0.65016569392855,0.049834306071447,202.89740886156,-0.28609070704506,49.834306071447,36070.192908483
4.2874999999999,3.7586438780783,0.65016574760012,0.049834252399877,202.56029928219,-0.28585294153679,49.834252399877,36070.191121902
4.2906249999999,3.7595364262971,0.6501658012271,0.049834198772903,202.22382962101,-0.28561542999814,49.834198772903,36070.189336806
4.2937499999999,3.7604282330848,0.65016585480952,0.049834145190476,201.8879984457,-0.28537817205088,49.834145190476,36070.187553192
4.2968749999999,3.7613192992326,0.65016590834745,0.049834091652548,201.55280432776,-0.28514116731757,49.834091652548,36070.18577106
4.2999999999999,3.7622096255308,0.65016596184093,0.049834038159073,201.21824584253,-0.28490441542157,49.834038159073,36070.183990407
4.3031249999999,3.7630992127683,0.65016601529,0.049833984710003,200.88432156919,-0.28466791598699,49.833984710003,36070.182211233
4.3062499999999,3.7639880617328,0.65016606869471,0.049833931305291,200.55103009068,-0.28443166863872,49.833931305291,36070.180433535
4.3093749999999,3.7648761732109,0.65016612205511,0.049833877944889,200.21836999378,-0.28419567300243,49.833877944889,36070.178657312
4.3124999999999,3.7657635479881,0.65016617537125,0.04983382462875,199.88633986903,-0.28395992870457,49.83382462875,36070.176882562
4.3156249999999,3.7666501868487,0.65016622864317,0.049833771356828,199.55493831074,-0.28372443537236,49.833771356828,36070.175109285
4.3187499999999,3.7675360905757,0.65016628187093,0.049833718129074,199.22416391698,-0.28348919263376,49.833718129074,36070.173337477
4.3218749999999,3.768421259951,0.65016633505456,0.049833664945442,198.89401528958,-0.28325420011754,49.833664945442,36070.171567138
4.3249999999999,3.7693056957556,0.65016638819411,0.049833611805886,198.56449103409,-0.28301945745319,49.833611805886,36070.169798267
4.3281249999999,3.7701893987689,0.65016644128964,0.049833558710358,198.23558975977,-0.28278496427099,49.833558710358,36070.168030861
4.3312499999999,3.7710723697695,0.65016649434119,0.049833505658811,197.90731007962,-0.28255072020198,49.833505658811,36070.166264919
4.3343749999999,3.7719546095348,0.6501665473488,0.049833452651199,197.57965061032,-0.28231672487794,49.833452651199,36070.164500439
4.3374999999999,3.7728361188408,0.65016660031252,0.049833399687476,197.25260997225,-0.28208297793142,49.833399687476,36070.162737421
4.3406249999999,3.7737168984627,0.65016665323241,0.049833346767594,196.92618678944,-0.28184947899572,49.833346767594,36070.160975861
4.3437499999999,3.7745969491743,0.65016670610849,0.049833293891507,196.6003796896,-0.28161622770489,49.833293891507,36070.15921576
4.3468749999999,3.7754762717483,0.65016675894083,0.049833241059169,196.27518730411,-0.28138322369373,49.833241059169,36070.157457115
4.3499999999999,3.7763548669564,0.65016681172947,0.049833188270533,195.95060826794,-0.28115046659779,49.833188270533,36070.155699924
4.3531249999999,3.7772327355691,0.65016686447445,0.049833135525553,195.62664121975,-0.28091795605336,49.833135525553,36070.153944187
4.3562499999999,3.7781098783557,0.65016691717582,0.049833082824183,195.30328480177,-0.28068569169748,49.833082824183,36070.152189902
4.3593749999999,3.7789862960843,0.65016696983362,0.049833030166376,194.98053765986,-0.28045367316794,49.833030166376,36070.150437066
4.3624999999999,3.7798619895221,0.65016702244791,0.049832977552088,194.65839844346,-0.28022190010323,49.832977552088,36070.148685679
4.3656249999999,3.7807369594351,0.65016707501873,0.04983292498127,194.33686580559,-0.27999037214264,49.83292498127,36070.14693574
4.3687499999999,3.781611206588,0.65016712754612,0.049832872453879,194.01593840286,-0.27975908892613,49.832872453879,36070.145187245
4.3718749999999,3.7824847317445,0.65016718003013,0.049832819969867,193.69561489543,-0.27952805009446,49.832819969867,36070.143440195
4.3749999999999,3.7833575356673,0.65016723247081,0.049832767529189,193.375893947,-0.27929725528906,49.832767529189,36070.141694587
4.3781249999999,3.7842296191178,0.6501672848682,0.049832715131799,193.05677422482,-0.27906670415212,49.832715131799,36070.13995042
4.3812499999999,3.7851009828563,0.65016733722235,0.049832662777651,192.73825439965,-0.27883639632657,49.832662777651,36070.138207693
4.3843749999999,3.7859716276421,0.6501673895333,0.0498326104667,192.4203331458,-0.27860633145604,49.8326104667,36070.136466403
4.3874999999999,3.7868415542333,0.6501674418011,0.049832558198901,192.10300914105,-0.27837650918489,49.832558198901,36070.13472655
4.3906249999999,3.7877107633869,0.65016749402579,0.049832505974207,191.78628106667,-0.27814692915822,49.832505974207,36070.132988132
4.3937499999999,3.7885792558589,0.65016754620743,0.049832453792574,191.47014760743,-0.27791759102183,49.832453792574,36070.131251147
4.3968749999999,3.789447032404,0.65016759834604,0.049832401653956,191.15460745158,-0.27768849442225,49.832401653956,36070.129515594
4.3999999999999,3.7903140937758,0.65016765044169,0.049832349558308,190.8396592908,-0.27745963900671,49.832349558308,36070.127781471
4.4031249999999,3.7911804407272,0.65016770249442,0.049832297505584,190.52530182025,-0.27723102442318,49.832297505584,36070.126048777
4.4062499999999,3.7920460740094,0.65016775450426,0.049832245495739,190.2115337385,-0.27700265032032,49.832245495739,36070.12431751
4.4093749999999,3.792910994373,0.65016780647127,0.049832193528729,189.89835374755,-0.2767745163475,49.832193528729,36070.12258767
4.4124999999999,3.7937752025673,0.65016785839549,0.049832141604508,189.58576055285,-0.27654662215483,49.832141604508,36070.120859253
4.4156249999999,3.7946386993404,0.65016791027697,0.049832089723032,189.27375286321,-0.27631896739309,49.832089723032,36070.11913226
4.4187499999999,3.7955014854395,0.65016796211575,0.049832037884254,188.96232939088,-0.27609155171378,49.832037884254,36070.117406688
4.4218749999999,3.7963635616106,0.65016801391187,0.049831986088132,188.65148885145,-0.2758643747691,49.831986088132,36070.115682535
4.4249999999999,3.7972249285988,0.65016806566538,0.049831934334619,188.34122996392,-0.27563743621196,49.831934334619,36070.113959801
4.4281249999999,3.7980855871478,0.65016811737633,0.049831882623671,188.03155145064,-0.27541073569597,49.831882623671,36070.112238484
4.4312499999999,3.7989455380006,0.65016816904476,0.049831830955244,187.72245203729,-0.27518427287541,49.831830955244,36070.110518582
4.4343749999999,3.7998047818987,0.65016822067071,0.049831779329293,187.41393045294,-0.2749580474053,49.831779329293,36070.108800095
4.4374999999999,3.8006633195829,0.65016827225423,0.049831727745774,187.10598542995,-0.27473205894131,49.831727745774,36070.107083019
4.4406249999999,3.8015211517927,0.65016832379536,0.049831676204641,186.79861570402,-0.27450630713983,49.831676204641,36070.105367355
4.4437499999999,3.8023782792666,0.65016837529415,0.049831624705851,186.49182001415,-0.27428079165793,49.831624705851,36070.1036531
4.4468749999999,3.8032347027421,0.65016842675064,0.049831573249359,186.18559710265,-0.27405551215337,49.831573249359,36070.101940253
4.4499999999999,3.8040904229555,0.65016847816488,0.049831521835122,185.87994571513,-0.27383046828461,49.831521835122,36070.100228812
4.4531249999999,3.8049454406421,0.65016852953691,0.049831470463094,185.57486460045,-0.27360565971077,49.831470463094,36070.098518777
4.4562499999999,3.8057997565362,0.65016858086677,0.049831419133232,185.27035251077,-0.27338108609166,49.831419133232,36070.096810145
4.4593749999999,3.8066533713708,0.65016863215451,0.049831367845492,184.9664082015,-0.2731567470878,49.831367845492,36070.095102916
4.4624999999999,3.8075062858782,0.65016868340017,0.04983131659983,184.66303043128,-0.27293264236034,49.83131659983,36070.093397087
4.4656249999999,3.8083585007893,0.6501687346038,0.049831265396201,184.36021796202,-0.27270877157114,49.831265396201,36070.091692657
4.4687499999999,3.8092100168343,0.65016878576544,0.049831214234563,184.05796955883,-0.27248513438274,49.831214234563,36070.089989625
4.4718749999999,3.810060834742,0.65016883688513,0.04983116311487,183.75628399007,-0.27226173045833,49.83116311487,36070.088287989
4.4749999999999,3.8109109552403,0.65016888796292,0.04983111203708,183.45516002728,-0.27203855946179,49.83111203708,36070.086587748
4.4781249999999,3.8117603790561,0.65016893899885,0.049831061001149,183.15459644521,-0.27181562105767,49.831061001149,36070.0848889
4.4812499999999,3.8126091069152,0.65016898999297,0.049831010007033,182.85459202181,-0.27159291491118,49.831010007033,36070.083191445
4.4843749999999,3.8134571395423,0.65016904094531,0.049830959054689,182.55514553819,-0.2713704406882,49.830959054689,36070.081495379
4.4874999999999,3.8143044776613,0.65016909185593,0.049830908144073,182.25625577865,-0.27114819805529,49.830908144073,36070.079800703
4.4906249999999,3.8151511219946,0.65016914272486,0.049830857275141,181.95792153063,-0.27092618667964,49.830857275141,36070.078107414
4.4937499999999,3.8159970732641,0.65016919355215,0.049830806447851,181.66014158473,-0.27070440622914,49.830806447851,36070.076415512
4.4968749999999,3.8168423321903,0.65016924433784,0.049830755662159,181.36291473468,-0.27048285637231,49.830755662159,36070.074724994
4.4999999999999,3.8176868994927,0.65016929508198,0.049830704918022,181.06623977737,-0.27026153677835,49.830704918022,36070.073035859
4.5031249999999,3.81853077589,0.6501693457846,0.049830654215396,180.77011551276,-0.27004044711711,49.830654215396,36070.071348107
4.5062499999999,3.8193739620995,0.65016939644576,0.049830603554239,180.47454074398,-0.26981958705908,49.830603554239,36070.069661734
4.5093749999999,3.8202164588379,0.65016944706549,0.049830552934508,180.17951427721,-0.26959895627543,49.830552934508,36070.067976741
4.5124999999999,3.8210582668205,0.65016949764384,0.049830502356159,179.88503492174,-0.26937855443795,49.830502356159,36070.066293125
4.5156249999999,3.8218993867618,0.65016954818085,0.049830451819149,179.59110148997,-0.26915838121912,49.830451819149,36070.064610885
4.5187499999999,3.8227398193752,0.65016959867656,0.049830401323437,179.29771279731,-0.26893843629203,49.830401323437,36070.06293002
4.5218749999999,3.8235795653731,0.65016964913102,0.049830350868978,179.00486766231,-0.26871871933044,49.830350868978,36070.061250528
4.5249999999999,3.8244186254669,0.65016969954427,0.04983030045573,178.7125649065,-0.26849923000873,49.83030045573,36070.059572407
4.5281249999999,3.8252570003669,0.65016974991635,0.049830250083651,178.42080335451,-0.26827996800196,49.830250083651,36070.057895658
4.5312499999999,3.8260946907825,0.6501698002473,0.049830199752698,178.12958183397,-0.2680609329858,49.830199752698,36070.056220277
4.5343749999999,3.826931697422,0.65016985053717,0.049830149462828,177.83889917556,-0.26784212463658,49.830149462828,36070.054546264
4.5374999999999,3.8277680209927,0.650169900786,0.049830099213999,177.54875421296,-0.26762354263125,49.830099213999,36070.052873616
4.5406249999999,3.828603662201,0.65016995099383,0.049830049006168,177.25914578286,-0.26740518664741,49.830049006168,36070.051202334
4.5437499999999,3.8294386217521,0.65017000116071,0.049829998839293,176.97007272494,-0.26718705636329,49.829998839293,36070.049532415
4.5468749999999,3.8302729003504,0.65017005128667,0.049829948713332,176.6815338819,-0.26696915145776,49.829948713332,36070.047863858
4.5499999999999,3.8311064986992,0.65017010137176,0.049829898628243,176.39352809939,-0.26675147161031,49.829898628243,36070.046196661
4.5531249999999,3.8319394175008,0.65017015141602,0.049829848583982,176.10605422603,-0.26653401650107,49.829848583982,36070.044530823
4.5562499999999,3.8327716574564,0.65017020141949,0.049829798580509,175.8191111134,-0.26631678581079,49.829798580509,36070.042866343
4.5593749999999,3.8336032192665,0.65017025138222,0.049829748617781,175.53269761607,-0.26609977922084,49.829748617781,36070.04120322
4.5624999999999,3.8344341036303,0.65017030130424,0.049829698695756,175.2468125915,-0.26588299641325,49.829698695756,36070.039541451
4.5656249999999,3.8352643112461,0.65017035118561,0.049829648814391,174.96145490011,-0.26566643707064,49.829648814391,36070.037881036
4.5687499999999,3.8360938428114,0.65017040102635,0.049829598973646,174.67662340525,-0.26545010087625,49.829598973646,36070.036221973
4.5718749999999,3.8369226990224,0.65017045082652,0.049829549173479,174.39231697318,-0.26523398751396,49.829549173479,36070.03456426
4.5749999999999,3.8377508805745,0.65017050058615,0.049829499413846,174.10853447306,-0.26501809666827,49.829499413846,36070.032907897
4.5781249999999,3.838578388162,0.65017055030529,0.049829449694708,173.82527477695,-0.26480242802427,49.829449694708,36070.031252882
4.5812499999999,3.8394052224785,0.65017059998398,0.049829400016022,173.54253675981,-0.26458698126769,49.829400016022,36070.029599213
4.5843749999999,3.8402313842163,0.65017064962225,0.049829350377746,173.26031929947,-0.26437175608488,49.829350377746,36070.02794689
4.5874999999999,3.8410568740668,0.65017069922016,0.049829300779839,172.97862127665,-0.26415675216277,49.829300779839,36070.02629591
4.5906249999999,3.8418816927205,0.65017074877774,0.04982925122226,172.6974415749,-0.26394196918894,49.82925122226,36070.024646273
4.5937499999999,3.8427058408669,0.65017079829503,0.049829201704967,172.41677908064,-0.26372740685154,49.829201704967,36070.022997977
4.5968749999999,3.8435293191945,0.65017084777208,0.049829152227919,172.13663268316,-0.26351306483936,49.829152227919,36070.02135102
4.5999999999999,3.8443521283909,0.65017089720893,0.049829102791074,171.85700127455,-0.26329894284178,49.829102791074,36070.019705402
4.6031249999999,3.8451742691426,0.65017094660561,0.049829053394391,171.57788374975,-0.26308504054878,49.829053394391,36070.01806112
4.6062499999999,3.8459957421353,0.65017099596217,0.049829004037829,171.29927900651,-0.26287135765097,49.829004037829,36070.016418174
4.6093749999999,3.8468165480535,0.65017104527865,0.049828954721347,171.02118594539,-0.26265789383953,49.828954721347,36070.014776562
4.6124999999999,3.847636687581,0.6501710945551,0.049828905444904,170.74360346977,-0.26244464880625,49.828905444904,36070.013136283
4.6156249999999,3.8484561614006,0.65017114379154,0.049828856208459,170.4665304858,-0.26223162224354,49.828856208459,36070.011497336
4.6187499999999,3.8492749701938,0.65017119298803,0.04982880701197,170.18996590244,-0.26201881384437,49.82880701197,36070.009859718
4.6218749999999,3.8500931146416,0.6501712421446,0.049828757855397,169.9139086314,-0.26180622330233,49.828757855397,36070.008223429
4.6249999999999,3.8509105954239,0.6501712912613,0.049828708738699,169.63835758718,-0.26159385031159,49.828708738699,36070.006588468
4.6281249999999,3.8517274132194,0.65017134033816,0.049828659661836,169.36331168703,-0.26138169456694,49.828659661836,36070.004954832
4.6312499999999,3.8525435687061,0.65017138937523,0.049828610624765,169.08876985096,-0.26116975576373,49.828610624765,36070.003322521
4.6343749999999,3.8533590625611,0.65017143837255,0.049828561627448,168.81473100172,-0.2609580335979,49.828561627448,36070.001691533
4.6374999999999,3.8541738954604,0.65017148733016,0.049828512669843,168.5411940648,-0.26074652776601,49.828512669843,36070.000061867
4.6406249999999,3.8549880680791,0.65017153624809,0.04982846375191,168.26815796839,-0.26053523796517,49.82846375191,36069.998433522
4.6437499999999,3.8558015810912,0.65017158512639,0.049828414873607,167.99562164345,-0.2603241638931,49.828414873607,36069.996806496
4.6468749999999,3.8566144351701,0.6501716339651,0.049828366034896,167.72358402359,-0.26011330524807,49.828366034896,36069.995180788
4.6499999999999,3.857426630988,0.65017168276427,0.049828317235734,167.45204404518,-0.25990266172899,49.828317235734,36069.993556396
4.6531249999999,3.8582381692163,0.65017173152392,0.049828268476083,167.18100064725,-0.25969223303529,49.828268476083,36069.99193332
4.6562499999999,3.8590490505252,0.6501717802441,0.049828219755901,166.91045277152,-0.25948201886702,49.828219755901,36069.990311557
4.6593749999999,3.8598592755844,0.65017182892485,0.049828171075149,166.6403993624,-0.25927201892479,49.828171075149,36069.988691107
4.6624999999999,3.8606688450622,0.65017187756621,0.049828122433786,166.37083936695,-0.25906223290978,49.828122433786,36069.987071968
4.6656249999999,3.8614777596263,0.65017192616823,0.049828073831772,166.10177173492,-0.25885266052377,49.828073831772,36069.985454139
4.6687499999999,3.8622860199434,0.65017197473093,0.049828025269068,165.83319541869,-0.25864330146908,49.828025269068,36069.983837618
4.6718749999999,3.8630936266792,0.65017202325437,0.049827976745632,165.5651093733,-0.25843415544862,49.827976745632,36069.982222405
4.6749999999999,3.8639005804985,0.65017207173857,0.049827928261426,165.29751255642,-0.25822522216588,49.827928261426,36069.980608497
4.6781249999999,3.8647068820651,0.65017212018359,0.049827879816409,165.03040392835,-0.2580165013249,49.827879816409,36069.978995894
4.6812499999999,3.8655125320421,0.65017216858946,0.049827831410541,164.76378245202,-0.2578079926303,49.827831410541,36069.977384594
4.6843749999999,3.8663175310914,0.65017221695622,0.049827783043783,164.49764709297,-0.25759969578727,49.827783043783,36069.975774596
4.6874999999999,3.8671218798742,0.6501722652839,0.049827734716096,164.23199681935,-0.25739161050154,49.827734716096,36069.974165899
4.6906249999999,3.8679255790507,0.65017231357256,0.049827686427438,163.9668306019,-0.25718373647942,49.827686427438,36069.9725585
4.6937499999999,3.8687286292802,0.65017236182223,0.049827638177771,163.70214741396,-0.25697607342779,49.827638177771,36069.9709524
4.6968749999999,3.869531031221,0.65017241003294,0.049827589967055,163.43794623144,-0.25676862105408,49.827589967055,36069.969347596
4.6999999999999,3.8703327855306,0.65017245820475,0.049827541795251,163.17422603285,-0.25656137906628,49.827541795251,36069.967744087
4.7031249999999,3.8711338928655,0.65017250633768,0.049827493662319,162.91098579925,-0.25635434717294,49.827493662319,36069.966141873
4.7062499999999,3.8719343538814,0.65017255443178,0.04982744556822,162.64822451426,-0.25614752508316,49.82744556822,36069.964540951
4.7093749999999,3.872734169233,0.65017260248709,0.049827397512914,162.38594116405,-0.25594091250661,49.827397512914,36069.96294132
4.7124999999999,3.8735333395741,0.65017265050364,0.049827349496362,162.12413473735,-0.2557345091535,49.827349496362,36069.961342979
4.7156249999999,3.8743318655576,0.65017269848147,0.049827301518526,161.86280422542,-0.25552831473458,49.827301518526,36069.959745927
4.7187499999999,3.8751297478356,0.65017274642064,0.049827253579365,161.60194862204,-0.25532232896118,49.827253579365,36069.958150163
4.7218749999999,3.8759269870592,0.65017279432116,0.049827205678841,161.34156692352,-0.25511655154517,49.827205678841,36069.956555684
4.7249999999999,3.8767235838786,0.65017284218309,0.049827157816914,161.08165812869,-0.25491098219894,49.827157816914,36069.954962491
4.7281249999999,3.877519538943,0.65017289000645,0.049827109993546,160.82222123887,-0.25470562063547,49.827109993546,36069.953370581
4.7312499999999,3.8783148529011,0.6501729377913,0.049827062208697,160.56325525791,-0.25450046656827,49.827062208697,36069.951779953
4.7343749999999,3.8791095264002,0.65017298553767,0.049827014462329,160.30475919212,-0.25429551971137,49.827014462329,36069.950190606
4.7374999999999,3.879903560087,0.6501730332456,0.049826966754403,160.04673205032,-0.25409077977937,49.826966754403,36069.948602538
4.7406249999999,3.8806969546073,0.65017308091512,0.04982691908488,159.78917284378,-0.2538862464874,49.82691908488,36069.947015749
4.7437499999999,3.8814897106059,0.65017312854628,0.049826871453722,159.53208058627,-0.25368191955114,49.826871453722,36069.945430237
4.7468749999999,3.8822818287268,0.65017317613911,0.049826823860889,159.27545429401,-0.25347779868679,49.826823860889,36069.943846001
4.7499999999999,3.883073309613,0.65017322369366,0.049826776306343,159.01929298566,-0.25327388361111,49.826776306343,36069.942263039
4.7531249999999,3.8838641539069,0.65017327120996,0.049826728790045,158.76359568236,-0.25307017404137,49.826728790045,36069.940681351
4.7562499999999,3.8846543622497,0.65017331868804,0.049826681311957,158.50836140767,-0.2528666696954,49.826681311957,36069.939100934
4.7593749999999,3.8854439352819,0.65017336612796,0.04982663387204,158.25358918758,-0.25266337029155,49.82663387204,36069.937521788
4.7624999999999,3.886232873643,0.65017341352974,0.049826586470257,157.99927805052,-0.25246027554869,49.826586470257,36069.935943911
4.7656249999999,3.8870211779717,0.65017346089343,0.049826539106568,157.74542702732,-0.25225738518625,49.826539106568,36069.934367302
4.7687499999999,3.8878088489058,0.65017350821906,0.049826491780935,157.49203515126,-0.25205469892417,49.826491780935,36069.932791961
4.7718749999999,3.8885958870823,0.65017355550668,0.04982644449332,157.23910145799,-0.25185221648291,49.82644449332,36069.931217884
4.7749999999999,3.8893822931373,0.65017360275631,0.049826397243685,156.98662498556,-0.25164993758348,49.826397243685,36069.929645072
4.7781249999999,3.8901680677059,0.65017364996801,0.049826350031992,156.73460477443,-0.2514478619474,49.826350031992,36069.928073523
4.7812499999999,3.8909532114224,0.6501736971418,0.049826302858202,156.48303986743,-0.25124598929671,49.826302858202,36069.926503236
4.7843749999999,3.8917377249204,0.65017374427772,0.049826255722278,156.23192930977,-0.25104431935399,49.826255722278,36069.924934209
4.7874999999999,3.8925216088324,0.65017379137582,0.049826208624181,155.98127214904,-0.25084285184233,49.826208624181,36069.923366441
4.7906249999999,3.8933048637902,0.65017383843613,0.049826161563873,155.73106743517,-0.25064158648533,49.826161563873,36069.921799931
4.7937499999999,3.8940874904246,0.65017388545868,0.049826114541317,155.48131422046,-0.25044052300714,49.826114541317,36069.920234678
4.7968749999999,3.8948694893656,0.65017393244353,0.049826067556474,155.23201155956,-0.25023966113238,49.826067556474,36069.91867068
4.7999999999999,3.8956508612425,0.65017397939069,0.049826020609308,154.98315850947,-0.25003900058624,49.826020609308,36069.917107936
4.8031249999999,3.8964316066834,0.65017402630022,0.04982597369978,154.7347541295,-0.24983854109439,49.82597369978,36069.915546445
4.8062499999999,3.8972117263158,0.65017407317215,0.049825926827852,154.48679748131,-0.24963828238302,49.825926827852,36069.913986206
4.8093749999999,3.8979912207664,0.65017412000651,0.049825879993487,154.23928762887,-0.24943822417884,49.825879993487,36069.912427217
4.8124999999999,3.8987700906608,0.65017416680335,0.049825833196647,153.99222363847,-0.24923836620906,49.825833196647,36069.910869477
4.8156249999999,3.8995483366239,0.65017421356271,0.049825786437295,153.74560457872,-0.24903870820141,49.825786437295,36069.909312985
4.8187499999999,3.9003259592798,0.65017426028461,0.049825739715393,153.4994295205,-0.24883924988413,49.825739715393,36069.90775774
4.8218749999999,3.9011029592516,0.6501743069691,0.049825693030903,153.25369753701,-0.24863999098596,49.825693030903,36069.90620374
4.8249999999999,3.9018793371617,0.65017435361621,0.049825646383789,153.00840770373,-0.24844093123615,49.825646383789,36069.904650984
4.8281249999999,3.9026550936316,0.65017440022599,0.049825599774013,152.76355909842,-0.24824207036445,49.825599774013,36069.903099471
4.8312499999999,3.9034302292819,0.65017444679846,0.049825553201538,152.51915080112,-0.24804340810113,49.825553201538,36069.9015492
4.8343749999999,3.9042047447325,0.65017449333367,0.049825506666326,152.27518189412,-0.24784494417694,49.825506666326,36069.900000169
4.8374999999999,3.9049786406023,0.65017453983166,0.049825460168341,152.031651462,-0.24764667832315,49.825460168341,36069.898452377
4.8406249999999,3.9057519175094,0.65017458629246,0.049825413707544,151.78855859157,-0.24744861027151,49.825413707544,36069.896905823
4.8437499999999,3.9065245760711,0.6501746327161,0.0498253672839,151.54590237189,-0.24725073975429,49.8253672839,36069.895360506
4.8468749999999,3.9072966169039,0.65017467910263,0.049825320897371,151.30368189427,-0.24705306650426,49.825320897371,36069.893816425
4.8499999999999,3.9080680406235,0.65017472545208,0.049825274547919,151.06189625226,-0.24685559025466,49.825274547919,36069.892273577
4.8531249999999,3.9088388478445,0.65017477176449,0.049825228235509,150.82054454162,-0.24665831073925,49.825228235509,36069.890731963
4.8562499999999,3.9096090391811,0.6501748180399,0.049825181960103,150.57962586034,-0.24646122769227,49.825181960103,36069.88919158
4.8593749999999,3.9103786152462,0.65017486427834,0.049825135721664,150.33913930864,-0.24626434084846,49.825135721664,36069.887652428
4.8624999999999,3.9111475766523,0.65017491047984,0.049825089520156,150.09908398892,-0.24606764994305,49.825089520156,36069.886114505
4.8656249999999,3.9119159240108,0.65017495664446,0.049825043355542,149.8594590058,-0.24587115471175,49.825043355542,36069.88457781
4.8687499999999,3.9126836579323,0.65017500277222,0.049824997227784,149.6202634661,-0.24567485489079,49.824997227784,36069.883042343
4.8718749999999,3.9134507790267,0.65017504886315,0.049824951136848,149.38149647881,-0.24547875021685,49.824951136848,36069.8815081
4.8749999999999,3.9142172879031,0.65017509491731,0.049824905082695,149.14315715514,-0.24528284042713,49.824905082695,36069.879975083
4.8781249999999,3.9149831851695,0.65017514093471,0.049824859065289,148.90524460842,-0.24508712525929,49.824859065289,36069.878443288
4.8812499999999,3.9157484714334,0.65017518691541,0.049824813084595,148.66775795421,-0.24489160445148,49.824813084595,36069.876912716
4.8843749999999,3.9165131473014,0.65017523285943,0.049824767140575,148.43069631019,-0.24469627774235,49.824767140575,36069.875383364
4.8874999999999,3.9172772133791,0.65017527876681,0.049824721233193,148.19405879622,-0.24450114487102,49.824721233193,36069.873855232
4.8906249999999,3.9180406702715,0.65017532463759,0.049824675362412,147.95784453431,-0.24430620557709,49.824675362412,36069.872328318
4.8937499999999,3.9188035185828,0.6501753704718,0.049824629528197,147.72205264862,-0.24411145960063,49.824629528197,36069.870802621
4.8968749999999,3.9195657589161,0.65017541626949,0.049824583730511,147.48668226542,-0.24391690668222,49.824583730511,36069.869278141
4.8999999999999,3.9203273918742,0.65017546203068,0.049824537969318,147.25173251315,-0.24372254656288,49.824537969318,36069.867754875
4.9031249999999,3.9210884180585,0.65017550775542,0.049824492244582,147.01720252236,-0.24352837898414,49.824492244582,36069.866232822
4.9062499999999,3.92184883807,0.65017555344373,0.049824446556266,146.78309142571,-0.24333440368798,49.824446556266,36069.864711982
4.9093749999999,3.9226086525088,0.65017559909566,0.049824400904335,146.549398358,-0.24314062041687,49.824400904335,36069.863192353
4.9124999999999,3.9233678619742,0.65017564471125,0.049824355288753,146.31612245612,-0.24294702891375,49.824355288753,36069.861673934
4.9156249999999,3.9241264670646,0.65017569029052,0.049824309709483,146.08326285907,-0.24275362892201,49.824309709483,36069.860156724
4.9187499999999,3.9248844683776,0.65017573583351,0.04982426416649,145.85081870793,-0.24256042018555,49.82426416649,36069.858640722
4.9218749999999,3.9256418665103,0.65017578134026,0.049824218659738,145.6187891459,-0.24236740244872,49.824218659738,36069.857125925
4.9249999999999,3.9263986620586,0.65017582681081,0.049824173189192,145.38717331824,-0.24217457545632,49.824173189192,36069.855612334
4.9281249999999,3.9271548556178,0.65017587224519,0.049824127754814,145.1559703723,-0.24198193895366,49.824127754814,36069.854099947
4.9312499999999,3.9279104477825,0.65017591764343,0.04982408235657,144.92517945749,-0.24178949268647,49.82408235657,36069.852588763
4.9343749999999,3.9286654391462,0.65017596300558,0.049824036994424,144.69479972531,-0.24159723640097,49.824036994424,36069.85107878
4.9374999999999,3.929419830302,0.65017600833166,0.04982399166834,144.46483032929,-0.24140516984386,49.82399166834,36069.849569998
4.9406249999999,3.9301736218419,0.65017605362172,0.049823946378283,144.23527042504,-0.24121329276226,49.823946378283,36069.848062415
4.9437499999999,3.9309268143572,0.65017609887578,0.049823901124217,144.0061191702,-0.24102160490379,49.823901124217,36069.84655603
4.9468749999999,3.9316794084385,0.65017614409389,0.049823855906107,143.77737572445,-0.2408301060165,49.823855906107,36069.845050842
4.9499999999999,3.9324314046755,0.65017618927608,0.049823810723917,143.54903924954,-0.24063879584894,49.823810723917,36069.843546849
4.9531249999999,3.9331828036572,0.65017623442239,0.049823765577612,143.32110890922,-0.24044767415008,49.823765577612,36069.842044051
4.9562499999999,3.9339336059718,0.65017627953284,0.049823720467156,143.09358386927,-0.24025674066936,49.823720467156,36069.840542446
4.9593749999999,3.9346838122067,0.65017632460748,0.049823675392515,142.86646329749,-0.24006599515669,49.823675392515,36069.839042034
4.9624999999999,3.9354334229485,0.65017636964635,0.049823630353653,142.63974636371,-0.23987543736241,49.823630353653,36069.837542813
4.9656249999999,3.936182438783,0.65017641464947,0.049823585350535,142.41343223974,-0.23968506703734,49.823585350535,36069.836044781
4.9687499999999,3.9369308602952,0.65017645961688,0.049823540383125,142.1875200994,-0.23949488393273,49.823540383125,36069.834547938
4.9718749999999,3.9376786880696,0.65017650454861,0.049823495451389,141.96200911853,-0.2393048878003,49.823495451389,36069.833052282
4.9749999999999,3.9384259226896,0.65017654944471,0.049823450555291,141.73689847492,-0.2391150783922,49.823450555291,36069.831557813
4.9781249999999,3.9391725647379,0.6501765943052,0.049823405694797,141.51218734839,-0.23892545546106,49.823405694797,36069.830064529
4.9812499999999,3.9399186147965,0.65017663913013,0.049823360869871,141.28787492071,-0.23873601875994,49.823360869871,36069.828572429
4.9843749999999,3.9406640734467,0.65017668391952,0.049823316080479,141.06396037562,-0.23854676804235,49.823316080479,36069.827081511
4.9874999999999,3.9414089412687,0.65017672867341,0.049823271326586,140.84044289884,-0.23835770306223,49.823271326586,36069.825591776
4.9906249999999,3.9421532188424,0.65017677339184,0.049823226608156,140.61732167807,-0.23816882357401,49.823226608156,36069.824103221
4.9937499999999,3.9428969067466,0.65017681807484,0.049823181925156,140.39459590292,-0.23798012933252,49.823181925156,36069.822615845
4.9968749999999,3.9436400055594,0.65017686272245,0.04982313727755,140.17226476499,-0.23779162009305,49.82313727755,36069.821129647
4.9999999999998,3.9443825158582,0.6501769073347,0.049823092665304,139.95032745781,-0.23760329561133,49.823092665304,36069.819644627
