time,aq_si,fluid_min,phi_min,power,rate,solid_mass,water
0,1,0.65,0.05,6426.8267911346,-1.6101405902947,50,36075.708409659
0.003125,1.0050160520612,0.65000030137946,0.049999698620544,6386.9427905353,-1.60513665958,49.999698620544,36075.698377554
0.00625,1.0100217525173,0.65000060213696,0.049999397863043,6347.4618734313,-1.6001678891263,49.999397863043,36075.688366154
0.009375,1.0150137301737,0.65000090206995,0.04999909793005,6308.4045607536,-1.5952372020971,49.99909793005,36075.678382198
0.0125,1.0199909418532,0.65000120111576,0.049998798884241,6269.7726536195,-1.5903451811419,49.998798884241,36075.668427775
0.015625,1.0249531199969,0.65000149925831,0.049998500741691,6231.5618764424,-1.5854916402551,49.998500741691,36075.658503419
0.01875,1.0299002546831,0.650001796497,0.049998203502998,6193.7660574665,-1.5806761463718,49.998203502998,36075.648609149
0.021875,1.0348324208124,0.65000209283634,0.04999790716366,6156.3785088589,-1.575898192305,49.99790716366,36075.638744817
0.025,1.0397497204679,0.65000238828245,0.049997611717545,6119.392480132,-1.5711572539394,49.997611717545,36075.628910218
0.028125,1.0446522637052,0.65000268284196,0.04999731715804,6082.8013049966,-1.5664528090074,49.99731715804,36075.619105131
0.03125,1.0495401621658,0.65000297652156,0.049997023478437,6046.5984468651,-1.5617843431161,49.997023478437,36075.609329334
0.034375,1.0544135269683,0.65000326932794,0.049996730672059,6010.7775109199,-1.5571513515495,49.996730672059,36075.599582605
0.0375,1.0592724680269,0.6500035612677,0.049996438732304,5975.3322452217,-1.5525533396739,49.996438732304,36075.589864723
0.040625,1.064117093844,0.65000385234735,0.049996147652651,5940.2565382927,-1.5479898228866,49.996147652651,36075.580175471
0.04375,1.0689475114631,0.65000414257333,0.049995857426669,5905.5444156308,-1.5434603264191,49.995857426669,36075.570514636
0.046875,1.0737638264718,0.65000443195199,0.049995568048014,5871.1900359652,-1.5389643850972,49.995568048014,36075.560882006
0.05,1.0785661430228,0.65000472048957,0.049995279510429,5837.1876875149,-1.5345015430941,49.995279510429,36075.551277373
0.053125,1.08335456386,0.65000500819226,0.04999499180774,5803.5317843372,-1.5300713536849,49.99499180774,36075.541700531
0.05625,1.0881291903453,0.65000529506614,0.049994704933856,5770.2168627868,-1.5256733790085,49.994704933856,36075.532151278
0.059375,1.0928901224859,0.65000558111723,0.049994418882771,5737.2375780931,-1.5213071898357,49.994418882771,36075.522629414
0.0625,1.0976374589606,0.65000586635145,0.049994133648553,5704.588701052,-1.5169723653454,49.994133648553,36075.513134741
0.065625,1.1023712971457,0.65000615077465,0.049993849225354,5672.26511483,-1.5126684929078,49.993849225354,36075.503667064
0.06875,1.1070917331405,0.6500064343926,0.049993565607398,5640.2618118749,-1.5083951678736,49.993565607398,36075.494226192
0.071875,1.1117988617916,0.65000671721101,0.049993282788987,5608.5738909308,-1.5041519933713,49.993282788987,36075.484811935
0.075,1.1164927767172,0.6500069992355,0.049993000764496,5577.1965541521,-1.4999385801099,49.993000764496,36075.475424105
0.078125,1.1211735703303,0.65000728047163,0.049992719528374,5546.1251043125,-1.4957545461882,49.992719528374,36075.466062518
0.08125,1.1258413338615,0.65000756092486,0.049992439075138,5515.3549421062,-1.4915995169096,49.992439075138,36075.456726991
0.084375,1.1304961573815,0.65000784060062,0.049992159399376,5484.8815635376,-1.4874731246037,49.992159399376,36075.447417344
0.0875,1.1351381298225,0.65000811950425,0.049991880495746,5454.7005573947,-1.4833750084518,49.991880495746,36075.438133399
0.090625,1.1397673389993,0.65000839764103,0.049991602358971,5424.8076028051,-1.4793048143191,49.991602358971,36075.428874981
0.09375,1.1443838716303,0.65000867501616,0.049991324983841,5395.19846687,-1.4752621945918,49.991324983841,36075.419641915
0.096875,1.1489878133573,0.65000895163479,0.04999104836521,5365.8690023738,-1.471246808018,49.99104836521,36075.410434032
0.1,1.1535792487654,0.650009227502,0.049990772497996,5336.8151455658,-1.467258319555,49.990772497996,36075.401251161
0.103125,1.1581582614019,0.65000950262282,0.04999049737718,5308.0329140128,-1.4632964002202,49.99049737718,36075.392093136
0.10625,1.1627249337952,0.6500097770022,0.049990222997803,5279.5184045183,-1.4593607269461,49.990222997803,36075.382959791
0.109375,1.167279347473,0.65001005064503,0.049989949354966,5251.2677911067,-1.4554509824411,49.989949354966,36075.373850964
0.1125,1.1718215829804,0.65001032355617,0.04998967644383,5223.2773230701,-1.4515668550525,49.98967644383,36075.364766493
0.115625,1.1763517198966,0.65001059574039,0.049989404259613,5195.5433230751,-1.4477080386347,49.989404259613,36075.355706219
0.11875,1.1808698368529,0.65001086720241,0.049989132797592,5168.0621853277,-1.4438742324211,49.989132797592,36075.346669985
0.121875,1.1853760115485,0.6500111379469,0.049988862053098,5140.8303737941,-1.4400651408993,49.988862053098,36075.337657636
0.125,1.1898703207673,0.65001140797848,0.049988592021517,5113.8444204755,-1.4362804736901,49.988592021517,36075.328669017
0.128125,1.1943528403932,0.65001167730171,0.049988322698291,5087.1009237346,-1.4325199454302,49.988322698291,36075.319703978
0.13125,1.1988236454261,0.65001194592109,0.049988054078912,5060.5965466725,-1.4287832756576,49.988054078912,36075.310762368
0.134375,1.2032828099969,0.65001221384107,0.049987786158927,5034.3280155536,-1.4250701887009,49.987786158927,36075.301844039
0.1375,1.207730407382,0.65001248106607,0.049987518933933,5008.2921182777,-1.4213804135714,49.987518933933,36075.292948844
0.140625,1.2121665100185,0.65001274760042,0.049987252399578,4982.485702897,-1.4177136838581,49.987252399578,36075.284076639
0.14375,1.2165911895174,0.65001301344844,0.04998698655156,4956.9056761757,-1.4140697376257,49.98698655156,36075.27522728
0.146875,1.2210045166781,0.65001327861438,0.049986721385624,4931.5490021931,-1.4104483173157,49.986721385624,36075.266400625
0.15,1.2254065615017,0.65001354310243,0.049986456897565,4906.4127009858,-1.40684916965,49.986456897565,36075.257596536
0.153125,1.2297973932045,0.65001380691678,0.049986193083224,4881.49384723,-1.4032720455367,49.986193083224,36075.248814872
0.15625,1.2341770802304,0.65001407006151,0.049985929938488,4856.7895689612,-1.3997166999793,49.985929938488,36075.240055498
0.159375,1.238545690264,0.65001433254071,0.049985667459292,4832.2970463303,-1.3961828919877,49.985667459292,36075.231318278
0.1625,1.2429032902429,0.65001459435839,0.049985405641612,4808.0135103956,-1.3926703844919,49.985405641612,36075.222603078
0.165625,1.2472499463697,0.65001485551853,0.049985144481472,4783.936241948,-1.3891789442578,49.985144481472,36075.213909766
0.16875,1.2515857241241,0.65001511602506,0.049984883974937,4760.0625703701,-1.3857083418057,49.984883974937,36075.20523821
0.171875,1.2559106882741,0.65001537588188,0.049984624118116,4736.3898725269,-1.38225835133,49.984624118116,36075.196588282
0.175,1.2602249028879,0.65001563509284,0.04998436490716,4712.9155716868,-1.3788287506224,49.98436490716,36075.187959853
0.178125,1.2645284313446,0.65001589366174,0.049984106338259,4689.6371364732,-1.3754193209955,49.984106338259,36075.179352796
0.18125,1.2688213363452,0.65001615159235,0.049983848407648,4666.5520798449,-1.37202984721,49.983848407648,36075.170766986
0.184375,1.2731036799233,0.6500164088884,0.049983591111599,4643.6579581037,-1.3686601174024,49.983591111599,36075.162202299
0.1875,1.2773755234557,0.65001666555358,0.049983334446424,4620.9523699298,-1.3653099230158,49.983334446424,36075.153658612
0.190625,1.2816369276721,0.65001692159153,0.049983078408475,4598.432955443,-1.3619790587311,49.983078408475,36075.145135803
0.19375,1.2858879526659,0.65001717700586,0.04998282299414,4576.0973952893,-1.3586673224013,49.98282299414,36075.136633753
0.196875,1.2901286579034,0.65001743180015,0.049982568199847,4553.9434097523,-1.3553745149866,49.982568199847,36075.128152343
0.2,1.2943591022336,0.65001768597794,0.04998231402206,4531.9687578873,-1.3521004404917,49.98231402206,36075.119691454
0.203125,1.2985793438977,0.65001793954272,0.049982060457281,4510.1712366801,-1.3488449059038,49.982060457281,36075.111250971
0.20625,1.302789440538,0.65001819249796,0.049981807502044,4488.5486802266,-1.3456077211335,49.981807502044,36075.102830778
0.209375,1.3069894492076,0.65001844484708,0.049981555152923,4467.0989589343,-1.3423886989558,49.981555152923,36075.09443076
0.2125,1.3111794263787,0.65001869659348,0.049981303406525,4445.8199787456,-1.3391876549533,49.981303406525,36075.086050806
0.215625,1.3153594279512,0.65001894774051,0.04998105225949,4424.7096803802,-1.3360044074611,49.98105225949,36075.077690803
0.21875,1.3195295092619,0.65001919829151,0.049980801708495,4403.7660385976,-1.3328387775121,49.980801708495,36075.06935064
0.221875,1.3236897250921,0.65001944824975,0.049980551750247,4382.987061479,-1.3296905887842,49.980551750247,36075.061030208
0.225,1.3278401296762,0.65001969761851,0.049980302381489,4362.3707897271,-1.3265596675492,49.980302381489,36075.052729399
0.228125,1.3319807767097,0.65001994640101,0.049980053598993,4341.9152959842,-1.323445842622,49.980053598993,36075.044448105
0.23125,1.3361117193569,0.65002019460043,0.049979805399566,4321.6186841672,-1.3203489453115,49.979805399566,36075.03618622
0.234375,1.3402330102589,0.65002044221996,0.049979557780045,4301.4790888201,-1.3172688093733,49.979557780045,36075.027943638
0.2375,1.3443447015407,0.6500206892627,0.049979310737297,4281.4946744825,-1.3142052709619,49.979310737297,36075.019720256
0.240625,1.3484468448192,0.65002093573178,0.049979064268223,4261.6636350738,-1.311158168586,49.979064268223,36075.011515969
0.24375,1.35253949121,0.65002118163025,0.04997881836975,4241.9841932926,-1.3081273430631,49.97881836975,36075.003330676
0.246875,1.3566226913351,0.65002142696116,0.049978573038836,4222.4546000322,-1.3051126374767,49.978573038836,36074.995164276
0.25,1.3606964953291,0.65002167172753,0.049978328272471,4203.0731338089,-1.302113897133,49.978328272471,36074.987016668
0.253125,1.364760952847,0.65002191593233,0.04997808406767,4183.838100206,-1.29913096952,49.97808406767,36074.978887753
0.25625,1.3688161130701,0.65002215957852,0.049977840421478,4164.74783133,-1.2961637042666,49.977840421478,36074.970777432
0.259375,1.3728620247135,0.65002240266903,0.049977597330969,4145.8006852813,-1.2932119531029,49.977597330969,36074.962685609
0.2625,1.3768987360317,0.65002264520676,0.049977354793243,4126.9950456368,-1.2902755698217,49.977354793243,36074.954612187
0.265625,1.3809262948258,0.65002288719457,0.049977112805428,4108.329320946,-1.2873544102406,49.977112805428,36074.946557069
0.26875,1.3849447484492,0.65002312863532,0.049976871364679,4089.8019442384,-1.2844483321647,49.976871364679,36074.938520162
0.271875,1.388954143814,0.65002336953182,0.049976630468177,4071.4113725429,-1.2815571953508,49.976630468177,36074.930501371
0.275,1.392954527397,0.65002360988687,0.04997639011313,4053.1560864192,-1.2786808614722,49.97639011313,36074.922500604
0.278125,1.3969459452456,0.65002384970323,0.049976150296772,4035.0345894998,-1.2758191940835,49.976150296772,36074.914517768
0.28125,1.4009284429839,0.65002408898364,0.04997591101636,4017.045408043,-1.2729720585877,49.97591101636,36074.906552773
0.284375,1.4049020658179,0.65002432773082,0.049975672269179,3999.1870904963,-1.2701393222024,49.975672269179,36074.898605527
0.2875,1.4088668585416,0.65002456594746,0.049975434052538,3981.4582070708,-1.2673208539279,49.975434052538,36074.890675942
0.290625,1.4128228655423,0.65002480363623,0.04997519636377,3963.8573493243,-1.2645165245158,49.97519636377,36074.882763928
0.29375,1.4167701308059,0.65002504079977,0.049974959200231,3946.3831297552,-1.2617262064378,49.974959200231,36074.874869397
0.296875,1.4207086979226,0.6500252774407,0.049974722559303,3929.0341814053,-1.2589497738554,49.974722559303,36074.866992263
0.3,1.4246386100919,0.65002551356161,0.04997448643839,3911.8091574716,-1.2561871025909,49.97448643839,36074.859132438
0.303125,1.4285599101277,0.65002574916508,0.04997425083492,3894.7067309278,-1.2534380700979,49.97425083492,36074.851289838
0.30625,1.4324726404635,0.65002598425366,0.049974015746343,3877.7255941536,-1.2507025554334,49.974015746343,36074.843464378
0.309375,1.4363768431571,0.65002621882987,0.049973781170133,3860.8644585728,-1.24798043923,49.973781170133,36074.835655972
0.3125,1.440272559896,0.65002645289622,0.049973547103784,3844.1220542998,-1.2452716036687,49.973547103784,36074.827864539
0.315625,1.4441598320016,0.65002668645519,0.049973313544814,3827.4971297937,-1.2425759324527,49.973313544814,36074.820089995
0.31875,1.4480387004342,0.65002691950924,0.049973080490762,3810.9884515205,-1.2398933107811,49.973080490762,36074.812332258
0.321875,1.4519092057978,0.65002715206081,0.049972847939188,3794.5948036228,-1.2372236253239,49.972847939188,36074.804591247
0.325,1.4557713883445,0.65002738411233,0.049972615887674,3778.3149875968,-1.2345667641967,49.972615887674,36074.796866882
0.328125,1.4596252879786,0.65002761566618,0.049972384333822,3762.1478219767,-1.2319226169368,49.972384333822,36074.789159083
0.33125,1.4634709442618,0.65002784672474,0.049972153275256,3746.0921420255,-1.2292910744791,49.972153275256,36074.78146777
0.334375,1.4673083964169,0.65002807729038,0.049971922709618,3730.1467994335,-1.2266720291328,49.971922709618,36074.773792866
0.3375,1.4711376833323,0.65002830736543,0.049971692634572,3714.3106620226,-1.2240653745586,49.971692634572,36074.766134292
0.340625,1.4749588435661,0.6500285369522,0.049971463047802,3698.5826134577,-1.2214710057464,49.971463047802,36074.758491971
0.34375,1.4787719153502,0.65002876605299,0.04997123394701,3682.9615529641,-1.2188888189932,49.97123394701,36074.750865828
0.346875,1.4825769365947,0.65002899467008,0.049971005329919,3667.4463950508,-1.2163187118818,49.971005329919,36074.743255785
0.35,1.4863739448913,0.65002922280573,0.049970777194269,3652.0360692403,-1.2137605832597,49.970777194269,36074.735661769
0.353125,1.4901629775177,0.65002945046218,0.049970549537822,3636.729519804,-1.2112143332183,49.970549537822,36074.728083704
0.35625,1.4939440714413,0.65002967764164,0.049970322358356,3621.5257055028,-1.2086798630733,49.970322358356,36074.720521516
0.359375,1.4977172633227,0.65002990434633,0.049970095653668,3606.4235993344,-1.2061570753442,49.970095653668,36074.712975132
0.3625,1.5014825895202,0.65003013057843,0.049969869421574,3591.4221882845,-1.2036458737353,49.969869421574,36074.70544448
0.365625,1.5052400860925,0.65003035634009,0.049969643659907,3576.5204730846,-1.2011461631167,49.969643659907,36074.697929486
0.36875,1.5089897888031,0.65003058163348,0.049969418366519,3561.717467974,-1.1986578495056,49.969418366519,36074.690430081
0.371875,1.5127317331233,0.65003080646072,0.049969193539279,3547.0122004674,-1.196180840048,49.969193539279,36074.682946192
0.375,1.5164659542364,0.65003103082393,0.049968969176072,3532.403711127,-1.193715043001,49.968969176072,36074.67547775
0.378125,1.5201924870401,0.6500312547252,0.049968745274801,3517.8910533393,-1.1912603677152,49.968745274801,36074.668024685
0.38125,1.523911366151,0.65003147816661,0.049968521833388,3503.4732930973,-1.1888167246172,49.968521833388,36074.660586926
0.384375,1.5276226259071,0.65003170115023,0.049968298849768,3489.1495087859,-1.1863840251931,49.968298849768,36074.653164407
0.3875,1.5313263003716,0.65003192367811,0.049968076321895,3474.9187909731,-1.183962181972,49.968076321895,36074.645757058
0.390625,1.5350224233358,0.65003214575226,0.049967854247739,3460.7802422044,-1.1815511085095,49.967854247739,36074.638364812
0.39375,1.5387110283225,0.65003236737471,0.049967632625285,3446.7329768023,-1.1791507193719,49.967632625285,36074.630987602
0.396875,1.5423921485892,0.65003258854746,0.049967411452536,3432.776120669,-1.1767609301208,49.967411452536,36074.623625361
0.4,1.5460658171308,0.65003280927249,0.049967190727509,3418.908811094,-1.1743816572975,49.967190727509,36074.616278024
0.403125,1.549732066683,0.65003302955176,0.049966970448238,3405.130196565,-1.1720128184083,49.966970448238,36074.608945525
0.40625,1.5533909297252,0.65003324938723,0.049966750612769,3391.4394365827,-1.1696543319096,49.966750612769,36074.601627799
0.409375,1.5570424384835,0.65003346878083,0.049966531219169,3377.8357014796,-1.1673061171934,49.966531219169,36074.594324782
0.4125,1.5606866249332,0.65003368773449,0.049966312265514,3364.3181722422,-1.1649680945733,49.966312265514,36074.587036409
0.415625,1.5643235208025,0.6500339062501,0.0499660937499,3350.8860403366,-1.1626401852706,49.9660937499,36074.579762617
0.41875,1.5679531575743,0.65003412432957,0.049965875670433,3337.5385075383,-1.1603223114005,49.965875670433,36074.572503343
0.421875,1.5715755664898,0.65003434197476,0.049965658025239,3324.274785764,-1.1580143959587,49.965658025239,36074.565258526
0.425,1.5751907785508,0.65003455918755,0.049965440812452,3311.0940969085,-1.1557163628087,49.965440812452,36074.558028102
0.428125,1.5787988245226,0.65003477596977,0.049965224030226,3297.9956726833,-1.1534281366681,49.965224030226,36074.55081201
0.43125,1.5823997349363,0.65003499232327,0.049965007676726,3284.9787544589,-1.1511496430968,49.965007676726,36074.543610189
0.434375,1.5859935400918,0.65003520824987,0.049964791750131,3272.0425931106,-1.1488808084841,49.964791750131,36074.536422578
0.4375,1.5895802700604,0.65003542375137,0.049964576248634,3259.1864488666,-1.1466215600364,49.964576248634,36074.529249118
0.440625,1.593159954687,0.65003563882956,0.049964361170443,3246.4095911596,-1.1443718257658,49.964361170443,36074.522089749
0.44375,1.5967326235927,0.65003585348622,0.049964146513777,3233.7112984808,-1.1421315344775,49.964146513777,36074.514944411
0.446875,1.6002983061774,0.65003606772313,0.04996393227687,3221.0908582372,-1.139900615759,49.96393227687,36074.507813046
0.45,1.6038570316222,0.65003628154203,0.049963718457969,3208.547566611,-1.1376789999685,49.963718457969,36074.500695595
0.453125,1.6074088288918,0.65003649494467,0.049963505055334,3196.0807284228,-1.1354666182237,49.963505055334,36074.493592001
0.45625,1.6109537267367,0.65003670793276,0.049963292067236,3183.6896569958,-1.1332634023909,49.963292067236,36074.486502205
0.459375,1.6144917536955,0.65003692050804,0.049963079491963,3171.3736740242,-1.1310692850743,49.963079491963,36074.479426151
0.4625,1.6180229380976,0.65003713267219,0.04996286732781,3159.1321094428,-1.1288841996054,49.96286732781,36074.472363782
0.465625,1.6215473080651,0.65003734442691,0.04996265557309,3146.9643013001,-1.1267080800328,49.96265557309,36074.465315042
0.46875,1.6250648915149,0.65003755577388,0.049962444226123,3134.869595633,-1.1245408611118,49.962444226123,36074.458279876
0.471875,1.6285757161613,0.65003776671475,0.049962233285246,3122.8473463442,-1.1223824782945,49.962233285246,36074.451258226
0.475,1.6320798095178,0.6500379772512,0.049962022748805,3110.896915082,-1.1202328677202,49.962022748805,36074.44425004
0.478125,1.6355771988996,0.65003818738484,0.049961812615159,3099.0176711218,-1.1180919662054,49.961812615159,36074.437255261
0.48125,1.6390679114252,0.65003839711732,0.049961602882678,3087.2089912507,-1.1159597112343,49.961602882678,36074.430273836
0.484375,1.6425519740191,0.65003860645025,0.049961393549745,3075.4702596534,-1.1138360409499,49.961393549745,36074.423305711
0.4875,1.6460294134132,0.65003881538525,0.049961184614754,3063.8008678004,-1.1117208941446,49.961184614754,36074.416350832
0.490625,1.6495002561493,0.65003902392389,0.04996097607611,3052.2002143386,-1.109614210251,49.96097607611,36074.409409146
0.49375,1.6529645285807,0.65003923206777,0.049960767932229,3040.6677049836,-1.1075159293334,49.960767932229,36074.402480601
0.496875,1.6564222568747,0.65003943981846,0.04996056018154,3029.2027524141,-1.1054259920789,49.96056018154,36074.395565145
0.5,1.6598734670139,0.65003964717752,0.049960352822481,3017.8047761678,-1.103344339789,49.960352822481,36074.388662725
0.503125,1.6633181847986,0.6500398541465,0.049960145853503,3006.4732025401,-1.1012709143712,49.960145853503,36074.381773289
0.50625,1.6667564358484,0.65004006072693,0.049959939273065,2995.2074644836,-1.0992056583305,49.959939273065,36074.374896787
0.509375,1.670188245604,0.65004026692036,0.049959733079639,2984.00700151,-1.0971485147614,49.959733079639,36074.368033167
0.5125,1.6736136393295,0.65004047272829,0.049959527271708,2972.8712595937,-1.0950994273403,49.959527271708,36074.36118238
0.515625,1.6770326421137,0.65004067815224,0.049959321847764,2961.7996910773,-1.0930583403171,49.959321847764,36074.354344374
0.51875,1.680445278872,0.65004088319369,0.04995911680631,2950.7917545779,-1.0910251985079,49.95911680631,36074.347519101
0.521875,1.6838515743483,0.65004108785414,0.049958912145858,2939.8469148962,-1.0889999472869,49.958912145858,36074.34070651
0.525,1.6872515531166,0.65004129213507,0.049958707864934,2928.9646429267,-1.0869825325797,49.958707864934,36074.333906552
0.528125,1.6906452395828,0.65004149603793,0.04995850396207,2918.1444155694,-1.0849729008554,49.95850396207,36074.327119179
0.53125,1.6940326579863,0.65004169956419,0.04995830043581,2907.3857156431,-1.0829709991194,49.95830043581,36074.320344343
0.534375,1.6974138324019,0.65004190271529,0.049958097284708,2896.6880318003,-1.0809767749067,49.958097284708,36074.313581994
0.5375,1.700788786741,0.65004210549267,0.049957894507326,2886.0508584436,-1.0789901762744,49.957894507326,36074.306832085
0.540625,1.7041575447536,0.65004230789776,0.049957692102239,2875.4736956438,-1.0770111517954,49.957692102239,36074.300094569
0.54375,1.7075201300298,0.65004250993197,0.049957490068027,2864.9560490584,-1.0750396505511,49.957490068027,36074.293369399
0.546875,1.7108765660013,0.65004271159672,0.049957288403285,2854.4974298532,-1.0730756221252,49.957288403285,36074.286656527
0.55,1.714226875943,0.65004291289339,0.049957087106613,2844.0973546235,-1.0711190165969,49.957087106613,36074.279955907
0.553125,1.7175710829747,0.65004311382338,0.049956886176622,2833.7553453181,-1.0691697845344,49.956886176622,36074.273267493
0.55625,1.7209092100624,0.65004331438807,0.049956685611932,2823.4709291634,-1.0672278769891,49.956685611932,36074.266591238
0.559375,1.7242412800197,0.65004351458883,0.049956485411173,2813.2436385898,-1.0652932454886,49.956485411173,36074.259927099
0.5625,1.7275673155097,0.65004371442702,0.049956285572982,2803.0730111588,-1.0633658420313,49.956285572982,36074.253275028
0.565625,1.7308873390461,0.65004391390399,0.049956086096008,2792.9585894914,-1.0614456190798,49.956086096008,36074.246634981
0.56875,1.7342013729948,0.65004411302109,0.049955886978906,2782.8999211977,-1.0595325295555,49.955886978906,36074.240006913
0.571875,1.7375094395753,0.65004431177966,0.049955688220342,2772.8965588082,-1.0576265268321,49.955688220342,36074.233390779
0.575,1.7408115608619,0.65004451018101,0.049955489818989,2762.9480597051,-1.0557275647307,49.955489818989,36074.226786537
0.578125,1.7441077587857,0.65004470822647,0.049955291773529,2753.0539860563,-1.0538355975134,49.955291773529,36074.220194141
0.58125,1.747398055135,0.65004490591735,0.049955094082653,2743.2139047489,-1.0519505798781,49.955094082653,36074.213613548
0.584375,1.7506824715576,0.65004510325494,0.049954896745061,2733.4273873251,-1.0500724669528,49.954896745061,36074.207044715
0.5875,1.7539610295615,0.65004530024054,0.049954699759461,2723.6940099186,-1.0482012142906,49.954699759461,36074.200487599
0.590625,1.7572337505167,0.65004549687543,0.049954503124568,2714.013353192,-1.0463367778641,49.954503124568,36074.193942158
0.59375,1.7605006556561,0.65004569316089,0.049954306839106,2704.3850022753,-1.0444791140601,49.954306839106,36074.187408347
0.596875,1.7637617660769,0.65004588909819,0.049954110901809,2694.8085467056,-1.0426281796746,49.954110901809,36074.180886126
0.6,1.7670171027419,0.65004608468858,0.049953915311416,2685.2835803675,-1.0407839319078,49.953915311416,36074.174375453
0.603125,1.770266686481,0.65004627993332,0.049953720066676,2675.809701435,-1.038946328359,49.953720066676,36074.167876286
0.60625,1.773510537992,0.65004647483365,0.049953525166346,2666.3865123134,-1.0371153270216,49.953525166346,36074.161388583
0.609375,1.7767486778421,0.65004666939081,0.049953330609189,2657.0136195831,-1.0352908862785,49.953330609189,36074.154912303
0.6125,1.779981126469,0.65004686360602,0.049953136393978,2647.6906339441,-1.0334729648972,49.953136393978,36074.148447406
0.615625,1.7832079041822,0.65004705748051,0.049952942519493,2638.4171701609,-1.031661522025,49.952942519493,36074.14199385
0.61875,1.786429031164,0.65004725101548,0.049952748984521,2629.1928470085,-1.0298565171846,49.952748984521,36074.135551596
0.621875,1.7896445274711,0.65004744421214,0.049952555787856,2620.0172872201,-1.0280579102695,49.952555787856,36074.129120604
0.625,1.7928544130349,0.6500476370717,0.049952362928302,2610.8901174341,-1.0262656615394,49.952362928302,36074.122700833
0.628125,1.7960587076638,0.65004782959533,0.049952170404667,2601.8109681434,-1.0244797316159,49.952170404667,36074.116292243
0.63125,1.7992574310431,0.65004802178423,0.049951978215771,2592.7794736447,-1.0227000814779,49.951978215771,36074.109894797
0.634375,1.8024506027372,0.65004821363956,0.049951786360436,2583.7952719886,-1.020926672458,49.951786360436,36074.103508453
0.6375,1.8056382421899,0.65004840516251,0.049951594837495,2574.8580049311,-1.0191594662372,49.951594837495,36074.097133174
0.640625,1.8088203687259,0.65004859635421,0.049951403645786,2565.967317885,-1.0173984248419,49.951403645786,36074.090768921
0.64375,1.8119970015517,0.65004878721584,0.049951212784156,2557.122859873,-1.0156435106388,49.951212784156,36074.084415656
0.646875,1.8151681597568,0.65004897774854,0.049951022251457,2548.3242834806,-1.0138946863317,49.951022251457,36074.078073339
0.65,1.8183338623147,0.65004916795345,0.049950832046551,2539.5712448109,-1.0121519149569,49.950832046551,36074.071741934
0.653125,1.8214941280837,0.6500493578317,0.049950642168302,2530.8634034384,-1.0104151598795,49.950642168302,36074.065421402
0.65625,1.8246489758084,0.65004954738441,0.049950452615587,2522.2004223656,-1.0086843847899,49.950452615587,36074.059111707
0.659375,1.8277984241201,0.65004973661272,0.049950263387284,2513.5819679783,-1.0069595536992,49.950263387284,36074.05281281
0.6625,1.8309424915385,0.65004992551772,0.049950074482281,2505.0077100033,-1.0052406309363,49.950074482281,36074.046524676
0.665625,1.834081196472,0.65005011410053,0.049949885899472,2496.4773214654,-1.0035275811435,49.949885899472,36074.040247266
0.66875,1.8372145572192,0.65005030236224,0.049949697637759,2487.9904786458,-1.0018203692734,49.949697637759,36074.033980544
0.671875,1.8403425919694,0.65005049030395,0.049949509696047,2479.5468610411,-1.0001189605851,49.949509696047,36074.027724475
0.675,1.8434653188042,0.65005067792675,0.04994932207325,2471.1461513225,-0.99842332064051,49.94932207325,36074.021479021
0.678125,1.8465827556977,0.65005086523171,0.049949134768289,2462.7880352963,-0.99673341530105,49.949134768289,36074.015244147
0.68125,1.8496949205178,0.65005105221991,0.049948947780091,2454.4722018642,-0.99504921072423,49.948947780091,36074.009019818
0.684375,1.8528018310274,0.65005123889241,0.049948761107586,2446.1983429849,-0.99337067336014,49.948761107586,36074.002805997
0.6875,1.8559035048846,0.65005142525028,0.049948574749716,2437.9661536361,-0.99169776994821,49.948574749716,36073.996602649
0.690625,1.8589999596444,0.65005161129458,0.049948388705425,2429.7753317766,-0.99003046751387,49.948388705425,36073.990409739
0.69375,1.8620912127588,0.65005179702634,0.049948202973664,2421.6255783098,-0.98836873336531,49.948202973664,36073.984227233
0.696875,1.8651772815784,0.65005198244661,0.049948017553391,2413.5165970468,-0.9867125350903,49.948017553391,36073.978055095
0.7,1.8682581833527,0.65005216755643,0.04994783244357,2405.4480946711,-0.98506184055301,49.94783244357,36073.971893292
0.703125,1.8713339352314,0.65005235235683,0.04994764764317,2397.419780703,-0.98341661789092,49.94764764317,36073.965741788
0.70625,1.874404554265,0.65005253684883,0.049947463151166,2389.4313674647,-0.98177683551172,49.947463151166,36073.95960055
0.709375,1.8774700574055,0.65005272103346,0.049947278966541,2381.4825700463,-0.98014246209035,49.947278966541,36073.953469544
0.7125,1.8805304615077,0.65005290491172,0.049947095088281,2373.5731062719,-0.97851346656593,49.947095088281,36073.947348736
0.715625,1.8835857833296,0.65005308848462,0.04994691151538,2365.7026966664,-0.97688981813891,49.94691151538,36073.941238092
0.71875,1.8866360395332,0.65005327175316,0.049946728246837,2357.8710644226,-0.97527148626809,49.946728246837,36073.93513758
0.721875,1.8896812466859,0.65005345471834,0.049946545281655,2350.0779353692,-0.97365844066782,49.946545281655,36073.929047165
0.725,1.8927214212603,0.65005363738115,0.049946362618846,2342.3230379388,-0.97205065130514,49.946362618846,36073.922966816
0.728125,1.8957565796359,0.65005381974257,0.049946180257426,2334.6061031363,-0.97044808839702,49.946180257426,36073.916896499
0.73125,1.8987867380995,0.65005400180359,0.049945998196415,2326.9268645087,-0.9688507224076,49.945998196415,36073.910836182
0.734375,1.9018119128458,0.65005418356516,0.049945816434841,2319.285058114,-0.9672585240455,49.945816434841,36073.904785833
0.7375,1.9048321199784,0.65005436502826,0.049945634971735,2311.6804224915,-0.96567146426112,49.945634971735,36073.898745419
0.740625,1.9078473755106,0.65005454619386,0.049945453806137,2304.1126986324,-0.96408951424404,49.945453806137,36073.892714908
0.74375,1.910857695366,0.65005472706291,0.049945272937089,2296.5816299502,-0.96251264542042,49.945272937089,36073.886694268
0.746875,1.9138630953791,0.65005490763636,0.04994509236364,2289.0869622524,-0.96094082945041,49.94509236364,36073.880683468
0.75,1.9168635912965,0.65005508791516,0.049944912084844,2281.6284437123,-0.95937403822563,49.944912084844,36073.874682476
0.753125,1.919859198777,0.65005526790024,0.04994473209976,2274.2058248405,-0.95781224386669,49.94473209976,36073.868691261
0.75625,1.9228499333928,0.65005544759255,0.049944552407452,2266.8188584582,-0.95625541872072,49.944552407452,36073.862709792
0.759375,1.9258358106301,0.65005562699301,0.04994437300699,2259.4672996694,-0.95470353535895,49.94437300699,36073.856738037
0.7625,1.9288168458896,0.65005580610255,0.049944193897449,2252.1509058347,-0.95315656657427,49.944193897449,36073.850775967
0.765625,1.9317930544872,0.65005598492209,0.049944015077907,2244.8694365446,-0.95161448537894,49.944015077907,36073.84482355
0.76875,1.9347644516552,0.65005616345255,0.049943836547451,2237.6226535939,-0.9500772650022,49.943836547451,36073.838880755
0.771875,1.9377310525422,0.65005634169483,0.04994365830517,2230.4103209557,-0.94854487888799,49.94365830517,36073.832947554
0.775,1.9406928722144,0.65005651964984,0.049943480350159,2223.2322047566,-0.94701730069265,49.943480350159,36073.827023914
0.778125,1.9436499256556,0.65005669731848,0.049943302681517,2216.0880732514,-0.94549450428274,49.943302681517,36073.821109807
0.78125,1.9466022277689,0.65005687470165,0.049943125298349,2208.9776967989,-0.94397646373275,49.943125298349,36073.815205203
0.784375,1.949549793376,0.65005705180024,0.049942948199765,2201.9008478377,-0.94246315332298,49.942948199765,36073.809310072
0.7875,1.9524926372191,0.65005722861512,0.049942771384878,2194.8573008619,-0.94095454753735,49.942771384878,36073.803424384
0.790625,1.9554307739607,0.65005740514719,0.049942594852808,2187.8468323983,-0.93945062106128,49.942594852808,36073.797548111
0.79375,1.9583642181845,0.65005758139732,0.049942418602679,2180.8692209827,-0.93795134877958,49.942418602679,36073.791681222
0.796875,1.9612929843961,0.65005775736638,0.049942242633619,2173.924247137,-0.93645670577442,49.942242633619,36073.78582369
0.8,1.9642170870236,0.65005793305524,0.04994206694476,2167.0116933472,-0.93496666732322,49.94206694476,36073.779975485
0.803125,1.967136540418,0.65005810846476,0.049941891535242,2160.1313440404,-0.93348120889669,49.941891535242,36073.774136578
0.80625,1.9700513588539,0.65005828359579,0.049941716404206,2153.2829855635,-0.93200030615679,49.941716404206,36073.768306941
0.809375,1.9729615565304,0.6500584584492,0.049941541550799,2146.4664061612,-0.93052393495478,49.941541550799,36073.762486546
0.8125,1.9758671475711,0.65005863302583,0.049941366974173,2139.6813959548,-0.92905207132931,49.941366974173,36073.756675363
0.815625,1.9787681460254,0.65005880732652,0.049941192673482,2132.9277469211,-0.92758469150444,49.941192673482,36073.750873367
0.81875,1.9816645658682,0.65005898135211,0.049941018647889,2126.2052528717,-0.92612177188779,49.941018647889,36073.745080527
0.821875,1.9845564210014,0.65005915510344,0.049940844896557,2119.5137094326,-0.92466328906866,49.940844896557,36073.739296817
0.825,1.9874437252537,0.65005932858134,0.049940671418656,2112.8529140235,-0.92320921981617,49.940671418656,36073.733522208
0.828125,1.9903264923817,0.65005950178664,0.049940498213358,2106.2226658388,-0.92175954107746,49.940498213358,36073.727756674
0.83125,1.9932047360702,0.65005967472016,0.049940325279843,2099.6227658269,-0.92031422997588,49.940325279843,36073.722000186
0.834375,1.9960784699326,0.65005984738271,0.049940152617291,2093.0530166716,-0.91887326380921,49.940152617291,36073.716252719
0.8375,1.9989477075119,0.65006001977511,0.04993998022489,2086.5132227725,-0.9174366200479,49.93998022489,36073.710514244
0.840625,2.0018124622806,0.65006019189817,0.049939808101829,2080.0031902264,-0.91600427633335,49.939808101829,36073.704784734
0.84375,2.0046727476421,0.6500603637527,0.049939636247304,2073.5227268085,-0.91457621047619,49.939636247304,36073.699064163
0.846875,2.0075285769301,0.65006053533949,0.049939464660512,2067.0716419541,-0.9131524004546,49.939464660512,36073.693352505
0.85,2.0103799634104,0.65006070665934,0.049939293340659,2060.6497467404,-0.91173282441262,49.939293340659,36073.687649732
0.853125,2.0132269202801,0.65006087771305,0.049939122286949,2054.2568538687,-0.91031746065853,49.939122286949,36073.681955818
0.85625,2.0160694606694,0.65006104850141,0.049938951498595,2047.8927776467,-0.90890628766319,49.938951498595,36073.676270737
0.859375,2.0189075976409,0.65006121902519,0.049938780974811,2041.557333971,-0.90749928405846,49.938780974811,36073.670594463
0.8625,2.0217413441911,0.65006138928518,0.049938610714817,2035.2503403099,-0.9060964286356,49.938610714817,36073.66492697
0.865625,2.0245707132502,0.65006155928216,0.049938440717836,2028.9716156867,-0.90469770034369,49.938440717836,36073.659268232
0.86875,2.027395717683,0.65006172901691,0.049938270983095,2022.7209806626,-0.9033030782881,49.938270983095,36073.653618223
0.871875,2.0302163702892,0.65006189849018,0.049938101509824,2016.4982573204,-0.90191254172895,49.938101509824,36073.647976918
0.875,2.0330326838039,0.65006206770274,0.049937932297259,2010.303269248,-0.90052607007959,49.937932297259,36073.642344291
0.878125,2.0358446708982,0.65006223665536,0.049937763344639,2004.1358415225,-0.89914364290513,49.937763344639,36073.636720317
0.88125,2.0386523441795,0.6500624053488,0.049937594651205,1997.9958006942,-0.89776523992094,49.937594651205,36073.63110497
0.884375,2.041455716192,0.6500625737838,0.049937426216204,1991.8829747709,-0.89639084099119,49.937426216204,36073.625498226
0.8875,2.0442547994172,0.65006274196111,0.049937258038887,1985.7971932025,-0.89502042612743,49.937258038887,36073.61990006
0.890625,2.0470496062746,0.65006290988149,0.049937090118506,1979.7382868656,-0.89365397548716,49.937090118506,36073.614310446
0.89375,2.0498401491215,0.65006307754568,0.04993692245432,1973.7060880484,-0.89229146937241,49.93692245432,36073.60872936
0.896875,2.0526264402544,0.65006324495441,0.04993675504559,1967.7004304361,-0.89093288822838,49.93675504559,36073.603156778
0.9,2.0554084919083,0.65006341210842,0.049936587891581,1961.7211490957,-0.88957821264203,49.936587891581,36073.597592675
0.903125,2.0581863162582,0.65006357900844,0.04993642099156,1955.7680804619,-0.88822742334074,49.93642099156,36073.592037026
0.90625,2.060959925419,0.6500637456552,0.049936254344801,1949.8410623227,-0.88688050119099,49.936254344801,36073.586489808
0.909375,2.063729331446,0.65006391204942,0.049936087950579,1943.939933805,-0.88553742719701,49.936087950579,36073.580950996
0.9125,2.0664945463351,0.65006407819183,0.049935921808173,1938.0645353608,-0.88419818249948,49.935921808173,36073.575420566
0.915625,2.069255582024,0.65006424408313,0.049935755916865,1932.2147087537,-0.88286274837423,49.935755916865,36073.569898495
0.91875,2.0720124503916,0.65006440972406,0.049935590275943,1926.3902970447,-0.88153110623097,49.935590275943,36073.564384758
0.921875,2.0747651632591,0.6500645751153,0.049935424884696,1920.5911445791,-0.88020323761204,49.935424884696,36073.558879332
0.925,2.0775137323904,0.65006474025758,0.049935259742417,1914.8170969733,-0.87887912419113,49.935259742417,36073.553382194
0.928125,2.080258169492,0.6500649051516,0.049935094848403,1909.0680011013,-0.87755874777206,49.935094848403,36073.54789332
0.93125,2.0829984862139,0.65006506979805,0.049934930201953,1903.3437050823,-0.87624209028758,49.934930201953,36073.542412686
0.934375,2.08573469415,0.65006523419763,0.049934765802371,1897.6440582675,-0.87492913379815,49.934765802371,36073.53694027
0.9375,2.0884668048381,0.65006539835103,0.049934601648965,1891.9689112275,-0.87361986049072,49.934601648965,36073.531476049
0.940625,2.0911948297605,0.65006556225896,0.049934437741044,1886.3181157401,-0.87231425267762,49.934437741044,36073.526019999
0.94375,2.0939187803446,0.65006572592208,0.049934274077921,1880.6915247776,-0.87101229279532,49.934274077921,36073.520572098
0.94687500000001,2.0966386679631,0.65006588934109,0.049934110658913,1875.0889924951,-0.86971396340335,49.934110658913,36073.515132323
0.95000000000001,2.0993545039342,0.65006605251666,0.04993394748334,1869.510374218,-0.86841924718312,49.93394748334,36073.509700651
0.95312500000001,2.1020662995224,0.65006621544947,0.049933784550526,1863.9555264305,-0.86712812693678,49.933784550526,36073.50427706
0.95625000000001,2.1047740659384,0.6500663781402,0.049933621859796,1858.4243067637,-0.86584058558618,49.933621859796,36073.498861527
0.95937500000001,2.1074778143399,0.65006654058952,0.049933459410481,1852.9165739841,-0.86455660617168,49.933459410481,36073.49345403
0.96250000000001,2.1101775558318,0.65006670279809,0.049933297201913,1847.4321879822,-0.86327617185116,49.933297201913,36073.488054547
0.96562500000001,2.1128733014664,0.65006686476657,0.049933135233428,1841.971009761,-0.86199926589885,49.933135233428,36073.482663056
0.96875000000001,2.115565062244,0.65006702649563,0.049932973504365,1836.5329014251,-0.86072587170434,49.932973504365,36073.477279534
0.97187500000001,2.1182528491131,0.65006718798593,0.049932812014067,1831.1177261695,-0.8594559727715,49.932812014067,36073.47190396
0.97500000000001,2.120936672971,0.65006734923812,0.049932650761878,1825.7253482688,-0.85818955271746,49.932650761878,36073.466536313
0.97812500000001,2.1236165446637,0.65006751025285,0.049932489747147,1820.3556330665,-0.85692659527157,49.932489747147,36073.461176569
0.98125000000001,2.1262924749869,0.65006767103077,0.049932328969225,1815.0084469642,-0.85566708427438,49.932328969225,36073.455824709
0.98437500000001,2.1289644746856,0.65006783157253,0.049932168427468,1809.6836574113,-0.85441100367665,49.932168427468,36073.450480709
0.98750000000001,2.1316325544551,0.65006799187877,0.049932008121231,1804.3811328945,-0.85315833753836,49.932008121231,36073.44514455
0.99062500000001,2.1342967249408,0.65006815195012,0.049931848049875,1799.1007429274,-0.85190907002771,49.931848049875,36073.439816209
0.99375000000001,2.136956996739,0.65006831178723,0.049931688212765,1793.8423580408,-0.85066318542018,49.931688212765,36073.434495665
0.99687500000001,2.1396133803969,0.65006847139073,0.049931528609266,1788.6058497723,-0.84942066809756,49.931528609266,36073.429182898
1,2.1422658864132,0.65006863076125,0.049931369238747,1783.3910906569,-0.84818150254697,49.931369238747,36073.423877886
1.003125,2.1449145252381,0.65006878989942,0.04993121010058,1778.1979542163,-0.84694567335998,49.93121010058,36073.418580608
1.00625,2.147559307274,0.65006894880586,0.049931051194141,1773.0263149505,-0.84571316523165,49.931051194141,36073.413291044
1.009375,2.1502002428754,0.65006910748119,0.049930892518807,1767.8760483272,-0.84448396295958,49.930892518807,36073.408009173
1.0125,2.1528373423498,0.65006926592604,0.04993073407396,1762.7470307729,-0.84325805144309,49.93073407396,36073.402734974
1.015625,2.1554706159572,0.65006942414102,0.049930575858982,1757.6391396636,-0.84203541568223,49.930575858982,36073.397468427
1.01875,2.1581000739113,0.65006958212674,0.049930417873259,1752.5522533152,-0.84081604077695,49.930417873259,36073.392209511
1.021875,2.1607257263792,0.65006973988382,0.049930260116182,1747.4862509751,-0.83959991192622,49.930260116182,36073.386958206
1.025,2.1633475834819,0.65006989741286,0.049930102587142,1742.4410128124,-0.83838701442713,49.930102587142,36073.381714492
1.028125,2.1659656552946,0.65007005471447,0.049929945285533,1737.4164199098,-0.83717733367406,49.929945285533,36073.376478348
1.03125,2.1685799518471,0.65007021178925,0.049929788210753,1732.412354254,-0.83597085515781,49.929788210753,36073.371249755
1.034375,2.1711904831239,0.6500703686378,0.049929631362203,1727.4286987278,-0.83476756446479,49.929631362203,36073.366028692
1.0375,2.1737972590646,0.65007052526072,0.049929474739284,1722.465337101,-0.83356744727615,49.929474739284,36073.36081514
1.040625,2.1764002895644,0.6500706816586,0.049929318341402,1717.5221540222,-0.83237048936699,49.929318341402,36073.355609079
1.04375,2.1789995844739,0.65007083783203,0.049929162167966,1712.5990350104,-0.83117667660554,49.929162167966,36073.35041049
1.046875,2.1815951535999,0.65007099378161,0.049929006218386,1707.6958664465,-0.82998599495233,49.929006218386,36073.345219351
1.05,2.1841870067054,0.65007114950792,0.049928850492076,1702.8125355652,-0.82879843045946,49.928850492076,36073.340035645
1.053125,2.1867751535098,0.65007130501155,0.049928694988452,1697.9489304473,-0.82761396926971,49.928694988452,36073.334859352
1.05625,2.1893596036897,0.65007146029307,0.049928539706932,1693.1049400109,-0.82643259761587,49.928539706932,36073.329690451
1.059375,2.1919403668784,0.65007161535306,0.049928384646937,1688.2804540045,-0.82525430181988,49.928384646937,36073.324528925
1.0625,2.1945174526669,0.65007177019211,0.049928229807892,1683.4753629982,-0.82407906829214,49.928229807892,36073.319374753
1.065625,2.1970908706038,0.65007192481078,0.049928075189222,1678.6895583766,-0.8229068835307,49.928075189222,36073.314227917
1.06875,2.1996606301955,0.65007207920964,0.049927920790356,1673.922932331,-0.82173773412055,49.927920790356,36073.309088398
1.071875,2.2022267409068,0.65007223338927,0.049927766610726,1669.1753778517,-0.82057160673286,49.927766610726,36073.303956177
1.075,2.2047892121608,0.65007238735023,0.049927612649766,1664.4467887209,-0.81940848812426,49.927612649766,36073.298831234
1.078125,2.2073480533395,0.65007254109309,0.049927458906911,1659.7370595049,-0.81824836513612,49.927458906911,36073.293713552
1.08125,2.2099032737838,0.6500726946184,0.049927305381601,1655.0460855469,-0.81709122469382,49.927305381601,36073.288603111
1.084375,2.212454882794,0.65007284792672,0.049927152073277,1650.37376296,-0.81593705380605,49.927152073277,36073.283499893
1.0875,2.2150028896299,0.65007300101862,0.049926998981382,1645.71998862,-0.81478583956414,49.926998981382,36073.278403879
1.090625,2.2175473035108,0.65007315389464,0.049926846105363,1641.0846601581,-0.81363756914131,49.926846105363,36073.273315052
1.09375,2.2200881336166,0.65007330655533,0.049926693444668,1636.4676759541,-0.81249222979201,49.926693444668,36073.268233391
1.096875,2.2226253890869,0.65007345900125,0.049926540998748,1631.8689351296,-0.81134980885127,49.926540998748,36073.26315888
1.1,2.2251590790223,0.65007361123294,0.049926388767055,1627.288337541,-0.81021029373398,49.926388767055,36073.258091501
1.103125,2.227689212484,0.65007376325095,0.049926236749046,1622.7257837729,-0.80907367193426,49.926236749046,36073.253031234
1.10625,2.2302157984942,0.65007391505582,0.049926084944179,1618.1811751312,-0.80793993102479,49.926084944179,36073.247978062
1.109375,2.2327388460364,0.65007406664809,0.049925933351914,1613.6544136369,-0.80680905865614,49.925933351914,36073.242931967
1.1125,2.2352583640559,0.65007421802829,0.049925781971713,1609.145402019,-0.80568104255618,49.925781971713,36073.23789293
1.115625,2.2377743614593,0.65007436919696,0.049925630803041,1604.6540437089,-0.80455587052937,49.925630803041,36073.232860936
1.11875,2.2402868471155,0.65007452015464,0.049925479845365,1600.1802428329,-0.8034335304562,49.925479845365,36073.227835964
1.121875,2.2427958298557,0.65007467090185,0.049925329098155,1595.7239042069,-0.80231401029251,49.925329098155,36073.222817999
1.125,2.2453013184734,0.65007482143912,0.049925178560882,1591.2849333296,-0.80119729806888,49.925178560882,36073.217807022
1.128125,2.2478033217249,0.65007497176698,0.049925028233021,1586.8632363766,-0.80008338189007,49.925028233021,36073.212803015
1.13125,2.2503018483295,0.65007512188595,0.049924878114047,1582.4587201941,-0.79897224993435,49.924878114047,36073.207805962
1.134375,2.2527969069694,0.65007527179656,0.049924728203439,1578.0712922929,-0.79786389045293,49.924728203439,36073.202815845
1.1375,2.2552885062906,0.65007542149932,0.049924578500677,1573.7008608424,-0.79675829176935,49.924578500677,36073.197832646
1.140625,2.2577766549024,0.65007557099476,0.049924429005244,1569.3473346651,-0.79565544227893,49.924429005244,36073.192856349
1.14375,2.2602613613781,0.65007572028338,0.049924279716624,1565.0106232299,-0.79455533044814,49.924279716624,36073.187886936
1.146875,2.262742634255,0.65007586936569,0.049924130634306,1560.6906366474,-0.79345794481405,49.924130634306,36073.18292439
1.15,2.2652204820348,0.65007601824222,0.049923981757778,1556.3872856632,-0.79236327398378,49.923981757778,36073.177968695
1.153125,2.2676949131835,0.65007616691347,0.049923833086531,1552.1004816528,-0.79127130663388,49.923833086531,36073.173019832
1.15625,2.2701659361321,0.65007631537994,0.04992368462006,1547.8301366158,-0.79018203150982,49.92368462006,36073.168077786
1.159375,2.2726335592763,0.65007646364214,0.049923536357858,1543.5761631707,-0.78909543742542,49.923536357858,36073.16314254
1.1625,2.2750977909769,0.65007661170058,0.049923388299425,1539.3384745489,-0.7880115132623,49.923388299425,36073.158214077
1.165625,2.2775586395604,0.65007675955574,0.049923240444259,1535.1169845895,-0.78693024796935,49.923240444259,36073.153292379
1.16875,2.2800161133186,0.65007690720814,0.049923092791864,1530.9116077342,-0.78585163056217,49.923092791864,36073.148377432
1.171875,2.2824702205091,0.65007705465826,0.049922945341741,1526.7222590217,-0.78477565012257,49.922945341741,36073.143469218
1.175,2.2849209693555,0.6500772019066,0.049922798093398,1522.5488540825,-0.78370229579801,49.922798093398,36073.13856772
1.178125,2.2873683680476,0.65007734895366,0.049922651046343,1518.3913091338,-0.7826315568011,49.922651046343,36073.133672923
1.18125,2.2898124247417,0.65007749579992,0.049922504200084,1514.2495409742,-0.7815634224091,49.922504200084,36073.128784809
1.184375,2.2922531475605,0.65007764244586,0.049922357554135,1510.123466979,-0.78049788196335,49.922357554135,36073.123903363
1.1875,2.2946905445935,0.65007778889199,0.049922211108009,1506.0130050946,-0.77943492486884,49.922211108009,36073.119028569
1.190625,2.2971246238975,0.65007793513878,0.049922064861223,1501.918073834,-0.77837454059366,49.922064861223,36073.114160411
1.19375,2.299555393496,0.65007808118671,0.049921918813293,1497.8385922717,-0.77731671866851,49.921918813293,36073.109298872
1.196875,2.3019828613803,0.65007822703626,0.04992177296374,1493.7744800389,-0.77626144868622,49.92177296374,36073.104443936
1.2,2.304407035509,0.65007837268791,0.049921627312086,1489.7256573186,-0.77520872030127,49.921627312086,36073.099595588
1.203125,2.3068279238086,0.65007851814215,0.049921481857854,1485.6920448408,-0.77415852322927,49.921481857854,36073.094753811
1.20625,2.309245534174,0.65007866339943,0.04992133660057,1481.6735638773,-0.77311084724641,49.92133660057,36073.08991859
1.209375,2.3116598744673,0.65007880846024,0.049921191539763,1477.6701362387,-0.77206568218928,49.921191539763,36073.08508991
1.2125,2.3140709525191,0.65007895332504,0.04992104667496,1473.6816842687,-0.77102301795434,49.92104667496,36073.080267754
1.215625,2.3164787761295,0.65007909799431,0.049920902005694,1469.7081308381,-0.76998284449688,49.920902005694,36073.075452106
1.21875,2.3188833530662,0.6500792424685,0.049920757531498,1465.7493993427,-0.76894515183134,49.920757531498,36073.070642952
1.221875,2.3212846910664,0.65007938674809,0.049920613251907,1461.8054136977,-0.76790993003045,49.920613251907,36073.065840276
1.225,2.3236827978356,0.65007953083354,0.049920469166458,1457.8760983339,-0.76687716922501,49.920469166458,36073.061044063
1.228125,2.3260776810499,0.65007967472531,0.04992032527469,1453.9613781911,-0.76584685960288,49.92032527469,36073.056254297
1.23125,2.3284693483538,0.65007981842386,0.049920181576143,1450.0611787167,-0.76481899140927,49.920181576143,36073.051470962
1.234375,2.3308578073615,0.65007996192964,0.049920038070361,1446.1754258601,-0.76379355494592,49.920038070361,36073.046694044
1.2375,2.3332430656572,0.65008010524311,0.049919894756887,1442.3040460681,-0.76277054057071,49.919894756887,36073.041923527
1.240625,2.3356251307951,0.65008024836473,0.049919751635267,1438.4469662815,-0.76174993869726,49.919751635267,36073.037159397
1.24375,2.3380040102993,0.65008039129495,0.04991960870505,1434.6041139301,-0.7607317397945,49.91960870505,36073.032401638
1.246875,2.3403797116643,0.65008053403422,0.049919465965785,1430.7754169292,-0.7597159343862,49.919465965785,36073.027650235
1.25,2.3427522423551,0.65008067658298,0.049919323417023,1426.9608036753,-0.75870251305065,49.919323417023,36073.022905174
1.253125,2.3451216098074,0.65008081894168,0.049919181058319,1423.160203042,-0.75769146642016,49.919181058319,36073.018166439
1.25625,2.3474878214276,0.65008096111077,0.049919038889226,1419.3735443762,-0.75668278518068,49.919038889226,36073.013434016
1.259375,2.3498508845931,0.6500811030907,0.049918896909302,1415.6007574939,-0.75567646007143,49.918896909302,36073.008707889
1.2625,2.3522108066525,0.6500812448819,0.049918755118105,1411.8417726764,-0.75467248188443,49.918755118105,36073.003988045
1.265625,2.3545675949256,0.65008138648481,0.049918613515195,1408.0965206666,-0.75367084146417,49.918613515195,36072.999274469
1.26875,2.3569212567039,0.65008152789987,0.049918472100134,1404.3649326647,-0.75267152970718,49.918472100134,36072.994567145
1.271875,2.3592717992501,0.65008166912751,0.049918330872486,1400.646940325,-0.75167453756163,49.918330872486,36072.98986606
1.275,2.3616192297992,0.65008181016818,0.049918189831817,1396.9424757515,-0.75067985602698,49.918189831817,36072.985171199
1.278125,2.3639635555579,0.65008195102231,0.049918048977692,1393.2514714949,-0.74968747615356,49.918048977692,36072.980482547
1.28125,2.3663047837049,0.65008209169032,0.049917908309681,1389.5738605481,-0.74869738904222,49.917908309681,36072.975800091
1.284375,2.3686429213913,0.65008223217265,0.049917767827355,1385.9095763432,-0.74770958584394,49.917767827355,36072.971123816
1.2875,2.3709779757408,0.65008237246972,0.049917627530284,1382.2585527476,-0.74672405775944,49.917627530284,36072.966453707
1.290625,2.3733099538493,0.65008251258196,0.049917487418044,1378.6207240606,-0.74574079603886,49.917487418044,36072.961789751
1.29375,2.3756388627857,0.65008265250979,0.049917347490208,1374.9960250096,-0.74475979198134,49.917347490208,36072.957131933
1.296875,2.3779647095917,0.65008279225365,0.049917207746354,1371.3843907466,-0.7437810369347,49.917207746354,36072.952480239
1.3,2.3802875012821,0.65008293181394,0.049917068186061,1367.7857568451,-0.74280452229504,49.917068186061,36072.947834656
1.303125,2.3826072448448,0.65008307119109,0.049916928808909,1364.2000592963,-0.74183023950642,49.916928808909,36072.943195169
1.30625,2.3849239472411,0.65008321038552,0.049916789614479,1360.6272345058,-0.7408581800605,49.916789614479,36072.938561764
1.309375,2.3872376154057,0.65008334939765,0.049916650602355,1357.0672192904,-0.73988833549618,49.916650602355,36072.933934428
1.3125,2.3895482562471,0.65008348822788,0.049916511772121,1353.5199508743,-0.73892069739926,49.916511772121,36072.929313146
1.315625,2.3918558766474,0.65008362687664,0.049916373123364,1349.9853668865,-0.7379552574021,49.916373123364,36072.924697905
1.31875,2.3941604834628,0.65008376534433,0.049916234655673,1346.4634053567,-0.73699200718326,49.916234655673,36072.920088692
1.321875,2.3964620835233,0.65008390363136,0.049916096368637,1342.9540047128,-0.7360309384672,49.916096368637,36072.915485492
1.325,2.3987606836333,0.65008404173815,0.049915958261846,1339.4571037773,-0.73507204302393,49.915958261846,36072.910888291
1.328125,2.4010562905716,0.65008417966511,0.049915820334895,1335.9726417642,-0.73411531266866,49.915820334895,36072.906297077
1.33125,2.4033489110915,0.65008431741262,0.049915682587376,1332.5005582759,-0.73316073926149,49.915682587376,36072.901711836
1.334375,2.4056385519206,0.65008445498111,0.049915545018886,1329.0407932999,-0.7322083147071,49.915545018886,36072.897132555
1.3375,2.4079252197617,0.65008459237098,0.049915407629022,1325.593287206,-0.73125803095439,49.915407629022,36072.892559219
1.340625,2.4102089212923,0.65008472958262,0.049915270417383,1322.157980743,-0.7303098799962,49.915270417383,36072.887991816
1.34375,2.412489663165,0.65008486661643,0.049915133383569,1318.734815036,-0.72936385386897,49.915133383569,36072.883430332
1.346875,2.4147674520075,0.65008500347282,0.049914996527182,1315.323731583,-0.72841994465244,49.914996527182,36072.878874755
1.35,2.4170422944229,0.65008514015217,0.049914859847826,1311.9246722519,-0.72747814446932,49.914859847826,36072.87432507
1.353125,2.4193141969897,0.6500852766549,0.049914723345104,1308.5375792783,-0.72653844548501,49.914723345104,36072.869781265
1.35625,2.421583166262,0.65008541298138,0.049914587018623,1305.1623952617,-0.72560083990728,49.914587018623,36072.865243326
1.359375,2.4238492087696,0.65008554913201,0.049914450867991,1301.799063163,-0.72466531998596,49.914450867991,36072.860711241
1.3625,2.4261123310182,0.65008568510718,0.049914314892817,1298.4475263017,-0.72373187801266,49.914314892817,36072.856184997
1.365625,2.4283725394895,0.65008582090729,0.049914179092711,1295.107728353,-0.72280050632045,49.914179092711,36072.85166458
1.36875,2.4306298406412,0.65008595653271,0.049914043467286,1291.7796133449,-0.72187119728358,49.914043467286,36072.847149977
1.371875,2.4328842409072,0.65008609198384,0.049913908016155,1288.4631256557,-0.72094394331721,49.913908016155,36072.842641177
1.375,2.4351357466979,0.65008622726107,0.049913772738933,1285.158210011,-0.72001873687706,49.913772738933,36072.838138165
1.378125,2.4373843644002,0.65008636236476,0.049913637635235,1281.864811481,-0.71909557045919,49.913637635235,36072.83364093
1.38125,2.4396301003774,0.65008649729532,0.049913502704681,1278.5828754778,-0.71817443659966,49.913502704681,36072.829149458
1.384375,2.4418729609697,0.65008663205311,0.049913367946888,1275.3123477529,-0.71725532787431,49.913367946888,36072.824663737
1.3875,2.4441129524943,0.65008676663852,0.049913233361477,1272.0531743944,-0.71633823689843,49.913233361477,36072.820183754
1.390625,2.446350081245,0.65008690105193,0.04991309894807,1268.8053018244,-0.71542315632648,49.91309894807,36072.815709496
1.39375,2.4485843534931,0.65008703529371,0.049912964706291,1265.5686767965,-0.71451007885187,49.912964706291,36072.811240952
1.396875,2.4508157754868,0.65008716936424,0.049912830635763,1262.3432463931,-0.71359899720662,49.912830635763,36072.806778108
1.4,2.453044353452,0.65008730326389,0.049912696736113,1259.1289580229,-0.71268990416115,49.912696736113,36072.802320952
1.403125,2.4552700935917,0.65008743699303,0.049912563006968,1255.9257594183,-0.71178279252398,49.912563006968,36072.797869471
1.40625,2.4574930020866,0.65008757055204,0.049912429447957,1252.7335986331,-0.71087765514146,49.912429447957,36072.793423654
1.409375,2.4597130850954,0.65008770394129,0.04991229605871,1249.5524240399,-0.70997448489752,49.91229605871,36072.788983488
1.4125,2.4619303487541,0.65008783716114,0.049912162838857,1246.3821843275,-0.70907327471344,49.912162838857,36072.784548961
1.415625,2.4641447991772,0.65008797021197,0.049912029788033,1243.2228284988,-0.70817401754752,49.912029788033,36072.78012006
1.41875,2.4663564424567,0.65008810309413,0.04991189690587,1240.0743058681,-0.70727670639488,49.91189690587,36072.775696774
1.421875,2.4685652846631,0.650088235808,0.049911764192003,1236.9365660589,-0.70638133428721,49.911764192003,36072.771279089
1.425,2.4707713318453,0.65008836835393,0.04991163164607,1233.8095590014,-0.70548789429247,49.91163164607,36072.766866995
1.428125,2.4729745900302,0.65008850073229,0.049911499267709,1230.6932349303,-0.70459637951469,49.911499267709,36072.762460478
1.43125,2.4751750652234,0.65008863294344,0.049911367056558,1227.5875443822,-0.70370678309368,49.911367056558,36072.758059528
1.434375,2.4773727634093,0.65008876498774,0.049911235012258,1224.4924381937,-0.70281909820485,49.911235012258,36072.753664132
1.4375,2.4795676905507,0.65008889686555,0.04991110313445,1221.4078674988,-0.70193331805889,49.91110313445,36072.749274277
1.440625,2.4817598525895,0.65008902857722,0.049910971422779,1218.3337837269,-0.70104943590156,49.910971422779,36072.744889953
1.44375,2.4839492554464,0.65008916012311,0.049910839876887,1215.2701386003,-0.70016744501349,49.910839876887,36072.740511148
1.446875,2.4861359050212,0.65008929150358,0.04991070849642,1212.2168841322,-0.69928733870988,49.91070849642,36072.736137848
1.45,2.4883198071929,0.65008942271897,0.049910577281026,1209.1739726243,-0.6984091103403,49.910577281026,36072.731770044
1.453125,2.4905009678196,0.65008955376965,0.049910446230352,1206.1413566649,-0.69753275328845,49.910446230352,36072.727407723
1.45625,2.4926793927391,0.65008968465595,0.049910315344048,1203.1189891264,-0.69665826097193,49.910315344048,36072.723050873
1.459375,2.4948550877684,0.65008981537824,0.049910184621764,1200.1068231635,-0.69578562684201,49.910184621764,36072.718699483
1.4625,2.4970280587041,0.65008994593685,0.049910054063151,1197.1048122108,-0.69491484438341,49.910054063151,36072.714353541
1.465625,2.4991983113227,0.65009007633214,0.049909923667863,1194.1129099811,-0.69404590711406,49.909923667863,36072.710013036
1.46875,2.5013658513803,0.65009020656445,0.049909793435554,1191.1310704626,-0.69317880858488,49.909793435554,36072.705677956
1.471875,2.5035306846129,0.65009033663412,0.049909663365878,1188.1592479178,-0.69231354237958,49.909663365878,36072.701348289
1.475,2.5056928167367,0.65009046654151,0.049909533458494,1185.1973968806,-0.69145010211441,49.909533458494,36072.697024025
1.478125,2.5078522534478,0.65009059628694,0.049909403713058,1182.2454721548,-0.69058848143797,49.909403713058,36072.692705152
1.48125,2.5100090004226,0.65009072587077,0.04990927412923,1179.3034288118,-0.68972867403096,49.90927412923,36072.688391658
1.484375,2.5121630633177,0.65009085529333,0.049909144706669,1176.3712221889,-0.68887067360599,49.909144706669,36072.684083532
1.4875,2.5143144477702,0.65009098455496,0.049909015445037,1173.448807887,-0.68801447390738,49.909015445037,36072.679780763
1.490625,2.5164631593977,0.650091113656,0.049908886343996,1170.536141769,-0.68716006871092,49.908886343996,36072.67548334
1.49375,2.5186092037983,0.65009124259679,0.04990875740321,1167.6331799575,-0.68630745182367,49.90875740321,36072.671191251
1.496875,2.5207525865509,0.65009137137766,0.049908628622344,1164.7398788333,-0.68545661708377,49.908628622344,36072.666904485
1.5,2.5228933132152,0.65009149999894,0.049908500001064,1161.856195033,-0.68460755836021,49.908500001064,36072.662623032
1.503125,2.5250313893317,0.65009162846096,0.049908371539037,1158.9820854476,-0.68376026955265,49.908371539037,36072.65834688
1.50625,2.5271668204219,0.65009175676407,0.049908243235931,1156.1175072203,-0.68291474459118,49.908243235931,36072.654076018
1.509375,2.5292996119885,0.65009188490858,0.049908115091415,1153.2624177448,-0.68207097743616,49.908115091415,36072.649810435
1.5125,2.5314297695152,0.65009201289484,0.04990798710516,1150.4167746635,-0.68122896207803,49.90798710516,36072.645550119
1.515625,2.533557298467,0.65009214072316,0.049907859276838,1147.5805358656,-0.68038869253704,49.907859276838,36072.641295062
1.51875,2.5356822042904,0.65009226839388,0.049907731606122,1144.7536594853,-0.67955016286314,49.907731606122,36072.63704525
1.521875,2.5378044924132,0.65009239590732,0.049907604092685,1141.9361039,-0.67871336713573,49.907604092685,36072.632800674
1.525,2.5399241682449,0.6500925232638,0.049907476736202,1139.1278277286,-0.67787829946351,49.907476736202,36072.628561322
1.528125,2.5420412371764,0.65009265046365,0.049907349536349,1136.3287898298,-0.67704495398424,49.907349536349,36072.624327184
1.53125,2.5441557045805,0.6500927775072,0.049907222492804,1133.5389493001,-0.67621332486458,49.907222492804,36072.620098249
1.534375,2.5462675758118,0.65009290439476,0.049907095605245,1130.7582654724,-0.67538340629992,49.907095605245,36072.615874507
1.5375,2.5483768562068,0.65009303112665,0.049906968873351,1127.9866979142,-0.67455519251414,49.906968873351,36072.611655946
1.540625,2.5504835510839,0.6500931577032,0.049906842296803,1125.2242064255,-0.67372867775949,49.906842296803,36072.607442556
1.54375,2.5525876657438,0.65009328412472,0.049906715875281,1122.4707510379,-0.67290385631635,49.906715875281,36072.603234327
1.546875,2.5546892054691,0.65009341039153,0.04990658960847,1119.7262920124,-0.67208072249309,49.90658960847,36072.599031248
1.55,2.5567881755248,0.65009353650395,0.049906463496052,1116.9907898376,-0.67125927062586,49.906463496052,36072.594833307
1.553125,2.5588845811583,0.65009366246229,0.049906337537713,1114.2642052287,-0.67043949507842,49.906337537713,36072.590640496
1.55625,2.5609784275992,0.65009378826686,0.049906211733137,1111.5464991251,-0.66962139024197,49.906211733137,36072.586452803
1.559375,2.56306972006,0.65009391391799,0.049906086082012,1108.8376326897,-0.66880495053499,49.906086082012,36072.582270218
1.5625,2.5651584637354,0.65009403941597,0.049905960584026,1106.1375673064,-0.66799017040301,49.905960584026,36072.578092731
1.565625,2.567244663803,0.65009416476113,0.049905835238867,1103.446264579,-0.6671770443185,49.905835238867,36072.573920331
1.56875,2.5693283254231,0.65009428995377,0.049905710046226,1100.7636863296,-0.66636556678065,49.905710046226,36072.569753008
1.571875,2.5714094537389,0.65009441499421,0.049905585005793,1098.0897945972,-0.66555573231523,49.905585005793,36072.565590751
1.575,2.5734880538766,0.65009453988274,0.049905460117261,1095.4245516357,-0.66474753547442,49.905460117261,36072.561433551
1.578125,2.5755641309452,0.65009466461968,0.049905335380323,1092.7679199126,-0.6639409708366,49.905335380323,36072.557281397
1.58125,2.577637690037,0.65009478920533,0.049905210794672,1090.1198621079,-0.66313603300624,49.905210794672,36072.553134278
1.584375,2.5797087362273,0.65009491364,0.049905086360004,1087.4803411119,-0.66233271661371,49.905086360004,36072.548992186
1.5875,2.5817772745749,0.65009503792399,0.049904962076014,1084.8493200242,-0.66153101631511,49.904962076014,36072.544855109
1.590625,2.5838433101217,0.6500951620576,0.049904837942401,1082.2267621519,-0.66073092679211,49.904837942401,36072.540723038
1.59375,2.5859068478931,0.65009528604114,0.049904713958861,1079.6126310085,-0.65993244275181,49.904713958861,36072.536595963
1.596875,2.5879678928982,0.65009540987491,0.049904590125094,1077.0068903123,-0.65913555892655,49.904590125094,36072.532473873
1.6,2.5900264501293,0.6500955335592,0.049904466440799,1074.4095039846,-0.65834027007376,49.904466440799,36072.528356758
1.603125,2.5920825245627,0.65009565709432,0.049904342905679,1071.820436149,-0.65754657097581,49.904342905679,36072.524244609
1.60625,2.5941361211582,0.65009578048056,0.049904219519435,1069.2396511293,-0.65675445643985,49.904219519435,36072.520137416
1.609375,2.5961872448595,0.65009590371823,0.04990409628177,1066.6671134485,-0.65596392129765,49.90409628177,36072.516035169
1.6125,2.5982359005943,0.65009602680761,0.049903973192387,1064.1027878273,-0.65517496040546,49.903973192387,36072.511937857
1.615625,2.600282093274,0.65009614974901,0.049903850250992,1061.5466391826,-0.65438756864384,49.903850250992,36072.507845472
1.61875,2.6023258277943,0.65009627254271,0.049903727457291,1058.9986326266,-0.65360174091753,49.903727457291,36072.503758003
1.621875,2.6043671090348,0.65009639518901,0.04990360481099,1056.4587334646,-0.65281747215526,49.90360481099,36072.49967544
1.625,2.6064059418595,0.6500965176882,0.049903482311798,1053.9269071946,-0.65203475730965,49.903482311798,36072.495597775
1.628125,2.6084423311165,0.65009664004058,0.049903359959422,1051.4031195052,-0.65125359135703,49.903359959422,36072.491524996
1.63125,2.6104762816383,0.65009676224643,0.049903237753573,1048.8873362748,-0.6504739692973,49.903237753573,36072.487457095
1.634375,2.6125077982419,0.65009688430604,0.049903115693961,1046.37952357,-0.64969588615378,49.903115693961,36072.483394062
1.6375,2.6145368857285,0.6500970062197,0.049902993780297,1043.8796476444,-0.64891933697309,49.902993780297,36072.479335887
1.640625,2.6165635488843,0.6500971279877,0.049902872012295,1041.3876749375,-0.64814431682496,49.902872012295,36072.475282561
1.64375,2.6185877924796,0.65009724961033,0.049902750389667,1038.9035720729,-0.64737082080215,49.902750389667,36072.471234074
1.646875,2.6206096212699,0.65009737108787,0.049902628912128,1036.4273058576,-0.64659884402024,49.902628912128,36072.467190416
1.65,2.6226290399952,0.65009749242061,0.049902507579393,1033.9588432805,-0.64582838161755,49.902507579393,36072.463151578
1.653125,2.6246460533803,0.65009761360882,0.049902386391177,1031.498151511,-0.64505942875496,49.902386391177,36072.459117552
1.65625,2.626660666135,0.6500977346528,0.049902265347199,1029.0451978981,-0.64429198061578,49.902265347199,36072.455088326
1.659375,2.6286728829542,0.65009785555282,0.049902144447176,1026.599949969,-0.64352603240563,49.902144447176,36072.451063893
1.6625,2.6306827085177,0.65009797630917,0.049902023690827,1024.1623754277,-0.6427615793523,49.902023690827,36072.447044241
1.665625,2.6326901474905,0.65009809692213,0.049901903077871,1021.7324421542,-0.64199861670558,49.901903077871,36072.443029363
1.66875,2.6346952045226,0.65009821739197,0.049901782608029,1019.3101182029,-0.64123713973718,49.901782608029,36072.439019249
1.671875,2.6366978842496,0.65009833771898,0.049901662281023,1016.8953718019,-0.64047714374057,49.901662281023,36072.43501389
1.675,2.6386981912921,0.65009845790342,0.049901542096575,1014.4881713512,-0.63971862403082,49.901542096575,36072.431013276
1.678125,2.6406961302562,0.65009857794559,0.049901422054409,1012.0884854219,-0.63896157594454,49.901422054409,36072.427017398
1.68125,2.6426917057336,0.65009869784575,0.049901302154247,1009.6962827553,-0.63820599483967,49.901302154247,36072.423026247
1.684375,2.6446849223014,0.65009881760418,0.049901182395816,1007.3115322611,-0.63745187609541,49.901182395816,36072.419039814
1.6875,2.6466757845223,0.65009893722116,0.049901062778841,1004.9342030169,-0.63669921511207,49.901062778841,36072.415058089
1.690625,2.6486642969445,0.65009905669695,0.04990094330305,1002.5642642666,-0.63594800731093,49.90094330305,36072.411081065
1.69375,2.6506504641024,0.65009917603183,0.049900823968168,1000.2016854194,-0.63519824813413,49.900823968168,36072.40710873
1.696875,2.6526342905156,0.65009929522607,0.049900704773926,997.84643604918,-0.63444993304456,49.900704773926,36072.403141077
1.7,2.6546157806899,0.65009941427995,0.049900585720052,995.4984858925,-0.6337030575257,49.900585720052,36072.399178097
1.703125,2.6565949391171,0.65009953319372,0.049900466806276,993.15780484825,-0.63295761708151,49.900466806276,36072.39521978
1.70625,2.6585717702746,0.65009965196767,0.049900348032329,990.82436297622,-0.63221360723633,49.900348032329,36072.391266118
1.709375,2.6605462786263,0.65009977060206,0.049900229397944,988.49813049615,-0.63147102353472,49.900229397944,36072.387317101
1.7125,2.6625184686218,0.65009988909715,0.049900110902853,986.17907778662,-0.63072986154139,49.900110902853,36072.383372721
1.715625,2.6644883446972,0.65010000745321,0.049899992546788,983.86717538397,-0.629990116841,49.899992546788,36072.379432969
1.71875,2.6664559112745,0.65010012567051,0.049899874329486,981.56239398129,-0.62925178503814,49.899874329486,36072.375497836
1.721875,2.6684211727624,0.65010024374932,0.04989975625068,979.26470442739,-0.62851486175715,49.89975625068,36072.371567313
1.725,2.6703841335556,0.65010036168989,0.049899638310106,976.97407772569,-0.62777934264199,49.899638310106,36072.367641391
1.728125,2.6723447980355,0.6501004794925,0.049899520507503,974.69048503332,-0.62704522335618,49.899520507503,36072.363720062
1.73125,2.6743031705696,0.65010059715739,0.049899402842606,972.41389765996,-0.62631249958264,49.899402842606,36072.359803317
1.734375,2.6762592555124,0.65010071468485,0.049899285315154,970.14428706698,-0.6255811670236,49.899285315154,36072.355891147
1.7375,2.6782130572047,0.65010083207511,0.049899167924887,967.88162486631,-0.62485122140045,49.899167924887,36072.351983544
1.740625,2.680164579974,0.65010094932846,0.049899050671544,965.62588281954,-0.62412265845368,49.899050671544,36072.348080499
1.74375,2.6821138281346,0.65010106644513,0.049898933554867,963.37703283687,-0.62339547394274,49.898933554867,36072.344182002
1.746875,2.6840608059874,0.6501011834254,0.049898816574597,961.13504697619,-0.62266966364591,49.898816574597,36072.340288046
1.75,2.6860055178205,0.65010130026952,0.049898699730476,958.89989744209,-0.62194522336023,49.898699730476,36072.336398623
1.753125,2.6879479679085,0.65010141697775,0.049898583022247,956.67155658488,-0.62122214890135,49.898583022247,36072.332513723
1.75625,2.6898881605131,0.65010153355035,0.049898466449655,954.44999689966,-0.62050043610345,49.898466449655,36072.328633337
1.759375,2.6918260998831,0.65010164998756,0.049898350012444,952.23519102536,-0.61978008081914,49.898350012444,36072.324757459
1.7625,2.6937617902543,0.65010176628964,0.049898233710359,950.02711174382,-0.6190610789193,49.898233710359,36072.320886078
1.765625,2.6956952358496,0.65010188245685,0.049898117543147,947.82573197884,-0.61834342629304,49.898117543147,36072.317019187
1.76875,2.697626440879,0.65010199848944,0.049898001510556,945.63102479527,-0.61762711884754,49.898001510556,36072.313156777
1.771875,2.69955540954,0.65010211438767,0.049897885612332,943.44296339806,-0.61691215250799,49.897885612332,36072.309298839
1.775,2.7014821460171,0.65010223015178,0.049897769848224,941.26152113145,-0.61619852321744,49.897769848224,36072.305445366
1.778125,2.7034066544823,0.65010234578202,0.049897654217982,939.08667147792,-0.61548622693675,49.897654217982,36072.301596349
1.78125,2.7053289390951,0.65010246127864,0.049897538721355,936.91838805741,-0.61477525964442,49.897538721355,36072.29775178
1.784375,2.7072490040022,0.6501025766419,0.049897423358096,934.75664462639,-0.61406561733657,49.897423358096,36072.29391165
1.7875,2.7091668533381,0.65010269187205,0.049897308127954,932.60141507698,-0.61335729602676,49.897308127954,36072.290075952
1.790625,2.7110824912246,0.65010280696932,0.049897193030683,930.45267343607,-0.61265029174593,49.897193030683,36072.286244676
1.79375,2.7129959217713,0.65010292193396,0.049897078066035,928.31039386448,-0.61194460054231,49.897078066035,36072.282417815
1.796875,2.7149071490754,0.65010303676623,0.049896963233765,926.17455065607,-0.6112402184813,49.896963233765,36072.27859536
1.8,2.716816177222,0.65010315146637,0.049896848533627,924.04511823689,-0.61053714164535,49.896848533627,36072.274777304
1.803125,2.7187230102837,0.65010326603462,0.049896733965376,921.92207116437,-0.60983536613394,49.896733965376,36072.270963638
1.80625,2.7206276523212,0.65010338047123,0.049896619528769,919.80538412638,-0.60913488806337,49.896619528769,36072.267154354
1.809375,2.7225301073828,0.65010349477644,0.049896505223561,917.69503194055,-0.60843570356679,49.896505223561,36072.263349444
1.8125,2.7244303795051,0.65010360895049,0.049896391049511,915.5909895533,-0.60773780879399,49.896391049511,36072.259548899
1.815625,2.7263284727124,0.65010372299362,0.049896277006377,913.49323203909,-0.60704119991138,49.896277006377,36072.255752713
1.81875,2.7282243910172,0.65010383690608,0.049896163093918,911.4017345996,-0.60634587310187,49.896163093918,36072.251960876
1.821875,2.7301181384201,0.65010395068811,0.049896049311892,909.31647256287,-0.60565182456476,49.896049311892,36072.248173382
1.825,2.7320097189097,0.65010406433994,0.049895935660062,907.23742138261,-0.6049590505157,49.895935660062,36072.244390221
1.828125,2.733899136463,0.65010417786181,0.049895822138187,905.16455663725,-0.60426754718652,49.895822138187,36072.240611386
1.83125,2.735786395045,0.65010429125397,0.04989570874603,903.09785402928,-0.60357731082521,49.89570874603,36072.236836868
1.834375,2.7376714986093,0.65010440451665,0.049895595483352,901.0372893844,-0.60288833769578,49.895595483352,36072.233066661
1.8375,2.7395544510976,0.65010451765008,0.049895482349918,898.98283865077,-0.60220062407822,49.895482349918,36072.229300756
1.840625,2.7414352564402,0.65010463065451,0.04989536934549,896.93447789821,-0.60151416626833,49.895369345491,36072.225539146
1.84375,2.7433139185557,0.65010474353017,0.049895256469835,894.89218331743,-0.60082896057772,49.895256469835,36072.221781821
1.846875,2.7451904413512,0.65010485627728,0.049895143722716,892.85593121933,-0.60014500333368,49.895143722716,36072.218028776
1.85,2.7470648287224,0.6501049688961,0.049895031103899,890.82569803417,-0.59946229087907,49.895031103899,36072.214280001
1.853125,2.7489370845537,0.65010508138685,0.049894918613152,888.80146031086,-0.59878081957227,49.894918613152,36072.210535489
1.85625,2.7508072127179,0.65010519374976,0.049894806250242,886.78319471622,-0.5981005857871,49.894806250242,36072.206795233
1.859375,2.7526752170767,0.65010530598506,0.049894694014936,884.77087803421,-0.59742158591268,49.894694014936,36072.203059224
1.8625,2.7545411014804,0.650105418093,0.049894581907003,882.76448716522,-0.5967438163534,49.894581907003,36072.199327455
1.865625,2.7564048697683,0.65010553007379,0.049894469926213,880.76399912536,-0.59606727352879,49.894469926213,36072.195599919
1.86875,2.7582665257682,0.65010564192766,0.049894358072336,878.76939104569,-0.5953919538735,49.894358072336,36072.191876607
1.871875,2.7601260732971,0.65010575365486,0.049894246345141,876.78064017156,-0.59471785383714,49.894246345141,36072.188157512
1.875,2.7619835161607,0.6501058652556,0.049894134744402,874.79772386185,-0.59404496988425,49.894134744402,36072.184442626
1.878125,2.7638388581538,0.65010597673011,0.049894023269889,872.82061958829,-0.59337329849419,49.894023269889,36072.180731942
1.88125,2.7656921030603,0.65010608807862,0.049893911921375,870.84930493476,-0.59270283616107,49.893911921375,36072.177025452
1.884375,2.7675432546529,0.65010619930137,0.049893800698634,868.8837575966,-0.59203357939368,49.893800698634,36072.173323149
1.8875,2.7693923166937,0.65010631039856,0.049893689601439,866.9239553799,-0.59136552471537,49.893689601439,36072.169625025
1.890625,2.7712392929337,0.65010642137043,0.049893578629566,864.96987620082,-0.59069866866403,49.893578629566,36072.165931073
1.89375,2.7730841871134,0.65010653221721,0.049893467782789,863.02149808493,-0.59003300779194,49.893467782789,36072.162241284
1.896875,2.7749270029622,0.65010664293912,0.049893357060884,861.07879916651,-0.58936853866575,49.893357060884,36072.158555653
1.9,2.7767677441991,0.65010675353637,0.049893246463629,859.1417576879,-0.58870525786637,49.893246463629,36072.15487417
1.903125,2.7786064145323,0.6501068640092,0.049893135990799,857.21035199884,-0.58804316198891,49.893135990799,36072.151196829
1.90625,2.7804430176593,0.65010697435783,0.049893025642173,855.28456055576,-0.58738224764256,49.893025642173,36072.147523623
1.909375,2.7822775572673,0.65010708458247,0.04989291541753,853.36436192122,-0.5867225114506,49.89291541753,36072.143854544
1.9125,2.7841100370326,0.65010719468335,0.049892805316648,851.44973476315,-0.5860639500502,49.892805316648,36072.140189584
1.915625,2.7859404606213,0.65010730466069,0.049892695339308,849.5406578543,-0.58540656009248,49.892695339308,36072.136528737
1.91875,2.7877688316889,0.65010741451471,0.049892585485289,847.63711007151,-0.58475033824231,49.892585485289,36072.132871995
1.921875,2.7895951538806,0.65010752424563,0.049892475754373,845.73907039518,-0.58409528117834,49.892475754373,36072.129219351
1.925,2.7914194308313,0.65010763385366,0.049892366146341,843.84651790854,-0.58344138559283,49.892366146341,36072.125570797
1.928125,2.7932416661653,0.65010774333902,0.049892256660975,841.95943179708,-0.58278864819167,49.892256660975,36072.121926326
1.93125,2.7950618634969,0.65010785270194,0.049892147298059,840.07779134791,-0.58213706569423,49.892147298059,36072.118285931
1.934375,2.79688002643,0.65010796194262,0.049892038057375,838.20157594916,-0.58148663483333,49.892038057375,36072.114649606
1.9375,2.7986961585586,0.65010807106129,0.049891928938709,836.33076508935,-0.58083735235514,49.891928938709,36072.111017341
1.940625,2.8005102634661,0.65010818005816,0.049891819941844,834.46533835677,-0.58018921501914,49.891819941844,36072.107389132
1.94375,2.8023223447262,0.65010828893343,0.049891711066565,832.6052754389,-0.57954221959803,49.891711066565,36072.103764969
1.946875,2.8041324059022,0.65010839768734,0.04989160231266,830.75055612179,-0.57889636287763,49.89160231266,36072.100144847
1.95,2.8059404505478,0.65010850632009,0.049891493679913,828.90116028951,-0.57825164165688,49.891493679913,36072.096528757
1.953125,2.8077464822062,0.65010861483189,0.049891385168113,827.05706792349,-0.5776080527477,49.891385168113,36072.092916694
1.95625,2.8095505044111,0.65010872322295,0.049891276777047,825.21825910199,-0.57696559297497,49.891276777047,36072.08930865
1.959375,2.8113525206861,0.6501088314935,0.049891168506503,823.38471399949,-0.57632425917642,49.891168506503,36072.085704617
1.9625,2.8131525345449,0.65010893964373,0.04989106035627,821.55641288614,-0.57568404820259,49.89106035627,36072.082104589
1.965625,2.8149505494915,0.65010904767386,0.049890952326138,819.73333612713,-0.57504495691676,49.890952326138,36072.078508559
1.96875,2.81674656902,0.6501091555841,0.049890844415897,817.9154641822,-0.57440698219487,49.890844415897,36072.07491652
1.971875,2.8185405966148,0.65010926337466,0.049890736625337,816.10277760499,-0.57377012092546,49.890736625337,36072.071328465
1.975,2.8203326357507,0.65010937104575,0.04989062895425,814.29525704254,-0.57313437000959,49.89062895425,36072.067744387
1.978125,2.8221226898926,0.65010947859757,0.049890521402427,812.49288323472,-0.5724997263608,49.890521402427,36072.064164279
1.98125,2.823910762496,0.65010958603034,0.04989041396966,810.69563701365,-0.57186618690502,49.89041396966,36072.060588133
1.984375,2.8256968570067,0.65010969334426,0.049890306655744,808.90349930319,-0.57123374858051,49.890306655744,36072.057015944
1.9875,2.8274809768611,0.65010980053953,0.049890199460471,807.11645111833,-0.57060240833781,49.890199460471,36072.053447705
1.990625,2.8292631254858,0.65010990761637,0.049890092383635,805.33447356476,-0.56997216313964,49.890092383635,36072.049883407
1.99375,2.8310433062982,0.65011001457497,0.049889985425031,803.55754783821,-0.56934300996088,49.889985425031,36072.046323046
1.996875,2.8328215227061,0.65011012141555,0.049889878584455,801.785655224,-0.56871494578848,49.889878584455,36072.042766613
2,2.834597778108,0.6501102281383,0.049889771861701,800.01877709646,-0.56808796762139,49.889771861701,36072.039214102
2.003125,2.836372075893,0.65011033474343,0.049889665256568,798.25689491843,-0.56746207247053,49.889665256568,36072.035665507
2.00625,2.8381444194408,0.65011044123115,0.04988955876885,796.49999024075,-0.56683725735868,49.88955876885,36072.03212082
2.009375,2.8399148121221,0.65011054760165,0.049889452398347,794.74804470171,-0.56621351932047,49.889452398347,36072.028580034
2.0125,2.841683257298,0.65011065385514,0.049889346144855,793.00104002653,-0.56559085540225,49.889346144855,36072.025043144
2.015625,2.8434497583206,0.65011075999183,0.049889240008174,791.2589580269,-0.56496926266211,49.889240008174,36072.021510142
2.01875,2.8452143185327,0.6501108660119,0.049889133988103,789.52178060041,-0.56434873816977,49.889133988103,36072.017981021
2.021875,2.846976941268,0.65011097191556,0.049889028084441,787.7894897301,-0.56372927900652,49.889028084441,36072.014455776
2.025,2.8487376298512,0.65011107770301,0.049888922296989,786.06206748389,-0.56311088226516,49.888922296989,36072.010934399
2.028125,2.8504963875979,0.65011118337445,0.049888816625548,784.33949601418,-0.56249354504996,49.888816625548,36072.007416883
2.03125,2.8522532178145,0.65011128893008,0.049888711069918,782.62175755727,-0.5618772644766,49.888711069918,36072.003903223
2.034375,2.8540081237985,0.6501113943701,0.049888605629901,780.90883443289,-0.56126203767206,49.888605629901,36072.000393411
2.0375,2.8557611088386,0.6501114996947,0.049888500305301,779.20070904377,-0.56064786177464,49.888500305301,36071.996887441
2.040625,2.8575121762144,0.65011160490408,0.04988839509592,777.49736387506,-0.56003473393385,49.88839509592,36071.993385306
2.04375,2.8592613291966,0.65011170999844,0.049888290001561,775.79878149396,-0.55942265131036,49.888290001561,36071.989887
2.046875,2.8610085710471,0.65011181497797,0.049888185022029,774.10494454913,-0.55881161107595,49.888185022029,36071.986392516
2.05,2.8627539050191,0.65011191984287,0.049888080157128,772.4158357703,-0.55820161041344,49.888080157128,36071.982901848
2.053125,2.8644973343567,0.65011202459334,0.049887975406663,770.73143796778,-0.55759264651665,49.887975406663,36071.97941499
2.05625,2.8662388622955,0.65011212922956,0.04988787077044,769.05173403194,-0.55698471659034,49.88787077044,36071.975931934
2.059375,2.8679784920623,0.65011223375173,0.049887766248265,767.37670693286,-0.55637781785015,49.887766248265,36071.972452674
2.0625,2.8697162268753,0.65011233816006,0.049887661839944,765.70633971975,-0.55577194752254,49.887661839944,36071.968977205
2.065625,2.8714520699439,0.65011244245471,0.049887557545285,764.04061552056,-0.55516710284472,49.887557545285,36071.965505519
2.06875,2.8731860244691,0.6501125466359,0.049887453364095,762.37951754151,-0.55456328106466,49.887453364095,36071.962037609
2.071875,2.874918093643,0.65011265070382,0.049887349296183,760.72302906664,-0.55396047944093,49.887349296183,36071.958573471
2.075,2.8766482806495,0.65011275465864,0.049887245341357,759.07113345736,-0.55335869524276,49.887245341357,36071.955113097
2.078125,2.8783765886636,0.65011285850057,0.049887141499427,757.42381415203,-0.55275792574989,49.887141499427,36071.951656481
2.08125,2.8801030208523,0.6501129622298,0.049887037770202,755.78105466546,-0.55215816825257,49.887037770202,36071.948203617
2.084375,2.8818275803736,0.65011306584651,0.049886934153492,754.14283858854,-0.55155942005151,49.886934153492,36071.944754498
2.0875,2.8835502703776,0.65011316935089,0.049886830649109,752.50914958774,-0.55096167845778,49.886830649109,36071.941309118
2.090625,2.8852710940056,0.65011327274314,0.049886727256863,750.87997140473,-0.55036494079281,49.886727256862,36071.93786747
2.09375,2.8869900543908,0.65011337602343,0.049886623976566,749.25528785594,-0.5497692043883,49.886623976566,36071.93442955
2.096875,2.888707154658,0.65011347919197,0.04988652080803,747.63508283211,-0.5491744665862,49.88652080803,36071.930995349
2.1,2.8904223979236,0.65011358224893,0.049886417751069,746.0193402979,-0.54858072473862,49.886417751069,36071.927564863
2.103125,2.892135787296,0.6501136851945,0.049886314805496,744.40804429142,-0.54798797620783,49.886314805496,36071.924138084
2.10625,2.8938473258751,0.65011378802888,0.049886211971123,742.80117892386,-0.54739621836614,49.886211971123,36071.920715007
2.109375,2.8955570167527,0.65011389075223,0.049886109247766,741.19872837906,-0.54680544859593,49.886109247766,36071.917295625
2.1125,2.8972648630126,0.65011399336476,0.049886006635239,739.6006769131,-0.54621566428953,49.886006635239,36071.913879932
2.115625,2.8989708677302,0.65011409586664,0.049885904133358,738.00700885386,-0.5456268628492,49.885904133358,36071.910467923
2.11875,2.9006750339729,0.65011419825806,0.049885801741937,736.41770860067,-0.54503904168708,49.885801741937,36071.90705959
2.121875,2.9023773648002,0.65011430053921,0.049885699460794,734.83276062385,-0.54445219822515,49.885699460794,36071.903654929
2.125,2.9040778632633,0.65011440271025,0.049885597289745,733.25214946438,-0.54386632989516,49.885597289745,36071.900253932
2.128125,2.9057765324055,0.65011450477139,0.049885495228607,731.67585973339,-0.54328143413859,49.885495228607,36071.896856594
2.13125,2.9074733752621,0.6501146067228,0.049885393277198,730.1038761119,-0.54269750840659,49.885393277198,36071.893462908
2.134375,2.9091683948605,0.65011470856466,0.049885291435335,728.53618335031,-0.54211455015998,49.885291435335,36071.890072869
2.1375,2.9108615942201,0.65011481029716,0.049885189702838,726.97276626808,-0.54153255686913,49.885189702838,36071.88668647
2.140625,2.9125529763526,0.65011491192047,0.049885088079526,725.41360975333,-0.54095152601395,49.885088079526,36071.883303706
2.14375,2.9142425442615,0.65011501343478,0.049884986565217,723.85869876242,-0.54037145508387,49.884986565217,36071.87992457
2.146875,2.9159303009429,0.65011511484027,0.049884885159732,722.30801831961,-0.53979234157773,49.884885159732,36071.876549057
2.15,2.9176162493846,0.65011521613711,0.049884783862892,720.76155351666,-0.53921418300379,49.884783862892,36071.87317716
2.153125,2.919300392567,0.65011531732548,0.049884682674517,719.21928951246,-0.53863697687965,49.884682674517,36071.869808873
2.15625,2.9209827334628,0.65011541840557,0.049884581594429,717.68121153264,-0.53806072073221,49.884581594429,36071.866444191
2.159375,2.9226632750366,0.65011551937755,0.04988448062245,716.14730486924,-0.53748541209763,49.88448062245,36071.863083108
2.1625,2.9243420202456,0.6501156202416,0.049884379758401,714.61755488028,-0.5369110485213,49.884379758401,36071.859725618
2.165625,2.9260189720395,0.65011572099789,0.049884279002107,713.09194698944,-0.53633762755775,49.884279002107,36071.856371714
2.16875,2.9276941333599,0.65011582164661,0.049884178353389,711.57046668566,-0.53576514677064,49.884178353389,36071.853021392
2.171875,2.9293675071411,0.65011592218793,0.049884077812072,710.05309952283,-0.53519360373273,49.884077812072,36071.849674644
2.175,2.93103909631,0.65011602262202,0.04988397737798,708.53983111934,-0.53462299602579,49.88397737798,36071.846331466
2.178125,2.9327089037856,0.65011612294906,0.049883877050938,707.03064715784,-0.53405332124056,49.883877050938,36071.842991851
2.18125,2.9343769324795,0.65011622316923,0.04988377683077,705.52553338479,-0.53348457697678,49.88377683077,36071.839655793
2.184375,2.9360431852959,0.6501163232827,0.049883676717302,704.02447561013,-0.53291676084303,49.883676717302,36071.836323288
2.1875,2.9377076651316,0.65011642328964,0.04988357671036,702.52745970699,-0.53234987045679,49.88357671036,36071.832994328
2.190625,2.9393703748757,0.65011652319023,0.04988347680977,701.03447161123,-0.53178390344433,49.88347680977,36071.829668909
2.19375,2.9410313174101,0.65011662298464,0.04988337701536,699.5454973212,-0.5312188574407,49.88337701536,36071.826347024
2.196875,2.9426904956093,0.65011672267304,0.049883277326956,698.06052289734,-0.53065473008969,49.883277326956,36071.823028667
2.2,2.9443479123404,0.65011682225561,0.049883177744387,696.57953446184,-0.53009151904375,49.883177744387,36071.819713834
2.203125,2.9460035704632,0.65011692173252,0.04988307826748,695.10251819834,-0.52952922196398,49.88307826748,36071.816402517
2.20625,2.9476574728303,0.65011702110394,0.049882978896064,693.62946035153,-0.52896783652011,49.882978896064,36071.813094713
2.209375,2.9493096222868,0.65011712037003,0.049882879629968,692.16034722688,-0.52840736039039,49.882879629968,36071.809790414
2.2125,2.9509600216708,0.65011721953098,0.049882780469022,690.69516519028,-0.52784779126161,49.882780469022,36071.806489615
2.215625,2.9526086738131,0.65011731858694,0.049882681413055,689.23390066768,-0.52728912682904,49.882681413055,36071.803192311
2.21875,2.9542555815372,0.6501174175381,0.049882582461898,687.77654014483,-0.52673136479638,49.882582461898,36071.799898495
2.221875,2.9559007476596,0.65011751638462,0.049882483615382,686.32307016688,-0.52617450287573,49.882483615382,36071.796608163
2.225,2.9575441749896,0.65011761512666,0.049882384873338,684.87347733813,-0.52561853878754,49.882384873338,36071.793321308
2.228125,2.9591858663293,0.6501177137644,0.049882286235597,683.42774832161,-0.52506347026057,49.882286235597,36071.790037926
2.23125,2.9608258244739,0.65011781229801,0.049882187701992,681.98586983889,-0.52450929503187,49.882187701992,36071.786758009
2.234375,2.9624640522114,0.65011791072765,0.049882089272355,680.54782866963,-0.52395601084671,49.882089272355,36071.783481554
2.2375,2.9641005523228,0.65011800905348,0.049881990946519,679.1136116514,-0.52340361545858,49.881990946519,36071.780208554
2.240625,2.9657353275821,0.65011810727568,0.049881892724317,677.68320567922,-0.5228521066291,49.881892724317,36071.776939003
2.24375,2.9673683807563,0.65011820539442,0.049881794605583,676.25659770537,-0.52230148212802,49.881794605583,36071.773672897
2.246875,2.9689997146056,0.65011830340985,0.049881696590151,674.83377473902,-0.52175173973317,49.881696590151,36071.770410229
2.25,2.9706293318829,0.65011840132214,0.049881598677856,673.41472384593,-0.52120287723041,49.881598677856,36071.767150995
2.253125,2.9722572353346,0.65011849913147,0.049881500868533,671.99943214817,-0.52065489241363,49.881500868533,36071.763895188
2.25625,2.9738834276999,0.65011859683798,0.049881403162017,670.58788682378,-0.52010778308465,49.881403162017,36071.760642803
2.259375,2.9755079117114,0.65011869444186,0.049881305558144,669.1800751065,-0.51956154705323,49.881305558144,36071.757393835
2.2625,2.9771306900948,0.65011879194325,0.049881208056751,667.77598428546,-0.51901618213703,49.881208056751,36071.754148278
2.265625,2.9787517655687,0.65011888934233,0.049881110657673,666.37560170487,-0.51847168616154,49.881110657673,36071.750906127
2.26875,2.9803711408454,0.65011898663925,0.049881013360748,664.97891476373,-0.51792805696008,49.881013360748,36071.747667377
2.271875,2.9819888186301,0.65011908383419,0.049880916165814,663.58591091555,-0.51738529237375,49.880916165814,36071.744432021
2.275,2.9836048016214,0.65011918092729,0.049880819072708,662.19657766806,-0.51684339025136,49.880819072708,36071.741200055
2.278125,2.9852190925112,0.65011927791873,0.049880722081269,660.8109025829,-0.51630234844947,49.880722081269,36071.737971473
2.28125,2.9868316939845,0.65011937480867,0.049880625191334,659.42887327534,-0.51576216483227,49.880625191334,36071.73474627
2.284375,2.98844260872,0.65011947159726,0.049880528402744,658.050477414,-0.51522283727159,49.880528402744,36071.731524441
2.2875,2.9900518393894,0.65011956828466,0.049880431715338,656.67570272056,-0.51468436364687,49.880431715338,36071.72830598
2.290625,2.9916593886581,0.65011966487104,0.049880335128955,655.30453696947,-0.5141467418451,49.880335128955,36071.725090881
2.29375,2.9932652591847,0.65011976135656,0.049880238643436,653.9369679877,-0.51360996976078,49.880238643436,36071.72187914
2.296875,2.9948694536213,0.65011985774138,0.049880142258622,652.57298365444,-0.51307404529592,49.880142258622,36071.718670751
2.3,2.9964719746134,0.65011995402565,0.049880045974353,651.2125719008,-0.51253896635999,49.880045974353,36071.715465709
2.303125,2.9980728248001,0.65012005020953,0.049879949790471,649.85572070957,-0.51200473086984,49.879949790471,36071.712264009
2.30625,2.999672006814,0.65012014629318,0.049879853706819,648.50241811491,-0.51147133674974,49.879853706819,36071.709065645
2.309375,3.001269523281,0.65012024227676,0.049879757723237,647.15265220216,-0.51093878193129,49.879757723237,36071.705870612
2.3125,3.0028653768208,0.65012033816043,0.049879661839568,645.80641110746,-0.51040706435344,49.879661839568,36071.702678905
2.315625,3.0044595700465,0.65012043394434,0.049879566055657,644.46368301755,-0.50987618196236,49.879566055657,36071.699490518
2.31875,3.0060521055649,0.65012052962865,0.049879470371345,643.1244561695,-0.50934613271153,49.879470371345,36071.696305447
2.321875,3.0076429859764,0.65012062521352,0.049879374786478,641.7887188504,-0.50881691456161,49.879374786478,36071.693123686
2.325,3.009232213875,0.6501207206991,0.049879279300898,640.45645939717,-0.50828852548044,49.879279300898,36071.689945231
2.328125,3.0108197918484,0.65012081608555,0.04987918391445,639.12766619622,-0.50776096344302,49.87918391445,36071.686770075
2.33125,3.012405722478,0.65012091137302,0.04987908862698,637.80232768326,-0.50723422643146,49.87908862698,36071.683598213
2.334375,3.0139900083387,0.65012100656167,0.049878993438333,636.48043234296,-0.50670831243494,49.878993438333,36071.680429642
2.3375,3.0155726519995,0.65012110165165,0.049878898348354,635.16196870881,-0.5061832194497,49.878898348354,36071.677264354
2.340625,3.0171536560229,0.65012119664311,0.049878803356889,633.84692536273,-0.505658945479,49.878803356889,36071.674102346
2.34375,3.0187330229652,0.65012129153621,0.049878708463785,632.53529093494,-0.50513548853308,49.878708463785,36071.670943612
2.346875,3.0203107553764,0.65012138633111,0.049878613668889,631.22705410361,-0.50461284662912,49.878613668889,36071.667788148
2.35,3.0218868558006,0.65012148102795,0.049878518972047,629.92220359465,-0.50409101779121,49.878518972047,36071.664635947
2.353125,3.0234613267755,0.65012157562689,0.049878424373107,628.6207281815,-0.50357000005038,49.878424373107,36071.661487005
2.35625,3.0250341708326,0.65012167012808,0.049878329871918,627.32261668483,-0.50304979144446,49.878329871918,36071.658341317
2.359375,3.0266053904976,0.65012176453167,0.049878235468327,626.02785797229,-0.50253039001812,49.878235468327,36071.655198877
2.3625,3.0281749882897,0.65012185883782,0.049878141162183,624.73644095829,-0.50201179382284,49.878141162183,36071.652059682
2.365625,3.0297429667224,0.65012195304667,0.049878046953334,623.44835460378,-0.50149400091685,49.878046953334,36071.648923725
2.36875,3.0313093283028,0.65012204715837,0.049877952841632,622.16358791594,-0.5009770093651,49.877952841632,36071.645791002
2.371875,3.0328740755322,0.65012214117308,0.049877858826924,620.88212994802,-0.50046081723926,49.877858826924,36071.642661507
2.375,3.0344372109058,0.65012223509094,0.049877764909061,619.60396979904,-0.49994542261766,49.877764909061,36071.639535237
2.378125,3.0359987369129,0.65012232891211,0.049877671087894,618.32909661359,-0.49943082358527,49.877671087894,36071.636412185
2.38125,3.0375586560366,0.65012242263673,0.049877577363273,617.05749958157,-0.49891701823368,49.877577363273,36071.633292346
2.384375,3.0391169707542,0.65012251626495,0.04987748373505,615.789167938,-0.49840400466104,49.87748373505,36071.630175717
2.3875,3.0406736835371,0.65012260979692,0.049877390203076,614.5240909627,-0.49789178097206,49.877390203076,36071.627062291
2.390625,3.0422287968508,0.6501227032328,0.049877296767203,613.26225798016,-0.49738034527797,49.877296767203,36071.623952065
2.39375,3.0437823131547,0.65012279657272,0.049877203427283,612.00365835924,-0.49686969569649,49.877203427283,36071.620845032
2.396875,3.0453342349027,0.65012288981683,0.049877110183168,610.748281513,-0.49635983035181,49.877110183168,36071.617741189
2.4,3.0468845645423,0.65012298296529,0.049877017034713,609.4961168984,-0.49585074737452,49.877017034713,36071.614640529
2.403125,3.0484333045158,0.65012307601823,0.049876923981769,608.24715401614,-0.49534244490164,49.876923981769,36071.611543049
2.40625,3.0499804572592,0.65012316897581,0.049876831024191,607.00138241042,-0.49483492107658,49.876831024191,36071.608448744
2.409375,3.051526025203,0.65012326183817,0.049876738161832,605.75879166869,-0.49432817404904,49.876738161832,36071.605357608
2.4125,3.0530700107717,0.65012335460545,0.049876645394547,604.51937142145,-0.49382220197509,49.876645394547,36071.602269637
2.415625,3.0546124163843,0.65012344727781,0.04987655272219,603.28311134205,-0.49331700301707,49.87655272219,36071.599184826
2.41875,3.0561532444538,0.65012353985538,0.049876460144618,602.05000114642,-0.49281257534357,49.876460144618,36071.596103169
2.421875,3.0576924973877,0.65012363233832,0.049876367661684,600.82003059291,-0.49230891712941,49.876367661684,36071.593024664
2.425,3.0592301775876,0.65012372472676,0.049876275273244,599.59318948203,-0.49180602655563,49.876275273244,36071.589949303
2.428125,3.0607662874498,0.65012381702084,0.049876182979155,598.36946765626,-0.49130390180945,49.876182979155,36071.586877083
2.43125,3.0623008293644,0.65012390922073,0.049876090779273,597.14885499983,-0.49080254108421,49.876090779273,36071.583808
2.434375,3.0638338057164,0.65012400132654,0.049875998673455,595.93134143852,-0.4903019425794,49.875998673455,36071.580742047
2.4375,3.0653652188847,0.65012409333844,0.049875906661558,594.7169169394,-0.48980210450059,49.875906661558,36071.577679221
2.440625,3.0668950712431,0.65012418525656,0.049875814743439,593.50557151072,-0.48930302505941,49.875814743439,36071.574619516
2.44375,3.0684233651594,0.65012427708104,0.049875722918955,592.29729520157,-0.48880470247355,49.875722918955,36071.571562928
2.446875,3.069950102996,0.65012436881203,0.049875631187966,591.09207810181,-0.48830713496669,49.875631187966,36071.568509452
2.45,3.0714752871099,0.65012446044967,0.049875539550329,589.88991034175,-0.48781032076851,49.875539550329,36071.565459084
2.453125,3.0729989198522,0.6501245519941,0.049875448005903,588.69078209201,-0.48731425811465,49.875448005903,36071.562411819
2.45625,3.074521003569,0.65012464344545,0.049875356554547,587.49468356332,-0.48681894524668,49.875356554547,36071.559367651
2.459375,3.0760415406004,0.65012473480388,0.04987526519612,586.30160500627,-0.48632438041206,49.87526519612,36071.556326577
2.4625,3.0775605332815,0.65012482606952,0.049875173930483,585.11153671115,-0.48583056186417,49.875173930483,36071.553288592
2.465625,3.0790779839416,0.6501249172425,0.049875082757495,583.92446900776,-0.4853374878622,49.875082757495,36071.550253691
2.46875,3.0805938949047,0.65012500832298,0.049874991677017,582.74039226515,-0.4848451566712,49.874991677017,36071.547221869
2.471875,3.0821082684894,0.65012509931109,0.049874900688908,581.55929689151,-0.484353566562,49.874900688908,36071.544193121
2.475,3.083621107009,0.65012519020697,0.049874809793032,580.3811733339,-0.48386271581125,49.874809793032,36071.541167444
2.478125,3.0851324127711,0.65012528101075,0.049874718989248,579.20601207808,-0.48337260270129,49.874718989248,36071.538144833
2.48125,3.0866421880784,0.65012537172258,0.049874628277418,578.03380364836,-0.48288322552023,49.874628277418,36071.535125282
2.484375,3.0881504352278,0.6501254623426,0.049874537657404,576.86453860732,-0.48239458256188,49.874537657404,36071.532108788
2.4875,3.0896571565112,0.65012555287093,0.049874447129069,575.69820755568,-0.4819066721257,49.874447129069,36071.529095345
2.490625,3.0911623542152,0.65012564330772,0.049874356692276,574.53480113214,-0.48141949251684,49.874356692276,36071.52608495
2.49375,3.0926660306207,0.65012573365311,0.049874266346886,573.3743100131,-0.48093304204604,49.874266346886,36071.523077597
2.496875,3.0941681880039,0.65012582390724,0.049874176092764,572.21672491254,-0.48044731902966,49.874176092764,36071.520073282
2.5,3.0956688286354,0.65012591407023,0.049874085929773,571.06203658179,-0.47996232178965,49.874085929773,36071.517072001
2.503125,3.0971679547806,0.65012600414222,0.049873995857777,569.91023580943,-0.47947804865348,49.873995857777,36071.514073749
2.50625,3.0986655686998,0.65012609412336,0.04987390587664,568.76131342099,-0.47899449795419,49.87390587664,36071.511078521
2.509375,3.1001616726479,0.65012618401377,0.049873815986226,567.61526027882,-0.47851166803029,49.873815986226,36071.508086313
2.5125,3.1016562688749,0.6501262738136,0.049873726186401,566.47206728196,-0.4780295572258,49.873726186401,36071.505097121
2.515625,3.1031493596253,0.65012636352297,0.04987363647703,565.33172536586,-0.47754816389018,49.87363647703,36071.502110939
2.51875,3.1046409471388,0.65012645314202,0.049873546857977,564.19422550227,-0.47706748637832,49.873546857977,36071.499127764
2.521875,3.1061310336497,0.65012654267089,0.049873457329109,563.05955869902,-0.47658752305054,49.873457329109,36071.496147591
2.525,3.1076196213872,0.65012663210971,0.049873367890292,561.92771599989,-0.47610827227253,49.873367890292,36071.493170416
2.528125,3.1091067125756,0.65012672145861,0.049873278541392,560.79868848439,-0.47562973241536,49.873278541392,36071.490196233
2.53125,3.1105923094339,0.65012681071772,0.049873189282276,559.67246726759,-0.47515190185541,49.873189282276,36071.48722504
2.534375,3.1120764141763,0.65012689988719,0.049873100112811,558.54904349997,-0.47467477897442,49.873100112811,36071.48425683
2.5375,3.1135590290116,0.65012698896714,0.049873011032864,557.42840836723,-0.47419836215938,49.873011032864,36071.4812916
2.540625,3.1150401561438,0.6501270779577,0.049872922042303,556.3105530901,-0.4737226498026,49.872922042303,36071.478329346
2.54375,3.1165197977718,0.65012716685901,0.049872833140995,555.1954689242,-0.4732476403016,49.872833140995,36071.475370063
2.546875,3.1179979560897,0.65012725567119,0.049872744328808,554.08314715986,-0.47277333205913,49.872744328808,36071.472413746
2.55,3.1194746332862,0.65012734439439,0.049872655605612,552.97357912191,-0.47229972348316,49.872655605612,36071.469460392
2.553125,3.1209498315455,0.65012743302872,0.049872566971275,551.86675616962,-0.47182681298685,49.872566971275,36071.466509995
2.55625,3.1224235530465,0.65012752157433,0.049872478425666,550.76266969639,-0.47135459898849,49.872478425666,36071.463562552
2.559375,3.1238957999633,0.65012761003135,0.049872389968655,549.66131112968,-0.47088307991153,49.872389968655,36071.460618058
2.5625,3.1253665744652,0.65012769839989,0.049872301600111,548.5626719308,-0.47041225418452,49.872301600111,36071.457676509
2.565625,3.1268358787163,0.6501277866801,0.049872213319903,547.4667435948,-0.46994212024112,49.872213319903,36071.454737901
2.56875,3.1283037148761,0.6501278748721,0.049872125127903,546.37351765024,-0.46947267652005,49.872125127903,36071.451802229
2.571875,3.1297700850991,0.65012796297602,0.049872037023981,545.28298565904,-0.46900392146508,49.872037023981,36071.448869488
2.575,3.131234991535,0.65012805099199,0.049871949008008,544.19513921636,-0.46853585352503,49.871949008008,36071.445939675
2.578125,3.1326984363285,0.65012813892015,0.049871861079854,543.10996995042,-0.46806847115368,49.871861079854,36071.443012786
2.58125,3.1341604216197,0.65012822676061,0.049871773239392,542.02746952231,-0.46760177280986,49.871773239392,36071.440088815
2.584375,3.1356209495438,0.65012831451351,0.049871685486493,540.94762962584,-0.4671357569573,49.871685486493,36071.437167759
2.5875,3.1370800222312,0.65012840217897,0.049871597821028,539.87044198745,-0.46667042206473,49.871597821028,36071.434249614
2.590625,3.1385376418074,0.65012848975713,0.049871510242871,538.79589836593,-0.46620576660577,49.871510242871,36071.431334375
2.59375,3.1399938103934,0.65012857724811,0.049871422751894,537.72399055239,-0.46574178905895,49.871422751894,36071.428422038
2.596875,3.1414485301052,0.65012866465203,0.04987133534797,536.65471037,-0.46527848790767,49.87133534797,36071.425512598
2.6,3.1429018030542,0.65012875196903,0.049871248030971,535.58804967391,-0.46481586164022,49.871248030971,36071.422606052
2.603125,3.1443536313471,0.65012883919923,0.049871160800772,534.52400035107,-0.4643539087497,49.871160800772,36071.419702396
2.60625,3.1458040170859,0.65012892634275,0.049871073657246,533.46255432004,-0.46389262773405,49.871073657246,36071.416801624
2.609375,3.1472529623678,0.65012901339973,0.049870986600266,532.40370353092,-0.46343201709601,49.870986600266,36071.413903734
2.6125,3.1487004692854,0.65012910037029,0.049870899629708,531.34743996511,-0.46297207534307,49.870899629708,36071.41100872
2.615625,3.1501465399267,0.65012918725455,0.049870812745446,530.29375563523,-0.46251280098751,49.870812745446,36071.408116579
2.61875,3.151591176375,0.65012927405265,0.049870725947354,529.24264258494,-0.46205419254635,49.870725947354,36071.405227306
2.621875,3.1530343807088,0.65012936076469,0.049870639235308,528.19409288878,-0.46159624854131,49.870639235308,36071.402340897
2.625,3.1544761550025,0.65012944739082,0.049870552609183,527.14809865203,-0.46113896749883,49.870552609183,36071.399457348
2.628125,3.1559165013252,0.65012953393114,0.049870466068855,526.1046520106,-0.46068234795,49.870466068855,36071.396576656
2.63125,3.1573554217421,0.6501296203858,0.0498703796142,525.06374513083,-0.46022638843061,49.8703796142,36071.393698815
2.634375,3.1587929183133,0.65012970675491,0.049870293245093,524.02537020938,-0.45977108748105,49.870293245093,36071.390823822
2.6375,3.1602289930946,0.65012979303859,0.049870206961412,522.98951947306,-0.45931644364637,49.870206961412,36071.387951672
2.640625,3.1616636481374,0.65012987923697,0.049870120763033,521.95618517871,-0.4588624554762,49.870120763033,36071.385082362
2.64375,3.1630968854881,0.65012996535017,0.049870034649833,520.92535961306,-0.45840912152476,49.870034649833,36071.382215887
2.646875,3.1645287071891,0.65013005137831,0.04986994862169,519.89703509256,-0.45795644035083,49.86994862169,36071.379352244
2.65,3.1659591152781,0.65013013732152,0.049869862678481,518.87120396325,-0.45750441051774,49.869862678481,36071.376491428
2.653125,3.1673881117881,0.65013022317992,0.049869776820084,517.84785860065,-0.45705303059333,49.869776820084,36071.373633435
2.65625,3.1688156987481,0.65013030895362,0.049869691046376,516.82699140956,-0.45660229914998,49.869691046376,36071.370778261
2.659375,3.1702418781821,0.65013039464276,0.049869605357237,515.80859482401,-0.45615221476453,49.869605357237,36071.367925902
2.6625,3.1716666521102,0.65013048024745,0.049869519752545,514.79266130702,-0.45570277601831,49.869519752545,36071.365076354
2.665625,3.1730900225477,0.65013056576782,0.049869434232179,513.77918335052,-0.45525398149708,49.869434232179,36071.362229613
2.66875,3.1745119915056,0.65013065120398,0.049869348796019,512.76815347523,-0.45480582979105,49.869348796018,36071.359385675
2.671875,3.1759325609906,0.65013073655606,0.049869263443942,511.75956423048,-0.45435831949484,49.869263443942,36071.356544536
2.675,3.1773517330047,0.65013082182417,0.04986917817583,510.75340819412,-0.45391144920748,49.86917817583,36071.353706192
2.678125,3.178769509546,0.65013090700844,0.049869092991562,509.74967797231,-0.45346521753235,49.869092991562,36071.350870639
2.68125,3.1801858926079,0.65013099210898,0.049869007891019,508.74836619949,-0.45301962307721,49.869007891019,36071.348037873
2.684375,3.1816008841794,0.65013107712592,0.04986892287408,507.7494655382,-0.45257466445417,49.86892287408,36071.34520789
2.6875,3.1830144862456,0.65013116205937,0.049868837940627,506.75296867889,-0.45213034027964,49.868837940627,36071.342380686
2.690625,3.1844267007867,0.65013124690946,0.049868753090541,505.7588683399,-0.45168664917437,49.868753090541,36071.339556257
2.69375,3.1858375297792,0.6501313316763,0.049868668323702,504.76715726722,-0.45124358976337,49.868668323702,36071.336734599
2.696875,3.1872469751947,0.65013141636001,0.049868583639993,503.77782823447,-0.45080116067594,49.868583639993,36071.333915708
2.7,3.1886550390011,0.6501315009607,0.049868499039296,502.79087404269,-0.45035936054563,49.868499039296,36071.33109958
2.703125,3.1900617231615,0.65013158547851,0.049868414521491,501.80628752022,-0.44991818801023,49.868414521491,36071.328286212
2.70625,3.1914670296353,0.65013166991354,0.049868330086463,500.8240615226,-0.44947764171174,49.868330086463,36071.325475599
2.709375,3.1928709603772,0.65013175426591,0.049868245734092,499.84418893244,-0.44903772029636,49.868245734092,36071.322667738
2.7125,3.1942735173378,0.65013183853574,0.049868161464262,498.86666265928,-0.4485984224145,49.868161464262,36071.319862624
2.715625,3.1956747024637,0.65013192272314,0.049868077276856,497.89147563949,-0.44815974672072,49.868077276856,36071.317060253
2.71875,3.1970745176971,0.65013200682824,0.049867993171757,496.9186208361,-0.44772169187373,49.867993171757,36071.314260623
2.721875,3.198472964976,0.65013209085115,0.049867909148849,495.94809123872,-0.44728425653639,49.867909148849,36071.311463728
2.725,3.1998700462344,0.65013217479198,0.049867825208016,494.97987986338,-0.44684743937566,49.867825208016,36071.308669566
2.728125,3.2012657634019,0.65013225865086,0.049867741349142,494.01397975244,-0.44641123906261,49.867741349142,36071.305878132
2.73125,3.2026601184042,0.65013234242789,0.04986765757211,493.05038397446,-0.44597565427239,49.86765757211,36071.303089422
2.734375,3.2040531131626,0.65013242612319,0.049867573876806,492.08908562409,-0.44554068368423,49.867573876806,36071.300303432
2.7375,3.2054447495946,0.65013250973689,0.049867490263114,491.13007782189,-0.4451063259814,49.867490263114,36071.297520159
2.740625,3.2068350296133,0.65013259326908,0.04986740673092,490.17335371429,-0.44467257985122,49.86740673092,36071.294739599
2.74375,3.2082239551278,0.65013267671989,0.049867323280108,489.21890647342,-0.444239443985,49.867323280108,36071.291961748
2.746875,3.2096115280432,0.65013276008944,0.049867239910565,488.26672929701,-0.44380691707808,49.867239910565,36071.289186602
2.75,3.2109977502606,0.65013284337782,0.049867156622175,487.31681540826,-0.44337499782979,49.867156622175,36071.286414158
2.753125,3.2123826236766,0.65013292658517,0.049867073414826,486.36915805575,-0.4429436849434,49.867073414826,36071.283644411
2.75625,3.2137661501844,0.6501330097116,0.049866990288403,485.42375051329,-0.44251297712616,49.866990288403,36071.280877358
2.759375,3.2151483316726,0.65013309275721,0.049866907242792,484.48058607982,-0.44208287308926,49.866907242792,36071.278112995
2.7625,3.216529170026,0.65013317572212,0.049866824277881,483.53965807931,-0.4416533715478,49.866824277881,36071.275351318
2.765625,3.2179086671256,0.65013325860644,0.049866741393557,482.6009598606,-0.4412244712208,49.866741393557,36071.272592324
2.76875,3.219286824848,0.65013334141029,0.049866658589707,481.66448479734,-0.44079617083116,49.866658589707,36071.269836009
2.771875,3.2206636450661,0.65013342413378,0.049866575866218,480.73022628785,-0.44036846910566,49.866575866218,36071.267082368
2.775,3.2220391296488,0.65013350677702,0.049866493222977,479.79817775498,-0.43994136477495,49.866493222977,36071.264331399
2.778125,3.2234132804609,0.65013358934013,0.049866410659874,478.86833264605,-0.43951485657351,49.866410659874,36071.261583097
2.78125,3.2247860993633,0.6501336718232,0.049866328176796,477.94068443273,-0.43908894323966,49.866328176796,36071.25883746
2.784375,3.2261575882132,0.65013375422637,0.049866245773632,477.01522661088,-0.43866362351553,49.866245773632,36071.256094482
2.7875,3.2275277488634,0.65013383654973,0.049866163450269,476.09195270052,-0.43823889614706,49.866163450269,36071.253354161
2.790625,3.2288965831633,0.6501339187934,0.049866081206598,475.17085624562,-0.43781475988397,49.866081206598,36071.250616492
2.79375,3.230264092958,0.65013400095749,0.049865999042507,474.25193081407,-0.43739121347974,49.865999042507,36071.247881472
2.796875,3.231630280089,0.65013408304211,0.049865916957886,473.33516999756,-0.4369682556916,49.865916957886,36071.245149098
2.8,3.2329951463936,0.65013416504738,0.049865834952623,472.42056741144,-0.43654588528055,49.865834952623,36071.242419366
2.803125,3.2343586937056,0.65013424697339,0.04986575302661,471.50811669465,-0.43612410101128,49.86575302661,36071.239692271
2.80625,3.2357209238548,0.65013432882026,0.049865671179736,470.59781150957,-0.43570290165222,49.865671179736,36071.236967811
2.809375,3.2370818386669,0.65013441058811,0.049865589411892,469.68964554195,-0.43528228597547,49.865589411892,36071.234245981
2.8125,3.2384414399642,0.65013449227703,0.049865507722967,468.7836125008,-0.43486225275683,49.865507722967,36071.231526778
2.815625,3.239799729565,0.65013457388715,0.049865426112853,467.87970611827,-0.43444280077575,49.865426112853,36071.228810199
2.81875,3.2411567092836,0.65013465541856,0.04986534458144,466.97792014956,-0.43402392881534,49.86534458144,36071.22609624
2.821875,3.2425123809308,0.65013473687138,0.049865263128621,466.07824837278,-0.43360563566236,49.865263128621,36071.223384897
2.825,3.2438667463134,0.65013481824571,0.049865181754285,465.18068458893,-0.43318792010717,49.865181754285,36071.220676166
2.828125,3.2452198072346,0.65013489954167,0.049865100458326,464.28522262169,-0.43277078094375,49.865100458326,36071.217970044
2.83125,3.2465715654937,0.65013498075937,0.049865019240635,463.3918563174,-0.43235421696967,49.865019240635,36071.215266527
2.834375,3.2479220228863,0.6501350618989,0.049864938101103,462.50057954493,-0.4319382269861,49.864938101103,36071.212565613
2.8375,3.2492711812042,0.65013514296038,0.049864857039624,461.61138619557,-0.43152280979775,49.864857039624,36071.209867296
2.840625,3.2506190422357,0.65013522394391,0.04986477605609,460.72427018293,-0.4311079642129,49.86477605609,36071.207171574
2.84375,3.251965607765,0.65013530484961,0.049864695150393,459.83922544287,-0.43069368904336,49.864695150393,36071.204478443
2.846875,3.2533108795729,0.65013538567757,0.049864614322427,458.95624593335,-0.43027998310447,49.864614322427,36071.201787899
2.85,3.2546548594365,0.65013546642792,0.049864533572085,458.07532563439,-0.42986684521508,49.864533572085,36071.19909994
2.853125,3.2559975491289,0.65013554710074,0.04986445289926,457.19645854791,-0.42945427419754,49.86445289926,36071.19641456
2.85625,3.2573389504199,0.65013562769615,0.049864372303846,456.31963869768,-0.42904226887767,49.864372303846,36071.193731758
2.859375,3.2586790650754,0.65013570821426,0.049864291785737,455.4448601292,-0.42863082808479,49.864291785737,36071.191051528
2.8625,3.2600178948578,0.65013578865517,0.049864211344827,454.57211690961,-0.42821995065164,49.864211344827,36071.188373869
2.865625,3.2613554415257,0.65013586901899,0.049864130981011,453.70140312759,-0.42780963541443,49.864130981011,36071.185698775
2.86875,3.2626917068342,0.65013594930582,0.049864050694182,452.83271289328,-0.42739988121279,49.864050694182,36071.183026245
2.871875,3.2640266925347,0.65013602951576,0.049863970484237,451.96604033813,-0.42699068688978,49.863970484237,36071.180356273
2.875,3.2653604003751,0.65013610964893,0.049863890351068,451.10137961491,-0.42658205129183,49.863890351068,36071.177688858
2.878125,3.2666928320995,0.65013618970543,0.049863810294573,450.23872489749,-0.4261739732688,49.863810294573,36071.175023994
2.88125,3.2680239894487,0.65013626968535,0.049863730314646,449.37807038084,-0.4257664516739,49.863730314646,36071.172361679
2.884375,3.2693538741596,0.65013634958882,0.049863650411183,448.51941028088,-0.42535948536372,49.863650411183,36071.16970191
2.8875,3.2706824879657,0.65013642941592,0.04986357058408,447.66273883445,-0.42495307319819,49.86357058408,36071.167044682
2.890625,3.2720098325971,0.65013650916677,0.049863490833232,446.80805029916,-0.42454721404058,49.863490833232,36071.164389993
2.89375,3.2733359097799,0.65013658884146,0.049863411158537,445.95533895329,-0.4241419067575,49.863411158537,36071.161737839
2.896875,3.2746607212372,0.65013666844011,0.04986333155989,445.10459909579,-0.42373715021885,49.86333155989,36071.159088216
2.9,3.2759842686881,0.65013674796281,0.049863252037189,444.25582504604,-0.42333294329785,49.863252037189,36071.156441121
2.903125,3.2773065538486,0.65013682740967,0.049863172590329,443.40901114392,-0.422929284871,49.863172590329,36071.153796551
2.90625,3.2786275784309,0.65013690678079,0.049863093219209,442.56415174959,-0.42252617381806,49.863093219209,36071.151154502
2.909375,3.2799473441438,0.65013698607627,0.049863013923726,441.72124124351,-0.42212360902207,49.863013923726,36071.14851497
2.9125,3.2812658526927,0.65013706529622,0.049862934703777,440.88027402623,-0.42172158936932,49.862934703777,36071.145877953
2.915625,3.2825831057792,0.65013714444074,0.04986285555926,440.04124451843,-0.42132011374933,49.86285555926,36071.143243447
2.91875,3.283899105102,0.65013722350993,0.049862776490072,439.20414716073,-0.42091918105485,49.862776490072,36071.140611448
2.921875,3.2852138523558,0.65013730250389,0.049862697496113,438.36897641365,-0.42051879018183,49.862697496113,36071.137981954
2.925,3.2865273492321,0.65013738142272,0.04986261857728,437.53572675753,-0.42011894002943,49.86261857728,36071.13535496
2.928125,3.287839597419,0.65013746026653,0.049862539733473,436.7043926924,-0.4197196295,49.862539733473,36071.132730464
2.93125,3.2891505986012,0.65013753903541,0.049862460964588,435.87496873795,-0.41932085749907,49.862460964588,36071.130108461
2.934375,3.2904603544597,0.65013761772947,0.049862382270527,435.04744943339,-0.4189226229353,49.862382270527,36071.127488949
2.9375,3.2917688666723,0.65013769634881,0.049862303651188,434.22182933742,-0.41852492472056,49.862303651188,36071.124871925
2.940625,3.2930761369136,0.65013777489353,0.04986222510647,433.39810302809,-0.41812776176981,49.86222510647,36071.122257385
2.94375,3.2943821668544,0.65013785336373,0.049862146636273,432.57626510274,-0.41773113300115,49.862146636273,36071.119645325
2.946875,3.2956869581625,0.6501379317595,0.049862068240497,431.75631017795,-0.41733503733582,49.862068240497,36071.117035742
2.95,3.2969905125021,0.65013801008096,0.049861989919042,430.93823288939,-0.41693947369814,49.861989919042,36071.114428633
2.953125,3.2982928315341,0.65013808832819,0.049861911671807,430.12202789177,-0.41654444101551,49.861911671807,36071.111823995
2.95625,3.299593916916,0.65013816650131,0.049861833498694,429.30768985879,-0.41614993821845,49.861833498694,36071.109221825
2.959375,3.3008937703022,0.6501382446004,0.049861755399603,428.49521348299,-0.41575596424051,49.861755399603,36071.106622118
2.9625,3.3021923933435,0.65013832262556,0.049861677374435,427.68459347572,-0.41536251801833,49.861677374435,36071.104024872
2.965625,3.3034897876874,0.65013840057691,0.049861599423091,426.87582456705,-0.41496959849158,49.861599423091,36071.101430083
2.96875,3.3047859549783,0.65013847845453,0.049861521545471,426.06890150565,-0.41457720460295,49.861521545471,36071.098837748
2.971875,3.3060808968572,0.65013855625852,0.049861443741478,425.26381905879,-0.41418533529818,49.861443741478,36071.096247865
2.975,3.3073746149617,0.65013863398899,0.049861366011014,424.46057201215,-0.41379398952601,49.861366011014,36071.093660428
2.978125,3.3086671109262,0.65013871164602,0.049861288353979,423.65915516986,-0.41340316623817,49.861288353979,36071.091075437
2.98125,3.3099583863818,0.65013878922972,0.049861210770275,422.85956335432,-0.4130128643894,49.861210770275,36071.088492886
2.984375,3.3112484429565,0.65013886674019,0.049861133259806,422.06179140617,-0.41262308293741,49.861133259806,36071.085912772
2.9875,3.3125372822748,0.65013894417753,0.049861055822473,421.26583418422,-0.41223382084286,49.861055822473,36071.083335094
2.990625,3.3138249059582,0.65013902154182,0.04986097845818,420.47168656536,-0.4118450770694,49.86097845818,36071.080759846
2.99375,3.3151113156247,0.65013909883317,0.049860901166828,419.67934344443,-0.41145685058358,49.860901166828,36071.078187027
2.996875,3.3163965128893,0.65013917605168,0.04986082394832,418.88879973424,-0.41106914035492,49.86082394832,36071.075616633
3,3.3176804993636,0.65013925319744,0.049860746802561,418.10005036543,-0.41068194535585,49.860746802561,36071.07304866
3.003125,3.3189632766562,0.65013933027055,0.049860669729453,417.31309028639,-0.4102952645617,49.860669729453,36071.070483105
3.00625,3.3202448463724,0.6501394072711,0.0498605927289,416.52791446324,-0.40990909695074,49.8605927289,36071.067919966
3.009375,3.3215252101143,0.65013948419919,0.049860515800805,415.74451787966,-0.40952344150407,49.860515800805,36071.065359238
3.0125,3.3228043694808,0.65013956105493,0.049860438945073,414.96289553692,-0.40913829720572,49.860438945073,36071.062800919
3.015625,3.3240823260676,0.65013963783839,0.049860362161607,414.18304245372,-0.40875366304256,49.860362161607,36071.060245006
3.01875,3.3253590814674,0.65013971454969,0.049860285450312,413.40495366618,-0.40836953800434,49.860285450312,36071.057691495
3.021875,3.3266346372696,0.65013979118891,0.049860208811093,412.6286242277,-0.40798592108364,49.860208811093,36071.055140384
3.025,3.3279089950605,0.65013986775615,0.049860132243854,411.85404920896,-0.40760281127588,49.860132243854,36071.052591668
3.028125,3.3291821564233,0.6501399442515,0.0498600557485,411.08122369779,-0.40722020757931,49.8600557485,36071.050045346
3.03125,3.330454122938,0.65014002067506,0.049859979324936,410.31014279911,-0.406838108995,49.859979324936,36071.047501413
3.034375,3.3317248961815,0.65014009702693,0.049859902973067,409.54080163486,-0.4064565145268,49.859902973067,36071.044959866
3.0375,3.3329944777276,0.6501401733072,0.049859826692799,408.77319534396,-0.4060754231814,49.859826692799,36071.042420703
3.040625,3.3342628691471,0.65014024951596,0.049859750484037,408.00731908217,-0.40569483396823,49.859750484037,36071.03988392
3.04375,3.3355300720076,0.65014032565331,0.049859674346688,407.24316802209,-0.40531474589952,49.859674346688,36071.037349514
3.046875,3.3367960878735,0.65014040171934,0.049859598280657,406.48073735303,-0.40493515799026,49.859598280657,36071.034817483
3.05,3.3380609183065,0.65014047771415,0.04985952228585,405.72002228097,-0.40455606925819,49.85952228585,36071.032287822
3.053125,3.3393245648648,0.65014055363783,0.049859446362174,404.9610180285,-0.40417747872379,49.859446362174,36071.029760529
3.05625,3.3405870291039,0.65014062949047,0.049859370509535,404.20371983472,-0.40379938541029,49.859370509535,36071.0272356
3.059375,3.341848312576,0.65014070527216,0.04985929472784,403.44812295518,-0.40342178834363,49.85929472784,36071.024713033
3.0625,3.3431084168303,0.650140780983,0.049859219016996,402.69422266184,-0.40304468655246,49.859219016996,36071.022192825
3.065625,3.3443673434132,0.65014085662309,0.04985914337691,401.94201424293,-0.40266807906815,49.85914337691,36071.019674972
3.06875,3.3456250938677,0.65014093219251,0.049859067807489,401.19149300297,-0.40229196492475,49.859067807489,36071.017159471
3.071875,3.3468816697342,0.65014100769136,0.049858992308642,400.44265426264,-0.401916343159,49.858992308642,36071.014646319
3.075,3.3481370725497,0.65014108311973,0.049858916880274,399.69549335872,-0.4015412128103,49.858916880274,36071.012135513
3.078125,3.3493913038485,0.6501411584777,0.049858841522295,398.95000564407,-0.40116657292075,49.858841522295,36071.009627051
3.08125,3.3506443651617,0.65014123376539,0.049858766234612,398.20618648748,-0.40079242253508,49.858766234612,36071.007120928
3.084375,3.3518962580175,0.65014130898287,0.049858691017134,397.46403127366,-0.40041876070065,49.858691017134,36071.004617142
3.0875,3.3531469839413,0.65014138413023,0.049858615869768,396.72353540318,-0.40004558646748,49.858615869768,36071.00211569
3.090625,3.3543965444553,0.65014145920758,0.049858540792424,395.98469429238,-0.39967289888822,49.858540792424,36070.999616569
3.09375,3.3556449410787,0.65014153421499,0.049858465785009,395.2475033733,-0.39930069701812,49.858465785009,36070.997119776
3.096875,3.356892175328,0.65014160915257,0.049858390847434,394.51195809361,-0.39892897991504,49.858390847434,36070.994625308
3.1,3.3581382487166,0.65014168402039,0.049858315979607,393.77805391658,-0.39855774663943,49.858315979607,36070.992133161
3.103125,3.359383162755,0.65014175881856,0.049858241181437,393.04578632098,-0.39818699625435,49.858241181437,36070.989643333
3.10625,3.3606269189508,0.65014183354717,0.049858166452833,392.31515080104,-0.39781672782543,49.858166452833,36070.98715582
3.109375,3.3618695188086,0.65014190820629,0.049858091793706,391.58614286637,-0.39744694042085,49.858091793706,36070.984670621
3.1125,3.3631109638302,0.65014198279604,0.049858017203965,390.85875804188,-0.39707763311137,49.858017203965,36070.982187731
3.115625,3.3643512555144,0.65014205731648,0.049857942683519,390.13299186775,-0.3967088049703,49.857942683519,36070.979707147
3.11875,3.3655903953573,0.65014213176772,0.04985786823228,389.40883989937,-0.39634045507349,49.85786823228,36070.977228868
3.121875,3.3668283848517,0.65014220614984,0.049857793850157,388.68629770722,-0.39597258249932,49.857793850157,36070.974752889
3.125,3.3680652254881,0.65014228046294,0.049857719537061,387.96536087688,-0.39560518632869,49.857719537061,36070.972279207
3.128125,3.3693009187537,0.6501423547071,0.049857645292903,387.24602500891,-0.39523826564501,49.857645292903,36070.969807821
3.13125,3.3705354661329,0.65014242888241,0.049857571117593,386.52828571883,-0.39487181953421,49.857571117593,36070.967338726
3.134375,3.3717688691074,0.65014250298896,0.049857497011042,385.81213863703,-0.39450584708471,49.857497011042,36070.96487192
3.1375,3.373001129156,0.65014257702684,0.049857422973161,385.0975794087,-0.3941403473874,49.857422973161,36070.9624074
3.140625,3.3742322477545,0.65014265099614,0.049857349003862,384.38460369383,-0.39377531953569,49.857349003862,36070.959945163
3.14375,3.3754622263762,0.65014272489694,0.049857275103057,383.67320716705,-0.39341076262542,49.857275103057,36070.957485206
3.146875,3.3766910664912,0.65014279872934,0.049857201270656,382.96338551769,-0.3930466757549,49.857201270656,36070.955027525
3.15,3.3779187695671,0.65014287249343,0.049857127506572,382.25513444958,-0.3926830580249,49.857127506572,36070.952572119
3.153125,3.3791453370686,0.65014294618928,0.049857053810717,381.54844968112,-0.39231990853862,49.857053810717,36070.950118984
3.15625,3.3803707704574,0.650143019817,0.049856980183003,380.84332694514,-0.39195722640171,49.856980183003,36070.947668117
3.159375,3.3815950711927,0.65014309337666,0.049856906623342,380.13976198888,-0.39159501072224,49.856906623342,36070.945219516
3.1625,3.3828182407307,0.65014316686835,0.049856833131646,379.43775057389,-0.39123326061069,49.856833131646,36070.942773177
3.165625,3.384040280525,0.65014324029217,0.04985675970783,378.73728847603,-0.39087197517995,49.85675970783,36070.940329097
3.16875,3.3852611920263,0.6501433136482,0.049856686351804,378.03837148535,-0.39051115354532,49.856686351804,36070.937887274
3.171875,3.3864809766827,0.65014338693652,0.049856613063482,377.34099540605,-0.39015079482448,49.856613063482,36070.935447705
3.175,3.3876996359392,0.65014346015722,0.049856539842778,376.64515605649,-0.38979089813749,49.856539842778,36070.933010387
3.178125,3.3889171712385,0.6501435333104,0.049856466689605,375.95084926899,-0.3894314626068,49.856466689605,36070.930575316
3.18125,3.3901335840203,0.65014360639612,0.049856393603876,375.25807088993,-0.3890724873572,49.856393603876,36070.92814249
3.184375,3.3913488757216,0.6501436794145,0.049856320585504,374.56681677959,-0.38871397151588,49.856320585504,36070.925711907
3.1875,3.3925630477766,0.6501437523656,0.049856247634405,373.8770828121,-0.38835591421232,49.856247634405,36070.923283563
3.190625,3.393776101617,0.65014382524951,0.049856174750491,373.18886487544,-0.3879983145784,49.856174750491,36070.920857455
3.19375,3.3949880386716,0.65014389806632,0.049856101933677,372.50215887132,-0.3876411717483,49.856101933677,36070.918433581
3.196875,3.3961988603666,0.65014397081612,0.049856029183877,371.81696071519,-0.38728448485852,49.856029183877,36070.916011938
3.2,3.3974085681255,0.65014404349899,0.049855956501006,371.13326633612,-0.38692825304788,49.855956501006,36070.913592522
3.203125,3.398617163369,0.65014411611502,0.049855883884978,370.45107167676,-0.38657247545754,49.855883884978,36070.911175332
3.20625,3.3998246475152,0.65014418866429,0.049855811335708,369.77037269332,-0.38621715123091,49.855811335708,36070.908760363
3.209375,3.4010310219796,0.65014426114689,0.049855738853111,369.09116535548,-0.38586227951373,49.855738853111,36070.906347614
3.2125,3.402236288175,0.6501443335629,0.049855666437102,368.41344564635,-0.38550785945399,49.855666437102,36070.903937082
3.215625,3.4034404475113,0.6501444059124,0.049855594087596,367.73720956241,-0.38515389020198,49.855594087596,36070.901528763
3.21875,3.4046435013962,0.65014447819549,0.04985552180451,367.06245311345,-0.38480037091026,49.85552180451,36070.899122656
3.221875,3.4058454512344,0.65014455041224,0.049855449587758,366.38917232254,-0.38444730073364,49.855449587758,36070.896718756
3.225,3.407046298428,0.65014462256274,0.049855377437256,365.71736322594,-0.38409467882917,49.855377437256,36070.894317062
3.228125,3.4082460443766,0.65014469464708,0.04985530535292,365.04702187309,-0.38374250435616,49.85530535292,36070.89191757
3.2312499999999,3.4094446904771,0.65014476666533,0.049855233334666,364.37814432651,-0.38339077647616,49.855233334666,36070.889520277
3.2343749999999,3.4106422381239,0.65014483861759,0.049855161382411,363.71072666177,-0.38303949435294,49.855161382411,36070.887125182
3.2374999999999,3.4118386887085,0.65014491050393,0.049855089496071,363.04476496746,-0.38268865715247,49.855089496071,36070.884732281
3.2406249999999,3.4130340436202,0.65014498232444,0.049855017675561,362.3802553451,-0.38233826404298,49.855017675561,36070.882341571
3.2437499999999,3.4142283042453,0.6501450540792,0.0498549459208,361.71719390909,-0.38198831419486,49.8549459208,36070.87995305
3.2468749999999,3.4154214719678,0.6501451257683,0.049854874231704,361.0555767867,-0.38163880678072,49.854874231704,36070.877566714
3.2499999999999,3.416613548169,0.65014519739181,0.04985480260819,360.39540011797,-0.38128974097535,49.85480260819,36070.875182562
3.2531249999999,3.4178045342277,0.65014526894983,0.049854731050174,359.73666005568,-0.38094111595573,49.854731050174,36070.87280059
3.2562499999999,3.4189944315199,0.65014534044242,0.049854659557575,359.0793527653,-0.38059293090101,49.854659557575,36070.870420795
3.2593749999999,3.4201832414194,0.65014541186969,0.04985458813031,358.42347442492,-0.3802451849925,49.85458813031,36070.868043176
3.2624999999999,3.4213709652972,0.6501454832317,0.049854516768296,357.76902122524,-0.37989787741369,49.854516768296,36070.865667728
3.2656249999999,3.4225576045218,0.65014555452855,0.049854445471452,357.11598936948,-0.3795510073502,49.854445471452,36070.863294449
3.2687499999999,3.4237431604591,0.65014562576031,0.049854374239694,356.46437507335,-0.37920457398979,49.854374239694,36070.860923337
3.2718749999999,3.4249276344727,0.65014569692706,0.049854303072942,355.81417456498,-0.37885857652239,49.854303072942,36070.858554389
3.2749999999999,3.4261110279233,0.65014576802889,0.049854231971114,355.1653840849,-0.37851301414003,49.854231971114,36070.856187603
3.2781249999999,3.4272933421695,0.65014583906587,0.049854160934127,354.51799988597,-0.37816788603687,49.854160934127,36070.853822974
3.2812499999999,3.4284745785669,0.6501459100381,0.0498540899619,353.87201823334,-0.37782319140918,49.8540899619,36070.851460501
3.2843749999999,3.4296547384691,0.65014598094565,0.049854019054353,353.22743540438,-0.37747892945534,49.854019054353,36070.849100181
3.2874999999999,3.4308338232269,0.6501460517886,0.049853948211403,352.58424768867,-0.37713509937585,49.853948211403,36070.846742012
3.2906249999999,3.4320118341886,0.65014612256703,0.049853877432971,351.94245138791,-0.37679170037327,49.853877432971,36070.84438599
3.2937499999999,3.4331887727001,0.65014619328103,0.049853806718974,351.3020428159,-0.37644873165227,49.853806718974,36070.842032113
3.2968749999999,3.4343646401049,0.65014626393067,0.049853736069333,350.66301829849,-0.37610619241958,49.853736069333,36070.839680378
3.2999999999999,3.4355394377437,0.65014633451603,0.049853665483966,350.02537417351,-0.37576408188402,49.853665483966,36070.837330783
3.3031249999999,3.4367131669551,0.65014640503721,0.049853594962794,349.38910679074,-0.37542239925646,49.853594962794,36070.834983324
3.3062499999999,3.437885829075,0.65014647549426,0.049853524505736,348.75421251187,-0.37508114374985,49.853524505736,36070.832638
3.3093749999999,3.4390574254371,0.65014654588729,0.049853454112712,348.12068771043,-0.37474031457915,49.853454112712,36070.830294808
3.3124999999999,3.4402279573723,0.65014661621636,0.049853383783641,347.48852877177,-0.37439991096139,49.853383783641,36070.827953744
3.3156249999999,3.4413974262092,0.65014668648155,0.049853313518445,346.85773209299,-0.37405993211565,49.853313518445,36070.825614806
3.3187499999999,3.4425658332742,0.65014675668296,0.049853243317044,346.22829408289,-0.373720377263,49.853243317044,36070.823277992
3.3218749999999,3.4437331798909,0.65014682682064,0.049853173179357,345.60021116195,-0.37338124562657,49.853173179357,36070.820943299
3.3249999999999,3.4448994673807,0.65014689689469,0.049853103105306,344.97347976229,-0.37304253643149,49.853103105306,36070.818610724
3.3281249999999,3.4460646970626,0.65014696690519,0.049853033094811,344.34809632756,-0.37270424890488,49.853033094811,36070.816280264
3.3312499999999,3.4472288702529,0.65014703685221,0.049852963147793,343.72405731297,-0.3723663822759,49.852963147793,36070.813951918
3.3343749999999,3.4483919882659,0.65014710673583,0.049852893264173,343.1013591852,-0.37202893577568,49.852893264173,36070.811625682
3.3374999999999,3.4495540524133,0.65014717655613,0.049852823443873,342.47999842237,-0.37169190863733,49.852823443873,36070.809301554
3.3406249999999,3.4507150640042,0.65014724631319,0.049852753686814,341.85997151399,-0.37135530009597,49.852753686814,36070.80697953
3.3437499999999,3.4518750243458,0.65014731600708,0.049852683992917,341.24127496093,-0.37101910938866,49.852683992917,36070.80465961
3.3468749999999,3.4530339347425,0.6501473856379,0.049852614362103,340.62390527535,-0.37068333575447,49.852614362103,36070.802341789
3.3499999999999,3.4541917964965,0.6501474552057,0.049852544794295,340.00785898068,-0.37034797843439,49.852544794295,36070.800026065
3.3531249999999,3.4553486109075,0.65014752471058,0.049852475289415,339.39313261154,-0.37001303667139,49.852475289415,36070.797712437
3.3562499999999,3.4565043792731,0.65014759415262,0.049852405847384,338.77972271375,-0.36967850971038,49.852405847384,36070.7954009
3.3593749999999,3.4576591028883,0.65014766353187,0.049852336468125,338.16762584424,-0.36934439679821,49.852336468125,36070.793091453
3.3624999999999,3.4588127830458,0.65014773284844,0.049852267151561,337.55683857103,-0.36901069718366,49.852267151561,36070.790784092
3.3656249999999,3.4599654210361,0.65014780210239,0.049852197897612,336.94735747318,-0.36867741011746,49.852197897612,36070.788478816
3.3687499999999,3.4611170181471,0.6501478712938,0.049852128706203,336.33917914073,-0.36834453485222,49.852128706203,36070.786175622
3.3718749999999,3.4622675756647,0.65014794042274,0.049852059577256,335.7323001747,-0.36801207064252,49.852059577256,36070.783874507
3.3749999999999,3.4634170948721,0.65014800948931,0.049851990510693,335.126717187,-0.36768001674481,49.851990510693,36070.781575469
3.3781249999999,3.4645655770504,0.65014807849356,0.049851921506438,334.52242680044,-0.36734837241745,49.851921506438,36070.779278504
3.3812499999999,3.4657130234785,0.65014814743559,0.049851852564415,333.9194256486,-0.3670171369207,49.851852564415,36070.776983611
3.3843749999999,3.4668594354326,0.65014821631545,0.049851783684545,333.31771037589,-0.3666863095167,49.851783684545,36070.774690788
3.3874999999999,3.4680048141871,0.65014828513325,0.049851714866754,332.71727763746,-0.3663558894695,49.851714866754,36070.77240003
3.3906249999999,3.4691491610137,0.65014835388904,0.049851646110963,332.11812409913,-0.366025876045,49.851646110963,36070.770111336
3.3937499999999,3.4702924771819,0.6501484225829,0.049851577417098,331.5202464374,-0.36569626851098,49.851577417098,36070.767824704
3.3968749999999,3.4714347639591,0.65014849121492,0.049851508785081,330.92364133939,-0.36536706613708,49.851508785081,36070.76554013
3.3999999999999,3.4725760226103,0.65014855978516,0.049851440214838,330.32830550278,-0.36503826819481,49.851440214838,36070.763257613
3.4031249999999,3.4737162543981,0.65014862829371,0.049851371706291,329.7342356358,-0.36470987395751,49.851371706291,36070.76097715
3.4062499999999,3.474855460583,0.65014869674063,0.049851303259366,329.14142845717,-0.36438188270039,49.851303259366,36070.758698737
3.4093749999999,3.4759936424232,0.65014876512601,0.049851234873987,328.54988069606,-0.3640542937005,49.851234873987,36070.756422374
3.4124999999999,3.4771308011746,0.65014883344992,0.049851166550077,327.95958909204,-0.36372710623669,49.851166550077,36070.754148056
3.4156249999999,3.4782669380908,0.65014890171244,0.049851098287563,327.37055039508,-0.36340031958967,49.851098287563,36070.751875782
3.4187499999999,3.4794020544234,0.65014896991363,0.049851030086368,326.78276136546,-0.36307393304197,49.851030086368,36070.74960555
3.4218749999999,3.4805361514216,0.65014903805358,0.049850961946418,326.19621877377,-0.36274794587792,49.850961946419,36070.747337356
3.4249999999999,3.4816692303322,0.65014910613236,0.049850893867638,325.61091940084,-0.36242235738366,49.850893867638,36070.745071198
3.4281249999999,3.4828012924,0.65014917415005,0.049850825849953,325.02686003772,-0.36209716684715,49.850825849953,36070.742807074
3.4312499999999,3.4839323388675,0.65014924210671,0.049850757893288,324.44403748563,-0.36177237355814,49.850757893288,36070.740544981
3.4343749999999,3.485062370975,0.65014931000243,0.049850689997569,323.86244855592,-0.36144797680815,49.850689997569,36070.738284916
3.4374999999999,3.4861913899606,0.65014937783728,0.049850622162721,323.28209007004,-0.3611239758905,49.850622162721,36070.736026878
3.4406249999999,3.4873193970602,0.65014944561133,0.049850554388671,322.7029588595,-0.36080037010032,49.850554388671,36070.733770864
3.4437499999999,3.4884463935074,0.65014951332466,0.049850486675343,322.12505176585,-0.36047715873446,49.850486675343,36070.731516871
3.4468749999999,3.4895723805338,0.65014958097734,0.049850419022665,321.54836564056,-0.36015434109158,49.850419022665,36070.729264897
3.4499999999999,3.4906973593686,0.65014964856944,0.049850351430561,320.9728973451,-0.35983191647207,49.850351430561,36070.72701494
3.4531249999999,3.4918213312389,0.65014971610104,0.04985028389896,320.39864375082,-0.35950988417811,49.85028389896,36070.724766996
3.4562499999999,3.4929442973696,0.65014978357221,0.049850216427785,319.82560173893,-0.35918824351359,49.850216427785,36070.722521064
3.4593749999999,3.4940662589836,0.65014985098303,0.049850149016966,319.25376820049,-0.35886699378418,49.850149016966,36070.72027714
3.4624999999999,3.4951872173014,0.65014991833357,0.049850081666427,318.68314003632,-0.35854613429727,49.850081666427,36070.718035224
3.4656249999999,3.4963071735414,0.6501499856239,0.049850014376096,318.11371415702,-0.35822566436199,49.850014376096,36070.715795311
3.4687499999999,3.4974261289199,0.6501500528541,0.0498499471459,317.54548748288,-0.35790558328919,49.8499471459,36070.713557401
3.4718749999999,3.4985440846511,0.65015012002423,0.049849879975766,316.97845694389,-0.35758589039145,49.849879975766,36070.711321489
3.4749999999999,3.4996610419469,0.65015018713438,0.049849812865621,316.41261947968,-0.35726658498306,49.849812865621,36070.709087574
3.4781249999999,3.5007770020171,0.65015025418461,0.049849745815392,315.84797203946,-0.35694766638002,49.849745815392,36070.706855654
3.4812499999999,3.5018919660694,0.65015032117499,0.049849678825007,315.28451158204,-0.35662913390004,49.849678825007,36070.704625726
3.4843749999999,3.5030059353095,0.65015038810561,0.049849611894393,314.72223507575,-0.35631098686253,49.849611894393,36070.702397788
3.4874999999999,3.5041189109408,0.65015045497652,0.049849545023478,314.1611394984,-0.35599322458858,49.849545023478,36070.700171836
3.4906249999999,3.5052308941646,0.65015052178781,0.04984947821219,313.60122183729,-0.35567584640098,49.84947821219,36070.69794787
3.4937499999999,3.50634188618,0.65015058853954,0.049849411460457,313.04247908912,-0.35535885162421,49.849411460457,36070.695725886
3.4968749999999,3.5074518881843,0.65015065523179,0.049849344768207,312.48490825998,-0.3550422395844,49.849344768207,36070.693505882
3.4999999999999,3.5085609013724,0.65015072186463,0.049849278135367,311.92850636532,-0.35472600960939,49.849278135367,36070.691287856
3.5031249999999,3.5096689269373,0.65015078843813,0.049849211561867,311.3732704299,-0.35441016102864,49.849211561867,36070.689071804
3.5062499999999,3.5107759660697,0.65015085495236,0.049849145047635,310.81919748777,-0.35409469317332,49.849145047635,36070.686857726
3.5093749999999,3.5118820199584,0.6501509214074,0.049849078592599,310.26628458222,-0.35377960537621,49.849078592599,36070.684645618
3.5124999999999,3.51298708979,0.65015098780331,0.049849012196689,309.71452876575,-0.35346489697177,49.849012196689,36070.682435479
3.5156249999999,3.514091176749,0.65015105414017,0.049848945859832,309.16392710004,-0.35315056729609,49.848945859832,36070.680227305
3.5187499999999,3.5151942820181,0.65015112041804,0.049848879581958,308.61447665592,-0.35283661568692,49.848879581958,36070.678021094
3.5218749999999,3.5162964067775,0.650151186637,0.049848813362996,308.06617451331,-0.35252304148361,49.848813362996,36070.675816845
3.5249999999999,3.5173975522057,0.65015125279712,0.049848747202875,307.5190177612,-0.35220984402716,49.848747202875,36070.673614554
3.5281249999999,3.518497719479,0.65015131889847,0.049848681101525,306.97300349765,-0.35189702266019,49.848681101525,36070.671414219
3.5312499999999,3.5195969097716,0.65015138494113,0.049848615058875,306.4281288297,-0.35158457672694,49.848615058875,36070.669215839
3.5343749999999,3.5206951242558,0.65015145092515,0.049848549074854,305.88439087336,-0.35127250557327,49.848549074854,36070.66701941
3.5374999999999,3.5217923641016,0.65015151685061,0.049848483149392,305.34178675358,-0.35096080854662,49.848483149392,36070.66482493
3.5406249999999,3.5228886304773,0.65015158271758,0.049848417282419,304.80031360423,-0.35064948499605,49.848417282419,36070.662632397
3.5437499999999,3.523983924549,0.65015164852613,0.049848351473866,304.25996856804,-0.35033853427224,49.848351473866,36070.660441809
3.5468749999999,3.5250782474806,0.65015171427634,0.049848285723661,303.72074879656,-0.35002795572742,49.848285723661,36070.658253163
3.5499999999999,3.5261716004343,0.65015177996826,0.049848220031735,303.18265145017,-0.34971774871543,49.848220031735,36070.656066458
3.5531249999999,3.5272639845702,0.65015184560198,0.049848154398019,302.64567369799,-0.3494079125917,49.848154398019,36070.653881689
3.5562499999999,3.5283554010461,0.65015191117756,0.049848088822443,302.10981271792,-0.34909844671321,49.848088822443,36070.651698856
3.5593749999999,3.5294458510181,0.65015197669506,0.049848023304938,301.57506569654,-0.34878935043853,49.848023304938,36070.649517956
3.5624999999999,3.5305353356404,0.65015204215457,0.049847957845433,301.0414298291,-0.3484806231278,49.847957845433,36070.647338987
3.5656249999999,3.5316238560647,0.65015210755614,0.04984789244386,300.50890231949,-0.34817226414271,49.84789244386,36070.645161946
3.5687499999999,3.5327114134413,0.65015217289985,0.049847827100151,299.97748038023,-0.34786427284652,49.847827100151,36070.642986831
3.5718749999999,3.5337980089181,0.65015223818577,0.049847761814235,299.44716123238,-0.34755664860402,49.847761814235,36070.640813641
3.5749999999999,3.5348836436411,0.65015230341396,0.049847696586044,298.91794210558,-0.34724939078156,49.847696586044,36070.638642371
3.5781249999999,3.5359683187545,0.65015236858449,0.049847631415509,298.38982023796,-0.34694249874705,49.847631415509,36070.636473021
3.5812499999999,3.5370520354004,0.65015243369744,0.049847566302561,297.86279287615,-0.3466359718699,49.847566302561,36070.634305588
3.5843749999999,3.5381347947189,0.65015249875287,0.049847501247133,297.3368572752,-0.34632980952108,49.847501247133,36070.632140069
3.5874999999999,3.5392165978481,0.65015256375084,0.049847436249156,296.81201069859,-0.34602401107307,49.847436249156,36070.629976463
3.5906249999999,3.5402974459243,0.65015262869144,0.049847371308561,296.28825041822,-0.34571857589989,49.847371308561,36070.627814767
3.5937499999999,3.5413773400817,0.65015269357472,0.04984730642528,295.76557371428,-0.34541350337705,49.84730642528,36070.625654978
3.5968749999999,3.5424562814527,0.65015275840075,0.049847241599246,295.24397787534,-0.3451087928816,49.847241599246,36070.623497095
3.5999999999999,3.5435342711676,0.65015282316961,0.04984717683039,294.72346019823,-0.34480444379209,49.84717683039,36070.621341116
3.6031249999999,3.5446113103548,0.65015288788136,0.049847112118644,294.20401798807,-0.34450045548856,49.847112118644,36070.619187038
3.6062499999999,3.5456874001409,0.65015295253606,0.049847047463942,293.68564855819,-0.34419682735255,49.847047463942,36070.617034858
3.6093749999999,3.5467625416504,0.65015301713379,0.049846982866214,293.16834923013,-0.34389355876712,49.846982866214,36070.614884575
3.6124999999999,3.5478367360059,0.6501530816746,0.049846918325395,292.6521173336,-0.34359064911679,49.846918325395,36070.612736186
3.6156249999999,3.5489099843281,0.65015314615858,0.049846853841416,292.13695020645,-0.34328809778757,49.846853841416,36070.61058969
3.6187499999999,3.5499822877358,0.65015321058579,0.04984678941421,291.62284519466,-0.34298590416696,49.84678941421,36070.608445083
3.6218749999999,3.551053647346,0.65015327495629,0.049846725043711,291.10979965225,-0.34268406764392,49.846725043711,36070.606302364
3.6249999999999,3.5521240642736,0.65015333927015,0.049846660729851,290.59781094133,-0.34238258760888,49.846660729851,36070.60416153
3.6281249999999,3.5531935396317,0.65015340352744,0.049846596472563,290.08687643202,-0.34208146345376,49.846596472563,36070.602022579
3.6312499999999,3.5542620745314,0.65015346772822,0.04984653227178,289.57699350242,-0.3417806945719,49.84653227178,36070.599885509
3.6343749999999,3.555329670082,0.65015353187256,0.049846468127437,289.06815953862,-0.34148028035814,49.846468127437,36070.597750318
3.6374999999999,3.556396327391,0.65015359596053,0.049846404039466,288.5603719346,-0.34118022020873,49.846404039466,36070.595617004
3.6406249999999,3.5574620475639,0.6501536599922,0.049846340007801,288.05362809228,-0.34088051352139,49.846340007801,36070.593485563
3.6437499999999,3.5585268317042,0.65015372396762,0.049846276032375,287.54792542146,-0.34058115969529,49.846276032375,36070.591355995
3.6468749999999,3.5595906809137,0.65015378788688,0.049846212113123,287.04326133975,-0.34028215813101,49.846212113123,36070.589228297
3.6499999999999,3.5606535962924,0.65015385175002,0.049846148249978,286.53963327261,-0.33998350823059,49.846148249978,36070.587102466
3.6531249999999,3.5617155789382,0.65015391555712,0.049846084442875,286.03703865328,-0.33968520939747,49.846084442875,36070.5849785
3.6562499999999,3.5627766299473,0.65015397930825,0.049846020691747,285.53547492277,-0.33938726103656,49.846020691747,36070.582856398
3.6593749999999,3.563836750414,0.65015404300347,0.049845956996529,285.03493952979,-0.33908966255414,49.845956996529,36070.580736158
3.6624999999999,3.5648959414307,0.65015410664284,0.049845893357155,284.53542993079,-0.33879241335793,49.845893357155,36070.578617776
3.6656249999999,3.5659542040881,0.65015417022644,0.04984582977356,284.03694358988,-0.33849551285705,49.84582977356,36070.57650125
3.6687499999999,3.5670115394748,0.65015423375432,0.049845766245678,283.53947797881,-0.33819896046205,49.845766245678,36070.574386579
3.6718749999999,3.5680679486779,0.65015429722656,0.049845702773444,283.04303057697,-0.33790275558485,49.845702773444,36070.572273761
3.6749999999999,3.5691234327823,0.65015436064321,0.049845639356793,282.54759887132,-0.3376068976388,49.845639356793,36070.570162793
3.6781249999999,3.5701779928714,0.65015442400434,0.049845575995659,282.05318035641,-0.33731138603861,49.845575995659,36070.568053673
3.6812499999999,3.5712316300265,0.65015448731002,0.049845512689978,281.5597725343,-0.3370162202004,49.845512689978,36070.565946398
3.6843749999999,3.5722843453273,0.65015455056032,0.049845449439684,281.06737291458,-0.33672139954168,49.845449439684,36070.563840968
3.6874999999999,3.5733361398515,0.65015461375529,0.049845386244714,280.57597901431,-0.33642692348131,49.845386244714,36070.561737379
3.6906249999999,3.574387014675,0.650154676895,0.049845323105002,280.08558835801,-0.33613279143956,49.845323105002,36070.559635629
3.6937499999999,3.5754369708721,0.65015473997952,0.049845260020484,279.59619847763,-0.33583900283806,49.845260020484,36070.557535717
3.6968749999999,3.5764860095151,0.65015480300891,0.049845196991095,279.10780691251,-0.3355455570998,49.845196991095,36070.555437639
3.6999999999999,3.5775341316746,0.65015486598323,0.049845134016771,278.62041120938,-0.33525245364913,49.845134016771,36070.553341395
3.7031249999999,3.5785813384192,0.65015492890255,0.049845071097448,278.1340089223,-0.33495969191178,49.845071097448,36070.551246982
3.7062499999999,3.579627630816,0.65015499176694,0.049845008233062,277.64859761266,-0.33466727131481,49.845008233062,36070.549154397
3.7093749999999,3.5806730099301,0.65015505457645,0.049844945423549,277.16417484916,-0.33437519128666,49.844945423549,36070.547063639
3.7124999999999,3.5817174768249,0.65015511733116,0.049844882668844,276.68073820774,-0.33408345125708,49.844882668844,36070.544974705
3.7156249999999,3.5827610325621,0.65015518003111,0.049844819968885,276.1982852716,-0.33379205065719,49.844819968885,36070.542887593
3.7187499999999,3.5838036782014,0.65015524267639,0.049844757323607,275.71681363115,-0.33350098891944,49.844757323607,36070.540802302
3.7218749999999,3.5848454148009,0.65015530526705,0.049844694732947,275.23632088398,-0.33321026547761,49.844694732947,36070.538718829
3.7249999999999,3.5858862434169,0.65015536780316,0.049844632196841,274.75680463486,-0.33291987976681,49.844632196841,36070.536637172
3.7281249999999,3.586926165104,0.65015543028477,0.049844569715227,274.27826249569,-0.33262983122349,49.844569715227,36070.534557328
3.7312499999999,3.5879651809148,0.65015549271196,0.04984450728804,273.80069208547,-0.33234011928539,49.84450728804,36070.532479297
3.7343749999999,3.5890032919005,0.65015555508478,0.049844444915217,273.32409103031,-0.3320507433916,49.844444915217,36070.530403075
3.7374999999999,3.5900404991103,0.6501556174033,0.049844382596696,272.84845696338,-0.33176170298251,49.844382596696,36070.52832866
3.7406249999999,3.5910768035917,0.65015567966759,0.049844320332414,272.37378752485,-0.33147299749981,49.844320332414,36070.526256051
3.7437499999999,3.5921122063905,0.65015574187769,0.049844258122308,271.90008036195,-0.33118462638653,49.844258122308,36070.524185246
3.7468749999999,3.5931467085507,0.65015580403369,0.049844195966315,271.42733312886,-0.33089658908695,49.844195966315,36070.522116241
3.7499999999999,3.5941803111146,0.65015586613563,0.049844133864372,270.95554348674,-0.33060888504669,49.844133864372,36070.520049036
3.7531249999999,3.5952130151228,0.65015592818358,0.049844071816417,270.48470910366,-0.33032151371264,49.844071816417,36070.517983628
3.7562499999999,3.5962448216141,0.65015599017761,0.049844009822387,270.01482765463,-0.330034474533,49.844009822387,36070.515920015
3.7593749999999,3.5972757316258,0.65015605211778,0.049843947882221,269.54589682152,-0.32974776695722,49.843947882221,36070.513858195
3.7624999999999,3.598305746193,0.65015611400414,0.049843885995856,269.07791429309,-0.32946139043608,49.843885995856,36070.511798166
3.7656249999999,3.5993348663497,0.65015617583677,0.04984382416323,268.61087776491,-0.3291753444216,49.84382416323,36070.509739926
3.7687499999999,3.6003630931276,0.65015623761572,0.04984376238428,268.14478493937,-0.32888962836708,49.84376238428,36070.507683472
3.7718749999999,3.6013904275572,0.65015629934105,0.049843700658946,267.67963352565,-0.3286042417271,49.843700658946,36070.505628803
3.7749999999999,3.602416870667,0.65015636101284,0.049843638987164,267.21542123969,-0.32831918395751,49.843638987164,36070.503575917
3.7781249999999,3.6034424234838,0.65015642263113,0.049843577368874,266.75214580418,-0.3280344545154,49.843577368874,36070.501524811
3.7812499999999,3.6044670870329,0.65015648419599,0.049843515804014,266.28980494851,-0.32775005285914,49.843515804014,36070.499475484
3.7843749999999,3.6054908623377,0.65015654570748,0.049843454292523,265.82839640877,-0.32746597844835,49.843454292523,36070.497427934
3.7874999999999,3.60651375042,0.65015660716566,0.049843392834338,265.36791792772,-0.32718223074389,49.843392834338,36070.495382158
3.7906249999999,3.6075357523,0.6501566685706,0.049843331429399,264.90836725476,-0.32689880920787,49.843331429399,36070.493338154
3.7937499999999,3.608556868996,0.65015672992236,0.049843270077645,264.44974214591,-0.32661571330366,49.843270077645,36070.49129592
3.7968749999999,3.6095771015249,0.65015679122099,0.049843208779014,263.99204036379,-0.32633294249585,49.843208779014,36070.489255455
3.7999999999999,3.6105964509017,0.65015685246655,0.049843147533445,263.53525967758,-0.32605049625026,49.843147533445,36070.487216757
3.8031249999999,3.6116149181399,0.65015691365912,0.049843086340878,263.07939786303,-0.32576837403398,49.843086340878,36070.485179822
3.8062499999999,3.6126325042512,0.65015697479875,0.049843025201252,262.6244527024,-0.32548657531527,49.843025201252,36070.48314465
3.8093749999999,3.6136492102457,0.65015703588549,0.049842964114505,262.17042198448,-0.32520509956367,49.842964114505,36070.481111238
3.8124999999999,3.6146650371319,0.65015709691942,0.049842903080578,261.7173035045,-0.32492394624991,49.842903080578,36070.479079584
3.8156249999999,3.6156799859166,0.65015715790059,0.049842842099411,261.26509506419,-0.32464311484594,49.842842099411,36070.477049687
3.8187499999999,3.6166940576049,0.65015721882906,0.049842781170941,260.81379447168,-0.32436260482493,49.842781170941,36070.475021543
3.8218749999999,3.6177072532003,0.65015727970489,0.04984272029511,260.36339954154,-0.32408241566126,49.84272029511,36070.472995152
3.8249999999999,3.6187195737046,0.65015734052814,0.049842659471858,259.91390809471,-0.32380254683051,49.842659471858,36070.470970511
3.8281249999999,3.6197310201182,0.65015740129888,0.049842598701123,259.4653179585,-0.32352299780946,49.842598701123,36070.468947618
3.8312499999999,3.6207415934395,0.65015746201715,0.049842537982846,259.01762696658,-0.32324376807609,49.842537982846,36070.466926471
3.8343749999999,3.6217512946656,0.65015752268303,0.049842477316967,258.57083295892,-0.32296485710959,49.842477316967,36070.464907069
3.8374999999999,3.6227601247918,0.65015758329657,0.049842416703427,258.12493378181,-0.32268626439033,49.842416703427,36070.462889409
3.8406249999999,3.6237680848118,0.65015764385784,0.049842356142165,257.6799272878,-0.32240798939985,49.842356142165,36070.460873489
3.8437499999999,3.6247751757176,0.65015770436688,0.049842295633122,257.23581133572,-0.32213003162091,49.842295633122,36070.458859307
3.8468749999999,3.6257813984999,0.65015776482376,0.049842235176238,256.79258379061,-0.32185239053743,49.842235176238,36070.456846861
3.8499999999999,3.6267867541474,0.65015782522854,0.049842174771455,256.35024252372,-0.32157506563451,49.842174771455,36070.45483615
3.8531249999999,3.6277912436474,0.65015788558129,0.049842114418712,255.90878541252,-0.32129805639842,49.842114418712,36070.452827171
3.8562499999999,3.6287948679855,0.65015794588205,0.049842054117951,255.46821034062,-0.32102136231662,49.842054117951,36070.450819922
3.8593749999999,3.6297976281459,0.65015800613089,0.049841993869113,255.02851519779,-0.3207449828777,49.841993869113,36070.448814402
3.8624999999999,3.630799525111,0.65015806632786,0.049841933672137,254.58969787991,-0.32046891757144,49.841933672137,36070.446810608
3.8656249999999,3.6318005598616,0.65015812647303,0.049841873526966,254.15175628899,-0.32019316588878,49.841873526966,36070.444808539
3.8687499999999,3.6328007333771,0.65015818656646,0.049841813433541,253.7146883331,-0.3199177273218,49.841813433541,36070.442808192
3.8718749999999,3.6338000466351,0.6501582466082,0.049841753391802,253.27849192638,-0.31964260136376,49.841753391802,36070.440809565
3.8749999999999,3.6347985006117,0.65015830659831,0.049841693401692,252.84316498901,-0.31936778750904,49.841693401692,36070.438812657
3.8781249999999,3.6357960962815,0.65015836653685,0.049841633463152,252.40870544718,-0.31909328525319,49.841633463152,36070.436817466
3.8812499999999,3.6367928346175,0.65015842642388,0.049841573576122,251.97511123309,-0.31881909409287,49.841573576122,36070.434823989
3.8843749999999,3.637788716591,0.65015848625945,0.049841513740546,251.54238028493,-0.31854521352592,49.841513740546,36070.432832225
3.8874999999999,3.6387837431719,0.65015854604364,0.049841453956363,251.1105105468,-0.31827164305129,49.841453956363,36070.430842172
3.8906249999999,3.6397779153284,0.65015860577648,0.049841394223518,250.67949996879,-0.31799838216907,49.841394223518,36070.428853828
3.8937499999999,3.6407712340272,0.65015866545805,0.04984133454195,250.24934650687,-0.31772543038048,49.84133454195,36070.42686719
3.8968749999999,3.6417637002334,0.6501587250884,0.049841274911603,249.82004812292,-0.31745278718787,49.841274911603,36070.424882258
3.8999999999999,3.6427553149107,0.65015878466758,0.049841215332419,249.39160278467,-0.31718045209468,49.841215332419,36070.422899029
3.9031249999999,3.643746079021,0.65015884419566,0.049841155804339,248.96400846575,-0.31690842460552,49.841155804339,36070.4209175
3.9062499999999,3.644735993525,0.65015890367269,0.049841096327306,248.53726314557,-0.31663670422609,49.841096327306,36070.418937671
3.9093749999999,3.6457250593814,0.65015896309874,0.049841036901262,248.11136480938,-0.31636529046319,49.841036901262,36070.41695954
3.9124999999999,3.6467132775478,0.65015902247385,0.04984097752615,247.68631144822,-0.31609418282475,49.84097752615,36070.414983103
3.9156249999999,3.6477006489799,0.65015908179809,0.049840918201912,247.26210105892,-0.31582338081979,49.840918201912,36070.41300836
3.9187499999999,3.6486871746323,0.65015914107151,0.049840858928491,246.83873164403,-0.31555288395846,49.840858928491,36070.411035309
3.9218749999999,3.6496728554575,0.65015920029417,0.04984079970583,246.41620121185,-0.31528269175197,49.84079970583,36070.409063947
3.9249999999999,3.650657692407,0.65015925946613,0.049840740533872,245.9945077764,-0.31501280371266,49.840740533872,36070.407094274
3.9281249999999,3.6516416864305,0.65015931858744,0.049840681412559,245.57364935737,-0.31474321935395,49.840681412559,36070.405126286
3.9312499999999,3.6526248384762,0.65015937765817,0.049840622341834,245.15362398014,-0.31447393819034,49.840622341834,36070.403159981
3.9343749999999,3.6536071494909,0.65015943667836,0.049840563321642,244.73442967575,-0.31420495973743,49.840563321642,36070.401195359
3.9374999999999,3.6545886204198,0.65015949564808,0.049840504351924,244.31606448086,-0.31393628351189,49.840504351924,36070.399232418
3.9406249999999,3.6555692522066,0.65015955456738,0.049840445432624,243.89852643776,-0.3136679090315,49.840445432624,36070.397271154
3.9437499999999,3.6565490457934,0.65015961343631,0.049840386563686,243.48181359432,-0.31339983581509,49.840386563686,36070.395311567
3.9468749999999,3.6575280021211,0.65015967225495,0.049840327745053,243.06592400399,-0.31313206338255,49.840327745053,36070.393353654
3.9499999999999,3.6585061221288,0.65015973102333,0.049840268976669,242.65085572578,-0.31286459125488,49.840268976669,36070.391397414
3.9531249999999,3.6594834067542,0.65015978974152,0.049840210258477,242.23660682425,-0.31259741895412,49.840210258477,36070.389442845
3.9562499999999,3.6604598569335,0.65015984840958,0.04984015159042,241.82317536946,-0.31233054600339,49.84015159042,36070.387489944
3.9593749999999,3.6614354736014,0.65015990702756,0.049840092972444,241.41055943698,-0.31206397192686,49.840092972444,36070.385538711
3.9624999999999,3.6624102576913,0.65015996559551,0.049840034404492,240.99875710787,-0.31179769624977,49.840034404492,36070.383589143
3.9656249999999,3.6633842101348,0.65016002411349,0.049839975886507,240.58776646862,-0.31153171849838,49.839975886507,36070.381641238
3.9687499999999,3.6643573318622,0.65016008258157,0.049839917418434,240.1775856112,-0.31126603820006,49.839917418434,36070.379694995
3.9718749999999,3.6653296238023,0.65016014099978,0.049839859000218,239.76821263299,-0.31100065488318,49.839859000218,36070.377750411
3.9749999999999,3.6663010868825,0.6501601993682,0.049839800631801,239.35964563678,-0.31073556807718,49.839800631801,36070.375807485
3.9781249999999,3.6672717220287,0.65016025768687,0.04983974231313,238.95188273074,-0.31047077731253,49.83974231313,36070.373866214
3.9812499999999,3.6682415301651,0.65016031595585,0.049839684044148,238.54492202843,-0.31020628212077,49.839684044148,36070.371926598
3.9843749999999,3.6692105122149,0.6501603741752,0.049839625824799,238.13876164873,-0.30994208203442,49.839625824799,36070.369988634
3.9874999999999,3.6701786690993,0.65016043234497,0.049839567655029,237.73339971587,-0.3096781765871,49.839567655029,36070.36805232
3.9906249999999,3.6711460017385,0.65016049046522,0.049839509534782,237.32883435941,-0.3094145653134,49.839509534782,36070.366117655
3.9937499999999,3.6721125110511,0.650160548536,0.049839451464003,236.92506371419,-0.30915124774898,49.839451464003,36070.364184636
3.9968749999999,3.6730781979541,0.65016060655736,0.049839393442637,236.52208592032,-0.30888822343051,49.839393442637,36070.362253262
3.9999999999999,3.6740430633632,0.65016066452937,0.049839335470628,236.11989912318,-0.30862549189568,49.839335470628,36070.360323532
4.0031249999999,3.6750071081927,0.65016072245208,0.049839277547923,235.71850147341,-0.3083630526832,49.839277547923,36070.358395442
4.0062499999999,3.6759703333553,0.65016078032553,0.049839219674466,235.31789112684,-0.30810090533279,49.839219674466,36070.356468992
4.0093749999999,3.6769327397624,0.6501608381498,0.049839161850201,234.91806624454,-0.30783904938521,49.839161850201,36070.354544179
4.0124999999999,3.6778943283238,0.65016089592492,0.049839104075076,234.51902499275,-0.3075774843822,49.839104075076,36070.352621002
4.0156249999999,3.6788550999482,0.65016095365097,0.049839046349034,234.1207655429,-0.30731620986652,49.839046349034,36070.350699458
4.0187499999999,3.6798150555426,0.65016101132798,0.049838988672022,233.72328607155,-0.30705522538193,49.838988672022,36070.348779547
4.0218749999999,3.6807741960125,0.65016106895601,0.049838931043985,233.32658476041,-0.30679453047318,49.838931043985,36070.346861266
4.0249999999999,3.6817325222622,0.65016112653513,0.049838873464869,232.93065979632,-0.30653412468606,49.838873464869,36070.344944614
4.0281249999999,3.6826900351946,0.65016118406538,0.04983881593462,232.5355093712,-0.3062740075673,49.83881593462,36070.343029588
4.0312499999999,3.6836467357109,0.65016124154682,0.049838758453183,232.14113168208,-0.30601417866467,49.838758453183,36070.341116187
4.0343749999999,3.6846026247112,0.6501612989795,0.049838701020504,231.74752493103,-0.3057546375269,49.838701020504,36070.339204409
4.0374999999999,3.685557703094,0.65016135636347,0.049838643636529,231.35468732519,-0.30549538370371,49.838643636529,36070.337294252
4.0406249999999,3.6865119717565,0.65016141369879,0.049838586301205,230.96261707673,-0.30523641674583,49.838586301205,36070.335385715
4.0437499999999,3.6874654315945,0.65016147098552,0.049838529014478,230.57131240284,-0.30497773620494,49.838529014478,36070.333478795
4.0468749999999,3.6884180835022,0.65016152822371,0.049838471776293,230.1807715257,-0.30471934163371,49.838471776293,36070.331573491
4.0499999999999,3.6893699283727,0.6501615854134,0.049838414586598,229.79099267247,-0.30446123258579,49.838414586598,36070.329669802
4.0531249999999,3.6903209670974,0.65016164255466,0.049838357445338,229.4019740753,-0.3042034086158,49.838357445338,36070.327767724
4.0562499999999,3.6912712005667,0.65016169964754,0.049838300352461,229.01371397127,-0.30394586927934,49.838300352461,36070.325867257
4.0593749999999,3.6922206296692,0.65016175669209,0.049838243307912,228.62621060238,-0.30368861413295,49.838243307912,36070.323968399
4.0624999999999,3.6931692552924,0.65016181368836,0.049838186311639,228.23946221558,-0.30343164273416,49.838186311639,36070.322071148
4.0656249999999,3.6941170783223,0.65016187063641,0.049838129363588,227.85346706269,-0.30317495464146,49.838129363588,36070.320175502
4.0687499999999,3.6950640996436,0.65016192753629,0.049838072463706,227.46822340043,-0.30291854941428,49.838072463706,36070.318281459
4.0718749999999,3.6960103201394,0.65016198438806,0.04983801561194,227.08372949038,-0.30266242661303,49.83801561194,36070.316389018
4.0749999999999,3.6969557406918,0.65016204119176,0.049837958808237,226.69998359896,-0.30240658579906,49.837958808237,36070.314498177
4.0781249999999,3.6979003621812,0.65016209794746,0.049837902052544,226.31698399747,-0.30215102653468,49.837902052544,36070.312608934
4.0812499999999,3.6988441854868,0.65016215465519,0.049837845344808,225.93472896196,-0.30189574838314,49.837845344808,36070.310721287
4.0843749999999,3.6997872114864,0.65016221131502,0.049837788684977,225.55321677333,-0.30164075090863,49.837788684977,36070.308835235
4.0874999999999,3.7007294410564,0.650162267927,0.049837732072998,225.17244571725,-0.3013860336763,49.837732072998,36070.306950776
4.0906249999999,3.701670875072,0.65016232449118,0.049837675508818,224.79241408415,-0.30113159625223,49.837675508818,36070.305067908
4.0937499999999,3.7026115144067,0.65016238100762,0.049837618992384,224.41312016925,-0.30087743820343,49.837618992384,36070.30318663
4.0968749999999,3.7035513599331,0.65016243747635,0.049837562523646,224.03456227246,-0.30062355909787,49.837562523646,36070.301306938
4.0999999999999,3.7044904125221,0.65016249389745,0.049837506102549,223.65673869844,-0.30036995850442,49.837506102549,36070.299428833
4.1031249999999,3.7054286730434,0.65016255027096,0.049837449729042,223.27964775656,-0.30011663599291,49.837449729042,36070.297552312
4.1062499999999,3.7063661423654,0.65016260659693,0.049837393403073,222.90328776085,-0.29986359113407,49.837393403073,36070.295677374
4.1093749999999,3.707302821355,0.65016266287541,0.049837337124589,222.52765703007,-0.29961082349958,49.837337124589,36070.293804016
4.1124999999999,3.7082387108779,0.65016271910646,0.049837280893539,222.15275388758,-0.29935833266202,49.837280893539,36070.291932237
4.1156249999999,3.7091738117985,0.65016277529013,0.04983722470987,221.77857666143,-0.29910611819489,49.83722470987,36070.290062035
4.1187499999999,3.7101081249797,0.65016283142647,0.049837168573531,221.40512368426,-0.29885417967263,49.837168573531,36070.288193408
4.1218749999999,3.7110416512831,0.65016288751553,0.04983711248447,221.03239329335,-0.29860251667058,49.83711248447,36070.286326356
4.1249999999999,3.7119743915692,0.65016294355736,0.049837056442636,220.66038383057,-0.29835112876497,49.837056442636,36070.284460875
4.1281249999999,3.7129063466969,0.65016299955202,0.049837000447976,220.28909364237,-0.29810001553298,49.837000447976,36070.282596965
4.1312499999999,3.713837517524,0.65016305549956,0.049836944500439,219.91852107978,-0.29784917655266,49.836944500439,36070.280734623
4.1343749999999,3.7147679049067,0.65016311140003,0.049836888599974,219.54866449836,-0.29759861140298,49.836888599974,36070.278873849
4.1374999999999,3.7156975097003,0.65016316725347,0.049836832746529,219.17952225823,-0.29734831966382,49.836832746529,36070.277014639
4.1406249999999,3.7166263327584,0.65016322305995,0.049836776940053,218.81109272402,-0.29709830091595,49.836776940053,36070.275156993
4.1437499999999,3.7175543749335,0.6501632788195,0.049836721180495,218.44337426485,-0.29684855474101,49.836721180495,36070.273300908
4.1468749999999,3.7184816370767,0.6501633345322,0.049836665467804,218.07636525437,-0.29659908072159,49.836665467804,36070.271446384
4.1499999999999,3.7194081200378,0.65016339019807,0.049836609801928,217.71006407068,-0.29634987844112,49.836609801928,36070.269593418
4.1531249999999,3.7203338246655,0.65016344581718,0.049836554182817,217.34446909636,-0.29610094748395,49.836554182817,36070.267742009
4.1562499999999,3.7212587518068,0.65016350138958,0.04983649861042,216.97957871842,-0.29585228743529,49.83649861042,36070.265892155
4.1593749999999,3.7221829023079,0.65016355691531,0.049836443084685,216.61539132831,-0.29560389788125,49.836443084685,36070.264043854
4.1624999999999,3.7231062770133,0.65016361239444,0.049836387605563,216.2519053219,-0.29535577840883,49.836387605563,36070.262197104
4.1656249999999,3.7240288767663,0.650163667827,0.049836332173002,215.88911909948,-0.29510792860589,49.836332173002,36070.260351905
4.1687499999999,3.7249507024091,0.65016372321305,0.049836276786952,215.52703106569,-0.29486034806117,49.836276786952,36070.258508254
4.1718749999999,3.7258717547825,0.65016377855264,0.049836221447362,215.16563962959,-0.2946130363643,49.836221447362,36070.256666149
4.1749999999999,3.7267920347259,0.65016383384582,0.049836166154182,214.80494320456,-0.29436599310575,49.836166154182,36070.254825589
4.1781249999999,3.7277115430777,0.65016388909264,0.049836110907362,214.44494020836,-0.2941192178769,49.836110907362,36070.252986572
4.1812499999999,3.7286302806746,0.65016394429315,0.049836055706851,214.08562906306,-0.29387271026996,49.836055706851,36070.251149097
4.1843749999999,3.7295482483525,0.6501639994474,0.049836000552599,213.72700819506,-0.29362646987803,49.836000552599,36070.249313162
4.1874999999999,3.7304654469458,0.65016405455544,0.049835945444556,213.36907603506,-0.29338049629505,49.835945444556,36070.247478764
4.1906249999999,3.7313818772875,0.65016410961733,0.049835890382671,213.01183101805,-0.29313478911583,49.835890382671,36070.245645904
4.1937499999999,3.7322975402096,0.6501641646331,0.049835835366896,212.65527158328,-0.29288934793604,49.835835366896,36070.243814578
4.1968749999999,3.7332124365427,0.65016421960282,0.04983578039718,212.29939617429,-0.2926441723522,49.83578039718,36070.241984785
4.1999999999999,3.7341265671162,0.65016427452653,0.049835725473472,211.94420323885,-0.29239926196169,49.835725473472,36070.240156524
4.2031249999999,3.7350399327581,0.65016432940428,0.049835670595725,211.58969122897,-0.29215461636273,49.835670595725,36070.238329793
4.2062499999999,3.7359525342953,0.65016438423611,0.049835615763886,211.23585860087,-0.29191023515438,49.835615763886,36070.23650459
4.2093749999999,3.7368643725534,0.65016443902209,0.049835560977908,210.88270381498,-0.29166611793657,49.835560977908,36070.234680913
4.2124999999999,3.7377754483568,0.65016449376226,0.049835506237741,210.53022533594,-0.29142226431006,49.835506237741,36070.232858762
4.2156249999999,3.7386857625285,0.65016454845667,0.049835451543335,210.17842163253,-0.29117867387643,49.835451543335,36070.231038133
4.2187499999999,3.7395953158904,0.65016460310536,0.04983539689464,209.82729117774,-0.29093534623813,49.83539689464,36070.229219027
4.2218749999999,3.7405041092631,0.65016465770839,0.049835342291608,209.47683244868,-0.29069228099844,49.835342291608,36070.22740144
4.2249999999999,3.741412143466,0.65016471226581,0.049835287734189,209.12704392661,-0.29044947776146,49.835287734189,36070.225585371
4.2281249999999,3.7423194193172,0.65016476677767,0.049835233222334,208.77792409691,-0.29020693613213,49.835233222334,36070.22377082
4.2312499999999,3.7432259376337,0.65016482124401,0.049835178755994,208.42947144907,-0.28996465571621,49.835178755994,36070.221957783
4.2343749999999,3.7441316992311,0.65016487566488,0.04983512433512,208.08168447669,-0.2897226361203,49.83512433512,36070.22014626
4.2374999999999,3.7450367049239,0.65016493004034,0.049835069959663,207.73456167744,-0.28948087695181,49.835069959663,36070.218336249
4.2406249999999,3.7459409555253,0.65016498437043,0.049835015629574,207.38810155305,-0.28923937781899,49.835015629574,36070.216527747
4.2437499999999,3.7468444518473,0.6501650386552,0.049834961344804,207.04230260935,-0.2889981383309,49.834961344804,36070.214720755
4.2468749999999,3.7477471947007,0.65016509289469,0.049834907105305,206.69716335616,-0.28875715809742,49.834907105305,36070.212915269
4.2499999999999,3.748649184895,0.65016514708897,0.049834852911029,206.35268230739,-0.28851643672923,49.834852911029,36070.211111289
4.2531249999999,3.7495504232386,0.65016520123807,0.049834798761925,206.00885798091,-0.28827597383784,49.834798761925,36070.209308812
4.2562499999999,3.7504509105386,0.65016525534205,0.049834744657947,205.66568889864,-0.28803576903558,49.834744657947,36070.207507837
4.2593749999999,3.751350647601,0.65016530940096,0.049834690599045,205.32317358647,-0.28779582193556,49.834690599045,36070.205708363
4.2624999999999,3.7522496352304,0.65016536341483,0.049834636585171,204.98131057427,-0.28755613215172,49.834636585171,36070.203910388
4.2656249999999,3.7531478742304,0.65016541738372,0.049834582616277,204.64009839589,-0.2873166992988,49.834582616277,36070.20211391
4.2687499999999,3.7540453654034,0.65016547130768,0.049834528692315,204.29953558912,-0.28707752299232,49.834528692315,36070.200318928
4.2718749999999,3.7549421095503,0.65016552518676,0.049834474813236,203.9596206957,-0.28683860284864,49.834474813236,36070.198525439
4.2749999999999,3.7558381074711,0.65016557902101,0.049834420978993,203.62035226129,-0.28659993848489,49.834420978993,36070.196733443
4.2781249999999,3.7567333599645,0.65016563281046,0.049834367189538,203.28172883548,-0.286361529519,49.834367189538,36070.194942938
4.2812499999999,3.7576278678281,0.65016568655518,0.049834313444822,202.94374897174,-0.28612337556969,49.834313444822,36070.193153923
4.2843749999999,3.7585216318581,0.6501657402552,0.049834259744798,202.60641122746,-0.28588547625649,49.834259744798,36070.191366395
4.2874999999999,3.7594146528498,0.65016579391058,0.049834206089417,202.26971416388,-0.28564783119969,49.834206089417,36070.189580353
4.2906249999999,3.7603069315971,0.65016584752137,0.049834152478633,201.93365634612,-0.2854104400204,49.834152478633,36070.187795795
4.2937499999999,3.7611984688927,0.6501659010876,0.049834098912398,201.59823634315,-0.28517330234047,49.834098912398,36070.186012721
4.2968749999999,3.7620892655283,0.65016595460934,0.049834045390664,201.26345272779,-0.28493641778259,49.834045390664,36070.184231127
4.2999999999999,3.7629793222943,0.65016600808662,0.049833991913383,200.92930407666,-0.28469978597018,49.833991913383,36070.182451014
4.3031249999999,3.7638686399799,0.65016606151949,0.049833938480509,200.59578897023,-0.28446340652746,49.833938480509,36070.180672378
4.3062499999999,3.7647572193732,0.65016611490801,0.049833885091993,200.26290599276,-0.28422727907943,49.833885091993,36070.17889522
4.3093749999999,3.7656450612611,0.65016616825221,0.049833831747789,199.93065373229,-0.28399140325186,49.833831747789,36070.177119536
4.3124999999999,3.7665321664292,0.65016622155215,0.049833778447849,199.59903078067,-0.28375577867129,49.833778447849,36070.175345326
4.3156249999999,3.7674185356623,0.65016627480787,0.049833725192126,199.26803573348,-0.28352040496504,49.833725192126,36070.173572587
4.3187499999999,3.7683041697437,0.65016632801943,0.049833671980574,198.93766719007,-0.28328528176117,49.833671980574,36070.171801319
4.3218749999999,3.7691890694556,0.65016638118686,0.049833618813144,198.60792375354,-0.28305040868853,49.833618813144,36070.170031519
4.3249999999999,3.7700732355791,0.65016643431021,0.049833565689791,198.27880403073,-0.28281578537674,49.833565689791,36070.168263187
4.3281249999999,3.7709566688941,0.65016648738953,0.049833512610467,197.95030663217,-0.28258141145616,49.833512610467,36070.166496321
4.3312499999999,3.7718393701794,0.65016654042487,0.049833459575126,197.62243017212,-0.28234728655793,49.833459575126,36070.164730918
4.3343749999999,3.7727213402127,0.65016659341628,0.049833406583721,197.29517326853,-0.28211341031392,49.833406583721,36070.162966978
4.3374999999999,3.7736025797704,0.6501666463638,0.049833353636204,196.96853454304,-0.28187978235679,49.833353636204,36070.161204499
4.3406249999999,3.7744830896278,0.65016669926747,0.04983330073253,196.64251262094,-0.28164640231993,49.83330073253,36070.159443479
4.3437499999999,3.7753628705591,0.65016675212735,0.049833247872653,196.31710613121,-0.28141326983749,49.833247872653,36070.157683917
4.3468749999999,3.7762419233373,0.65016680494348,0.049833195056525,195.99231370646,-0.28118038454437,49.833195056525,36070.155925812
4.3499999999999,3.7771202487344,0.6501668577159,0.0498331422841,195.66813398294,-0.28094774607621,49.8331422841,36070.154169161
4.3531249999999,3.777997847521,0.65016691044467,0.049833089555332,195.34456560052,-0.2807153540694,49.833089555332,36070.152413963
4.3562499999999,3.7788747204669,0.65016696312983,0.049833036870175,195.02160720271,-0.28048320816108,49.833036870175,36070.150660217
4.3593749999999,3.7797508683405,0.65016701577142,0.049832984228582,194.69925743659,-0.28025130798912,49.832984228582,36070.148907922
4.3624999999999,3.7806262919092,0.65016706836949,0.049832931630508,194.37751495284,-0.28001965319213,49.832931630508,36070.147157075
4.3656249999999,3.7815009919392,0.65016712092409,0.049832879075906,194.05637840575,-0.27978824340948,49.832879075906,36070.145407674
4.3687499999999,3.7823749691956,0.65016717343527,0.04983282656473,193.73584645312,-0.27955707828125,49.83282656473,36070.14365972
4.3718749999999,3.7832482244425,0.65016722590306,0.049832774096935,193.41591775637,-0.27932615744826,49.832774096935,36070.141913209
4.3749999999999,3.7841207584426,0.65016727832752,0.049832721672475,193.09659098041,-0.27909548055206,49.832721672475,36070.140168141
4.3781249999999,3.7849925719577,0.6501673307087,0.049832669291304,192.77786479372,-0.27886504723493,49.832669291304,36070.138424514
4.3812499999999,3.7858636657484,0.65016738304662,0.049832616953375,192.4597378683,-0.27863485713989,49.832616953375,36070.136682327
4.3843749999999,3.7867340405743,0.65016743534136,0.049832564658645,192.14220887965,-0.27840490991068,49.832564658645,36070.134941577
4.3874999999999,3.7876036971937,0.65016748759293,0.049832512407066,191.82527650677,-0.27817520519175,49.832512407066,36070.133202264
4.3906249999999,3.788472636364,0.65016753980141,0.049832460198594,191.50893943217,-0.27794574262828,49.832460198594,36070.131464386
4.3937499999999,3.7893408588414,0.65016759196682,0.049832408033183,191.19319634183,-0.27771652186618,49.832408033183,36070.129727941
4.3968749999999,3.7902083653808,0.65016764408921,0.049832355910787,190.87804592517,-0.27748754255207,49.832355910787,36070.127992928
4.3999999999999,3.7910751567363,0.65016769616864,0.049832303831362,190.56348687512,-0.27725880433329,49.832303831362,36070.126259345
4.4031249999999,3.7919412336608,0.65016774820514,0.049832251794863,190.249517888,-0.27703030685788,49.832251794863,36070.124527191
4.4062499999999,3.7928065969059,0.65016780019876,0.049832199801243,189.93613766361,-0.27680204977461,49.832199801243,36070.122796465
4.4093749999999,3.7936712472225,0.65016785214954,0.049832147850458,189.62334490516,-0.27657403273295,49.832147850458,36070.121067164
4.4124999999999,3.7945351853601,0.65016790405754,0.049832095942463,189.31113831926,-0.27634625538308,49.832095942463,36070.119339288
4.4156249999999,3.7953984120672,0.65016795592279,0.049832044077212,188.99951661593,-0.2761187173759,49.832044077212,36070.117612834
4.4187499999999,3.7962609280911,0.65016800774534,0.049831992254662,188.6884785086,-0.27589141836299,49.831992254662,36070.115887802
4.4218749999999,3.7971227341782,0.65016805952523,0.049831940474767,188.37802271407,-0.27566435799665,49.831940474767,36070.11416419
4.4249999999999,3.7979838310738,0.65016811126252,0.049831888737482,188.06814795249,-0.27543753592989,49.831888737482,36070.112441996
4.4281249999999,3.798844219522,0.65016816295724,0.049831837042763,187.75885294741,-0.27521095181639,49.831837042763,36070.110721219
4.4312499999999,3.7997039002657,0.65016821460943,0.049831785390565,187.45013642569,-0.27498460531055,49.831785390565,36070.109001858
4.4343749999999,3.8005628740471,0.65016826621916,0.049831733780843,187.14199711756,-0.27475849606746,49.831733780843,36070.10728391
4.4374999999999,3.8014211416071,0.65016831778645,0.049831682213553,186.83443375657,-0.27453262374292,49.831682213553,36070.105567375
4.4406249999999,3.8022787036854,0.65016836931135,0.049831630688651,186.52744507959,-0.27430698799338,49.831630688651,36070.103852251
4.4437499999999,3.8031355610208,0.65016842079391,0.049831579206092,186.22102982678,-0.27408158847601,49.831579206092,36070.102138536
4.4468749999999,3.8039917143511,0.65016847223417,0.049831527765831,185.91518674162,-0.27385642484868,49.831527765831,36070.10042623
4.4499999999999,3.8048471644127,0.65016852363217,0.049831476367825,185.60991457087,-0.27363149676991,49.831476367825,36070.09871533
4.4531249999999,3.8057019119414,0.65016857498797,0.049831425012029,185.30521206457,-0.27340680389895,49.831425012029,36070.097005834
4.4562499999999,3.8065559576716,0.6501686263016,0.0498313736984,185.00107797602,-0.27318234589568,49.8313736984,36070.095297743
4.4593749999999,3.8074093023367,0.65016867757311,0.049831322426892,184.69751106178,-0.27295812242071,49.831322426892,36070.093591054
4.4624999999999,3.8082619466691,0.65016872880254,0.049831271197463,184.39451008167,-0.2727341331353,49.831271197463,36070.091885765
4.4656249999999,3.8091138914001,0.65016877998993,0.049831220010068,184.09207379872,-0.2725103777014,49.831220010068,36070.090181876
4.4687499999999,3.80996513726,0.65016883113534,0.049831168864663,183.7902009792,-0.27228685578162,49.831168864663,36070.088479384
4.4718749999999,3.810815684978,0.6501688822388,0.049831117761204,183.48889039261,-0.27206356703927,49.831117761204,36070.086778288
4.4749999999999,3.8116655352822,0.65016893330035,0.049831066699648,183.18814081163,-0.27184051113831,49.831066699648,36070.085078588
4.4781249999999,3.8125146888997,0.65016898432005,0.049831015679951,182.88795101216,-0.27161768774337,49.831015679951,36070.083380281
4.4812499999999,3.8133631465566,0.65016903529793,0.04983096470207,182.58831977327,-0.27139509651978,49.83096470207,36070.081683365
4.4843749999999,3.814210908978,0.65016908623404,0.049830913765961,182.28924587722,-0.27117273713348,49.830913765961,36070.07998784
4.4874999999999,3.8150579768877,0.65016913712842,0.049830862871579,181.99072810942,-0.27095060925114,49.830862871579,36070.078293705
4.4906249999999,3.8159043510087,0.65016918798112,0.049830812018883,181.69276525846,-0.27072871254005,49.830812018883,36070.076600956
4.4937499999999,3.816750032063,0.65016923879217,0.049830761207828,181.39535611605,-0.27050704666817,49.830761207828,36070.074909594
4.4968749999999,3.8175950207712,0.65016928956163,0.049830710438372,181.09849947706,-0.27028561130413,49.830710438372,36070.073219617
4.4999999999999,3.8184393178534,0.65016934028953,0.04983065971047,180.80219413948,-0.27006440611721,49.83065971047,36070.071531023
4.5031249999999,3.8192829240283,0.65016939097592,0.04983060902408,180.50643890441,-0.26984343077734,49.83060902408,36070.06984381
4.5062499999999,3.8201258400135,0.65016944162084,0.049830558379159,180.21123257606,-0.26962268495513,49.830558379159,36070.068157978
4.5093749999999,3.820968066526,0.65016949222434,0.049830507775664,179.91657396176,-0.26940216832181,49.830507775664,36070.066473525
4.5124999999999,3.8218096042813,0.65016954278645,0.049830457213551,179.6224618719,-0.26918188054929,49.830457213551,36070.06479045
4.5156249999999,3.8226504539941,0.65016959330722,0.049830406692777,179.32889511997,-0.26896182131011,49.830406692777,36070.06310875
4.5187499999999,3.8234906163781,0.6501696437867,0.049830356213301,179.03587252253,-0.26874199027747,49.830356213301,36070.061428426
4.5218749999999,3.824330092146,0.65016969422492,0.049830305775078,178.74339289918,-0.26852238712522,49.830305775078,36070.059749474
4.5249999999999,3.8251688820093,0.65016974462193,0.049830255378067,178.45145507258,-0.26830301152783,49.830255378067,36070.058071894
4.5281249999999,3.8260069866786,0.65016979497778,0.049830205022224,178.16005786846,-0.26808386316045,49.830205022224,36070.056395685
4.5312499999999,3.8268444068636,0.65016984529249,0.049830154707507,177.86920011553,-0.26786494169883,49.830154707507,36070.054720845
4.5343749999999,3.8276811432728,0.65016989556613,0.049830104433873,177.57888064557,-0.26764624681939,49.830104433873,36070.053047372
4.5374999999999,3.8285171966138,0.65016994579872,0.04983005420128,177.28909829335,-0.26742777819918,49.83005420128,36070.051375265
4.5406249999999,3.8293525675931,0.65016999599031,0.049830004009686,176.99985189666,-0.26720953551589,49.830004009686,36070.049704523
4.5437499999999,3.8301872569163,0.65017004614095,0.049829953859047,176.71114029626,-0.26699151844783,49.829953859047,36070.048035145
4.5468749999999,3.831021265288,0.65017009625068,0.049829903749322,176.42296233591,-0.26677372667397,49.829903749322,36070.046367128
4.5499999999999,3.8318545934116,0.65017014631953,0.049829853680469,176.13531686237,-0.26655615987388,49.829853680469,36070.044700472
4.5531249999999,3.8326872419897,0.65017019634756,0.049829803652444,175.84820272533,-0.26633881772778,49.829803652444,36070.043035174
4.5562499999999,3.8335192117239,0.65017024633479,0.049829753665207,175.56161877746,-0.26612169991651,49.829753665207,36070.041371235
4.5593749999999,3.8343505033148,0.65017029628129,0.049829703718714,175.27556387437,-0.26590480612155,49.829703718714,36070.039708652
4.5624999999999,3.8351811174618,0.65017034618708,0.049829653812924,174.99003687461,-0.26568813602498,49.829653812924,36070.038047423
4.5656249999999,3.8360110548635,0.6501703960522,0.049829603947795,174.70503663969,-0.26547168930953,49.829603947795,36070.036387549
4.5687499999999,3.8368403162175,0.65017044587671,0.049829554123285,174.42056203398,-0.26525546565853,49.829554123285,36070.034729026
4.5718749999999,3.8376689022204,0.65017049566065,0.049829504339352,174.13661192484,-0.26503946475595,49.829504339352,36070.033071854
4.5749999999999,3.8384968135678,0.65017054540404,0.049829454595955,173.85318518248,-0.26482368628636,49.829454595955,36070.031416031
4.5781249999999,3.8393240509543,0.65017059510695,0.049829404893051,173.57028068002,-0.26460812993496,49.829404893051,36070.029761556
4.5812499999999,3.8401506150736,0.6501706447694,0.049829355230599,173.28789729347,-0.26439279538757,49.829355230599,36070.028108428
4.5843749999999,3.8409765066182,0.65017069439144,0.049829305608557,173.00603390173,-0.2641776823306,49.829305608557,36070.026456645
4.5874999999999,3.8418017262798,0.65017074397312,0.049829256026885,172.72468938656,-0.2639627904511,49.829256026885,36070.024806206
4.5906249999999,3.8426262747492,0.65017079351446,0.049829206485539,172.44386263256,-0.2637481194367,49.829206485539,36070.023157109
4.5937499999999,3.843450152716,0.65017084301552,0.049829156984479,172.16355252721,-0.26353366897568,49.829156984479,36070.021509353
4.5968749999999,3.844273360869,0.65017089247634,0.049829107523664,171.88375796083,-0.26331943875689,49.829107523664,36070.019862937
4.5999999999999,3.845095899896,0.65017094189695,0.049829058103051,171.60447782655,-0.2631054284698,49.829058103051,36070.018217859
4.6031249999999,3.8459177704838,0.6501709912774,0.049829008722601,171.32571102037,-0.2628916378045,49.829008722601,36070.016574117
4.6062499999999,3.8467389733181,0.65017104061773,0.049828959382271,171.04745644106,-0.26267806645166,49.828959382271,36070.014931712
4.6093749999999,3.847559509084,0.65017108991798,0.04982891008202,170.76971299023,-0.26246471410256,49.82891008202,36070.01329064
4.6124999999999,3.8483793784652,0.65017113917819,0.049828860821808,170.49247957228,-0.26225158044907,49.828860821808,36070.011650901
4.6156249999999,3.8491985821447,0.65017118839841,0.049828811601594,170.21575509441,-0.26203866518369,49.828811601594,36070.010012494
4.6187499999999,3.8500171208046,0.65017123757866,0.049828762421335,169.93953846658,-0.26182596799948,49.828762421335,36070.008375417
4.6218749999999,3.8508349951257,0.65017128671901,0.049828713280992,169.66382860155,-0.26161348859011,49.828713280992,36070.006739668
4.6249999999999,3.8516522057883,0.65017133581948,0.049828664180524,169.38862441484,-0.26140122664985,49.828664180524,36070.005105247
4.6281249999999,3.8524687534714,0.65017138488011,0.04982861511989,169.11392482472,-0.26118918187356,49.82861511989,36070.003472151
4.6312499999999,3.8532846388532,0.65017143390095,0.049828566099048,168.83972875222,-0.26097735395668,49.828566099048,36070.001840381
4.6343749999999,3.8540998626108,0.65017148288204,0.049828517117959,168.5660351211,-0.26076574259525,49.828517117959,36070.000209933
4.6374999999999,3.8549144254207,0.65017153182342,0.049828468176582,168.29284285786,-0.26055434748589,49.828468176582,36069.998580808
4.6406249999999,3.8557283279579,0.65017158072512,0.049828419274876,168.02015089174,-0.26034316832582,49.828419274876,36069.996953002
4.6437499999999,3.8565415708971,0.6501716295872,0.0498283704128,167.74795815466,-0.26013220481282,49.8283704128,36069.995326517
4.6468749999999,3.8573541549114,0.65017167840968,0.049828321590315,167.47626358128,-0.25992145664529,49.828321590315,36069.993701349
4.6499999999999,3.8581660806736,0.65017172719262,0.049828272807379,167.20506610895,-0.25971092352218,49.828272807379,36069.992077497
4.6531249999999,3.858977348855,0.65017177593605,0.049828224063953,166.93436467771,-0.25950060514302,49.828224063953,36069.990454961
4.6562499999999,3.8597879601263,0.65017182464,0.049828175359996,166.6641582303,-0.25929050120796,49.828175359996,36069.988833738
4.6593749999999,3.8605979151572,0.65017187330453,0.049828126695468,166.3944457121,-0.25908061141767,49.828126695468,36069.987213828
4.6624999999999,3.8614072146164,0.65017192192967,0.049828078070329,166.12522607119,-0.25887093547344,49.828078070329,36069.985595229
4.6656249999999,3.8622158591717,0.65017197051546,0.049828029484538,165.8564982583,-0.25866147307711,49.828029484538,36069.98397794
4.6687499999999,3.86302384949,0.65017201906194,0.049827980938056,165.58826122681,-0.25845222393111,49.827980938056,36069.982361959
4.6718749999999,3.8638311862373,0.65017206756916,0.049827932430842,165.32051393275,-0.25824318773842,49.827932430842,36069.980747286
4.6749999999999,3.8646378700784,0.65017211603714,0.049827883962857,165.05325533478,-0.25803436420262,49.827883962857,36069.979133918
4.6781249999999,3.8654439016776,0.65017216446594,0.04982783553406,164.78648439419,-0.25782575302784,49.82783553406,36069.977521855
4.6812499999999,3.866249281698,0.65017221285559,0.049827787144412,164.5202000749,-0.25761735391877,49.827787144412,36069.975911095
4.6843749999999,3.8670540108019,0.65017226120613,0.049827738793874,164.2544013434,-0.25740916658068,49.827738793874,36069.974301637
4.6874999999999,3.8678580896505,0.6501723095176,0.049827690482404,163.98908716885,-0.2572011907194,49.827690482404,36069.972693479
4.6906249999999,3.8686615189043,0.65017235779004,0.049827642209964,163.72425652296,-0.25699342604133,49.827642209964,36069.971086621
4.6937499999999,3.8694642992227,0.65017240602349,0.049827593976514,163.45990838004,-0.25678587225342,49.827593976514,36069.96948106
4.6968749999999,3.8702664312644,0.65017245421799,0.049827545782015,163.19604171698,-0.25657852906319,49.827545782015,36069.967876796
4.6999999999999,3.871067915687,0.65017250237357,0.049827497626426,162.93265551326,-0.2563713961787,49.827497626426,36069.966273827
4.7031249999999,3.8718687531473,0.65017255049029,0.049827449509709,162.6697487509,-0.2561644733086,49.827449509709,36069.964672152
4.7062499999999,3.8726689443011,0.65017259856818,0.049827401431824,162.4073204145,-0.25595776016208,49.827401431824,36069.96307177
4.7093749999999,3.8734684898032,0.65017264660727,0.049827353392732,162.14536949119,-0.25575125644887,49.827353392732,36069.961472679
4.7124999999999,3.8742673903079,0.65017269460761,0.049827305392393,161.88389497065,-0.25554496187926,49.827305392393,36069.959874878
4.7156249999999,3.8750656464681,0.65017274256923,0.049827257430768,161.62289584512,-0.25533887616412,49.827257430768,36069.958278365
4.7187499999999,3.8758632589361,0.65017279049218,0.049827209507818,161.36237110933,-0.25513299901484,49.827209507818,36069.95668314
4.7218749999999,3.8766602283633,0.6501728383765,0.049827161623504,161.10231976054,-0.25492733014336,49.827161623504,36069.955089202
4.7249999999999,3.8774565553999,0.65017288622221,0.049827113777786,160.84274079855,-0.25472186926219,49.827113777786,36069.953496548
4.7281249999999,3.8782522406957,0.65017293402937,0.049827065970627,160.58363322562,-0.25451661608436,49.827065970627,36069.951905177
4.7312499999999,3.8790472848991,0.65017298179801,0.049827018201986,160.32499604655,-0.25431157032346,49.827018201986,36069.950315089
4.7343749999999,3.8798416886579,0.65017302952818,0.049826970471825,160.0668282686,-0.25410673169362,49.826970471825,36069.948726281
4.7374999999999,3.880635452619,0.6501730772199,0.049826922780105,159.80912890153,-0.25390209990952,49.826922780105,36069.947138753
4.7406249999999,3.8814285774283,0.65017312487321,0.049826875126787,159.55189695757,-0.25369767468638,49.826875126787,36069.945552504
4.7437499999999,3.8822210637309,0.65017317248817,0.049826827511832,159.29513145141,-0.25349345573994,49.826827511832,36069.943967531
4.7468749999999,3.8830129121709,0.6501732200648,0.049826779935203,159.03883140022,-0.25328944278649,49.826779935203,36069.942383834
4.7499999999999,3.8838041233916,0.65017326760314,0.049826732396859,158.78299582361,-0.25308563554288,49.826732396859,36069.940801412
4.7531249999999,3.8845946980354,0.65017331510324,0.049826684896762,158.52762374364,-0.25288203372647,49.826684896762,36069.939220262
4.7562499999999,3.8853846367439,0.65017336256512,0.049826637434875,158.2727141848,-0.25267863705515,49.826637434875,36069.937640385
4.7593749999999,3.8861739401576,0.65017340998884,0.049826590011158,158.01826617402,-0.25247544524736,49.826590011158,36069.936061778
4.7624999999999,3.8869626089164,0.65017345737443,0.049826542625573,157.76427874066,-0.25227245802206,49.826542625573,36069.934484441
4.7656249999999,3.8877506436592,0.65017350472192,0.049826495278082,157.51075091648,-0.25206967509875,49.826495278082,36069.932908371
4.7687499999999,3.8885380450238,0.65017355203135,0.049826447968645,157.25768173567,-0.25186709619745,49.826447968645,36069.931333568
4.7718749999999,3.8893248136475,0.65017359930277,0.049826400697226,157.00507023481,-0.25166472103871,49.826400697226,36069.929760031
4.7749999999999,3.8901109501666,0.65017364653621,0.049826353463786,156.75291545288,-0.25146254934362,49.826353463786,36069.928187758
4.7781249999999,3.8908964552163,0.65017369373171,0.049826306268286,156.50121643126,-0.25126058083378,49.826306268286,36069.926616748
4.7812499999999,3.8916813294313,0.65017374088931,0.049826259110688,156.24997221369,-0.25105881523131,49.826259110688,36069.925047
4.7843749999999,3.8924655734452,0.65017378800904,0.049826211990955,155.99918184629,-0.25085725225888,49.826211990955,36069.923478511
4.7874999999999,3.8932491878907,0.65017383509095,0.049826164909049,155.74884437757,-0.25065589163964,49.826164909049,36069.921911283
4.7906249999999,3.8940321733998,0.65017388213507,0.04982611786493,155.49895885836,-0.25045473309728,49.82611786493,36069.920345312
4.7937499999999,3.8948145306036,0.65017392914144,0.049826070858562,155.24952434189,-0.25025377635603,49.826070858562,36069.918780597
4.7968749999999,3.8955962601323,0.65017397611009,0.049826023889907,155.00053988371,-0.25005302114061,49.826023889907,36069.917217138
4.7999999999999,3.8963773626151,0.65017402304107,0.049825976958927,154.75200454171,-0.24985246717626,49.825976958927,36069.915654933
4.8031249999999,3.8971578386806,0.65017406993442,0.049825930065583,154.50391737611,-0.24965211418874,49.825930065583,36069.914093981
4.8062499999999,3.8979376889564,0.65017411679016,0.049825883209839,154.25627744949,-0.24945196190433,49.825883209839,36069.91253428
4.8093749999999,3.8987169140693,0.65017416360834,0.049825836391657,154.0090838267,-0.2492520100498,49.825836391657,36069.91097583
4.8124999999999,3.8994955146451,0.650174210389,0.049825789610998,153.76233557493,-0.24905225835247,49.825789610998,36069.909418629
4.8156249999999,3.900273491309,0.65017425713217,0.049825742867826,153.51603176369,-0.24885270654013,49.825742867826,36069.907862676
4.8187499999999,3.9010508446852,0.6501743038379,0.049825696162103,153.27017146475,-0.2486533543411,49.825696162103,36069.906307969
4.8218749999999,3.9018275753971,0.65017435050621,0.049825649493792,153.0247537522,-0.2484542014842,49.825649493792,36069.904754508
4.8249999999999,3.902603684067,0.65017439713715,0.049825602862855,152.77977770242,-0.24825524769877,49.825602862855,36069.90320229
4.8281249999999,3.9033791713168,0.65017444373075,0.049825556269254,152.53524239405,-0.24805649271462,49.825556269254,36069.901651316
4.8312499999999,3.9041540377673,0.65017449028705,0.049825509712953,152.29114690801,-0.24785793626212,49.825509712953,36069.900101583
4.8343749999999,3.9049282840385,0.65017453680609,0.049825463193915,152.04749032748,-0.24765957807208,49.825463193915,36069.89855309
4.8374999999999,3.9057019107494,0.6501745832879,0.049825416712101,151.80427173792,-0.24746141787586,49.825416712101,36069.897005837
4.8406249999999,3.9064749185185,0.65017462973252,0.049825370267475,151.56149022702,-0.2472634554053,49.825370267475,36069.895459821
4.8437499999999,3.9072473079632,0.65017467614,0.04982532386,151.31914488473,-0.24706569039273,49.82532386,36069.893915042
4.8468749999999,3.9080190797001,0.65017472251036,0.049825277489639,151.07723480322,-0.246868122571,49.825277489639,36069.892371499
4.8499999999999,3.9087902343451,0.65017476884365,0.049825231156354,150.83575907692,-0.24667075167343,49.825231156354,36069.89082919
4.8531249999999,3.909560772513,0.65017481513989,0.04982518486011,150.59471680246,-0.24647357743387,49.82518486011,36069.889288113
4.8562499999999,3.9103306948182,0.65017486139913,0.049825138600868,150.3541070787,-0.24627659958662,49.825138600868,36069.887748269
4.8593749999999,3.9111000018738,0.65017490762141,0.049825092378592,150.11392900673,-0.24607981786651,49.825092378592,36069.886209655
4.8624999999999,3.9118686942923,0.65017495380675,0.049825046193245,149.87418168982,-0.24588323200885,49.825046193245,36069.88467227
4.8656249999999,3.9126367726855,0.65017499995521,0.049825000044791,149.63486423346,-0.24568684174943,49.825000044791,36069.883136113
4.8687499999999,3.9134042376641,0.65017504606681,0.049824953933193,149.39597574531,-0.24549064682454,49.824953933193,36069.881601183
4.8718749999999,3.9141710898382,0.65017509214159,0.049824907858414,149.15751533525,-0.24529464697096,49.824907858414,36069.880067479
4.8749999999999,3.9149373298169,0.65017513817958,0.049824861820417,148.91948211532,-0.24509884192595,49.824861820417,36069.878534999
4.8781249999999,3.9157029582086,0.65017518418083,0.049824815819167,148.68187519975,-0.24490323142726,49.824815819167,36069.877003742
4.8812499999999,3.9164679756208,0.65017523014537,0.049824769854625,148.4446937049,-0.24470781521312,49.824769854625,36069.875473707
4.8843749999999,3.9172323826604,0.65017527607324,0.049824723926757,148.20793674935,-0.24451259302224,49.824723926757,36069.873944893
4.8874999999999,3.9179961799331,0.65017532196447,0.049824678035526,147.97160345379,-0.24431756459383,49.824678035526,36069.872417298
4.8906249999999,3.9187593680442,0.65017536781911,0.049824632180894,147.73569294109,-0.24412272966757,49.824632180894,36069.870890922
4.8937499999999,3.9195219475979,0.65017541363717,0.049824586362827,147.50020433623,-0.2439280879836,49.824586362827,36069.869365763
4.8968749999999,3.9202839191976,0.65017545941871,0.049824540581287,147.26513676636,-0.24373363928257,49.824540581287,36069.86784182
4.8999999999999,3.9210452834461,0.65017550516376,0.049824494836239,147.03048936076,-0.2435393833056,49.824494836239,36069.866319091
4.9031249999999,3.9218060409451,0.65017555087235,0.049824449127646,146.79626125081,-0.24334531979428,49.824449127646,36069.864797576
4.9062499999999,3.9225661922958,0.65017559654453,0.049824403455473,146.56245157002,-0.24315144849067,49.824403455473,36069.863277274
4.9093749999999,3.9233257380984,0.65017564218032,0.049824357819682,146.32905945402,-0.24295776913731,49.824357819682,36069.861758182
4.9124999999999,3.9240846789524,0.65017568777976,0.049824312220239,146.09608404055,-0.24276428147722,49.824312220239,36069.8602403
4.9156249999999,3.9248430154563,0.65017573334289,0.049824266657107,145.86352446943,-0.24257098525388,49.824266657107,36069.858723627
4.9187499999999,3.9256007482081,0.65017577886975,0.04982422113025,145.63137988259,-0.24237788021125,49.82422113025,36069.857208162
4.9218749999999,3.9263578778047,0.65017582436037,0.049824175639632,145.39964942406,-0.24218496609376,49.824175639632,36069.855693903
4.9249999999999,3.9271144048424,0.65017586981478,0.049824130185218,145.16833223991,-0.2419922426463,49.824130185218,36069.854180849
4.9281249999999,3.9278703299167,0.65017591523303,0.049824084766972,144.93742747834,-0.24179970961423,49.824084766972,36069.852668999
4.9312499999999,3.9286256536221,0.65017596061514,0.049824039384858,144.70693428959,-0.24160736674338,49.824039384858,36069.851158351
4.9343749999999,3.9293803765527,0.65017600596116,0.04982399403884,144.47685182595,-0.24141521378004,49.82399403884,36069.849648905
4.9374999999999,3.9301344993013,0.65017605127112,0.049823948728883,144.24717924181,-0.24122325047097,49.823948728883,36069.84814066
4.9406249999999,3.9308880224604,0.65017609654505,0.049823903454951,144.01791569359,-0.24103147656338,49.823903454951,36069.846633613
4.9437499999999,3.9316409466213,0.65017614178299,0.049823858217009,143.78906033974,-0.24083989180496,49.823858217009,36069.845127765
4.9468749999999,3.9323932723749,0.65017618698498,0.049823813015021,143.56061234077,-0.24064849594385,49.823813015021,36069.843623114
4.9499999999999,3.9331450003109,0.65017623215105,0.049823767848951,143.33257085925,-0.24045728872865,49.823767848951,36069.842119658
4.9531249999999,3.9338961310186,0.65017627728124,0.049823722718765,143.10493505972,-0.24026626990842,49.823722718765,36069.840617396
4.9562499999999,3.9346466650862,0.65017632237557,0.049823677624426,142.87770410879,-0.24007543923268,49.823677624426,36069.839116328
4.9593749999999,3.9353966031013,0.6501763674341,0.0498236325659,142.65087717508,-0.2398847964514,49.8236325659,36069.837616452
4.9624999999999,3.9361459456508,0.65017641245685,0.049823587543152,142.4244534292,-0.23969434131501,49.823587543152,36069.836117767
4.9656249999999,3.9368946933205,0.65017645744385,0.049823542556146,142.19843204379,-0.23950407357439,49.823542556146,36069.834620272
4.9687499999999,3.9376428466959,0.65017650239515,0.049823497604847,141.97281219348,-0.23931399298088,49.823497604847,36069.833123965
4.9718749999999,3.9383904063611,0.65017654731078,0.049823452689219,141.74759305489,-0.23912409928626,49.823452689219,36069.831628846
4.9749999999999,3.9391373729001,0.65017659219077,0.049823407809229,141.52277380664,-0.23893439224277,49.823407809229,36069.830134913
4.9781249999999,3.9398837468955,0.65017663703516,0.04982336296484,141.29835362933,-0.23874487160311,49.82336296484,36069.828642165
4.9812499999999,3.9406295289297,0.65017668184398,0.049823318156018,141.07433170553,-0.2385555371204,49.823318156018,36069.8271506
4.9843749999999,3.9413747195839,0.65017672661727,0.049823273382728,140.85070721979,-0.23836638854824,49.823273382728,36069.825660219
4.9874999999999,3.9421193194387,0.65017677135507,0.049823228644935,140.62747935863,-0.23817742564064,49.823228644935,36069.824171019
4.9906249999999,3.942863329074,0.6501768160574,0.049823183942604,140.40464731051,-0.2379886481521,49.823183942604,36069.822683
4.9937499999999,3.9436067490687,0.6501768607243,0.0498231392757,140.18221026586,-0.23780005583752,49.8231392757,36069.82119616
4.9968749999999,3.9443495800013,0.65017690535581,0.049823094644189,139.96016741707,-0.23761164845228,49.823094644189,36069.819710498
4.9999999999998,3.9450918224491,0.65017694995196,0.049823050048036,139.73851795845,-0.23742342575219,49.823050048036,36069.818226013
