time,aq_si,solid_si
0.000000000000000000e+00,1.000000000000000000e+00,8.321821480285605048e+02
1.250000000000000069e-02,1.020002302517684978e+00,8.321621457260428087e+02
2.500000000000000139e-02,1.039760929692465918e+00,8.321423870988680846e+02
3.749999999999999861e-02,1.059283397760440781e+00,8.321228646308001089e+02
5.000000000000000278e-02,1.078576805223691260e+00,8.321035712233367576e+02
6.250000000000000000e-02,1.097647866322169596e+00,8.320845001622383279e+02
7.499999999999999722e-02,1.116502941039473562e+00,8.320656450875210339e+02
8.749999999999999445e-02,1.135148062077616427e+00,8.320469999664828720e+02
1.000000000000000056e-01,1.153588959174415951e+00,8.320285590693861195e+02
1.125000000000000028e-01,1.171831081081029513e+00,8.320103169474795095e+02
1.250000000000000000e-01,1.189879615475073260e+00,8.319922684130854122e+02
1.375000000000000111e-01,1.207739507043704474e+00,8.319744085215168070e+02
1.499999999999999944e-01,1.225415473943531230e+00,8.319567325546170196e+02
1.625000000000000056e-01,1.242912022813620565e+00,8.319392360057469205e+02
1.749999999999999889e-01,1.260233462497759804e+00,8.319219145660626964e+02
1.875000000000000000e-01,1.277383916610857373e+00,8.319047641119497030e+02
2.000000000000000111e-01,1.294367335068046687e+00,8.318877806934924592e+02
2.124999999999999944e-01,1.311187504682082894e+00,8.318709605238784661e+02
2.250000000000000056e-01,1.327848058920015673e+00,8.318542999696404650e+02
2.374999999999999889e-01,1.344352486900975308e+00,8.318377955416594887e+02
2.500000000000000000e-01,1.360704141708489079e+00,8.318214438868519665e+02
2.625000000000000111e-01,1.376906248078128669e+00,8.318052417804823335e+02
2.750000000000000222e-01,1.392961909521408304e+00,8.317891861190390728e+02
2.874999999999999778e-01,1.408874114934499655e+00,8.317732739136259852e+02
2.999999999999999889e-01,1.424645744737556008e+00,8.317575022838229870e+02
3.125000000000000000e-01,1.440279576585848043e+00,8.317418684519747103e+02
3.250000000000000111e-01,1.455778290690456611e+00,8.317263697378700726e+02
3.375000000000000222e-01,1.471144474777533739e+00,8.317110035537829162e+02
3.499999999999999778e-01,1.486380628720767483e+00,8.316957673998397240e+02
3.624999999999999889e-01,1.501489168870504098e+00,8.316806588596899701e+02
3.750000000000000000e-01,1.516472432104897017e+00,8.316656755964555714e+02
3.875000000000000111e-01,1.531332679624318960e+00,8.316508153489361348e+02
4.000000000000000222e-01,1.546072100510143876e+00,8.316360759280503316e+02
4.124999999999999778e-01,1.560692815065693129e+00,8.316214552134947553e+02
4.249999999999999889e-01,1.575196877953060293e+00,8.316069511506074150e+02
4.375000000000000000e-01,1.589586281145472846e+00,8.315925617474150613e+02
4.500000000000000111e-01,1.603862956705269571e+00,8.315782850718552481e+02
4.625000000000000222e-01,1.618028779401468276e+00,8.315641192491590346e+02
4.749999999999999778e-01,1.632085569177659679e+00,8.315500624593828434e+02
4.874999999999999889e-01,1.646035093481011069e+00,8.315361129350794727e+02
5.000000000000000000e-01,1.659879069463089607e+00,8.315222689590974596e+02
5.124999999999999556e-01,1.673619166059253871e+00,8.315085288625012936e+02
5.250000000000000222e-01,1.687257005955028477e+00,8.314948910226054295e+02
5.374999999999999778e-01,1.700794167449196648e+00,8.314813538611113017e+02
5.500000000000000444e-01,1.714232186217933274e+00,8.314679158423425633e+02
5.625000000000000000e-01,1.727572556987575059e+00,8.314545754715729799e+02
5.749999999999999556e-01,1.740816735121370140e+00,8.314413312934391342e+02
5.875000000000000222e-01,1.753966138125679475e+00,8.314281818904348711e+02
5.999999999999999778e-01,1.767022147081118488e+00,8.314151258814794119e+02
6.125000000000000444e-01,1.779986108003867029e+00,8.314021619205566367e+02
6.250000000000000000e-01,1.792859333138406619e+00,8.313892886954221240e+02
6.374999999999999556e-01,1.805643102189088189e+00,8.313765049263714673e+02
6.500000000000000222e-01,1.818338663493175744e+00,8.313638093650673682e+02
6.624999999999999778e-01,1.830947235138121076e+00,8.313512007934224357e+02
6.750000000000000444e-01,1.843470006026975749e+00,8.313386780225334860e+02
6.875000000000000000e-01,1.855908136894584892e+00,8.313262398916658640e+02
6.999999999999999556e-01,1.868262761277341255e+00,8.313138852672831263e+02
7.125000000000000222e-01,1.880534986439282852e+00,8.313016130421211756e+02
7.249999999999999778e-01,1.892725894257307750e+00,8.312894221343032086e+02
7.375000000000000444e-01,1.904836542067885219e+00,8.312773114864926356e+02
7.500000000000000000e-01,1.916867963474515157e+00,8.312652800650860172e+02
7.624999999999999556e-01,1.928821169122574952e+00,8.312533268594379479e+02
7.750000000000000222e-01,1.940697147440407999e+00,8.312414508811200449e+02
7.874999999999999778e-01,1.952496865348955613e+00,8.312296511632115426e+02
8.000000000000000444e-01,1.964221268941857002e+00,8.312179267596186492e+02
8.125000000000000000e-01,1.975871284137323602e+00,8.312062767444232350e+02
8.249999999999999556e-01,1.987447817303202857e+00,8.311947002112573273e+02
8.375000000000000222e-01,1.998951755856634538e+00,8.311831962727038672e+02
8.499999999999999778e-01,2.010383968839710711e+00,8.311717640597207719e+02
8.625000000000000444e-01,2.021745307472548436e+00,8.311604027210879622e+02
8.750000000000000000e-01,2.033036605684904075e+00,8.311491114228756487e+02
8.874999999999999556e-01,2.044258680624970737e+00,8.311378893479355838e+02
9.000000000000000222e-01,2.055412333150619997e+00,8.311267356954099341e+02
9.124999999999999778e-01,2.066498348301253785e+00,8.311156496802592528e+02
9.250000000000000444e-01,2.077517495751523668e+00,8.311046305328089829e+02
9.375000000000000000e-01,2.088470530248159207e+00,8.310936774983123314e+02
9.499999999999999556e-01,2.099358192030504888e+00,8.310827898365299689e+02
9.625000000000000222e-01,2.110181207235477530e+00,8.310719668213250770e+02
9.749999999999999778e-01,2.120940288287658682e+00,8.310612077402728346e+02
9.875000000000000444e-01,2.131636134275238348e+00,8.310505118942852505e+02
1.000000000000000000e+00,2.142269431312515238e+00,8.310398785972479345e+02
1.012499999999999956e+00,2.152840852889681411e+00,8.310293071756708514e+02
1.024999999999999911e+00,2.163351060210576549e+00,8.310187969683498750e+02
1.037500000000000089e+00,2.173800702517413086e+00,8.310083473260431219e+02
1.050000000000000044e+00,2.184190417404510143e+00,8.309979576111560391e+02
1.062500000000000000e+00,2.194520831122429350e+00,8.309876271974380870e+02
1.074999999999999956e+00,2.204792558870622976e+00,8.309773554696898827e+02
1.087499999999999911e+00,2.215006205080502166e+00,8.309671418234800058e+02
1.100000000000000089e+00,2.225162363689002998e+00,8.309569856648714676e+02
1.112500000000000044e+00,2.235261618403023398e+00,8.309468864101575036e+02
1.125000000000000000e+00,2.245304542955089744e+00,8.309368434856054364e+02
1.137499999999999956e+00,2.255291701350613298e+00,8.309268563272098618e+02
1.149999999999999911e+00,2.265223648107099752e+00,8.309169243804534517e+02
1.162500000000000089e+00,2.275100928485679574e+00,8.309070471000748057e+02
1.175000000000000044e+00,2.284924078715312667e+00,8.308972239498451700e+02
1.187500000000000000e+00,2.294693626210035475e+00,8.308874544023504995e+02
1.199999999999999956e+00,2.304410089779527659e+00,8.308777379387810242e+02
1.212499999999999911e+00,2.314073979831595018e+00,8.308680740487288858e+02
1.225000000000000089e+00,2.323685798569863792e+00,8.308584622299906641e+02
1.237500000000000044e+00,2.333246040185335879e+00,8.308489019883751325e+02
1.250000000000000000e+00,2.342755191041548279e+00,8.308393928375189716e+02
1.262499999999999956e+00,2.352213729854335078e+00,8.308299342987061209e+02
1.274999999999999911e+00,2.361622127866179532e+00,8.308205259006942924e+02
1.287500000000000089e+00,2.370980849015338343e+00,8.308111671795451230e+02
1.300000000000000044e+00,2.380290350099932617e+00,8.308018576784605784e+02
1.312500000000000000e+00,2.389551080937177829e+00,8.307925969476233377e+02
1.324999999999999956e+00,2.398763484517945077e+00,8.307833845440425193e+02
1.337499999999999911e+00,2.407927997156833477e+00,8.307742200314036154e+02
1.350000000000000089e+00,2.417045048637941562e+00,8.307651029799225171e+02
1.362500000000000044e+00,2.426115062356518859e+00,8.307560329662039749e+02
1.375000000000000000e+00,2.435138455456684170e+00,8.307470095731038100e+02
1.387499999999999956e+00,2.444115638965392634e+00,8.307380323895951051e+02
1.399999999999999911e+00,2.453047017922014739e+00,8.307291010106384874e+02
1.412500000000000089e+00,2.461932991503893220e+00,8.307202150370566187e+02
1.425000000000000044e+00,2.470773953150244395e+00,8.307113740754102764e+02
1.437500000000000000e+00,2.479570290681222922e+00,8.307025777378793236e+02
1.449999999999999956e+00,2.488322386414100418e+00,8.306938256421464075e+02
1.462499999999999911e+00,2.497030617276308373e+00,8.306851174112841818e+02
1.475000000000000089e+00,2.505695354915435047e+00,8.306764526736450307e+02
1.487500000000000044e+00,2.514316965806266957e+00,8.306678310627542032e+02
1.500000000000000000e+00,2.522895811354970874e+00,8.306592522172055624e+02
1.512499999999999956e+00,2.531432248000514029e+00,8.306507157805599491e+02
1.524999999999999911e+00,2.539926627313405127e+00,8.306422214012470704e+02
1.537500000000000089e+00,2.548379296091865864e+00,8.306337687324686385e+02
1.550000000000000044e+00,2.556790596455515985e+00,8.306253574321050337e+02
1.562500000000000000e+00,2.565160865936666923e+00,8.306169871626237864e+02
1.574999999999999956e+00,2.573490437569322609e+00,8.306086575909911289e+02
1.587499999999999911e+00,2.581779639975980256e+00,8.306003683885845703e+02
1.600000000000000089e+00,2.590028797452317733e+00,8.305921192311081995e+02
1.612500000000000044e+00,2.598238230049378927e+00,8.305839097985111721e+02
1.625000000000000000e+00,2.606408253652985785e+00,8.305757397749075608e+02
1.637499999999999956e+00,2.614539180063186308e+00,8.305676088484973434e+02
1.649999999999999911e+00,2.622631317070286183e+00,8.305595167114902324e+02
1.662500000000000089e+00,2.630684968529336754e+00,8.305514630600312103e+02
1.675000000000000044e+00,2.638700434432839970e+00,8.305434475941276560e+02
1.687500000000000000e+00,2.646678010981690754e+00,8.305354700175788594e+02
1.699999999999999956e+00,2.654617990654405624e+00,8.305275300379061036e+02
1.712499999999999911e+00,2.662520662274683314e+00,8.305196273662858175e+02
1.725000000000000089e+00,2.670386311077355579e+00,8.305117617174831821e+02
1.737500000000000044e+00,2.678215218772763251e+00,8.305039328097877842e+02
1.750000000000000000e+00,2.686007663609612184e+00,8.304961403649508611e+02
1.762499999999999956e+00,2.693763920436359705e+00,8.304883841081241371e+02
1.774999999999999911e+00,2.701484260761174205e+00,8.304806637677993422e+02
1.787500000000000089e+00,2.709168952810519837e+00,8.304729790757500041e+02
1.800000000000000044e+00,2.716818261586412042e+00,8.304653297669740368e+02
1.812500000000000000e+00,2.724432448922395444e+00,8.304577155796381476e+02
1.824999999999999956e+00,2.732011773538285837e+00,8.304501362550222439e+02
1.837499999999999911e+00,2.739556491093734003e+00,8.304425915374667966e+02
1.850000000000000089e+00,2.747066854240258316e+00,8.304350811743202030e+02
1.862500000000000044e+00,2.754543112671477889e+00,8.304276049158889919e+02
1.875000000000000000e+00,2.761985513174091800e+00,8.304201625153864370e+02
1.887499999999999956e+00,2.769394299676344318e+00,8.304127537288841268e+02
1.899999999999999911e+00,2.776769713295722308e+00,8.304053783152647839e+02
1.912500000000000089e+00,2.784111992385647660e+00,8.303980360361748581e+02
1.925000000000000044e+00,2.791421372581143423e+00,8.303907266559793925e+02
1.937500000000000000e+00,2.798698086843514510e+00,8.303834499417170036e+02
1.949999999999999956e+00,2.805942365504061620e+00,8.303762056630564530e+02
1.962499999999999911e+00,2.813154436306844808e+00,8.303689935922536733e+02
1.975000000000000089e+00,2.820334524450543334e+00,8.303618135041099322e+02
1.987500000000000044e+00,2.827482852629406906e+00,8.303546651759311317e+02
2.000000000000000000e+00,2.834599641073354270e+00,8.303475483874871088e+02
2.012500000000000178e+00,2.841685107587217374e+00,8.303404629209733230e+02
2.024999999999999911e+00,2.848739467589171070e+00,8.303334085609712929e+02
2.037500000000000089e+00,2.855762934148372345e+00,8.303263850944121032e+02
2.049999999999999822e+00,2.862755718021824602e+00,8.303193923105386602e+02
2.062500000000000000e+00,2.869718027690502993e+00,8.303124300008699947e+02
2.075000000000000178e+00,2.876650069394758980e+00,8.303054979591657911e+02
2.087499999999999911e+00,2.883552047169026800e+00,8.302985959813914860e+02
2.100000000000000089e+00,2.890424162875868230e+00,8.302917238656846166e+02
2.112499999999999822e+00,2.897266616239122961e+00,8.302848814123213970e+02
2.125000000000000000e+00,2.904079604875687615e+00,8.302780684236847719e+02
2.137500000000000178e+00,2.910863324328443191e+00,8.302712847042320163e+02
2.149999999999999911e+00,2.917617968097287573e+00,8.302645300604632439e+02
2.162500000000000089e+00,2.924343727669763027e+00,8.302578043008907116e+02
2.174999999999999822e+00,2.931040792551132590e+00,8.302511072360093749e+02
2.187500000000000000e+00,2.937709350293871147e+00,8.302444386782666470e+02
2.200000000000000178e+00,2.944349586526575191e+00,8.302377984420339772e+02
2.212499999999999911e+00,2.950961684982313038e+00,8.302311863435782016e+02
2.225000000000000089e+00,2.957545827526424365e+00,8.302246022010340312e+02
2.237499999999999822e+00,2.964102194183777073e+00,8.302180458343767668e+02
2.250000000000000000e+00,2.970630963165508120e+00,8.302115170653950145e+02
2.262500000000000178e+00,2.977132310895240330e+00,8.302050157176652192e+02
2.274999999999999911e+00,2.983606412034811584e+00,8.301985416165257448e+02
2.287500000000000089e+00,2.990053439509511080e+00,8.301920945890509529e+02
2.299999999999999822e+00,2.996473564532840417e+00,8.301856744640276702e+02
2.312500000000000000e+00,3.002866956630819484e+00,8.301792810719297222e+02
2.325000000000000178e+00,3.009233783665839823e+00,8.301729142448946277e+02
2.337499999999999911e+00,3.015574211860082787e+00,8.301665738167004065e+02
2.350000000000000089e+00,3.021888405818518919e+00,8.301602596227419326e+02
2.362499999999999822e+00,3.028176528551492552e+00,8.301539715000089927e+02
2.375000000000000000e+00,3.034438741496915615e+00,8.301477092870635488e+02
2.387500000000000178e+00,3.040675204542070187e+00,8.301414728240184786e+02
2.399999999999999911e+00,3.046886076045012715e+00,8.301352619525155205e+02
2.412500000000000089e+00,3.053071512854805380e+00,8.301290765157057194e+02
2.424999999999999822e+00,3.059231670332626329e+00,8.301229163582278261e+02
2.437500000000000000e+00,3.065366702372148477e+00,8.301167813261884021e+02
2.450000000000000178e+00,3.071476761419215773e+00,8.301106712671412424e+02
2.462499999999999911e+00,3.077561998491345818e+00,8.301045860300691857e+02
2.475000000000000089e+00,3.083622563196894095e+00,8.300985254653636503e+02
2.487499999999999822e+00,3.089658603753875799e+00,8.300924894248066721e+02
2.500000000000000000e+00,3.095670267008460819e+00,8.300864777615520325e+02
2.512500000000000178e+00,3.101657698453140100e+00,8.300804903301074091e+02
2.524999999999999911e+00,3.107621042244580245e+00,8.300745269863159592e+02
2.537500000000000089e+00,3.113560441221163710e+00,8.300685875873393798e+02
2.549999999999999822e+00,3.119476036920225237e+00,8.300626719916402863e+02
2.562500000000000000e+00,3.125367969594993411e+00,8.300567800589655008e+02
2.575000000000000178e+00,3.131236378231236905e+00,8.300509116503292262e+02
2.587499999999999911e+00,3.137081400563632716e+00,8.300450666279969028e+02
2.600000000000000089e+00,3.142903173091852409e+00,8.300392448554686098e+02
2.612499999999999822e+00,3.148701831096380133e+00,8.300334461974641727e+02
2.625000000000000000e+00,3.154477508654064621e+00,8.300276705199064509e+02
2.637500000000000178e+00,3.160230338653415849e+00,8.300219176899071272e+02
2.649999999999999911e+00,3.165960452809650327e+00,8.300161875757509051e+02
2.662500000000000089e+00,3.171667981679493487e+00,8.300104800468809572e+02
2.674999999999999822e+00,3.177353054675740918e+00,8.300047949738847137e+02
2.687500000000000000e+00,3.183015800081594016e+00,8.299991322284788566e+02
2.700000000000000178e+00,3.188656345064769582e+00,8.299934916834957903e+02
2.712499999999999911e+00,3.194274815691390046e+00,8.299878732128690899e+02
2.725000000000000089e+00,3.199871336939581479e+00,8.299822766916208820e+02
2.737499999999999822e+00,3.205446032712176319e+00,8.299767019958483161e+02
2.750000000000000000e+00,3.210999025850654665e+00,8.299711490027098080e+02
2.762500000000000178e+00,3.216530438148016646e+00,8.299656175904125348e+02
2.774999999999999911e+00,3.222040390361440299e+00,8.299601076381990197e+02
2.787500000000000089e+00,3.227529002224839516e+00,8.299546190263356493e+02
2.799999999999999822e+00,3.232996392461223056e+00,8.299491516360992591e+02
2.812500000000000000e+00,3.238442678794857255e+00,8.299437053497656507e+02
2.825000000000000178e+00,3.243867977963238669e+00,8.299382800505973137e+02
2.837499999999999911e+00,3.249272405728872215e+00,8.299328756228316024e+02
2.850000000000000089e+00,3.254656076890870331e+00,8.299274919516695945e+02
2.862499999999999822e+00,3.260019105296364295e+00,8.299221289232641539e+02
2.875000000000000000e+00,3.265361603851743233e+00,8.299167864247087891e+02
2.887500000000000178e+00,3.270683684533711055e+00,8.299114643440267400e+02
2.899999999999999911e+00,3.275985458400176853e+00,8.299061625701602907e+02
2.912500000000000089e+00,3.281267035600976101e+00,8.299008809929595145e+02
2.924999999999999822e+00,3.286528525388427102e+00,8.298956195031720426e+02
2.937500000000000000e+00,3.291770036127726229e+00,8.298903779924328319e+02
2.950000000000000178e+00,3.296991675307185066e+00,8.298851563532533646e+02
2.962499999999999911e+00,3.302193549548314344e+00,8.298799544790122127e+02
2.975000000000000089e+00,3.307375764615759106e+00,8.298747722639446920e+02
2.987499999999999822e+00,3.312538425427081101e+00,8.298696096031334264e+02
3.000000000000000000e+00,3.317681636062405293e+00,8.298644663924981160e+02
3.012500000000000178e+00,3.322805499773920257e+00,8.298593425287865557e+02
3.024999999999999911e+00,3.327910118995243582e+00,8.298542379095653132e+02
3.037500000000000089e+00,3.332995595350657148e+00,8.298491524332098379e+02
3.049999999999999822e+00,3.338062029664207397e+00,8.298440859988962757e+02
3.062500000000000000e+00,3.343109521968685272e+00,8.298390385065918053e+02
3.075000000000000178e+00,3.348138171514479122e+00,8.298340098570459986e+02
3.087499999999999911e+00,3.353148076777893838e+00,8.298289999517826345e+02
3.100000000000000089e+00,3.358139335469645825e+00,8.298240086930908319e+02
3.112499999999999822e+00,3.363112044543877133e+00,8.298190359840166366e+02
3.125000000000000000e+00,3.368066300206173480e+00,8.298140817283543811e+02
3.137500000000000178e+00,3.373002197921760370e+00,8.298091458306387267e+02
3.149999999999999911e+00,3.377919832423578406e+00,8.298042281961369326e+02
3.162500000000000089e+00,3.382819297720248475e+00,8.297993287308402159e+02
3.174999999999999822e+00,3.387700687103917918e+00,8.297944473414565891e+02
3.187500000000000000e+00,3.392564093157997895e+00,8.297895839354025611e+02
3.200000000000000178e+00,3.397409607764788841e+00,8.297847384207957475e+02
3.212499999999999911e+00,3.402237322112999340e+00,8.297799107064474811e+02
3.225000000000000089e+00,3.407047326705157531e+00,8.297751007018553082e+02
3.237499999999999822e+00,3.411839711364916816e+00,8.297703083171955996e+02
3.250000000000000000e+00,3.416614565244262991e+00,8.297655334633162738e+02
3.262500000000000178e+00,3.421371976830614781e+00,8.297607760517298630e+02
3.274999999999999911e+00,3.426112033953829794e+00,8.297560359946066910e+02
3.287500000000000089e+00,3.430834823793111443e+00,8.297513132047673707e+02
3.299999999999999822e+00,3.435540432883821271e+00,8.297466075956766645e+02
3.312500000000000000e+00,3.440228947124196246e+00,8.297419190814363219e+02
3.325000000000000178e+00,3.444900451781976791e+00,8.297372475767784863e+02
3.337499999999999911e+00,3.449555031500942448e+00,8.297325929970595553e+02
3.350000000000000089e+00,3.454192770307362714e+00,8.297279552582531323e+02
3.362499999999999822e+00,3.458813751616357290e+00,8.297233342769441151e+02
3.375000000000000000e+00,3.463418058238177721e+00,8.297187299703223289e+02
3.387500000000000178e+00,3.468005772384400220e+00,8.297141422561761601e+02
3.399999999999999911e+00,3.472576975674044775e+00,8.297095710528864174e+02
3.412500000000000089e+00,3.477131749139608985e+00,8.297050162794208745e+02
3.424999999999999822e+00,3.481670173233030408e+00,8.297004778553274491e+02
3.437500000000000000e+00,3.486192327831569848e+00,8.296959557007289732e+02
3.450000000000000178e+00,3.490698292243623602e+00,8.296914497363168266e+02
3.462499999999999911e+00,3.495188145214464193e+00,8.296869598833460486e+02
3.475000000000000089e+00,3.499661964931765734e+00,8.296824860636287440e+02
3.487499999999999822e+00,3.504119829030710065e+00,8.296780281995297628e+02
3.500000000000000000e+00,3.508561814600228868e+00,8.296735862139602204e+02
3.512500000000000178e+00,3.512987998188180416e+00,8.296691600303722680e+02
3.524999999999999911e+00,3.517398455806657775e+00,8.296647495727538626e+02
3.537500000000000089e+00,3.521793262937272129e+00,8.296603547656231967e+02
3.549999999999999822e+00,3.526172494536365942e+00,8.296559755340241509e+02
3.562500000000000000e+00,3.530536225040160847e+00,8.296516118035203817e+02
3.575000000000000178e+00,3.534884528369835799e+00,8.296472635001906610e+02
3.587499999999999911e+00,3.539217477936543066e+00,8.296429305506239871e+02
3.600000000000000089e+00,3.543535146646359824e+00,8.296386128819141277e+02
3.612499999999999822e+00,3.547837606905173136e+00,8.296343104216553002e+02
3.625000000000000000e+00,3.552124930623506316e+00,8.296300230979370554e+02
3.637500000000000178e+00,3.556397189221281341e+00,8.296257508393392754e+02
3.649999999999999911e+00,3.560654453632520866e+00,8.296214935749279675e+02
3.662500000000000089e+00,3.564896794309993844e+00,8.296172512342504888e+02
3.674999999999999822e+00,3.569124281229797635e+00,8.296130237473306579e+02
3.687500000000000000e+00,3.573336983895886387e+00,8.296088110446646624e+02
3.700000000000000178e+00,3.577534971344542569e+00,8.296046130572159427e+02
3.712499999999999911e+00,3.581718312148789884e+00,8.296004297164116679e+02
3.725000000000000089e+00,3.585887074422756449e+00,8.295962609541377333e+02
3.737499999999999822e+00,3.590041325825980234e+00,8.295921067027345543e+02
3.750000000000000000e+00,3.594181133567663888e+00,8.295879668949928600e+02
3.762500000000000178e+00,3.598306564410876707e+00,8.295838414641496001e+02
3.774999999999999911e+00,3.602417684676707754e+00,8.295797303438838526e+02
3.787500000000000089e+00,3.606514560248368806e+00,8.295756334683121622e+02
3.799999999999999822e+00,3.610597256575245773e+00,8.295715507719852440e+02
3.812500000000000000e+00,3.614665838676907494e+00,8.295674821898835489e+02
3.825000000000000178e+00,3.618720371147062576e+00,8.295634276574133992e+02
3.837499999999999911e+00,3.622760918157475807e+00,8.295593871104030086e+02
3.850000000000000089e+00,3.626787543461833518e+00,8.295553604850986176e+02
3.862499999999999822e+00,3.630800310399572073e+00,8.295513477181609687e+02
3.875000000000000000e+00,3.634799281899657508e+00,8.295473487466608731e+02
3.887500000000000178e+00,3.638784520484328766e+00,8.295433635080761405e+02
3.899999999999999911e+00,3.642756088272779191e+00,8.295393919402877145e+02
3.912500000000000089e+00,3.646714046984336655e+00,8.295354339815761477e+02
3.924999999999999822e+00,3.650658457942470125e+00,8.295314895706180778e+02
3.937500000000000000e+00,3.654589382078454740e+00,8.295275586464820208e+02
3.950000000000000178e+00,3.658506879934723344e+00,8.295236411486257566e+02
3.962499999999999911e+00,3.662411011668337046e+00,8.295197370168921225e+02
3.975000000000000089e+00,3.666301837054411372e+00,8.295158461915060570e+02
3.987499999999999822e+00,3.670179415489505992e+00,8.295119686130709624e+02
4.000000000000000000e+00,3.674043805994972267e+00,8.295081042225655210e+02
4.012500000000000178e+00,3.677895067220264380e+00,8.295042529613402849e+02
4.025000000000000355e+00,3.681733257446208274e+00,8.295004147711142650e+02
4.037499999999999645e+00,3.685558434588235954e+00,8.294965895939723168e+02
4.049999999999999822e+00,3.689370656199582488e+00,8.294927773723609334e+02
4.062500000000000000e+00,3.693169979474442588e+00,8.294889780490860858e+02
4.075000000000000178e+00,3.696956461251093895e+00,8.294851915673093572e+02
4.087500000000000355e+00,3.700730158014983839e+00,8.294814178705455561e+02
4.099999999999999645e+00,3.704491125901781423e+00,8.294776569026587367e+02
4.112499999999999822e+00,3.708239420700393474e+00,8.294739086078601531e+02
4.125000000000000000e+00,3.711975097855945371e+00,8.294701729307045071e+02
4.137500000000000178e+00,3.715698212472731576e+00,8.294664498160877883e+02
4.150000000000000355e+00,3.719408819317129744e+00,8.294627392092434093e+02
4.162499999999999645e+00,3.723106972820483751e+00,8.294590410557400446e+02
4.174999999999999822e+00,3.726792727081954748e+00,8.294553553014785621e+02
4.187500000000000000e+00,3.730466135871338462e+00,8.294516818926891801e+02
4.200000000000000178e+00,3.734127252631854521e+00,8.294480207759286259e+02
4.212500000000000355e+00,3.737776130482902026e+00,8.294443718980776339e+02
4.224999999999999645e+00,3.741412822222788037e+00,8.294407352063377630e+02
4.237499999999999822e+00,3.745037380331424970e+00,8.294371106482291225e+02
4.250000000000000000e+00,3.748649856972997796e+00,8.294334981715875301e+02
4.262500000000000178e+00,3.752250303998606373e+00,8.294298977245618971e+02
4.275000000000000355e+00,3.755838772948874915e+00,8.294263092556116135e+02
4.287499999999999645e+00,3.759415315056539253e+00,8.294227327135039332e+02
4.299999999999999822e+00,3.762979981249003902e+00,8.294191680473114729e+02
4.312500000000000000e+00,3.766532822150872928e+00,8.294156152064095977e+02
4.325000000000000178e+00,3.770073888086455938e+00,8.294120741404740329e+02
4.337500000000000355e+00,3.773603229082248767e+00,8.294085447994782498e+02
4.349999999999999645e+00,3.777120894869388401e+00,8.294050271336910782e+02
4.362499999999999822e+00,3.780626934886085699e+00,8.294015210936744324e+02
4.375000000000000000e+00,3.784121398279952420e+00,8.293980266302805830e+02
4.387500000000000178e+00,3.787604333909968091e+00,8.293945436946505652e+02
4.400000000000000355e+00,3.791075790349447416e+00,8.293910722382111089e+02
4.412499999999999645e+00,3.794535815888184338e+00,8.293876122126723658e+02
4.424999999999999822e+00,3.797984458534689800e+00,8.293841635700258621e+02
4.437500000000000000e+00,3.801421766018459270e+00,8.293807262625419980e+02
4.450000000000000178e+00,3.804847785792218495e+00,8.293773002427683423e+02
4.462500000000000355e+00,3.808262565034145730e+00,8.293738854635263351e+02
4.474999999999999645e+00,3.811666150650068197e+00,8.293704818779104926e+02
4.487499999999999822e+00,3.815058589275638568e+00,8.293670894392848822e+02
4.500000000000000000e+00,3.818439927278485246e+00,8.293637081012819863e+02
4.512500000000000178e+00,3.821810210760342219e+00,8.293603378178002004e+02
4.525000000000000355e+00,3.825169485559157145e+00,8.293569785430013326e+02
4.537499999999999645e+00,3.828517797251173693e+00,8.293536302313093529e+02
4.549999999999999822e+00,3.831855191152998330e+00,8.293502928374075509e+02
4.562500000000000000e+00,3.835181712323638248e+00,8.293469663162368306e+02
4.575000000000000178e+00,3.838497405566524190e+00,8.293436506229940051e+02
4.587500000000000355e+00,3.841802315431510184e+00,8.293403457131289542e+02
4.599999999999999645e+00,3.845096486216850629e+00,8.293370515423436018e+02
4.612499999999999822e+00,3.848379961971160945e+00,8.293337680665893004e+02
4.625000000000000000e+00,3.851652786495355585e+00,8.293304952420651261e+02
4.637500000000000178e+00,3.854915003344566493e+00,8.293272330252159463e+02
4.650000000000000355e+00,3.858166655830043368e+00,8.293239813727304863e+02
4.662499999999999645e+00,3.861407787021032156e+00,8.293207402415395109e+02
4.674999999999999822e+00,3.864638439746639342e+00,8.293175095888138912e+02
4.687500000000000000e+00,3.867858656597672251e+00,8.293142893719627864e+02
4.700000000000000178e+00,3.871068479928463812e+00,8.293110795486320512e+02
4.712500000000000355e+00,3.874267951858680004e+00,8.293078800767018492e+02
4.724999999999999645e+00,3.877457114275107308e+00,8.293046909142854020e+02
4.737499999999999822e+00,3.880636008833424633e+00,8.293015120197270562e+02
4.750000000000000000e+00,3.883804676959956570e+00,8.292983433516005789e+02
4.762500000000000178e+00,3.886963159853412009e+00,8.292951848687071106e+02
4.775000000000000355e+00,3.890111498486602315e+00,8.292920365300739149e+02
4.787499999999999645e+00,3.893249733608146190e+00,8.292888982949523324e+02
4.799999999999999822e+00,3.896377905744160763e+00,8.292857701228163023e+02
4.812500000000000000e+00,3.899496055199927813e+00,8.292826519733605437e+02
4.825000000000000178e+00,3.902604222061557326e+00,8.292795438064989639e+02
4.837500000000000355e+00,3.905702446197623967e+00,8.292764455823628396e+02
4.849999999999999645e+00,3.908790767260796439e+00,8.292733572612996795e+02
4.862499999999999822e+00,3.911869224689449975e+00,8.292702788038710651e+02
4.875000000000000000e+00,3.914937857709262836e+00,8.292672101708512855e+02
4.887500000000000178e+00,3.917996705334773733e+00,8.292641513232257466e+02
4.900000000000000355e+00,3.921045806370557774e+00,8.292611022221899475e+02
4.912499999999999645e+00,3.924085199413239522e+00,8.292580628291473204e+02
4.924999999999999822e+00,3.927114922853001566e+00,8.292550331057075255e+02
4.937500000000000000e+00,3.930135014874995836e+00,8.292520130136855414e+02
4.950000000000000178e+00,3.933145513460842846e+00,8.292490025150996189e+02
4.962500000000000355e+00,3.936146456390118509e+00,8.292460015721703712e+02
4.974999999999999645e+00,3.939137881241825845e+00,8.292430101473187278e+02
4.987499999999999822e+00,3.942119825395852484e+00,8.292400282031646839e+02
5.000000000000000000e+00,3.945092326034413066e+00,8.292370557025260496e+02
5.012500000000000178e+00,3.948055420143480543e+00,8.292340926084169723e+02
5.025000000000000355e+00,3.951009144514201488e+00,8.292311388840463451e+02
5.037499999999999645e+00,3.953953535744299863e+00,8.292281944928162147e+02
5.049999999999999822e+00,3.956888630239464355e+00,8.292252593983209863e+02
5.062500000000000000e+00,3.959814464214727270e+00,8.292223335643458313e+02
5.075000000000000178e+00,3.962731073695825224e+00,8.292194169548646414e+02
5.087500000000000355e+00,3.965638494520550950e+00,8.292165095340399148e+02
5.099999999999999645e+00,3.968536762340089119e+00,8.292136112662203686e+02
5.112499999999999822e+00,3.971425912620345500e+00,8.292107221159401433e+02
5.125000000000000000e+00,3.974305980643254799e+00,8.292078420479172109e+02
5.137500000000000178e+00,3.977177001508083176e+00,8.292049710270524656e+02
5.150000000000000355e+00,3.980039010132718325e+00,8.292021090184277909e+02
5.162499999999999645e+00,3.982892041254942672e+00,8.291992559873056052e+02
5.174999999999999822e+00,3.985736129433701258e+00,8.291964118991268151e+02
5.187500000000000000e+00,3.988571309050352287e+00,8.291935767195101334e+02
5.200000000000000178e+00,3.991397614309909692e+00,8.291907504142506014e+02
5.212500000000000355e+00,3.994215079242274591e+00,8.291879329493182240e+02
5.224999999999999645e+00,3.997023737703452984e+00,8.291851242908570612e+02
5.237499999999999822e+00,3.999823623376765447e+00,8.291823244051837491e+02
5.250000000000000000e+00,4.002614769774042180e+00,8.291795332587864777e+02
5.262500000000000178e+00,4.005397210236813166e+00,8.291767508183237396e+02
5.275000000000000355e+00,4.008170977937481005e+00,8.291739770506230798e+02
5.287499999999999645e+00,4.010936105880489322e+00,8.291712119226799587e+02
5.299999999999999822e+00,4.013692626903477390e+00,8.291684554016570701e+02
5.312500000000000000e+00,4.016440573678426773e+00,8.291657074548820674e+02
5.325000000000000178e+00,4.019179978712793755e+00,8.291629680498476773e+02
5.337500000000000355e+00,4.021910874350640874e+00,8.291602371542098808e+02
5.349999999999999645e+00,4.024633292773748039e+00,8.291575147357867763e+02
5.362499999999999822e+00,4.027347266002724524e+00,8.291548007625577839e+02
5.375000000000000000e+00,4.030052825898103208e+00,8.291520952026623945e+02
5.387500000000000178e+00,4.032750004161427704e+00,8.291493980243990336e+02
5.400000000000000355e+00,4.035438832336339487e+00,8.291467091962241511e+02
5.412499999999999645e+00,4.038119341809638385e+00,8.291440286867508576e+02
5.424999999999999822e+00,4.040791563812357268e+00,8.291413564647481280e+02
5.437500000000000000e+00,4.043455529420802996e+00,8.291386924991396654e+02
5.450000000000000178e+00,4.046111269557576051e+00,8.291360367590028773e+02
5.462500000000000355e+00,4.048758814992251764e+00,8.291333892135683072e+02
5.474999999999999645e+00,4.051398196342891111e+00,8.291307498322175888e+02
5.487499999999999822e+00,4.054029444076967081e+00,8.291281185844835591e+02
5.500000000000000000e+00,4.056652588512291047e+00,8.291254954400482120e+02
5.512500000000000178e+00,4.059267659818009299e+00,8.291228803687424715e+02
5.525000000000000355e+00,4.061874688015588930e+00,8.291202733405449408e+02
5.537499999999999645e+00,4.064473702979791270e+00,8.291176743255807651e+02
5.549999999999999822e+00,4.067064734439648888e+00,8.291150832941208364e+02
5.562500000000000000e+00,4.069647811979415053e+00,8.291125002165811111e+02
5.575000000000000178e+00,4.072222965039525633e+00,8.291099250635210183e+02
5.587500000000000355e+00,4.074790222917539673e+00,8.291073578056430051e+02
5.599999999999999645e+00,4.077349614769071096e+00,8.291047984137914000e+02
5.612499999999999822e+00,4.079901169608721290e+00,8.291022468589517302e+02
5.625000000000000000e+00,4.082444916310997485e+00,8.290997031122494718e+02
5.637500000000000178e+00,4.084980883611224911e+00,8.290971671449492533e+02
5.650000000000000355e+00,4.087509100106447413e+00,8.290946389284540601e+02
5.662499999999999645e+00,4.090029594256327172e+00,8.290921184343042114e+02
5.674999999999999822e+00,4.092542394384034665e+00,8.290896056341764506e+02
5.687500000000000000e+00,4.095047528677120852e+00,8.290871004998833769e+02
5.700000000000000178e+00,4.097545025188402690e+00,8.290846030033720808e+02
5.712500000000000355e+00,4.100034911836822005e+00,8.290821131167236899e+02
5.724999999999999645e+00,4.102517216408301692e+00,8.290796308121522316e+02
5.737499999999999822e+00,4.104991966556607252e+00,8.290771560620039509e+02
5.750000000000000000e+00,4.107459189804180788e+00,8.290746888387562876e+02
5.762500000000000178e+00,4.109918913542983887e+00,8.290722291150175352e+02
5.775000000000000355e+00,4.112371165035328957e+00,8.290697768635251350e+02
5.787499999999999645e+00,4.114815971414698126e+00,8.290673320571457907e+02
5.799999999999999822e+00,4.117253359686563918e+00,8.290648946688739898e+02
5.812500000000000000e+00,4.119683356729198387e+00,8.290624646718313215e+02
5.825000000000000178e+00,4.122105989294476913e+00,8.290600420392660226e+02
5.837500000000000355e+00,4.124521284008672239e+00,8.290576267445518397e+02
5.849999999999999645e+00,4.126929267373251164e+00,8.290552187611872341e+02
5.862499999999999822e+00,4.129329965765652588e+00,8.290528180627948132e+02
5.875000000000000000e+00,4.131723405440069108e+00,8.290504246231204206e+02
5.887500000000000178e+00,4.134109612528217070e+00,8.290480384160323410e+02
5.900000000000099831e+00,4.136488613040119944e+00,8.290456594155203902e+02
5.912500000000100009e+00,4.138860432864798433e+00,8.290432875956956877e+02
5.925000000000100187e+00,4.141225097771128461e+00,8.290409229307894066e+02
5.937500000000100364e+00,4.143582633408522398e+00,8.290385653951519771e+02
5.950000000000099654e+00,4.145933065307684018e+00,8.290362149632528599e+02
5.962500000000099831e+00,4.148276418881346572e+00,8.290338716096791813e+02
5.975000000000100009e+00,4.150612719425003760e+00,8.290315353091355064e+02
5.987500000000100187e+00,4.152941992117639813e+00,8.290292060364428153e+02
6.000000000000100364e+00,4.155264262022440924e+00,8.290268837665380488e+02
6.012500000000099654e+00,4.157579554087515561e+00,8.290245684744729715e+02
6.025000000000099831e+00,4.159887893146605009e+00,8.290222601354139442e+02
6.037500000000100009e+00,4.162189303919783256e+00,8.290199587246406736e+02
6.050000000000100187e+00,4.164483811014159542e+00,8.290176642175463257e+02
6.062500000000100364e+00,4.166771438924511628e+00,8.290153765896360483e+02
6.075000000000099654e+00,4.169052212033696136e+00,8.290130958165268567e+02
6.087500000000099831e+00,4.171326154613813841e+00,8.290108218739467247e+02
6.100000000000100009e+00,4.173593290826737245e+00,8.290085547377337889e+02
6.112500000000100187e+00,4.175853644724726976e+00,8.290062943838357796e+02
6.125000000000100364e+00,4.178107240251099697e+00,8.290040407883094531e+02
6.137500000000099654e+00,4.180354101240883580e+00,8.290017939273195680e+02
6.150000000000099831e+00,4.182594251421473786e+00,8.289995537771389991e+02
6.162500000000100009e+00,4.184827714413276389e+00,8.289973203141472595e+02
6.175000000000100187e+00,4.187054513730353200e+00,8.289950935148301596e+02
6.187500000000100364e+00,4.189274672781057696e+00,8.289928733557794658e+02
6.200000000000099654e+00,4.191488214868667406e+00,8.289906598136918774e+02
6.212500000000099831e+00,4.193695163192010966e+00,8.289884528653684583e+02
6.225000000000100009e+00,4.195895540846093397e+00,8.289862524877144097e+02
6.237500000000100187e+00,4.198089370822705391e+00,8.289840586577378190e+02
6.250000000000100364e+00,4.200276676011046817e+00,8.289818713525494331e+02
6.262500000000099654e+00,4.202457479198324464e+00,8.289796905493622035e+02
6.275000000000099831e+00,4.204631803070361329e+00,8.289775162254901488e+02
6.287500000000100009e+00,4.206799670212195252e+00,8.289753483583483558e+02
6.300000000000100187e+00,4.208961103108666002e+00,8.289731869254518415e+02
6.312500000000100364e+00,4.211116124145013018e+00,8.289710319044154403e+02
6.325000000000099654e+00,4.213264755607452727e+00,8.289688832729530077e+02
6.337500000000099831e+00,4.215407019683763856e+00,8.289667410088767383e+02
6.350000000000100009e+00,4.217542938463860303e+00,8.289646050900965975e+02
6.362500000000100187e+00,4.219672533940363124e+00,8.289624754946200937e+02
6.375000000000100364e+00,4.221795828009166307e+00,8.289603522005513696e+02
6.387500000000099654e+00,4.223912842470001650e+00,8.289582351860905192e+02
6.400000000000099831e+00,4.226023599026994759e+00,8.289561244295334745e+02
6.412500000000100009e+00,4.228128119289221942e+00,8.289540199092713237e+02
6.425000000000100187e+00,4.230226424771257321e+00,8.289519216037892875e+02
6.437500000000100364e+00,4.232318536893719951e+00,8.289498294916668328e+02
6.450000000000099654e+00,4.234404476983813836e+00,8.289477435515766501e+02
6.462500000000099831e+00,4.236484266275871491e+00,8.289456637622846529e+02
6.475000000000100009e+00,4.238557925911878854e+00,8.289435901026486135e+02
6.487500000000100187e+00,4.240625476942016192e+00,8.289415225516185046e+02
6.500000000000100364e+00,4.242686940325172351e+00,8.289394610882353618e+02
6.512500000000099654e+00,4.244742336929475002e+00,8.289374056916310565e+02
6.525000000000099831e+00,4.246791687532807558e+00,8.289353563410277275e+02
6.537500000000100009e+00,4.248835012823322543e+00,8.289333130157372125e+02
6.550000000000100187e+00,4.250872333399954073e+00,8.289312756951605934e+02
6.562500000000100364e+00,4.252903669772923223e+00,8.289292443587876278e+02
6.575000000000099654e+00,4.254929042364244296e+00,8.289272189861962943e+02
6.587500000000099831e+00,4.256948471508223975e+00,8.289251995570522240e+02
6.600000000000100009e+00,4.258961977451960479e+00,8.289231860511085870e+02
6.612500000000100187e+00,4.260969580355830288e+00,8.289211784482047278e+02
6.625000000000100364e+00,4.262971300293989074e+00,8.289191767282665069e+02
6.637500000000099654e+00,4.264967157254847763e+00,8.289171808713056180e+02
6.650000000000099831e+00,4.266957171141562810e+00,8.289151908574189065e+02
6.662500000000100009e+00,4.268941361772512266e+00,8.289132066667880281e+02
6.675000000000100187e+00,4.270919748881777167e+00,8.289112282796787667e+02
6.687500000000100364e+00,4.272892352119614046e+00,8.289092556764409210e+02
6.700000000000099654e+00,4.274859191052919449e+00,8.289072888375076218e+02
6.712500000000099831e+00,4.276820285165708668e+00,8.289053277433947642e+02
6.725000000000100009e+00,4.278775653859520745e+00,8.289033723747010072e+02
6.737500000000100187e+00,4.280725316453629858e+00,8.289014227121068643e+02
6.750000000000100364e+00,4.282669292185951271e+00,8.288994787363745900e+02
6.762500000000099654e+00,4.284607600213350409e+00,8.288975404283471562e+02
6.775000000000099831e+00,4.286540259612053205e+00,8.288956077689484800e+02
6.787500000000100009e+00,4.288467289378086633e+00,8.288936807391824004e+02
6.800000000000100187e+00,4.290388708427725462e+00,8.288917593201327918e+02
6.812500000000100364e+00,4.292304535597927462e+00,8.288898434929625409e+02
6.825000000000099654e+00,4.294214789646769503e+00,8.288879332389137744e+02
6.837500000000099831e+00,4.296119489253885426e+00,8.288860285393066079e+02
6.850000000000100009e+00,4.298018653020886148e+00,8.288841293755396009e+02
6.862500000000100187e+00,4.299912299471795762e+00,8.288822357290887339e+02
6.875000000000100364e+00,4.301800447053468091e+00,8.288803475815070669e+02
6.887500000000099654e+00,4.303683114136008570e+00,8.288784649144245122e+02
6.900000000000099831e+00,4.305560319013194359e+00,8.288765877095472661e+02
6.912500000000100009e+00,4.307432079902886457e+00,8.288747159486575811e+02
6.925000000000100187e+00,4.309298414947436484e+00,8.288728496136130843e+02
6.937500000000100364e+00,4.311159342214107681e+00,8.288709886863464362e+02
6.950000000000099654e+00,4.313014879695463932e+00,8.288691331488649894e+02
6.962500000000099831e+00,4.314865045309788982e+00,8.288672829832506750e+02
6.975000000000100009e+00,4.316709856901471909e+00,8.288654381716589796e+02
6.987500000000100187e+00,4.318549332241413907e+00,8.288635986963190589e+02
7.000000000000100364e+00,4.320383489027417312e+00,8.288617645395330555e+02
7.012500000000099654e+00,4.322212344884579949e+00,8.288599356836758716e+02
7.025000000000099831e+00,4.324035917365682380e+00,8.288581121111948278e+02
7.037500000000100009e+00,4.325854223951574262e+00,8.288562938046089812e+02
7.050000000000100187e+00,4.327667282051557152e+00,8.288544807465088979e+02
7.062500000000100364e+00,4.329475109003764643e+00,8.288526729195567668e+02
7.075000000000099654e+00,4.331277722075545178e+00,8.288508703064849215e+02
7.087500000000099831e+00,4.333075138463829745e+00,8.288490728900966360e+02
7.100000000000100009e+00,4.334867375295511138e+00,8.288472806532649884e+02
7.112500000000100187e+00,4.336654449627809882e+00,8.288454935789327465e+02
7.125000000000100364e+00,4.338436378448647268e+00,8.288437116501119135e+02
7.137500000000099654e+00,4.340213178677004180e+00,8.288419348498835006e+02
7.150000000000099831e+00,4.341984867163291462e+00,8.288401631613971858e+02
7.162500000000100009e+00,4.343751460689702526e+00,8.288383965678708591e+02
7.175000000000100187e+00,4.345512975970575731e+00,8.288366350525899406e+02
7.187500000000100364e+00,4.347269429652752315e+00,8.288348785989077214e+02
7.200000000000099654e+00,4.349020838315924564e+00,8.288331271902445678e+02
7.212500000000099831e+00,4.350767218472988418e+00,8.288313808100874667e+02
7.225000000000100009e+00,4.352508586570397853e+00,8.288296394419901389e+02
7.237500000000100187e+00,4.354244958988498837e+00,8.288279030695720166e+02
7.250000000000100364e+00,4.355976352041889044e+00,8.288261716765185838e+02
7.262500000000099654e+00,4.357702781979746476e+00,8.288244452465808081e+02
7.275000000000099831e+00,4.359424264986176745e+00,8.288227237635743450e+02
7.287500000000100009e+00,4.361140817180548801e+00,8.288210072113799924e+02
7.300000000000100187e+00,4.362852454617831555e+00,8.288192955739426679e+02
7.312500000000100364e+00,4.364559193288922501e+00,8.288175888352716356e+02
7.325000000000099654e+00,4.366261049120987892e+00,8.288158869794394832e+02
7.337500000000099831e+00,4.367958037977783370e+00,8.288141899905826904e+02
7.350000000000100009e+00,4.369650175659985258e+00,8.288124978529004920e+02
7.362500000000100187e+00,4.371337477905516522e+00,8.288108105506549919e+02
7.375000000000100364e+00,4.373019960389867400e+00,8.288091280681705939e+02
7.387500000000099654e+00,4.374697638726419591e+00,8.288074503898341163e+02
7.400000000000099831e+00,4.376370528466764220e+00,8.288057775000937681e+02
7.412500000000100009e+00,4.378038645101019810e+00,8.288041093834594903e+02
7.425000000000100187e+00,4.379702004058147580e+00,8.288024460245023874e+02
7.437500000000100364e+00,4.381360620706261422e+00,8.288007874078542727e+02
7.450000000000099654e+00,4.383014510352706949e+00,8.287991335182077819e+02
7.462500000000099831e+00,4.384663688244606838e+00,8.287974843403159184e+02
7.475000000000100009e+00,4.386308169569252513e+00,8.287958398589912576e+02
7.487500000000100187e+00,4.387947969454291552e+00,8.287942000591061742e+02
7.500000000000100364e+00,4.389583102968035888e+00,8.287925649255925009e+02
7.512500000000099654e+00,4.391213585119755791e+00,8.287909344434407330e+02
7.525000000000099831e+00,4.392839430859975636e+00,8.287893085977004830e+02
7.537500000000100009e+00,4.394460655080775879e+00,8.287876873734796845e+02
7.550000000000100187e+00,4.396077272616085274e+00,8.287860707559443654e+02
7.562500000000100364e+00,4.397689298241969524e+00,8.287844587303185335e+02
7.575000000000099654e+00,4.399296746676924386e+00,8.287828512818836089e+02
7.587500000000099831e+00,4.400899632582161658e+00,8.287812483959783094e+02
7.600000000000100009e+00,4.402497970561898732e+00,8.287796500579986514e+02
7.612500000000100187e+00,4.404091775163639255e+00,8.287780562533968123e+02
7.625000000000100364e+00,4.405681060878457345e+00,8.287764669676820404e+02
7.637500000000099654e+00,4.407265842141277368e+00,8.287748821864191768e+02
7.650000000000099831e+00,4.408846133331155492e+00,8.287733018952293378e+02
7.662500000000100009e+00,4.410421948771553247e+00,8.287717260797890049e+02
7.675000000000100187e+00,4.411993302730612854e+00,8.287701547258299115e+02
7.687500000000100364e+00,4.413560209421436120e+00,8.287685878191390429e+02
7.700000000000099654e+00,4.415122683002346449e+00,8.287670253455581815e+02
7.712500000000099831e+00,4.416680737577169502e+00,8.287654672909833380e+02
7.725000000000100009e+00,4.418234387195491664e+00,8.287639136413649794e+02
7.737500000000100187e+00,4.419783645852934484e+00,8.287623643827075739e+02
7.750000000000100364e+00,4.421328527491413141e+00,8.287608195010691361e+02
7.762500000000099654e+00,4.422869045999405557e+00,8.287592789825611135e+02
7.775000000000099831e+00,4.424405215212208198e+00,8.287577428133482726e+02
7.787500000000100009e+00,4.425937048912198080e+00,8.287562109796483583e+02
7.800000000000100187e+00,4.427464560829093898e+00,8.287546834677314109e+02
7.812500000000100364e+00,4.428987764640206493e+00,8.287531602639203356e+02
7.825000000000099654e+00,4.430506673970699971e+00,8.287516413545897649e+02
7.837500000000099831e+00,4.432021302393839512e+00,8.287501267261666271e+02
7.850000000000100009e+00,4.433531663431248049e+00,8.287486163651292372e+02
7.862500000000100187e+00,4.435037770553151404e+00,8.287471102580072966e+02
7.875000000000100364e+00,4.436539637178633200e+00,8.287456083913818929e+02
7.887500000000099654e+00,4.438037276675875553e+00,8.287441107518845911e+02
7.900000000000099831e+00,4.439530702362408654e+00,8.287426173261981148e+02
7.912500000000100009e+00,4.441019927505354126e+00,8.287411281010550965e+02
7.925000000000100187e+00,4.442504965321666610e+00,8.287396430632388729e+02
7.937500000000100364e+00,4.443985828978375352e+00,8.287381621995821206e+02
7.950000000000099654e+00,4.445462531592825783e+00,8.287366854969676524e+02
7.962500000000099831e+00,4.446935086232915779e+00,8.287352129423276210e+02
7.975000000000100009e+00,4.448403505917331913e+00,8.287337445226431782e+02
7.987500000000100187e+00,4.449867803615786599e+00,8.287322802249447022e+02
8.000000000000099476e+00,4.451327992249251686e+00,8.287308200363112292e+02
8.012500000000100542e+00,4.452784084690192046e+00,8.287293639438703394e+02
8.025000000000099831e+00,4.454236093762792947e+00,8.287279119347977030e+02
8.037500000000099121e+00,4.455684032243198089e+00,8.287264639963173067e+02
8.050000000000100187e+00,4.457127912859728980e+00,8.287250201157007723e+02
8.062500000000099476e+00,4.458567748293118527e+00,8.287235802802673561e+02
8.075000000000100542e+00,4.460003551176734859e+00,8.287221444773837220e+02
8.087500000000099831e+00,4.461435334096807814e+00,8.287207126944637139e+02
8.100000000000099121e+00,4.462863109592648314e+00,8.287192849189679009e+02
8.112500000000100187e+00,4.464286890156878407e+00,8.287178611384035776e+02
8.125000000000099476e+00,4.465706688235643540e+00,8.287164413403248773e+02
8.137500000000100542e+00,4.467122516228837270e+00,8.287150255123316356e+02
8.150000000000099831e+00,4.468534386490320642e+00,8.287136136420701860e+02
8.162500000000099121e+00,4.469942311328137130e+00,8.287122057172323366e+02
8.175000000000100187e+00,4.471346303004731126e+00,8.287108017255558252e+02
8.187500000000099476e+00,4.472746373737162884e+00,8.287094016548232958e+02
8.200000000000100542e+00,4.474142535697318124e+00,8.287080054928632080e+02
8.212500000000099831e+00,4.475534801012122088e+00,8.287066132275483596e+02
8.225000000000099121e+00,4.476923181763516446e+00,8.287052248467970230e+02
8.237500000000100187e+00,4.478307689988954010e+00,8.287038403385715810e+02
8.250000000000099476e+00,4.479688337681621668e+00,8.287024596908788681e+02
8.262500000000100542e+00,4.481065136790562953e+00,8.287010828917699428e+02
8.275000000000099831e+00,4.482438099220880545e+00,8.286997099293396332e+02
8.287500000000099121e+00,4.483807236833941445e+00,8.286983407917265367e+02
8.300000000000100187e+00,4.485172561447578587e+00,8.286969754671129067e+02
8.312500000000099476e+00,4.486534084836293346e+00,8.286956139437241973e+02
8.325000000000100542e+00,4.487891818731455373e+00,8.286942562098290637e+02
8.337500000000099831e+00,4.489245774821501556e+00,8.286929022537390210e+02
8.350000000000099121e+00,4.490595964752136737e+00,8.286915520638083308e+02
8.362500000000100187e+00,4.491942400126524682e+00,8.286902056284340006e+02
8.375000000000099476e+00,4.493285092505487910e+00,8.286888629360549885e+02
8.387500000000100542e+00,4.494624053407703101e+00,8.286875239751527715e+02
8.400000000000099831e+00,4.495959294309889387e+00,8.286861887342506634e+02
8.412500000000099121e+00,4.497290826647004636e+00,8.286848572019134735e+02
8.425000000000100187e+00,4.498618661812433750e+00,8.286835293667480755e+02
8.437500000000099476e+00,4.499942811158181399e+00,8.286822052174022701e+02
8.450000000000100542e+00,4.501263285995059427e+00,8.286808847425654676e+02
8.462500000000099831e+00,4.502580097592870700e+00,8.286795679309676643e+02
8.475000000000099121e+00,4.503893257180600074e+00,8.286782547713798976e+02
8.487500000000100187e+00,4.505202775946600013e+00,8.286769452526139048e+02
8.500000000000099476e+00,4.506508665038770900e+00,8.286756393635217819e+02
8.512500000000100542e+00,4.507810935564748434e+00,8.286743370929957564e+02
8.525000000000099831e+00,4.509109598592080381e+00,8.286730384299684147e+02
8.537499999999999645e+00,4.510404665148404213e+00,8.286717433634121335e+02
8.550000000000000711e+00,4.511696146221662040e+00,8.286704518823388526e+02
8.562500000000000000e+00,4.512984052760222298e+00,8.286691639758003021e+02
8.574999999999999289e+00,4.514268395673093792e+00,8.286678796328874341e+02
8.587500000000000355e+00,4.515549185830098011e+00,8.286665988427304228e+02
8.599999999999999645e+00,4.516826434062042317e+00,8.286653215944984368e+02
8.612500000000000711e+00,4.518100151160893141e+00,8.286640478773996392e+02
8.625000000000000000e+00,4.519370347879950955e+00,8.286627776806805059e+02
8.637499999999999289e+00,4.520637034934026133e+00,8.286615109936265071e+02
8.650000000000000355e+00,4.521900222999606811e+00,8.286602478055608572e+02
8.662499999999999645e+00,4.523159922715028536e+00,8.286589881058454239e+02
8.675000000000000711e+00,4.524416144680651897e+00,8.286577318838798192e+02
8.687500000000000000e+00,4.525668899459021510e+00,8.286564791291015126e+02
8.699999999999999289e+00,4.526918197575042768e+00,8.286552298309854905e+02
8.712500000000000355e+00,4.528164049516144374e+00,8.286539839790443693e+02
8.724999999999999645e+00,4.529406465732442655e+00,8.286527415628280551e+02
8.737500000000000711e+00,4.530645456636912982e+00,8.286515025719236291e+02
8.750000000000000000e+00,4.531881032605548754e+00,8.286502669959550076e+02
8.762499999999999289e+00,4.533113203977525707e+00,8.286490348245829409e+02
8.775000000000000355e+00,4.534341981055369786e+00,8.286478060475051279e+02
8.787499999999999645e+00,4.535567374105109018e+00,8.286465806544554198e+02
8.800000000000000711e+00,4.536789393356444045e+00,8.286453586352040475e+02
8.812500000000000000e+00,4.538008049002901778e+00,8.286441399795576217e+02
8.824999999999999289e+00,4.539223351201997048e+00,8.286429246773584509e+02
8.837500000000000355e+00,4.540435310075392472e+00,8.286417127184851097e+02
8.849999999999999645e+00,4.541643935709050339e+00,8.286405040928514154e+02
8.862500000000000711e+00,4.542849238153396030e+00,8.286392987904071106e+02
8.875000000000000000e+00,4.544051227423467232e+00,8.286380968011370669e+02
8.887499999999999289e+00,4.545249913499075589e+00,8.286368981150613990e+02
8.900000000000000355e+00,4.546445306324956803e+00,8.286357027222355782e+02
8.912499999999999645e+00,4.547637415810923400e+00,8.286345106127496365e+02
8.925000000000000711e+00,4.548826251832018386e+00,8.286333217767285078e+02
8.937500000000000000e+00,4.550011824228670676e+00,8.286321362043318004e+02
8.949999999999999289e+00,4.551194142806840759e+00,8.286309538857536836e+02
8.962500000000000355e+00,4.552373217338171685e+00,8.286297748112223189e+02
8.974999999999999645e+00,4.553549057560145386e+00,8.286285989710003150e+02
8.987500000000000711e+00,4.554721673176219454e+00,8.286274263553842729e+02
9.000000000000000000e+00,4.555891073855989681e+00,8.286262569547045587e+02
9.012499999999999289e+00,4.557057269235324171e+00,8.286250907593251895e+02
9.025000000000000355e+00,4.558220268916519657e+00,8.286239277596439479e+02
9.037499999999999645e+00,4.559380082468441842e+00,8.286227679460920399e+02
9.050000000000000711e+00,4.560536719426624863e+00,8.286216113091338684e+02
9.062500000000000000e+00,4.561690189293250874e+00,8.286204578392672602e+02
9.074999999999999289e+00,4.562840501537645643e+00,8.286193075270228974e+02
9.087500000000000355e+00,4.563987665596286547e+00,8.286181603629642041e+02
9.099999999999999645e+00,4.565131690872920700e+00,8.286170163376875735e+02
9.112500000000000711e+00,4.566272586738705286e+00,8.286158754418217995e+02
9.125000000000000000e+00,4.567410362532341672e+00,8.286147376660281907e+02
9.137499999999999289e+00,4.568545027560222849e+00,8.286136030010002287e+02
9.150000000000000355e+00,4.569676591096564877e+00,8.286124714374639098e+02
9.162499999999999645e+00,4.570805062383548112e+00,8.286113429661769487e+02
9.175000000000000711e+00,4.571930450631448650e+00,8.286102175779290064e+02
9.187500000000000000e+00,4.573052765018781329e+00,8.286090952635416897e+02
9.199999999999999289e+00,4.574172014692428512e+00,8.286079760138680967e+02
9.212500000000000355e+00,4.575288208767776865e+00,8.286068598197927031e+02
9.224999999999999645e+00,4.576401356328850589e+00,8.286057466722317031e+02
9.237500000000000711e+00,4.577511466428445530e+00,8.286046365621321002e+02
9.250000000000000000e+00,4.578618548088257967e+00,8.286035294804722753e+02
9.262499999999999289e+00,4.579722610299020502e+00,8.286024254182615323e+02
9.275000000000000355e+00,4.580823662020628184e+00,8.286013243665398704e+02
9.287499999999999645e+00,4.581921712182270845e+00,8.286002263163782118e+02
9.300000000000000711e+00,4.583016769682561886e+00,8.285991312588779465e+02
9.312500000000000000e+00,4.584108843389667953e+00,8.285980391851708191e+02
9.324999999999999289e+00,4.585197942141434169e+00,8.285969500864190422e+02
9.337500000000000355e+00,4.586284074745512029e+00,8.285958639538149555e+02
9.349999999999999645e+00,4.587367249979489081e+00,8.285947807785810255e+02
9.362500000000000711e+00,4.588447476591010599e+00,8.285937005519695049e+02
9.375000000000000000e+00,4.589524763297903931e+00,8.285926232652625458e+02
9.387499999999999289e+00,4.590599118788309951e+00,8.285915489097722002e+02
9.400000000000000355e+00,4.591670551720797633e+00,8.285904774768397374e+02
9.412499999999999645e+00,4.592739070724494610e+00,8.285894089578359853e+02
9.425000000000000711e+00,4.593804684399203531e+00,8.285883433441613306e+02
9.437500000000000000e+00,4.594867401315529065e+00,8.285872806272449225e+02
9.449999999999999289e+00,4.595927230014996923e+00,8.285862207985454688e+02
9.462500000000000355e+00,4.596984179010171978e+00,8.285851638495503266e+02
9.474999999999999645e+00,4.598038256784783506e+00,8.285841097717757293e+02
9.487500000000000711e+00,4.599089471793839756e+00,8.285830585567666731e+02
9.500000000000000000e+00,4.600137832463747856e+00,8.285820101960968032e+02
9.512499999999999289e+00,4.601183347192433715e+00,8.285809646813680729e+02
9.525000000000000355e+00,4.602226024349457489e+00,8.285799220042110846e+02
9.537499999999999645e+00,4.603265872276129045e+00,8.285788821562844078e+02
9.550000000000000711e+00,4.604302899285627859e+00,8.285778451292749196e+02
9.562500000000000000e+00,4.605337113663116710e+00,8.285768109148973508e+02
9.574999999999999289e+00,4.606368523665857140e+00,8.285757795048946264e+02
9.587500000000000355e+00,4.607397137523323138e+00,8.285747508910371835e+02
9.599999999999999645e+00,4.608422963437314834e+00,8.285737250651231989e+02
9.612500000000000711e+00,4.609446009582073955e+00,8.285727020189784753e+02
9.625000000000000000e+00,4.610466284104392187e+00,8.285716817444561002e+02
9.637499999999999289e+00,4.611483795123730189e+00,8.285706642334367871e+02
9.650000000000000355e+00,4.612498550732322400e+00,8.285696494778281931e+02
9.662499999999999645e+00,4.613510558995292499e+00,8.285686374695652603e+02
9.675000000000000711e+00,4.614519827950761766e+00,8.285676282006097608e+02
9.687500000000000000e+00,4.615526365609959214e+00,8.285666216629505243e+02
9.699999999999999289e+00,4.616530179957333502e+00,8.285656178486032104e+02
9.712500000000000355e+00,4.617531278950657736e+00,8.285646167496098542e+02
9.724999999999999645e+00,4.618529670521143160e+00,8.285636183580393208e+02
9.737500000000000711e+00,4.619525362573540406e+00,8.285626226659869644e+02
9.750000000000000000e+00,4.620518362986251404e+00,8.285616296655742872e+02
9.762499999999999289e+00,4.621508679611439518e+00,8.285606393489490529e+02
9.775000000000000355e+00,4.622496320275125470e+00,8.285596517082854007e+02
9.787499999999999645e+00,4.623481292777303686e+00,8.285586667357831629e+02
9.800000000000000711e+00,4.624463604892042667e+00,8.285576844236684337e+02
9.812500000000000000e+00,4.625443264367589791e+00,8.285567047641928866e+02
9.824999999999999289e+00,4.626420278926477891e+00,8.285557277496340021e+02
9.837500000000000355e+00,4.627394656265629180e+00,8.285547533722948401e+02
9.849999999999999645e+00,4.628366404056453831e+00,8.285537816245040403e+02
9.862500000000000711e+00,4.629335529944960115e+00,8.285528124986155944e+02
9.875000000000000000e+00,4.630302041551852099e+00,8.285518459870086190e+02
9.887499999999999289e+00,4.631265946472635342e+00,8.285508820820879237e+02
9.900000000000000355e+00,4.632227252277713703e+00,8.285499207762827609e+02
9.912499999999999645e+00,4.633185966512495924e+00,8.285489620620479627e+02
9.925000000000000711e+00,4.634142096697492441e+00,8.285480059318630310e+02
9.937500000000000000e+00,4.635095650328416639e+00,8.285470523782321379e+02
9.949999999999999289e+00,4.636046634876140438e+00,8.285461013936843528e+02
9.962500000000000355e+00,4.636995057786891472e+00,8.285451529707736427e+02
9.974999999999999645e+00,4.637940926482503556e+00,8.285442071020779622e+02
9.987500000000000711e+00,4.638884248360394480e+00,8.285432637802001636e+02
1.000000000000000000e+01,4.639825030793661931e+00,8.285423229977668598e+02
1.001249999999999929e+01,4.640763281131183859e+00,8.285413847474293334e+02
1.002500000000000036e+01,4.641699006697708185e+00,8.285404490218627416e+02
1.003749999999999964e+01,4.642632214793954937e+00,8.285395158137665703e+02
1.005000000000000071e+01,4.643562912696707734e+00,8.285385851158638388e+02
1.006250000000000000e+01,4.644491107658909712e+00,8.285376569209015543e+02
1.007499999999999929e+01,4.645416806909755891e+00,8.285367312216507116e+02
1.008750000000000036e+01,4.646340017654792653e+00,8.285358080109057255e+02
1.009999999999999964e+01,4.647260747076002119e+00,8.285348872814845436e+02
1.011250000000000071e+01,4.648179002331902510e+00,8.285339690262286467e+02
1.012500000000000000e+01,4.649094790557636969e+00,8.285330532380028217e+02
1.013749999999999929e+01,4.650008118865065043e+00,8.285321399096953883e+02
1.015000000000000036e+01,4.650918994342857715e+00,8.285312290342176311e+02
1.016249999999999964e+01,4.651827424056582672e+00,8.285303206045039133e+02
1.017500000000000071e+01,4.652733415048801113e+00,8.285294146135116762e+02
1.018750000000000000e+01,4.653636974339151244e+00,8.285285110542213260e+02
1.019999999999999929e+01,4.654538108924443307e+00,8.285276099196360065e+02
1.021250000000000036e+01,4.655436825778744847e+00,8.285267112027817120e+02
1.022499999999999964e+01,4.656333131853473084e+00,8.285258148967070611e+02
1.023750000000000071e+01,4.657227034077479288e+00,8.285249209944830682e+02
1.025000000000000000e+01,4.658118539357140264e+00,8.285240294892033717e+02
1.026249999999999929e+01,4.659007654576441837e+00,8.285231403739840061e+02
1.027500000000000036e+01,4.659894386597069449e+00,8.285222536419634025e+02
1.028749999999999964e+01,4.660778742258491647e+00,8.285213692863020469e+02
1.030000000000000071e+01,4.661660728378047125e+00,8.285204873001824808e+02
1.031250000000000000e+01,4.662540351751035317e+00,8.285196076768094144e+02
1.032499999999999929e+01,4.663417619150790117e+00,8.285187304094097271e+02
1.033750000000000036e+01,4.664292537328778465e+00,8.285178554912316713e+02
1.034999999999999964e+01,4.665165113014672293e+00,8.285169829155457819e+02
1.036250000000000071e+01,4.666035352916442669e+00,8.285161126756440808e+02
1.037500000000000000e+01,4.666903263720437067e+00,8.285152447648400766e+02
1.038749999999999929e+01,4.667768852091463749e+00,8.285143791764689922e+02
1.040000000000000036e+01,4.668632124672877026e+00,8.285135159038876509e+02
1.041249999999999964e+01,4.669493088086657195e+00,8.285126549404737943e+02
1.042500000000000071e+01,4.670351748933494029e+00,8.285117962796269921e+02
1.043750000000000000e+01,4.671208113792866712e+00,8.285109399147676186e+02
1.044999999999999929e+01,4.672062189223125550e+00,8.285100858393374210e+02
1.046250000000000036e+01,4.672913981761575464e+00,8.285092340467989516e+02
1.047499999999999964e+01,4.673763497924552368e+00,8.285083845306359080e+02
1.048750000000000071e+01,4.674610744207507551e+00,8.285075372843530204e+02
1.050000000000000000e+01,4.675455727085082280e+00,8.285066923014753684e+02
1.051249999999999929e+01,4.676298453011192180e+00,8.285058495755492913e+02
1.052500000000000036e+01,4.677138928419102726e+00,8.285050091001413648e+02
1.053749999999999964e+01,4.677977159721511846e+00,8.285041708688389690e+02
1.055000000000000071e+01,4.678813153310621864e+00,8.285033348752498341e+02
1.056250000000000000e+01,4.679646915558222986e+00,8.285025011130022676e+02
1.057499999999999929e+01,4.680478452815769685e+00,8.285016695757446996e+02
1.058750000000000036e+01,4.681307771414457974e+00,8.285008402571460238e+02
1.059999999999999964e+01,4.682134877665297346e+00,8.285000131508952563e+02
1.061250000000000071e+01,4.682959777859196038e+00,8.284991882507013088e+02
1.062500000000000000e+01,4.683782478267031202e+00,8.284983655502934425e+02
1.063749999999999929e+01,4.684602985139726172e+00,8.284975450434208142e+02
1.065000000000000036e+01,4.685421304708324186e+00,8.284967267238521345e+02
1.066249999999999964e+01,4.686237443184070095e+00,8.284959105853764640e+02
1.067500000000000071e+01,4.687051406758476091e+00,8.284950966218020767e+02
1.068750000000000000e+01,4.687863201603402530e+00,8.284942848269571414e+02
1.069999999999999929e+01,4.688672833871130763e+00,8.284934751946893812e+02
1.071250000000000036e+01,4.689480309694435078e+00,8.284926677188660733e+02
1.072499999999999964e+01,4.690285635186659974e+00,8.284918623933738218e+02
1.073750000000000071e+01,4.691088816441790321e+00,8.284910592121186710e+02
1.075000000000000000e+01,4.691889859534524199e+00,8.284902581690259922e+02
1.076249999999999929e+01,4.692688770520348385e+00,8.284894592580401422e+02
1.077500000000000036e+01,4.693485555435606749e+00,8.284886624731249185e+02
1.078749999999999964e+01,4.694280220297577522e+00,8.284878678082628767e+02
1.080000000000000071e+01,4.695072771104539910e+00,8.284870752574560129e+02
1.081250000000000000e+01,4.695863213835847816e+00,8.284862848147246268e+02
1.082499999999999929e+01,4.696651554452001776e+00,8.284854964741084586e+02
1.083750000000000036e+01,4.697437798894720018e+00,8.284847102296657795e+02
1.084999999999999964e+01,4.698221953087005076e+00,8.284839260754735051e+02
1.086250000000000071e+01,4.699004022933219282e+00,8.284831440056273095e+02
1.087500000000000000e+01,4.699784014319152270e+00,8.284823640142413979e+02
1.088749999999999929e+01,4.700561933112091140e+00,8.284815860954483924e+02
1.090000000000000036e+01,4.701337785160870197e+00,8.284808102433996737e+02
1.091249999999999964e+01,4.702111576295772366e+00,8.284800364522646987e+02
1.092500000000000071e+01,4.702883312328885346e+00,8.284792647162315689e+02
1.093750000000000000e+01,4.703652999054099837e+00,8.284784950295064618e+02
1.094999999999999929e+01,4.704420642247132633e+00,8.284777273863134042e+02
1.096250000000000036e+01,4.705186247665600341e+00,8.284769617808949533e+02
1.097499999999999964e+01,4.705949821049079773e+00,8.284761982075114020e+02
1.098750000000000071e+01,4.706711368119178118e+00,8.284754366604413462e+02
1.100000000000000000e+01,4.707470894579599552e+00,8.284746771339808902e+02
1.101249999999999929e+01,4.708228406116210962e+00,8.284739196224443276e+02
1.102500000000000036e+01,4.708983908397105012e+00,8.284731641201633465e+02
1.103749999999999964e+01,4.709737407072672966e+00,8.284724106214878248e+02
1.105000000000000071e+01,4.710488907775658873e+00,8.284716591207848069e+02
1.106250000000000000e+01,4.711238416121235950e+00,8.284709096124393000e+02
1.107499999999999929e+01,4.711985937707062533e+00,8.284701620908534778e+02
1.108750000000000036e+01,4.712731478113351358e+00,8.284694165504471357e+02
1.109999999999999964e+01,4.713475042902931733e+00,8.284686729856575766e+02
1.111250000000000071e+01,4.714216637621310824e+00,8.284679313909391567e+02
1.112500000000000000e+01,4.714956267796743816e+00,8.284671917607637397e+02
1.113749999999999929e+01,4.715693938940289875e+00,8.284664540896202425e+02
1.115000000000000036e+01,4.716429656545878757e+00,8.284657183720146350e+02
1.116249999999999964e+01,4.717163426090371203e+00,8.284649846024701674e+02
1.117500000000000071e+01,4.717895253033624670e+00,8.284642527755269157e+02
1.118750000000000000e+01,4.718625142818551055e+00,8.284635228857420088e+02
1.119999999999999929e+01,4.719353100871181539e+00,8.284627949276892878e+02
1.121250000000000036e+01,4.720079132600725202e+00,8.284620688959597601e+02
1.122499999999999964e+01,4.720803243399631199e+00,8.284613447851609180e+02
1.123750000000000071e+01,4.721525438643653594e+00,8.284606225899168521e+02
1.125000000000000000e+01,4.722245723691904651e+00,8.284599023048685922e+02
1.126249999999999929e+01,4.722964103886919673e+00,8.284591839246735390e+02
1.127500000000000036e+01,4.723680584554717399e+00,8.284584674440058052e+02
1.128749999999999964e+01,4.724395171004855953e+00,8.284577528575556471e+02
1.130000000000000071e+01,4.725107868530496802e+00,8.284570401600300329e+02
1.131250000000000000e+01,4.725818682408460703e+00,8.284563293461520743e+02
1.132499999999999929e+01,4.726527617899288103e+00,8.284556204106612540e+02
1.133750000000000036e+01,4.727234680247297760e+00,8.284549133483131982e+02
1.134999999999999964e+01,4.727939874680645360e+00,8.284542081538799039e+02
1.136250000000000071e+01,4.728643206411378586e+00,8.284535048221491706e+02
1.137500000000000000e+01,4.729344680635499287e+00,8.284528033479250553e+02
1.138749999999999929e+01,4.730044302533021217e+00,8.284521037260275307e+02
1.140000000000000036e+01,4.730742077268022427e+00,8.284514059512924860e+02
1.141249999999999964e+01,4.731438009988707449e+00,8.284507100185718400e+02
1.142500000000000071e+01,4.732132105827462354e+00,8.284500159227330869e+02
1.143750000000000000e+01,4.732824369900908934e+00,8.284493236586596367e+02
1.144999999999999929e+01,4.733514807309965988e+00,8.284486332212505886e+02
1.146250000000000036e+01,4.734203423139901723e+00,8.284479446054206164e+02
1.147499999999999964e+01,4.734890222460391485e+00,8.284472578061000831e+02
1.148750000000000071e+01,4.735575210325572826e+00,8.284465728182349267e+02
1.150000000000000000e+01,4.736258391774098797e+00,8.284458896367864327e+02
1.151249999999999929e+01,4.736939771829199231e+00,8.284452082567313482e+02
1.152500000000000036e+01,4.737619355498727813e+00,8.284445286730617681e+02
1.153749999999999964e+01,4.738297147775222484e+00,8.284438508807852486e+02
1.155000000000000071e+01,4.738973153635956947e+00,8.284431748749245799e+02
1.156250000000000000e+01,4.739647378042999293e+00,8.284425006505175588e+02
1.157499999999999929e+01,4.740319825943259069e+00,8.284418282026172164e+02
1.158750000000000036e+01,4.740990502268546791e+00,8.284411575262919314e+02
1.159999999999999964e+01,4.741659411935625457e+00,8.284404886166248616e+02
1.161250000000000071e+01,4.742326559846263834e+00,8.284398214687142854e+02
1.162500000000000000e+01,4.742991950887288866e+00,8.284391560776732604e+02
1.163749999999999929e+01,4.743655589930643401e+00,8.284384924386298508e+02
1.165000000000000036e+01,4.744317481833432382e+00,8.284378305467271275e+02
1.166249999999999964e+01,4.744977631437976129e+00,8.284371703971224861e+02
1.167500000000000071e+01,4.745636043571868967e+00,8.284365119849886696e+02
1.168750000000000000e+01,4.746292723048023632e+00,8.284358553055125185e+02
1.169999999999999929e+01,4.746947674664730776e+00,8.284352003538957661e+02
1.171250000000000036e+01,4.747600903205702494e+00,8.284345471253548112e+02
1.172499999999999964e+01,4.748252413440129160e+00,8.284338956151203774e+02
1.173750000000000071e+01,4.748902210122729173e+00,8.284332458184377401e+02
1.175000000000000000e+01,4.749550297993801351e+00,8.284325977305667266e+02
1.176249999999999929e+01,4.750196681779272900e+00,8.284319513467812612e+02
1.177500000000000036e+01,4.750841366190755366e+00,8.284313066623697068e+02
1.178749999999999964e+01,4.751484355925587266e+00,8.284306636726348643e+02
1.180000000000000071e+01,4.752125655666892712e+00,8.284300223728936317e+02
1.181250000000000000e+01,4.752765270083624927e+00,8.284293827584768906e+02
1.182499999999999929e+01,4.753403203830622203e+00,8.284287448247298471e+02
1.183750000000000036e+01,4.754039461548652312e+00,8.284281085670118046e+02
1.184999999999999964e+01,4.754674047864464015e+00,8.284274739806960497e+02
1.186250000000000071e+01,4.755306967390837691e+00,8.284268410611696254e+02
1.187500000000000000e+01,4.755938224726634189e+00,8.284262098038338991e+02
1.188749999999999929e+01,4.756567824456841898e+00,8.284255802041036532e+02
1.190000000000000036e+01,4.757195771152628261e+00,8.284249522574078810e+02
1.191249999999999964e+01,4.757822069371386853e+00,8.284243259591891047e+02
1.192500000000000071e+01,4.758446723656740929e+00,8.284237013049037159e+02
1.193750000000000000e+01,4.759069738538487471e+00,8.284230782900219765e+02
1.194999999999999929e+01,4.759691118532915155e+00,8.284224569100275630e+02
1.196250000000000036e+01,4.760310868142736851e+00,8.284218371604177946e+02
1.197499999999999964e+01,4.760928991857124259e+00,8.284212190367034054e+02
1.198750000000000071e+01,4.761545494151752322e+00,8.284206025344087720e+02
1.200000000000000000e+01,4.762160379488845408e+00,8.284199876490716861e+02
1.201249999999999929e+01,4.762773652317223494e+00,8.284193743762432405e+02
1.202500000000000036e+01,4.763385317072353686e+00,8.284187627114881707e+02
1.203749999999999964e+01,4.763995378176391959e+00,8.284181526503840587e+02
1.205000000000000071e+01,4.764603840038228455e+00,8.284175441885222426e+02
1.206250000000000000e+01,4.765210707053535444e+00,8.284169373215070209e+02
1.207499999999999929e+01,4.765815983604815287e+00,8.284163320449556522e+02
1.208750000000000036e+01,4.766419674061442180e+00,8.284157283544990378e+02
1.209999999999999964e+01,4.767021782779708339e+00,8.284151262457808116e+02
1.211250000000000071e+01,4.767622314102867520e+00,8.284145257144576817e+02
1.212500000000000000e+01,4.768221272361186536e+00,8.284139267561993165e+02
1.213749999999999929e+01,4.768818661871979891e+00,8.284133293666885720e+02
1.215000000000000036e+01,4.769414486939663078e+00,8.284127335416208098e+02
1.216249999999999964e+01,4.770008751855793427e+00,8.284121392767046927e+02
1.217500000000000071e+01,4.770601460899111856e+00,8.284115465676613894e+02
1.218750000000000000e+01,4.771192618335592606e+00,8.284109554102249149e+02
1.219999999999999929e+01,4.771782228418480543e+00,8.284103658001420172e+02
1.221250000000000036e+01,4.772370295388338235e+00,8.284097777331721772e+02
1.222499999999999964e+01,4.772956823473090360e+00,8.284091912050873816e+02
1.223750000000000071e+01,4.773541816888064560e+00,8.284086062116724634e+02
1.225000000000000000e+01,4.774125279836035851e+00,8.284080227487244201e+02
1.226249999999999929e+01,4.774707216507267482e+00,8.284074408120532098e+02
1.227500000000000036e+01,4.775287631079557116e+00,8.284068603974809548e+02
1.228749999999999964e+01,4.775866527718273247e+00,8.284062815008422831e+02
1.230000000000000071e+01,4.776443910576407603e+00,8.284057041179841008e+02
1.231250000000000000e+01,4.777019783794603569e+00,8.284051282447659332e+02
1.232499999999999929e+01,4.777594151501213915e+00,8.284045538770592430e+02
1.233750000000000036e+01,4.778167017812325668e+00,8.284039810107482253e+02
1.234999999999999964e+01,4.778738386831817841e+00,8.284034096417286719e+02
1.236250000000000071e+01,4.779308262651390748e+00,8.284028397659091070e+02
1.237500000000000000e+01,4.779876649350612183e+00,8.284022713792098784e+02
1.238749999999999929e+01,4.780443550996960056e+00,8.284017044775634986e+02
1.240000000000000036e+01,4.781008971645860584e+00,8.284011390569146442e+02
1.241249999999999964e+01,4.781572915340728258e+00,8.284005751132198156e+02
1.242500000000000071e+01,4.782135386113009368e+00,8.284000126424474502e+02
1.243750000000000000e+01,4.782696387982221076e+00,8.283994516405782633e+02
1.244999999999999929e+01,4.783255924955991389e+00,8.283988921036045667e+02
1.246250000000000036e+01,4.783814001030100016e+00,8.283983340275303817e+02
1.247499999999999964e+01,4.784370620188515666e+00,8.283977774083720078e+02
1.248750000000000071e+01,4.784925786403439574e+00,8.283972222421571132e+02
1.250000000000000000e+01,4.785479503635343690e+00,8.283966685249251896e+02
1.251249999999999929e+01,4.786031775833009760e+00,8.283961162527275519e+02
1.252500000000000036e+01,4.786582606933565742e+00,8.283955654216268840e+02
1.253749999999999964e+01,4.787132000862531989e+00,8.283950160276979204e+02
1.255000000000000071e+01,4.787679961533854112e+00,8.283944680670266507e+02
1.256250000000000000e+01,4.788226492849943838e+00,8.283939215357105468e+02
1.257499999999999929e+01,4.788771598701718091e+00,8.283933764298587903e+02
1.258750000000000036e+01,4.789315282968635401e+00,8.283928327455918179e+02
1.259999999999999964e+01,4.789857549518739432e+00,8.283922904790417761e+02
1.261250000000000071e+01,4.790398402208690953e+00,8.283917496263518387e+02
1.262500000000000000e+01,4.790937844883809582e+00,8.283912101836766624e+02
1.263749999999999929e+01,4.791475881378110202e+00,8.283906721471823857e+02
1.265000000000000036e+01,4.792012515514342041e+00,8.283901355130461752e+02
1.266249999999999964e+01,4.792547751104025089e+00,8.283896002774564522e+02
1.267500000000000071e+01,4.793081591947490061e+00,8.283890664366130068e+02
1.268750000000000000e+01,4.793614041833912154e+00,8.283885339867265429e+02
1.269999999999999929e+01,4.794145104541348346e+00,8.283880029240191334e+02
1.271250000000000036e+01,4.794674783836781806e+00,8.283874732447237648e+02
1.272499999999999964e+01,4.795203083476146766e+00,8.283869449450843376e+02
1.273750000000000071e+01,4.795730007204376477e+00,8.283864180213561212e+02
1.275000000000000000e+01,4.796255558755431636e+00,8.283858924698050714e+02
1.276249999999999929e+01,4.796779741852343903e+00,8.283853682867081716e+02
1.277500000000000036e+01,4.797302560207246991e+00,8.283848454683532054e+02
1.278749999999999964e+01,4.797824017521414852e+00,8.283843240110390980e+02
1.280000000000000071e+01,4.798344117485298099e+00,8.283838039110752334e+02
1.281250000000000000e+01,4.798862863778560417e+00,8.283832851647819098e+02
1.282499999999999929e+01,4.799380260070112314e+00,8.283827677684903392e+02
1.283750000000000036e+01,4.799896310018151979e+00,8.283822517185423067e+02
1.284999999999999964e+01,4.800411017270192815e+00,8.283817370112902836e+02
1.286250000000000071e+01,4.800924385463106958e+00,8.283812236430974281e+02
1.287500000000000000e+01,4.801436418223156366e+00,8.283807116103373573e+02
1.288749999999999929e+01,4.801947119166026567e+00,8.283802009093944889e+02
1.290000000000000036e+01,4.802456491896869295e+00,8.283796915366635858e+02
1.291249999999999964e+01,4.802964540010329131e+00,8.283791834885502112e+02
1.292500000000000071e+01,4.803471267090581698e+00,8.283786767614699329e+02
1.293750000000000000e+01,4.803976676711370075e+00,8.283781713518491188e+02
1.294999999999999929e+01,4.804480772436037661e+00,8.283776672561244823e+02
1.296250000000000036e+01,4.804983557817562811e+00,8.283771644707429687e+02
1.297499999999999964e+01,4.805485036398593479e+00,8.283766629921618687e+02
1.298750000000000071e+01,4.805985211711483629e+00,8.283761628168490461e+02
1.300000000000000000e+01,4.806484087278322548e+00,8.283756639412821414e+02
1.301249999999999929e+01,4.806981666610942838e+00,8.283751663619495957e+02
1.302500000000000036e+01,4.807477953210836041e+00,8.283746700753496270e+02
1.303749999999999964e+01,4.807972950569441295e+00,8.283741750779910262e+02
1.305000000000000071e+01,4.808466662168085826e+00,8.283736813663924750e+02
1.306250000000000000e+01,4.808959091477995607e+00,8.283731889370825456e+02
1.307499999999999929e+01,4.809450241960329109e+00,8.283726977866001562e+02
1.308750000000000036e+01,4.809940117066210163e+00,8.283722079114943426e+02
1.309999999999999964e+01,4.810428720236760824e+00,8.283717193083236907e+02
1.311250000000000071e+01,4.810916054903133343e+00,8.283712319736573590e+02
1.312500000000000000e+01,4.811402124486544807e+00,8.283707459040739423e+02
1.313749999999999929e+01,4.811886932398309114e+00,8.283702610961621531e+02
1.315000000000000036e+01,4.812370482039865394e+00,8.283697775465205950e+02
1.316249999999999964e+01,4.812852776802817090e+00,8.283692952517576487e+02
1.317500000000000071e+01,4.813333820068958602e+00,8.283688142084915853e+02
1.318750000000000000e+01,4.813813615210309038e+00,8.283683344133502260e+02
1.319999999999999929e+01,4.814292165589145966e+00,8.283678558629713962e+02
1.321250000000000036e+01,4.814769474558034723e+00,8.283673785540024710e+02
1.322499999999999964e+01,4.815245545459858612e+00,8.283669024831006027e+02
1.323750000000000071e+01,4.815720381627855318e+00,8.283664276469326069e+02
1.325000000000000000e+01,4.816193986385641779e+00,8.283659540421748488e+02
1.326249999999999929e+01,4.816666363047254151e+00,8.283654816655132436e+02
1.327500000000000036e+01,4.817137514917169128e+00,8.283650105136433694e+02
1.328749999999999964e+01,4.817607445290340351e+00,8.283645405832701272e+02
1.330000000000000071e+01,4.818076157452230390e+00,8.283640718711083082e+02
1.331250000000000000e+01,4.818543654678837385e+00,8.283636043738816852e+02
1.332499999999999929e+01,4.819009940236728795e+00,8.283631380883238080e+02
1.333750000000000036e+01,4.819475017383071602e+00,8.283626730111774350e+02
1.334999999999999964e+01,4.819938889365657175e+00,8.283622091391948743e+02
1.336250000000000071e+01,4.820401559422943016e+00,8.283617464691375289e+02
1.337500000000000000e+01,4.820863030784071412e+00,8.283612849977764654e+02
1.338749999999999929e+01,4.821323306668904962e+00,8.283608247218916176e+02
1.340000000000000036e+01,4.821782390288056774e+00,8.283603656382724694e+02
1.341249999999999964e+01,4.822240284842918001e+00,8.283599077437175993e+02
1.342500000000000071e+01,4.822696993525687148e+00,8.283594510350347946e+02
1.343750000000000000e+01,4.823152519519403825e+00,8.283589955090410513e+02
1.344999999999999929e+01,4.823606865997973614e+00,8.283585411625625738e+02
1.346250000000000036e+01,4.824060036126198270e+00,8.283580879924343208e+02
1.347499999999999964e+01,4.824512033059807692e+00,8.283576359955006865e+02
1.348750000000000071e+01,4.824962859945486571e+00,8.283571851686150467e+02
1.350000000000000000e+01,4.825412519920901921e+00,8.283567355086396446e+02
1.351249999999999929e+01,4.825861016114735058e+00,8.283562870124458186e+02
1.352500000000000036e+01,4.826308351646709127e+00,8.283558396769137744e+02
1.353749999999999964e+01,4.826754529627619306e+00,8.283553934989329264e+02
1.355000000000000071e+01,4.827199553159355006e+00,8.283549484754011019e+02
1.356250000000000000e+01,4.827643425334938954e+00,8.283545046032255641e+02
1.357499999999999929e+01,4.828086149238545843e+00,8.283540618793219892e+02
1.358750000000000036e+01,4.828527727945534309e+00,8.283536203006149208e+02
1.359999999999999964e+01,4.828968164522477124e+00,8.283531798640379975e+02
1.361250000000000071e+01,4.829407462027186071e+00,8.283527405665332708e+02
1.362500000000000000e+01,4.829845623508738583e+00,8.283523024050517733e+02
1.363749999999999929e+01,4.830282652007512390e+00,8.283518653765529507e+02
1.365000000000000036e+01,4.830718550555205049e+00,8.283514294780053433e+02
1.366249999999999964e+01,4.831153322174865927e+00,8.283509947063856771e+02
1.367500000000000071e+01,4.831586969880923732e+00,8.283505610586795456e+02
1.368750000000000000e+01,4.832019496679213155e+00,8.283501285318812961e+02
1.369999999999999929e+01,4.832450905567000632e+00,8.283496971229934616e+02
1.371250000000000036e+01,4.832881199533014538e+00,8.283492668290274423e+02
1.372499999999999964e+01,4.833310381557469171e+00,8.283488376470030516e+02
1.373750000000000071e+01,4.833738454612095836e+00,8.283484095739484019e+02
1.375000000000000000e+01,4.834165421660165052e+00,8.283479826069003593e+02
1.376249999999999929e+01,4.834591285656514970e+00,8.283475567429039756e+02
1.377500000000000036e+01,4.835016049547581574e+00,8.283471319790129428e+02
1.378749999999999964e+01,4.835439716271421773e+00,8.283467083122891381e+02
1.380000000000000071e+01,4.835862288757736493e+00,8.283462857398027381e+02
1.381250000000000000e+01,4.836283769927907983e+00,8.283458642586325595e+02
1.382499999999999929e+01,4.836704162695013132e+00,8.283454438658654908e+02
1.383750000000000036e+01,4.837123469963859890e+00,8.283450245585966059e+02
1.384999999999999964e+01,4.837541694631007694e+00,8.283446063339295051e+02
1.386250000000000071e+01,4.837958839584796777e+00,8.283441891889757471e+02
1.387500000000000000e+01,4.838374907705372152e+00,8.283437731208550758e+02
1.388749999999999929e+01,4.838789901864709364e+00,8.283433581266957617e+02
1.390000000000000036e+01,4.839203824926642028e+00,8.283429442036339196e+02
1.391249999999999964e+01,4.839616679746885808e+00,8.283425313488136226e+02
1.392500000000000071e+01,4.840028469173066838e+00,8.283421195593874700e+02
1.393750000000000000e+01,4.840439196044743042e+00,8.283417088325157920e+02
1.394999999999999929e+01,4.840848863193432550e+00,8.283412991653671043e+02
1.396250000000000036e+01,4.841257473442640347e+00,8.283408905551178805e+02
1.397499999999999964e+01,4.841665029607878701e+00,8.283404829989526661e+02
1.398750000000000071e+01,4.842071534496697360e+00,8.283400764940638510e+02
1.400000000000000000e+01,4.842476990908705758e+00,8.283396710376517831e+02
1.401249999999999929e+01,4.842881401635601435e+00,8.283392666269248821e+02
1.402500000000000036e+01,4.843284769461188688e+00,8.283388632590992984e+02
1.403749999999999964e+01,4.843687097161410549e+00,8.283384609313991405e+02
1.405000000000000071e+01,4.844088387504369209e+00,8.283380596410561338e+02
1.406250000000000000e+01,4.844488643250354443e+00,8.283376593853101895e+02
1.407499999999999929e+01,4.844887867151861371e+00,8.283372601614086079e+02
1.408750000000000036e+01,4.845286061953625989e+00,8.283368619666068753e+02
1.409999999999999964e+01,4.845683230392635821e+00,8.283364647981678672e+02
1.411250000000000071e+01,4.846079375198169892e+00,8.283360686533623038e+02
1.412500000000000000e+01,4.846474499091809385e+00,8.283356735294687496e+02
1.413749999999999929e+01,4.846868604787470503e+00,8.283352794237730450e+02
1.415000000000000036e+01,4.847261694991425784e+00,8.283348863335691021e+02
1.416249999999999964e+01,4.847653772402328087e+00,8.283344942561582229e+02
1.417500000000000071e+01,4.848044839711114662e+00,8.283341031888494399e+02
1.418750000000000000e+01,4.848434899601158143e+00,8.283337131289594026e+02
1.419999999999999929e+01,4.848823954748350928e+00,8.283333240738121503e+02
1.421250000000000036e+01,4.849212007821056325e+00,8.283329360207394529e+02
1.422499999999999964e+01,4.849599061480130757e+00,8.283325489670803563e+02
1.423750000000000071e+01,4.849985118378947746e+00,8.283321629101815233e+02
1.425000000000000000e+01,4.850370181163418337e+00,8.283317778473971202e+02
1.426249999999999929e+01,4.850754252472018635e+00,8.283313937760884755e+02
1.427500000000000036e+01,4.851137334935813783e+00,8.283310106936246484e+02
1.428749999999999964e+01,4.851519431178472175e+00,8.283306285973820877e+02
1.430000000000000071e+01,4.851900543816300093e+00,8.283302474847441772e+02
1.431250000000000000e+01,4.852280675458255921e+00,8.283298673531022587e+02
1.432499999999999929e+01,4.852659828705977674e+00,8.283294881998544952e+02
1.433750000000000036e+01,4.853038006153803430e+00,8.283291100224066668e+02
1.434999999999999964e+01,4.853415210388796197e+00,8.283287328181717157e+02
1.436250000000000071e+01,4.853791443990761678e+00,8.283283565845697467e+02
1.437500000000000000e+01,4.854166709532279356e+00,8.283279813190282539e+02
1.438749999999999929e+01,4.854541009578713151e+00,8.283276070189817801e+02
1.440000000000000036e+01,4.854914346688246951e+00,8.283272336818722579e+02
1.441249999999999964e+01,4.855286723411893490e+00,8.283268613051486682e+02
1.442500000000000071e+01,4.855658142293528101e+00,8.283264898862669270e+02
1.443750000000000000e+01,4.856028605869903814e+00,8.283261194226905673e+02
1.444999999999999929e+01,4.856398116670673559e+00,8.283257499118898295e+02
1.446250000000000036e+01,4.856766677218416817e+00,8.283253813513421164e+02
1.447499999999999964e+01,4.857134290028655599e+00,8.283250137385318794e+02
1.448750000000000071e+01,4.857500957609879322e+00,8.283246470709506184e+02
1.450000000000000000e+01,4.857866682463567898e+00,8.283242813460968819e+02
1.451249999999999929e+01,4.858231467084209498e+00,8.283239165614762669e+02
1.452500000000000036e+01,4.858595313959323647e+00,8.283235527146011918e+02
1.453749999999999964e+01,4.858958225569484313e+00,8.283231898029910099e+02
1.455000000000000071e+01,4.859320204388337672e+00,8.283228278241721227e+02
1.456250000000000000e+01,4.859681252882628755e+00,8.283224667756778672e+02
1.457499999999999929e+01,4.860041373512213880e+00,8.283221066550482874e+02
1.458750000000000036e+01,4.860400568730094406e+00,8.283217474598303625e+02
1.459999999999999964e+01,4.860758840982423834e+00,8.283213891875781201e+02
1.461250000000000071e+01,4.861116192708538009e+00,8.283210318358519544e+02
1.462500000000000000e+01,4.861472626340975545e+00,8.283206754022195355e+02
1.463749999999999929e+01,4.861828144305492927e+00,8.283203198842550137e+02
1.465000000000000036e+01,4.862182749021089379e+00,8.283199652795393604e+02
1.466249999999999964e+01,4.862536442900028177e+00,8.283196115856604820e+02
1.467500000000000071e+01,4.862889228347857085e+00,8.283192588002126513e+02
1.468750000000000000e+01,4.863241107763422555e+00,8.283189069207970761e+02
1.469999999999999929e+01,4.863592083538900823e+00,8.283185559450215578e+02
1.471250000000000036e+01,4.863942158059808563e+00,8.283182058705007194e+02
1.472499999999999964e+01,4.864291333705029530e+00,8.283178566948554362e+02
1.473750000000000071e+01,4.864639612846831440e+00,8.283175084157136325e+02
1.475000000000000000e+01,4.864986997850886397e+00,8.283171610307095989e+02
1.476249999999999929e+01,4.865333491076295758e+00,8.283168145374842197e+02
1.477500000000000036e+01,4.865679094875599908e+00,8.283164689336848596e+02
1.478749999999999964e+01,4.866023811594808457e+00,8.283161242169657044e+02
1.480000000000000071e+01,4.866367643573413559e+00,8.283157803849870788e+02
1.481250000000000000e+01,4.866710593144414787e+00,8.283154374354161291e+02
1.482499999999999929e+01,4.867052662634334226e+00,8.283150953659261404e+02
1.483750000000000036e+01,4.867393854363237793e+00,8.283147541741972191e+02
1.484999999999999964e+01,4.867734170644754776e+00,8.283144138579157243e+02
1.486250000000000071e+01,4.868073613786100040e+00,8.283140744147743817e+02
1.487500000000000000e+01,4.868412186088086457e+00,8.283137358424723971e+02
1.488749999999999929e+01,4.868749889845155110e+00,8.283133981387153426e+02
1.490000000000000036e+01,4.869086727345383281e+00,8.283130613012151571e+02
1.491249999999999964e+01,4.869422700870509324e+00,8.283127253276900319e+02
1.492500000000000071e+01,4.869757812695953092e+00,8.283123902158645251e+02
1.493750000000000000e+01,4.870092065090833700e+00,8.283120559634696747e+02
1.494999999999999929e+01,4.870425460317986399e+00,8.283117225682425442e+02
1.496250000000000036e+01,4.870758000633983009e+00,8.283113900279265636e+02
1.497499999999999964e+01,4.871089688289153230e+00,8.283110583402713019e+02
1.498750000000000071e+01,4.871420525527598855e+00,8.283107275030329220e+02
1.500000000000000000e+01,4.871750514587218639e+00,8.283103975139732711e+02
1.501249999999999929e+01,4.872079657699719846e+00,8.283100683708607903e+02
1.502500000000000036e+01,4.872407957090644004e+00,8.283097400714698324e+02
1.503749999999999964e+01,4.872735414979378454e+00,8.283094126135811166e+02
1.505000000000000071e+01,4.873062033579182994e+00,8.283090859949812739e+02
1.506250000000000000e+01,4.873387815097201425e+00,8.283087602134633016e+02
1.507499999999999929e+01,4.873712761734484644e+00,8.283084352668259953e+02
1.508750000000000036e+01,4.874036875686003967e+00,8.283081111528745168e+02
1.509999999999999964e+01,4.874360159140674220e+00,8.283077878694198262e+02
1.511250000000000071e+01,4.874682614281372395e+00,8.283074654142791360e+02
1.512500000000000000e+01,4.875004243284950967e+00,8.283071437852755707e+02
1.513749999999999929e+01,4.875325048322260990e+00,8.283068229802382803e+02
1.515000000000000036e+01,4.875645031558167197e+00,8.283065029970023261e+02
1.516249999999999964e+01,4.875964195151567537e+00,8.283061838334089089e+02
1.517500000000000071e+01,4.876282541255410052e+00,8.283058654873051410e+02
1.518750000000000000e+01,4.876600072016712417e+00,8.283055479565438191e+02
1.519999999999999929e+01,4.876916789576579703e+00,8.283052312389838789e+02
1.521250000000000036e+01,4.877232696070218587e+00,8.283049153324902818e+02
1.522499999999999964e+01,4.877547793626961337e+00,8.283046002349335595e+02
1.523750000000000071e+01,4.877862084370278239e+00,8.283042859441902692e+02
1.525000000000000000e+01,4.878175570417798923e+00,8.283039724581426526e+02
1.526249999999999929e+01,4.878488253881327452e+00,8.283036597746792040e+02
1.527500000000000036e+01,4.878800136866860981e+00,8.283033478916936474e+02
1.528749999999999964e+01,4.879111221474606630e+00,8.283030368070858458e+02
1.530000000000000071e+01,4.879421509799001022e+00,8.283027265187614603e+02
1.531250000000000000e+01,4.879731003928725386e+00,8.283024170246317226e+02
1.532499999999999929e+01,4.880039705946725093e+00,8.283021083226137762e+02
1.533750000000000036e+01,4.880347617930222981e+00,8.283018004106303351e+02
1.534999999999999964e+01,4.880654741950744224e+00,8.283014932866097979e+02
1.536250000000000071e+01,4.880961080074123437e+00,8.283011869484863610e+02
1.537500000000000000e+01,4.881266634360530432e+00,8.283008813942000188e+02
1.538749999999999929e+01,4.881571406864482654e+00,8.283005766216959955e+02
1.540000000000000036e+01,4.881875399634740376e+00,8.283002726289257680e+02
1.541249999999999964e+01,4.882178614714480780e+00,8.282999694138460427e+02
1.542500000000000071e+01,4.882481054141330823e+00,8.282996669744192104e+02
1.543750000000000000e+01,4.882782719947332595e+00,8.282993653086131189e+02
1.544999999999999929e+01,4.883083614158952201e+00,8.282990644144015278e+02
1.546250000000000036e+01,4.883383738797106410e+00,8.282987642897634259e+02
1.547499999999999964e+01,4.883683095877168867e+00,8.282984649326833733e+02
1.548750000000000071e+01,4.883981687408993189e+00,8.282981663411515001e+02
1.550000000000000000e+01,4.884279515396927174e+00,8.282978685131636212e+02
1.551249999999999929e+01,4.884576581839828791e+00,8.282975714467206672e+02
1.552500000000000036e+01,4.884872888731086604e+00,8.282972751398293667e+02
1.553749999999999964e+01,4.885168438058627771e+00,8.282969795905019055e+02
1.555000000000000071e+01,4.885463231804943796e+00,8.282966847967555850e+02
1.556250000000000000e+01,4.885757271947099412e+00,8.282963907566133912e+02
1.557499999999999929e+01,4.886050560456752123e+00,8.282960974681037669e+02
1.558750000000000036e+01,4.886343099300168191e+00,8.282958049292603846e+02
1.559999999999999964e+01,4.886634890438237733e+00,8.282955131381222600e+02
1.561250000000000071e+01,4.886925935826490708e+00,8.282952220927339795e+02
1.562500000000000000e+01,4.887216237415113795e+00,8.282949317911453591e+02
1.563749999999999929e+01,4.887505797148963715e+00,8.282946422314115580e+02
1.565000000000000036e+01,4.887794616967587658e+00,8.282943534115929651e+02
1.566249999999999964e+01,4.888082698805234827e+00,8.282940653297553126e+02
1.567500000000000071e+01,4.888370044590871544e+00,8.282937779839696759e+02
1.568750000000000000e+01,4.888656656248199894e+00,8.282934913723123600e+02
1.569999999999999929e+01,4.888942535695674607e+00,8.282932054928647858e+02
1.571250000000000036e+01,4.889227684846512823e+00,8.282929203437139449e+02
1.572499999999999964e+01,4.889512105608713632e+00,8.282926359229518312e+02
1.573750000000000071e+01,4.889795799885073180e+00,8.282923522286754405e+02
1.575000000000000000e+01,4.890078769573198869e+00,8.282920692589873397e+02
1.576249999999999929e+01,4.890361016565524466e+00,8.282917870119949839e+02
1.577500000000000036e+01,4.890642542749326971e+00,8.282915054858111716e+02
1.578749999999999964e+01,4.890923350006741721e+00,8.282912246785538173e+02
1.580000000000000071e+01,4.891203440214773934e+00,8.282909445883457238e+02
1.581250000000000000e+01,4.891482815245320026e+00,8.282906652133151510e+02
1.582499999999999929e+01,4.891761476965175603e+00,8.282903865515953612e+02
1.583750000000000036e+01,4.892039427236055893e+00,8.282901086013245049e+02
1.584999999999999964e+01,4.892316667914608175e+00,8.282898313606458487e+02
1.586250000000000071e+01,4.892593200852425994e+00,8.282895548277081161e+02
1.587500000000000000e+01,4.892869027896068701e+00,8.282892790006644645e+02
1.588749999999999929e+01,4.893144150887066779e+00,8.282890038776733945e+02
1.590000000000000036e+01,4.893418571661948491e+00,8.282887294568985226e+02
1.591249999999999964e+01,4.893692292052243431e+00,8.282884557365082401e+02
1.592500000000000071e+01,4.893965313884506507e+00,8.282881827146760543e+02
1.593750000000000000e+01,4.894237638980324157e+00,8.282879103895801336e+02
1.594999999999999929e+01,4.894509269156335662e+00,8.282876387594042171e+02
1.596250000000000036e+01,4.894780206224243813e+00,8.282873678223362504e+02
1.597499999999999964e+01,4.895050451990829110e+00,8.282870975765696357e+02
1.598750000000000071e+01,4.895320008257967537e+00,8.282868280203025506e+02
1.600000000000000000e+01,4.895588876822641211e+00,8.282865591517378334e+02
1.601249999999999929e+01,4.895857059476955264e+00,8.282862909690835522e+02
1.602499999999999858e+01,4.896124558008149386e+00,8.282860234705523226e+02
1.603750000000000142e+01,4.896391374198614699e+00,8.282857566543618759e+02
1.605000000000000071e+01,4.896657509825906196e+00,8.282854905187346048e+02
1.606250000000000000e+01,4.896922966662757837e+00,8.282852250618977905e+02
1.607499999999999929e+01,4.897187746477095871e+00,8.282849602820833752e+02
1.608749999999999858e+01,4.897451851032053938e+00,8.282846961775284171e+02
1.610000000000000142e+01,4.897715282085983723e+00,8.282844327464745220e+02
1.611250000000000071e+01,4.897978041392474502e+00,8.282841699871680703e+02
1.612500000000000000e+01,4.898240130700362016e+00,8.282839078978601037e+02
1.613749999999999929e+01,4.898501551753744465e+00,8.282836464768067799e+02
1.614999999999999858e+01,4.898762306291996715e+00,8.282833857222684628e+02
1.616250000000000142e+01,4.899022396049781847e+00,8.282831256325107461e+02
1.617500000000000071e+01,4.899281822757066251e+00,8.282828662058034297e+02
1.618750000000000000e+01,4.899540588139135622e+00,8.282826074404213159e+02
1.619999999999999929e+01,4.899798693916604719e+00,8.282823493346438681e+02
1.621249999999999858e+01,4.900056141805430698e+00,8.282820918867550972e+02
1.622500000000000142e+01,4.900312933516932645e+00,8.282818350950435615e+02
1.623750000000000071e+01,4.900569070757795131e+00,8.282815789578027079e+02
1.625000000000000000e+01,4.900824555230094859e+00,8.282813234733304171e+02
1.626249999999999929e+01,4.901079388631297995e+00,8.282810686399292308e+02
1.627499999999999858e+01,4.901333572654289483e+00,8.282808144559062384e+02
1.628750000000000142e+01,4.901587108987373931e+00,8.282805609195730767e+02
1.630000000000000071e+01,4.901839999314296037e+00,8.282803080292461573e+02
1.631250000000000000e+01,4.902092245314253915e+00,8.282800557832462118e+02
1.632499999999999929e+01,4.902343848661905312e+00,8.282798041798986333e+02
1.633749999999999858e+01,4.902594811027388033e+00,8.282795532175331346e+02
1.635000000000000142e+01,4.902845134076333267e+00,8.282793028944842035e+02
1.636250000000000071e+01,4.903094819469870913e+00,8.282790532090906481e+02
1.637500000000000000e+01,4.903343868864650901e+00,8.282788041596958237e+02
1.638749999999999929e+01,4.903592283912852956e+00,8.282785557446476332e+02
1.639999999999999858e+01,4.903840066262199038e+00,8.282783079622982996e+02
1.641250000000000142e+01,4.904087217555967548e+00,8.282780608110045932e+02
1.642500000000000071e+01,4.904333739433004880e+00,8.282778142891274911e+02
1.643750000000000000e+01,4.904579633527737847e+00,8.282775683950327448e+02
1.644999999999999929e+01,4.904824901470191456e+00,8.282773231270903125e+02
1.646249999999999858e+01,4.905069544885995114e+00,8.282770784836744724e+02
1.647500000000000142e+01,4.905313565396397735e+00,8.282768344631640502e+02
1.648750000000000071e+01,4.905556964618282834e+00,8.282765910639421918e+02
1.650000000000000000e+01,4.905799744164179188e+00,8.282763482843963629e+02
1.651249999999999929e+01,4.906041905642271495e+00,8.282761061229182360e+02
1.652499999999999858e+01,4.906283450656417244e+00,8.282758645779040307e+02
1.653750000000000142e+01,4.906524380806157382e+00,8.282756236477544007e+02
1.655000000000000071e+01,4.906764697686728738e+00,8.282753833308737512e+02
1.656250000000000000e+01,4.907004402889072914e+00,8.282751436256713760e+02
1.657499999999999929e+01,4.907243497999857595e+00,8.282749045305606614e+02
1.658749999999999858e+01,4.907481984601480107e+00,8.282746660439589732e+02
1.660000000000000142e+01,4.907719864272086951e+00,8.282744281642884516e+02
1.661250000000000071e+01,4.907957138585578249e+00,8.282741908899748751e+02
1.662500000000000000e+01,4.908193809111629058e+00,8.282739542194489104e+02
1.663749999999999929e+01,4.908429877415695586e+00,8.282737181511448625e+02
1.664999999999999858e+01,4.908665345059027629e+00,8.282734826835014701e+02
1.666250000000000142e+01,4.908900213598684559e+00,8.282732478149617918e+02
1.667500000000000071e+01,4.909134484587545089e+00,8.282730135439729793e+02
1.668750000000000000e+01,4.909368159574272639e+00,8.282727798689862766e+02
1.669999999999999929e+01,4.909601240103286912e+00,8.282725467884572481e+02
1.671249999999999858e+01,4.909833727714961071e+00,8.282723143008455509e+02
1.672500000000000142e+01,4.910065623945538249e+00,8.282720824046149346e+02
1.673750000000000071e+01,4.910296930327133325e+00,8.282718510982333555e+02
1.675000000000000000e+01,4.910527648387752464e+00,8.282716203801727488e+02
1.676249999999999929e+01,4.910757779651300226e+00,8.282713902489092561e+02
1.677499999999999858e+01,4.910987325637590217e+00,8.282711607029228844e+02
1.678750000000000142e+01,4.911216287862361973e+00,8.282709317406981882e+02
1.680000000000000071e+01,4.911444667837287170e+00,8.282707033607232461e+02
1.681250000000000000e+01,4.911672467069982950e+00,8.282704755614905707e+02
1.682499999999999929e+01,4.911899687064027908e+00,8.282702483414964263e+02
1.683749999999999858e+01,4.912126329318967422e+00,8.282700216992415108e+02
1.685000000000000142e+01,4.912352395330327859e+00,8.282697956332301601e+02
1.686250000000000071e+01,4.912577886589629017e+00,8.282695701419709167e+02
1.687500000000000000e+01,4.912802804584394778e+00,8.282693452239760745e+02
1.688749999999999929e+01,4.913027150798163767e+00,8.282691208777623615e+02
1.689999999999999858e+01,4.913250926710501787e+00,8.282688971018500297e+02
1.691250000000000142e+01,4.913474133797012477e+00,8.282686738947635376e+02
1.692500000000000071e+01,4.913696773529349748e+00,8.282684512550312093e+02
1.693750000000000000e+01,4.913918847375228438e+00,8.282682291811852338e+02
1.694999999999999929e+01,4.914140356798434084e+00,8.282680076717621205e+02
1.696249999999999858e+01,4.914361303258835356e+00,8.282677867253016757e+02
1.697500000000000142e+01,4.914581688212399158e+00,8.282675663403481394e+02
1.698750000000000071e+01,4.914801513111191511e+00,8.282673465154492760e+02
1.700000000000000000e+01,4.915020779403402429e+00,8.282671272491570562e+02
1.701249999999999929e+01,4.915239488533343248e+00,8.282669085400272024e+02
1.702499999999999858e+01,4.915457641941467060e+00,8.282666903866190751e+02
1.703750000000000142e+01,4.915675241064377587e+00,8.282664727874961272e+02
1.705000000000000071e+01,4.915892287334837185e+00,8.282662557412256774e+02
1.706250000000000000e+01,4.916108782181780157e+00,8.282660392463786820e+02
1.707499999999999929e+01,4.916324727030324304e+00,8.282658233015301903e+02
1.708749999999999858e+01,4.916540123301778920e+00,8.282656079052587756e+02
1.710000000000000142e+01,4.916754972413659885e+00,8.282653930561468769e+02
1.711250000000000071e+01,4.916969275779695892e+00,8.282651787527807983e+02
1.712500000000000000e+01,4.917183034809841757e+00,8.282649649937507093e+02
1.713749999999999929e+01,4.917396250910288202e+00,8.282647517776501900e+02
1.714999999999999858e+01,4.917608925483474280e+00,8.282645391030770270e+02
1.716250000000000142e+01,4.917821059928096261e+00,8.282643269686324174e+02
1.717500000000000071e+01,4.918032655639116513e+00,8.282641153729214238e+02
1.718750000000000000e+01,4.918243714007779488e+00,8.282639043145527467e+02
1.719999999999999929e+01,4.918454236421614389e+00,8.282636937921388380e+02
1.721249999999999858e+01,4.918664224264455598e+00,8.282634838042960155e+02
1.722500000000000142e+01,4.918873678916442671e+00,8.282632743496440071e+02
1.723750000000000071e+01,4.919082601754039885e+00,8.282630654268065200e+02
1.725000000000000000e+01,4.919290994150038898e+00,8.282628570344104446e+02
1.726249999999999929e+01,4.919498857473576514e+00,8.282626491710868777e+02
1.727499999999999858e+01,4.919706193090137347e+00,8.282624418354703266e+02
1.728750000000000142e+01,4.919913002361571586e+00,8.282622350261989368e+02
1.730000000000000071e+01,4.920119286646098544e+00,8.282620287419143779e+02
1.731250000000000000e+01,4.920325047298321763e+00,8.282618229812621848e+02
1.732499999999999929e+01,4.920530285669237891e+00,8.282616177428913034e+02
1.733749999999999858e+01,4.920735003106244676e+00,8.282614130254542033e+02
1.735000000000000142e+01,4.920939200953154291e+00,8.282612088276073337e+02
1.736250000000000071e+01,4.921142880550201326e+00,8.282610051480103266e+02
1.737500000000000000e+01,4.921346043234053447e+00,8.282608019853264523e+02
1.738749999999999929e+01,4.921548690337822052e+00,8.282605993382227325e+02
1.739999999999999858e+01,4.921750823191072044e+00,8.282603972053694861e+02
1.741250000000000142e+01,4.921952443119829823e+00,8.282601955854406697e+02
1.742500000000000071e+01,4.922153551446595721e+00,8.282599944771138780e+02
1.743750000000000000e+01,4.922354149490353770e+00,8.282597938790701164e+02
1.744999999999999929e+01,4.922554238566581475e+00,8.282595937899939145e+02
1.746249999999999858e+01,4.922753819987256918e+00,8.282593942085732124e+02
1.747500000000000142e+01,4.922952895060872081e+00,8.282591951334995883e+02
1.748750000000000071e+01,4.923151465092441725e+00,8.282589965634680311e+02
1.750000000000000000e+01,4.923349531383512279e+00,8.282587984971769401e+02
1.751249999999999929e+01,4.923547095232172488e+00,8.282586009333283528e+02
1.752499999999999858e+01,4.923744157933061416e+00,8.282584038706274896e+02
1.753750000000000142e+01,4.923940720777382651e+00,8.282582073077830955e+02
1.755000000000000071e+01,4.924136785052906973e+00,8.282580112435075534e+02
1.756250000000000000e+01,4.924332352043988337e+00,8.282578156765165431e+02
1.757499999999999929e+01,4.924527423031569207e+00,8.282576206055289276e+02
1.758749999999999858e+01,4.924721999293193875e+00,8.282574260292673216e+02
1.760000000000000142e+01,4.924916082103013792e+00,8.282572319464575230e+02
1.761250000000000071e+01,4.925109672731800892e+00,8.282570383558287404e+02
1.762500000000000000e+01,4.925302772446955579e+00,8.282568452561135928e+02
1.763749999999999929e+01,4.925495382512514730e+00,8.282566526460479963e+02
1.764999999999999858e+01,4.925687504189163235e+00,8.282564605243713913e+02
1.766250000000000142e+01,4.925879138734243767e+00,8.282562688898262877e+02
1.767500000000000071e+01,4.926070287401763892e+00,8.282560777411587196e+02
1.768750000000000000e+01,4.926260951442406721e+00,8.282558870771181319e+02
1.769999999999999929e+01,4.926451132103538910e+00,8.282556968964569251e+02
1.771249999999999858e+01,4.926640830629224865e+00,8.282555071979312515e+02
1.772500000000000142e+01,4.926830048260229411e+00,8.282553179803002195e+02
1.773750000000000071e+01,4.927018786234031111e+00,8.282551292423264613e+02
1.775000000000000000e+01,4.927207045784829376e+00,8.282549409827756790e+02
1.776249999999999929e+01,4.927394828143556005e+00,8.282547532004169852e+02
1.777499999999999858e+01,4.927582134537883185e+00,8.282545658940226758e+02
1.778750000000000142e+01,4.927768966192231481e+00,8.282543790623682298e+02
1.780000000000000071e+01,4.927955324327781383e+00,8.282541927042327643e+02
1.781250000000000000e+01,4.928141210162480412e+00,8.282540068183980111e+02
1.782499999999999929e+01,4.928326624911052889e+00,8.282538214036494537e+02
1.783749999999999858e+01,4.928511569785009705e+00,8.282536364587755315e+02
1.785000000000000142e+01,4.928696045992655428e+00,8.282534519825678672e+02
1.786250000000000071e+01,4.928880054739100736e+00,8.282532679738213801e+02
1.787500000000000000e+01,4.929063597226267746e+00,8.282530844313342868e+02
1.788749999999999929e+01,4.929246674652899785e+00,8.282529013539076459e+02
1.789999999999999858e+01,4.929429288214573823e+00,8.282527187403459266e+02
1.791250000000000142e+01,4.929611439103704917e+00,8.282525365894567813e+02
1.792500000000000071e+01,4.929793128509556865e+00,8.282523549000509320e+02
1.793750000000000000e+01,4.929974357618252867e+00,8.282521736709422839e+02
1.794999999999999929e+01,4.930155127612779964e+00,8.282519929009476982e+02
1.796249999999999858e+01,4.930335439673003251e+00,8.282518125888874465e+02
1.797500000000000142e+01,4.930515294975670315e+00,8.282516327335848700e+02
1.798750000000000071e+01,4.930694694694424562e+00,8.282514533338660385e+02
1.800000000000000000e+01,4.930873639999806990e+00,8.282512743885606596e+02
1.801249999999999929e+01,4.931052132059273063e+00,8.282510958965012833e+02
1.802499999999999858e+01,4.931230172037196269e+00,8.282509178565233015e+02
1.803750000000000142e+01,4.931407761094877884e+00,8.282507402674656305e+02
1.805000000000000071e+01,4.931584900390513226e+00,8.282505631281700289e+02
1.806250000000000000e+01,4.931761591079164120e+00,8.282503864374813247e+02
1.807499999999999929e+01,4.931937834312934754e+00,8.282502101942475292e+02
1.808749999999999858e+01,4.932113631240895302e+00,8.282500343973196095e+02
1.810000000000000142e+01,4.932288983009081029e+00,8.282498590455513749e+02
1.811250000000000071e+01,4.932463890760505620e+00,8.282496841378000454e+02
1.812500000000000000e+01,4.932638355635166505e+00,8.282495096729253419e+02
1.813749999999999929e+01,4.932812378770052852e+00,8.282493356497903960e+02
1.814999999999999858e+01,4.932985961299154454e+00,8.282491620672612953e+02
1.816250000000000142e+01,4.933159104353473268e+00,8.282489889242070831e+02
1.817500000000000071e+01,4.933331809061027862e+00,8.282488162194995311e+02
1.818750000000000000e+01,4.933504076546862294e+00,8.282486439520135946e+02
1.819999999999999929e+01,4.933675907933054106e+00,8.282484721206274116e+02
1.821249999999999858e+01,4.933847304338726758e+00,8.282483007242217354e+02
1.822500000000000142e+01,4.934018266880052295e+00,8.282481297616805023e+02
1.823749999999899885e+01,4.934188796670249566e+00,8.282479592318902633e+02
1.824999999999900169e+01,4.934358894819644625e+00,8.282477891337408664e+02
1.826249999999900098e+01,4.934528562435597898e+00,8.282476194661248883e+02
1.827499999999900027e+01,4.934697800622569019e+00,8.282474502279379749e+02
1.828749999999899956e+01,4.934866610482105287e+00,8.282472814180783871e+02
1.829999999999899885e+01,4.935034993112859425e+00,8.282471130354476827e+02
1.831249999999900169e+01,4.935202949610586920e+00,8.282469450789499206e+02
1.832499999999900098e+01,4.935370481068161119e+00,8.282467775474923428e+02
1.833749999999900027e+01,4.935537588575579449e+00,8.282466104399849200e+02
1.834999999999899956e+01,4.935704273219969629e+00,8.282464437553405787e+02
1.836249999999899885e+01,4.935870536085600335e+00,8.282462774924748601e+02
1.837499999999900169e+01,4.936036378253888302e+00,8.282461116503066023e+02
1.838749999999900098e+01,4.936201800803404538e+00,8.282459462277571447e+02
1.839999999999900027e+01,4.936366804809882325e+00,8.282457812237506687e+02
1.841249999999899956e+01,4.936531391346228759e+00,8.282456166372143116e+02
1.842499999999899885e+01,4.936695561482529193e+00,8.282454524670779392e+02
1.843749999999900169e+01,4.936859316286053456e+00,8.282452887122744869e+02
1.844999999999900098e+01,4.937022656821268285e+00,8.282451253717392774e+02
1.846249999999900027e+01,4.937185584149840878e+00,8.282449624444107030e+02
1.847499999999899956e+01,4.937348099330650442e+00,8.282447999292298846e+02
1.848749999999899885e+01,4.937510203419792632e+00,8.282446378251406713e+02
1.849999999999900169e+01,4.937671897470587545e+00,8.282444761310898684e+02
1.851249999999900098e+01,4.937833182533589493e+00,8.282443148460268958e+02
1.852499999999900027e+01,4.937994059656594104e+00,8.282441539689039018e+02
1.853749999999899956e+01,4.938154529884641875e+00,8.282439934986758772e+02
1.854999999999899885e+01,4.938314594260031498e+00,8.282438334343004271e+02
1.856249999999900169e+01,4.938474253822325188e+00,8.282436737747382267e+02
1.857499999999900098e+01,4.938633509608354899e+00,8.282435145189521108e+02
1.858749999999900027e+01,4.938792362652230317e+00,8.282433556659083251e+02
1.859999999999899956e+01,4.938950813985348631e+00,8.282431972145751615e+02
1.861249999999899885e+01,4.939108864636397200e+00,8.282430391639240952e+02
1.862499999999900169e+01,4.939266515631367760e+00,8.282428815129291024e+02
1.863749999999900098e+01,4.939423767993557313e+00,8.282427242605670017e+02
1.864999999999900027e+01,4.939580622743578786e+00,8.282425674058168852e+02
1.866249999999899956e+01,4.939737080899368138e+00,8.282424109476611420e+02
1.867499999999899885e+01,4.939893143476192350e+00,8.282422548850843214e+02
1.868749999999900169e+01,4.940048811486652980e+00,8.282420992170738145e+02
1.869999999999900098e+01,4.940204085940699485e+00,8.282419439426198551e+02
1.871249999999900027e+01,4.940358967845631000e+00,8.282417890607148365e+02
1.872499999999899956e+01,4.940513458206106101e+00,8.282416345703544494e+02
1.873749999999899885e+01,4.940667558024151695e+00,8.282414804705363167e+02
1.874999999999900169e+01,4.940821268299166569e+00,8.282413267602613587e+02
1.876249999999900098e+01,4.940974590027931157e+00,8.282411734385325417e+02
1.877499999999900027e+01,4.941127524204611987e+00,8.282410205043559017e+02
1.878749999999899956e+01,4.941280071820773223e+00,8.282408679567397485e+02
1.879999999999899885e+01,4.941432233865379331e+00,8.282407157946951202e+02
1.881249999999900169e+01,4.941584011324806625e+00,8.282405640172356698e+02
1.882499999999900098e+01,4.941735405182845930e+00,8.282404126233776651e+02
1.883749999999900027e+01,4.941886416420711470e+00,8.282402616121397614e+02
1.884999999999899956e+01,4.942037046017047075e+00,8.282401109825434560e+02
1.886249999999899885e+01,4.942187294947938625e+00,8.282399607336125200e+02
1.887499999999900169e+01,4.942337164186909604e+00,8.282398108643735668e+02
1.888749999999900098e+01,4.942486654704943305e+00,8.282396613738555970e+02
1.889999999999900027e+01,4.942635767470473951e+00,8.282395122610899989e+02
1.891249999999899956e+01,4.942784503449404454e+00,8.282393635251111164e+02
1.892499999999899885e+01,4.942932863605111748e+00,8.282392151649553398e+02
1.893749999999900169e+01,4.943080848898450341e+00,8.282390671796620154e+02
1.894999999999900098e+01,4.943228460287760306e+00,8.282389195682727632e+02
1.896249999999900027e+01,4.943375698728875278e+00,8.282387723298315905e+02
1.897499999999899956e+01,4.943522565175129557e+00,8.282386254633853468e+02
1.898749999999899885e+01,4.943669060577362551e+00,8.282384789679831556e+02
1.899999999999900169e+01,4.943815185883929431e+00,8.282383328426765274e+02
1.901249999999900098e+01,4.943960942040704687e+00,8.282381870865198152e+02
1.902499999999900027e+01,4.944106329991088344e+00,8.282380416985694183e+02
1.903749999999899956e+01,4.944251350676017509e+00,8.282378966778844642e+02
1.904999999999899885e+01,4.944396005033967256e+00,8.282377520235265820e+02
1.906249999999900169e+01,4.944540294000960401e+00,8.282376077345595604e+02
1.907499999999900098e+01,4.944684218510575491e+00,8.282374638100499169e+02
1.908749999999900027e+01,4.944827779493948583e+00,8.282373202490665562e+02
1.909999999999899956e+01,4.944970977879787455e+00,8.282371770506807707e+02
1.911249999999899885e+01,4.945113814594371604e+00,8.282370342139661261e+02
1.912499999999900169e+01,4.945256290561559354e+00,8.282368917379989171e+02
1.913749999999900098e+01,4.945398406702798511e+00,8.282367496218577116e+02
1.914999999999900027e+01,4.945540163937133471e+00,8.282366078646233518e+02
1.916249999999899956e+01,4.945681563181202556e+00,8.282364664653792943e+02
1.917499999999899885e+01,4.945822605349256662e+00,8.282363254232112695e+02
1.918749999999900169e+01,4.945963291353158375e+00,8.282361847372073953e+02
1.919999999999900098e+01,4.946103622102390851e+00,8.282360444064580633e+02
1.921249999999900027e+01,4.946243598504063144e+00,8.282359044300563937e+02
1.922499999999899956e+01,4.946383221462918200e+00,8.282357648070975529e+02
1.923749999999899885e+01,4.946522491881338190e+00,8.282356255366792084e+02
1.924999999999900169e+01,4.946661410659352498e+00,8.282354866179011879e+02
1.926249999999900098e+01,4.946799978694642164e+00,8.282353480498658200e+02
1.927499999999900027e+01,4.946938196882546990e+00,8.282352098316779347e+02
1.928749999999899956e+01,4.947076066116073534e+00,8.282350719624444082e+02
1.929999999999899885e+01,4.947213587285899550e+00,8.282349344412746177e+02
1.931249999999900169e+01,4.947350761280381093e+00,8.282347972672801006e+02
1.932499999999900098e+01,4.947487588985558737e+00,8.282346604395748955e+02
1.933749999999900027e+01,4.947624071285164682e+00,8.282345239572753144e+02
1.934999999999899956e+01,4.947760209060628078e+00,8.282343878194998297e+02
1.936249999999899885e+01,4.947896003191083025e+00,8.282342520253694147e+02
1.937499999999900169e+01,4.948031454553371233e+00,8.282341165740070892e+02
1.938749999999900098e+01,4.948166564022052683e+00,8.282339814645384877e+02
1.939999999999900027e+01,4.948301332469410951e+00,8.282338466960910637e+02
1.941249999999899956e+01,4.948435760765455882e+00,8.282337122677949992e+02
1.942499999999899885e+01,4.948569849777936014e+00,8.282335781787825226e+02
1.943749999999900169e+01,4.948703600372338585e+00,8.282334444281881360e+02
1.944999999999900098e+01,4.948837013411900188e+00,8.282333110151486153e+02
1.946249999999900027e+01,4.948970089757610324e+00,8.282331779388028963e+02
1.947499999999899956e+01,4.949102830268218511e+00,8.282330451982923023e+02
1.948749999999899885e+01,4.949235235800154342e+00,8.282329127927603167e+02
1.949999999999900169e+01,4.949367307207630517e+00,8.282327807213529240e+02
1.951249999999900098e+01,4.949499045342689030e+00,8.282326489832178140e+02
1.952499999999900027e+01,4.949630451055154978e+00,8.282325175775054049e+02
1.953749999999899956e+01,4.949761525192639233e+00,8.282323865033678203e+02
1.954999999999899885e+01,4.949892268600549095e+00,8.282322557599599122e+02
1.956249999999900169e+01,4.950022682122089179e+00,8.282321253464384654e+02
1.957499999999900098e+01,4.950152766598272081e+00,8.282319952619621972e+02
1.958749999999900027e+01,4.950282522867920143e+00,8.282318655056925536e+02
1.959999999999899956e+01,4.950411951767673457e+00,8.282317360767927994e+02
1.961249999999899885e+01,4.950541054131997853e+00,8.282316069744284732e+02
1.962499999999900169e+01,4.950669830793186676e+00,8.282314781977672737e+02
1.963749999999900098e+01,4.950798282581368781e+00,8.282313497459791733e+02
1.964999999999900027e+01,4.950926410324516524e+00,8.282312216182359634e+02
1.966249999999899956e+01,4.951054214848446655e+00,8.282310938137120502e+02
1.967499999999899885e+01,4.951181696976830970e+00,8.282309663315836588e+02
1.968749999999900169e+01,4.951308857531198981e+00,8.282308391710292881e+02
1.969999999999900098e+01,4.951435697330944130e+00,8.282307123312295971e+02
1.971249999999900027e+01,4.951562217193332671e+00,8.282305858113671775e+02
1.972499999999899956e+01,4.951688417933505448e+00,8.282304596106270083e+02
1.973749999999899885e+01,4.951814300364485888e+00,8.282303337281960012e+02
1.974999999999900169e+01,4.951939865297185328e+00,8.282302081632633417e+02
1.976249999999900098e+01,4.952065113540406571e+00,8.282300829150201480e+02
1.977499999999900027e+01,4.952190045900852766e+00,8.282299579826596982e+02
1.978749999999899956e+01,4.952314663183132737e+00,8.282298333653773170e+02
1.979999999999899885e+01,4.952438966189765424e+00,8.282297090623707163e+02
1.981249999999900169e+01,4.952562955721184323e+00,8.282295850728393134e+02
1.982499999999900098e+01,4.952686632575745485e+00,8.282294613959847993e+02
1.983749999999900027e+01,4.952809997549732834e+00,8.282293380310107977e+02
1.984999999999899956e+01,4.952933051437363510e+00,8.282292149771230925e+02
1.986249999999899885e+01,4.953055795030790520e+00,8.282290922335297410e+02
1.987499999999900169e+01,4.953178229120114295e+00,8.282289697994403923e+02
1.988749999999900098e+01,4.953300354493382684e+00,8.282288476740670831e+02
1.989999999999900027e+01,4.953422171936599838e+00,8.282287258566238961e+02
1.991249999999899956e+01,4.953543682233727097e+00,8.282286043463267333e+02
1.992499999999899885e+01,4.953664886166697201e+00,8.282284831423937703e+02
1.993749999999900169e+01,4.953785784515410739e+00,8.282283622440451154e+02
1.994999999999900098e+01,4.953906378057745030e+00,8.282282416505028095e+02
1.996249999999900027e+01,4.954026667569563003e+00,8.282281213609909400e+02
1.997499999999899956e+01,4.954146653824713198e+00,8.282280013747357543e+02
1.998749999999899885e+01,4.954266337595035097e+00,8.282278816909654324e+02
1.999999999999900169e+01,4.954385719650371556e+00,8.282277623089100871e+02
2.001249999999900098e+01,4.954504800758567029e+00,8.282276432278019911e+02
2.002499999999900027e+01,4.954623581685473788e+00,8.282275244468750088e+02
2.003749999999899956e+01,4.954742063194961688e+00,8.282274059653655058e+02
2.004999999999899885e+01,4.954860246048919947e+00,8.282272877825115529e+02
2.006249999999900169e+01,4.954978131007260700e+00,8.282271698975532672e+02
2.007499999999900098e+01,4.955095718827928764e+00,8.282270523097325849e+02
2.008749999999900027e+01,4.955213010266905194e+00,8.282269350182936023e+02
2.009999999999899956e+01,4.955330006078211724e+00,8.282268180224823482e+02
2.011249999999899885e+01,4.955446707013914320e+00,8.282267013215465568e+02
2.012499999999900169e+01,4.955563113824135613e+00,8.282265849147363497e+02
2.013749999999900098e+01,4.955679227257048680e+00,8.282264688013034402e+02
2.014999999999900027e+01,4.955795048058893926e+00,8.282263529805015878e+02
2.016249999999899956e+01,4.955910576973977300e+00,8.282262374515864849e+02
2.017499999999899885e+01,4.956025814744673852e+00,8.282261222138158701e+02
2.018749999999900169e+01,4.956140762111442832e+00,8.282260072664490735e+02
2.019999999999900098e+01,4.956255419812819696e+00,8.282258926087476993e+02
2.021249999999900027e+01,4.956369788585432090e+00,8.282257782399750567e+02
2.022499999999899956e+01,4.956483869163997191e+00,8.282256641593965014e+02
2.023749999999899885e+01,4.956597662281334138e+00,8.282255503662792080e+02
2.024999999999900169e+01,4.956711168668360479e+00,8.282254368598921701e+02
2.026249999999900098e+01,4.956824389054107272e+00,8.282253236395064278e+02
2.027499999999900027e+01,4.956937324165712866e+00,8.282252107043948399e+02
2.028749999999899956e+01,4.957049974728439778e+00,8.282250980538320846e+02
2.029999999999899885e+01,4.957162341465670252e+00,8.282249856870948861e+02
2.031249999999900169e+01,4.957274425098915138e+00,8.282248736034615604e+02
2.032499999999900098e+01,4.957386226347819225e+00,8.282247618022126971e+02
2.033749999999900027e+01,4.957497745930165678e+00,8.282246502826303640e+02
2.034999999999899956e+01,4.957608984561881371e+00,8.282245390439986750e+02
2.036249999999899885e+01,4.957719942957039549e+00,8.282244280856034493e+02
2.037499999999900169e+01,4.957830621827868711e+00,8.282243174067326663e+02
2.038749999999900098e+01,4.957941021884754385e+00,8.282242070066757833e+02
2.039999999999900027e+01,4.958051143836245345e+00,8.282240968847243039e+02
2.041249999999899956e+01,4.958160988389059831e+00,8.282239870401714370e+02
2.042499999999899885e+01,4.958270556248085548e+00,8.282238774723124379e+02
2.043749999999900169e+01,4.958379848116390320e+00,8.282237681804441536e+02
2.044999999999900098e+01,4.958488864695224763e+00,8.282236591638652499e+02
2.046249999999900027e+01,4.958597606684026715e+00,8.282235504218764390e+02
2.047499999999899956e+01,4.958706074780424800e+00,8.282234419537800250e+02
2.048749999999899885e+01,4.958814269680246412e+00,8.282233337588802442e+02
2.049999999999900169e+01,4.958922192077520386e+00,8.282232258364830386e+02
2.051249999999900098e+01,4.959029842664481436e+00,8.282231181858960554e+02
2.052499999999900027e+01,4.959137222131579037e+00,8.282230108064288743e+02
2.053749999999899956e+01,4.959244331167473874e+00,8.282229036973930079e+02
2.054999999999899885e+01,4.959351170459052049e+00,8.282227968581014466e+02
2.056249999999900169e+01,4.959457740691423311e+00,8.282226902878691135e+02
2.057499999999900098e+01,4.959564042547929930e+00,8.282225839860125234e+02
2.058749999999900027e+01,4.959670076710147590e+00,8.282224779518503510e+02
2.059999999999899956e+01,4.959775843857892497e+00,8.282223721847026354e+02
2.061249999999899885e+01,4.959881344669225811e+00,8.282222666838912346e+02
2.062499999999900169e+01,4.959986579820458985e+00,8.282221614487400529e+02
2.063749999999900098e+01,4.960091549986157311e+00,8.282220564785743591e+02
2.064999999999900027e+01,4.960196255839143475e+00,8.282219517727213542e+02
2.066249999999899956e+01,4.960300698050506440e+00,8.282218473305099451e+02
2.067499999999899885e+01,4.960404877289600556e+00,8.282217431512708572e+02
2.068749999999900169e+01,4.960508794224054441e+00,8.282216392343364078e+02
2.069999999999900098e+01,4.960612449519774536e+00,8.282215355790407330e+02
2.071249999999900027e+01,4.960715843840948658e+00,8.282214321847195606e+02
2.072499999999899956e+01,4.960818977850051326e+00,8.282213290507104375e+02
2.073749999999899885e+01,4.960921852207849092e+00,8.282212261763526158e+02
2.074999999999900169e+01,4.961024467573404095e+00,8.282211235609870528e+02
2.076249999999900098e+01,4.961126824604077612e+00,8.282210212039564112e+02
2.077499999999900027e+01,4.961228923955539827e+00,8.282209191046049455e+02
2.078749999999899956e+01,4.961330766281765392e+00,8.282208172622787288e+02
2.079999999999899885e+01,4.961432352235048526e+00,8.282207156763254261e+02
2.081249999999900169e+01,4.961533682465995909e+00,8.282206143460945214e+02
2.082499999999900098e+01,4.961634757623544445e+00,8.282205132709369764e+02
2.083749999999900027e+01,4.961735578354954157e+00,8.282204124502055720e+02
2.084999999999899956e+01,4.961836145305818846e+00,8.282203118832546807e+02
2.086249999999899885e+01,4.961936459120069642e+00,8.282202115694403801e+02
2.087499999999900169e+01,4.962036520439976783e+00,8.282201115081205671e+02
2.088749999999900098e+01,4.962136329906160270e+00,8.282200116986543890e+02
2.089999999999900027e+01,4.962235888157586317e+00,8.282199121404029256e+02
2.091249999999899956e+01,4.962335195831578005e+00,8.282198128327289623e+02
2.092499999999899885e+01,4.962434253563818842e+00,8.282197137749966487e+02
2.093749999999900169e+01,4.962533061988353644e+00,8.282196149665721805e+02
2.094999999999900098e+01,4.962631621737595644e+00,8.282195164068228905e+02
2.096249999999900027e+01,4.962729933442332708e+00,8.282194180951181579e+02
2.097499999999899956e+01,4.962827997731727336e+00,8.282193200308287260e+02
2.098749999999899885e+01,4.962925815233289129e+00,8.282192222133272708e+02
2.099999999999900169e+01,4.963023386572848139e+00,8.282191246419876052e+02
2.101249999999900098e+01,4.963120712374696097e+00,8.282190273161858158e+02
2.102499999999900027e+01,4.963217793261526900e+00,8.282189302352990126e+02
2.103749999999899956e+01,4.963314629854426840e+00,8.282188333987061242e+02
2.104999999999899885e+01,4.963411222772885267e+00,8.282187368057876711e+02
2.106249999999900169e+01,4.963507572634794585e+00,8.282186404559257653e+02
2.107499999999900098e+01,4.963603680056457357e+00,8.282185443485039968e+02
2.108749999999900027e+01,4.963699545652588085e+00,8.282184484829078883e+02
2.109999999999899956e+01,4.963795170036320314e+00,8.282183528585242129e+02
2.111249999999899885e+01,4.963890553819210183e+00,8.282182574747413355e+02
2.112499999999900169e+01,4.963985697611235537e+00,8.282181623309493261e+02
2.113749999999900098e+01,4.964080602020807476e+00,8.282180674265397329e+02
2.114999999999900027e+01,4.964175267654773016e+00,8.282179727609056954e+02
2.116249999999899956e+01,4.964269695118414205e+00,8.282178783334420586e+02
2.117499999999899885e+01,4.964363885015457001e+00,8.282177841435450318e+02
2.118749999999900169e+01,4.964457837948074825e+00,8.282176901906124158e+02
2.119999999999900098e+01,4.964551554516893006e+00,8.282175964740436029e+02
2.121249999999900027e+01,4.964645035320987887e+00,8.282175029932394636e+02
2.122499999999899956e+01,4.964738280957898375e+00,8.282174097476025736e+02
2.123749999999899885e+01,4.964831292023626830e+00,8.282173167365368727e+02
2.124999999999900169e+01,4.964924069112640836e+00,8.282172239594478924e+02
2.126249999999900098e+01,4.965016612817882091e+00,8.282171314157426423e+02
2.127499999999900027e+01,4.965108923730763735e+00,8.282170391048297233e+02
2.128749999999899956e+01,4.965201002441181899e+00,8.282169470261193283e+02
2.129999999999899885e+01,4.965292849537513931e+00,8.282168551790230140e+02
2.131249999999900169e+01,4.965384465606628162e+00,8.282167635629539291e+02
2.132499999999900098e+01,4.965475851233881244e+00,8.282166721773265863e+02
2.133749999999900027e+01,4.965567007003125255e+00,8.282165810215574311e+02
2.134999999999899956e+01,4.965657933496713028e+00,8.282164900950638184e+02
2.136249999999899885e+01,4.965748631295502591e+00,8.282163993972650360e+02
2.137499999999900169e+01,4.965839100978854503e+00,8.282163089275816219e+02
2.138749999999900098e+01,4.965929343124646067e+00,8.282162186854358197e+02
2.139999999999900027e+01,4.966019358309265996e+00,8.282161286702512371e+02
2.141249999999899956e+01,4.966109147107625077e+00,8.282160388814528460e+02
2.142499999999899885e+01,4.966198710093154389e+00,8.282159493184673238e+02
2.143749999999900169e+01,4.966288047837815967e+00,8.282158599807227120e+02
2.144999999999900098e+01,4.966377160912097466e+00,8.282157708676484162e+02
2.146249999999900027e+01,4.966466049885027267e+00,8.282156819786754340e+02
2.147499999999899956e+01,4.966554715324168257e+00,8.282155933132363543e+02
2.148749999999899885e+01,4.966643157795625818e+00,8.282155048707649030e+02
2.149999999999900169e+01,4.966731377864054942e+00,8.282154166506963975e+02
2.151249999999900098e+01,4.966819376092658445e+00,8.282153286524678606e+02
2.152499999999900027e+01,4.966907153043192302e+00,8.282152408755173383e+02
2.153749999999899956e+01,4.966994709275972752e+00,8.282151533192845818e+02
2.154999999999899885e+01,4.967082045349876296e+00,8.282150659832105930e+02
2.156249999999900169e+01,4.967169161822345025e+00,8.282149788667381927e+02
2.157499999999900098e+01,4.967256059249390177e+00,8.282148919693111111e+02
2.158749999999900027e+01,4.967342738185596573e+00,8.282148052903748976e+02
2.159999999999899956e+01,4.967429199184124400e+00,8.282147188293763520e+02
2.161249999999899885e+01,4.967515442796715419e+00,8.282146325857637521e+02
2.162499999999900169e+01,4.967601469573695638e+00,8.282145465589868536e+02
2.163749999999900098e+01,4.967687280063977084e+00,8.282144607484965491e+02
2.164999999999900027e+01,4.967772874815066686e+00,8.282143751537454364e+02
2.166249999999899956e+01,4.967858254373062721e+00,8.282142897741874776e+02
2.167499999999899885e+01,4.967943419282667250e+00,8.282142046092778855e+02
2.168749999999900169e+01,4.968028370087180789e+00,8.282141196584733507e+02
2.169999999999900098e+01,4.968113107328511191e+00,8.282140349212320416e+02
2.171249999999900027e+01,4.968197631547178084e+00,8.282139503970133774e+02
2.172499999999899956e+01,4.968281943282313762e+00,8.282138660852781413e+02
2.173749999999899885e+01,4.968366043071666738e+00,8.282137819854888221e+02
2.174999999999900169e+01,4.968449931451607071e+00,8.282136980971089315e+02
2.176249999999900098e+01,4.968533608957130809e+00,8.282136144196033456e+02
2.177499999999900027e+01,4.968617076121860876e+00,8.282135309524386457e+02
2.178749999999899956e+01,4.968700333478052400e+00,8.282134476950824364e+02
2.179999999999899885e+01,4.968783381556593604e+00,8.282133646470039139e+02
2.181249999999900169e+01,4.968866220887015572e+00,8.282132818076735248e+02
2.182499999999900098e+01,4.968948851997488703e+00,8.282131991765629664e+02
2.183749999999900027e+01,4.969031275414831583e+00,8.282131167531456413e+02
2.184999999999899956e+01,4.969113491664510995e+00,8.282130345368959752e+02
2.186249999999899885e+01,4.969195501270647242e+00,8.282129525272898718e+02
2.187499999999900169e+01,4.969277304756017699e+00,8.282128707238044854e+02
2.188749999999900098e+01,4.969358902642060372e+00,8.282127891259184480e+02
2.189999999999900027e+01,4.969440295448874778e+00,8.282127077331116425e+02
2.191249999999899956e+01,4.969521483695231723e+00,8.282126265448653157e+02
2.192499999999899885e+01,4.969602467898567966e+00,8.282125455606619653e+02
2.193749999999900169e+01,4.969683248574996881e+00,8.282124647799854529e+02
2.194999999999900098e+01,4.969763826239310234e+00,8.282123842023212319e+02
2.196249999999900027e+01,4.969844201404981732e+00,8.282123038271555515e+02
2.197499999999899956e+01,4.969924374584165250e+00,8.282122236539763662e+02
2.198749999999899885e+01,4.970004346287707264e+00,8.282121436822727674e+02
2.199999999999900169e+01,4.970084117025143300e+00,8.282120639115353242e+02
2.201249999999900098e+01,4.970163687304706812e+00,8.282119843412557429e+02
2.202499999999900027e+01,4.970243057633325634e+00,8.282119049709272076e+02
2.203749999999899956e+01,4.970322228516632634e+00,8.282118258000439255e+02
2.204999999999899885e+01,4.970401200458963942e+00,8.282117468281015817e+02
2.206249999999900169e+01,4.970479973963366049e+00,8.282116680545971121e+02
2.207499999999900098e+01,4.970558549531594927e+00,8.282115894790289303e+02
2.208749999999900027e+01,4.970636927664124016e+00,8.282115111008963595e+02
2.209999999999899956e+01,4.970715108860146891e+00,8.282114329197003144e+02
2.211249999999899885e+01,4.970793093617574598e+00,8.282113549349429604e+02
2.212499999999900169e+01,4.970870882433048976e+00,8.282112771461274860e+02
2.213749999999900098e+01,4.970948475801938216e+00,8.282111995527585577e+02
2.214999999999900027e+01,4.971025874218341301e+00,8.282111221543422062e+02
2.216249999999899956e+01,4.971103078175096002e+00,8.282110449503853715e+02
2.217499999999899885e+01,4.971180088163775324e+00,8.282109679403966993e+02
2.218749999999900169e+01,4.971256904674699939e+00,8.282108911238858582e+02
2.219999999999900098e+01,4.971333528196929308e+00,8.282108145003635400e+02
2.221249999999900027e+01,4.971409959218276775e+00,8.282107380693422556e+02
2.222499999999899956e+01,4.971486198225305131e+00,8.282106618303351979e+02
2.223749999999899885e+01,4.971562245703335492e+00,8.282105857828571516e+02
2.224999999999900169e+01,4.971638102136445525e+00,8.282105099264240380e+02
2.226249999999900098e+01,4.971713768007473888e+00,8.282104342605530292e+02
2.227499999999900027e+01,4.971789243798026448e+00,8.282103587847624340e+02
2.228749999999899956e+01,4.971864529988478054e+00,8.282102834985720392e+02
2.229999999999899885e+01,4.971939627057972544e+00,8.282102084015025412e+02
2.231249999999900169e+01,4.972014535484433395e+00,8.282101334930761141e+02
2.232499999999900098e+01,4.972089255744557512e+00,8.282100587728159553e+02
2.233749999999900027e+01,4.972163788313826771e+00,8.282099842402466265e+02
2.234999999999899956e+01,4.972238133666505355e+00,8.282099098948940537e+02
2.236249999999899885e+01,4.972312292275647749e+00,8.282098357362848446e+02
2.237499999999900169e+01,4.972386264613099627e+00,8.282097617639474265e+02
2.238749999999900098e+01,4.972460051149498739e+00,8.282096879774110221e+02
2.239999999999900027e+01,4.972533652354281131e+00,8.282096143762062184e+02
2.241249999999899956e+01,4.972607068695685584e+00,8.282095409598648530e+02
2.242499999999899885e+01,4.972680300640754503e+00,8.282094677279197867e+02
2.243749999999900169e+01,4.972753348655335692e+00,8.282093946799051309e+02
2.244999999999900098e+01,4.972826213204088575e+00,8.282093218153563612e+02
2.246249999999900027e+01,4.972898894750485965e+00,8.282092491338099762e+02
2.247499999999899956e+01,4.972971393756818514e+00,8.282091766348037254e+02
2.248749999999899885e+01,4.973043710684194707e+00,8.282091043178762675e+02
2.249999999999900169e+01,4.973115845992547079e+00,8.282090321825679666e+02
2.251249999999900098e+01,4.973187800140635773e+00,8.282089602284198691e+02
2.252499999999900027e+01,4.973259573586048532e+00,8.282088884549744989e+02
2.253749999999899956e+01,4.973331166785206037e+00,8.282088168617752899e+02
2.254999999999899885e+01,4.973402580193363676e+00,8.282087454483671536e+02
2.256249999999900169e+01,4.973473814264604442e+00,8.282086742142959110e+02
2.257499999999900098e+01,4.973544869451769657e+00,8.282086031591087476e+02
2.258749999999900027e+01,4.973615746206605515e+00,8.282085322823538718e+02
2.259999999999899956e+01,4.973686444979723120e+00,8.282084615835807426e+02
2.261249999999899885e+01,4.973756966220582498e+00,8.282083910623399561e+02
2.262499999999900169e+01,4.973827310377493482e+00,8.282083207181830176e+02
2.263749999999900098e+01,4.973897477897622821e+00,8.282082505506629104e+02
2.264999999999900027e+01,4.973967469226993288e+00,8.282081805593335275e+02
2.266249999999899956e+01,4.974037284810490789e+00,8.282081107437500123e+02
2.267499999999899885e+01,4.974106925091865250e+00,8.282080411034686449e+02
2.268749999999900169e+01,4.974176390513729729e+00,8.282079716380467289e+02
2.269999999999900098e+01,4.974245681517573736e+00,8.282079023470429320e+02
2.271249999999900027e+01,4.974314798543753469e+00,8.282078332300167176e+02
2.272499999999899956e+01,4.974383742031506017e+00,8.282077642865290272e+02
2.273749999999899885e+01,4.974452512418942263e+00,8.282076955161415981e+02
2.274999999999900169e+01,4.974521110143060199e+00,8.282076269184174180e+02
2.276249999999900098e+01,4.974589535639737825e+00,8.282075584929207253e+02
2.277499999999900027e+01,4.974657789343744696e+00,8.282074902392167814e+02
2.278749999999899956e+01,4.974725871688736589e+00,8.282074221568717576e+02
2.279999999999899885e+01,4.974793783107267942e+00,8.282073542454531889e+02
2.281249999999900169e+01,4.974861524030786519e+00,8.282072865045297476e+02
2.282499999999900098e+01,4.974929094889638748e+00,8.282072189336709016e+02
2.283749999999900027e+01,4.974996496113073263e+00,8.282071515324474831e+02
2.284999999999899956e+01,4.975063728129246243e+00,8.282070843004312337e+02
2.286249999999899885e+01,4.975130791365220517e+00,8.282070172371952594e+02
2.287499999999900169e+01,4.975197686246966455e+00,8.282069503423135757e+02
2.288749999999900098e+01,4.975264413199373514e+00,8.282068836153611073e+02
2.289999999999900027e+01,4.975330972646243133e+00,8.282068170559142573e+02
2.291249999999899956e+01,4.975397365010298500e+00,8.282067506635502241e+02
2.292499999999899885e+01,4.975463590713182782e+00,8.282066844378473434e+02
2.293749999999900169e+01,4.975529650175465335e+00,8.282066183783850875e+02
2.294999999999900098e+01,4.975595543816644373e+00,8.282065524847438382e+02
2.296249999999900027e+01,4.975661272055146078e+00,8.282064867565053419e+02
2.297499999999899956e+01,4.975726835308330820e+00,8.282064211932521403e+02
2.298749999999899885e+01,4.975792233992494928e+00,8.282063557945680259e+02
2.299999999999900169e+01,4.975857468522873361e+00,8.282062905600375871e+02
2.301249999999900098e+01,4.975922539313644144e+00,8.282062254892468900e+02
2.302499999999900027e+01,4.975987446777927481e+00,8.282061605817825694e+02
2.303749999999899956e+01,4.976052191327791974e+00,8.282060958372327377e+02
2.304999999999899885e+01,4.976116773374255509e+00,8.282060312551863035e+02
2.306249999999900169e+01,4.976181193327288810e+00,8.282059668352331983e+02
2.307499999999900098e+01,4.976245451595816327e+00,8.282059025769647178e+02
2.308749999999900027e+01,4.976309548587722453e+00,8.282058384799727264e+02
2.309999999999899956e+01,4.976373484709851525e+00,8.282057745438506799e+02
2.311249999999899885e+01,4.976437260368011373e+00,8.282057107681924890e+02
2.312499999999900169e+01,4.976500875966975102e+00,8.282056471525935422e+02
2.313749999999900098e+01,4.976564331910486416e+00,8.282055836966500237e+02
2.314999999999900027e+01,4.976627628601256959e+00,8.282055203999592550e+02
2.316249999999899956e+01,4.976690766440975189e+00,8.282054572621195803e+02
2.317499999999899885e+01,4.976753745830306386e+00,8.282053942827302535e+02
2.318749999999900169e+01,4.976816567168894423e+00,8.282053314613916655e+02
2.319999999999900098e+01,4.976879230855365321e+00,8.282052687977051164e+02
2.321249999999900027e+01,4.976941737287329026e+00,8.282052062912731571e+02
2.322499999999899956e+01,4.977004086861383847e+00,8.282051439416991343e+02
2.323749999999899885e+01,4.977066279973117346e+00,8.282050817485874177e+02
2.324999999999900169e+01,4.977128317017109893e+00,8.282050197115434003e+02
2.326249999999900098e+01,4.977190198386938214e+00,8.282049578301736119e+02
2.327499999999900027e+01,4.977251924475173617e+00,8.282048961040853783e+02
2.328749999999899956e+01,4.977313495673390875e+00,8.282048345328871619e+02
2.329999999999899885e+01,4.977374912372166449e+00,8.282047731161883348e+02
2.331249999999900169e+01,4.977436174961081150e+00,8.282047118535994059e+02
2.332499999999900098e+01,4.977497283828727248e+00,8.282046507447317936e+02
2.333749999999900027e+01,4.977558239362703141e+00,8.282045897891978257e+02
2.334999999999899956e+01,4.977619041949624012e+00,8.282045289866108533e+02
2.336249999999899885e+01,4.977679691975119169e+00,8.282044683365853643e+02
2.337499999999900169e+01,4.977740189823837369e+00,8.282044078387366426e+02
2.338749999999900098e+01,4.977800535879445931e+00,8.282043474926811086e+02
2.339999999999900027e+01,4.977860730524639621e+00,8.282042872980358652e+02
2.341249999999899956e+01,4.977920774141132654e+00,8.282042272544193793e+02
2.342499999999899885e+01,4.977980667109675572e+00,8.282041673614507999e+02
2.343749999999900169e+01,4.978040409810043698e+00,8.282041076187504132e+02
2.344999999999900098e+01,4.978100002621047793e+00,8.282040480259394144e+02
2.346249999999900027e+01,4.978159445920535831e+00,8.282039885826400223e+02
2.347499999999899956e+01,4.978218740085392113e+00,8.282039292884751376e+02
2.348749999999899885e+01,4.978277885491543486e+00,8.282038701430689116e+02
2.349999999999900169e+01,4.978336882513959338e+00,8.282038111460465188e+02
2.351249999999900098e+01,4.978395731526654266e+00,8.282037522970338159e+02
2.352499999999900027e+01,4.978454432902694293e+00,8.282036935956577963e+02
2.353749999999899956e+01,4.978512987014191538e+00,8.282036350415463630e+02
2.354999999999899885e+01,4.978571394232316649e+00,8.282035766343282148e+02
2.356249999999900169e+01,4.978629654927291703e+00,8.282035183736331874e+02
2.357499999999900098e+01,4.978687769468398194e+00,8.282034602590921395e+02
2.358749999999900027e+01,4.978745738223979700e+00,8.282034022903364985e+02
2.359999999999899956e+01,4.978803561561440105e+00,8.282033444669990558e+02
2.361249999999899885e+01,4.978861239847251596e+00,8.282032867887132852e+02
2.362499999999900169e+01,4.978918773446953772e+00,8.282032292551135697e+02
2.363749999999900098e+01,4.978976162725153642e+00,8.282031718658353157e+02
2.364999999999900027e+01,4.979033408045534514e+00,8.282031146205149525e+02
2.366249999999899956e+01,4.979090509770852435e+00,8.282030575187897057e+02
2.367499999999899885e+01,4.979147468262943299e+00,8.282030005602975962e+02
2.368749999999900169e+01,4.979204283882719295e+00,8.282029437446777820e+02
2.369999999999900098e+01,4.979260956990179565e+00,8.282028870715703306e+02
2.371249999999900027e+01,4.979317487944403098e+00,8.282028305406161053e+02
2.372499999999899956e+01,4.979373877103560275e+00,8.282027741514569925e+02
2.373749999999899885e+01,4.979430124824906656e+00,8.282027179037355609e+02
2.374999999999900169e+01,4.979486231464793633e+00,8.282026617970957432e+02
2.376249999999900098e+01,4.979542197378664881e+00,8.282026058311818133e+02
2.377499999999900027e+01,4.979598022921059908e+00,8.282025500056394094e+02
2.378749999999899956e+01,4.979653708445617610e+00,8.282024943201148517e+02
2.379999999999899885e+01,4.979709254305078936e+00,8.282024387742553699e+02
2.381249999999900169e+01,4.979764660851287772e+00,8.282023833677092171e+02
2.382499999999900098e+01,4.979819928435192722e+00,8.282023281001253281e+02
2.383749999999900027e+01,4.979875057406852434e+00,8.282022729711536613e+02
2.384999999999899956e+01,4.979930048115435604e+00,8.282022179804450843e+02
2.386249999999899885e+01,4.979984900909222745e+00,8.282021631276512608e+02
2.387499999999900169e+01,4.980039616135611524e+00,8.282021084124248773e+02
2.388749999999900098e+01,4.980094194141113206e+00,8.282020538344194165e+02
2.389999999999900027e+01,4.980148635271364199e+00,8.282019993932891566e+02
2.391249999999899956e+01,4.980202939871119838e+00,8.282019450886893992e+02
2.392499999999899885e+01,4.980257108284257939e+00,8.282018909202762416e+02
2.393749999999900169e+01,4.980311140853787677e+00,8.282018368877066905e+02
2.394999999999900098e+01,4.980365037921842486e+00,8.282017829906386623e+02
2.396249999999900027e+01,4.980418799829692489e+00,8.282017292287308692e+02
2.397499999999899956e+01,4.980472426917733841e+00,8.282016756016428189e+02
2.398749999999899885e+01,4.980525919525506495e+00,8.282016221090350427e+02
2.399999999999900169e+01,4.980579277991683540e+00,8.282015687505688675e+02
2.401249999999900098e+01,4.980632502654078309e+00,8.282015155259064159e+02
2.402499999999900027e+01,4.980685593849647930e+00,8.282014624347108338e+02
2.403749999999899956e+01,4.980738551914495993e+00,8.282014094766460630e+02
2.404999999999899885e+01,4.980791377183869884e+00,8.282013566513766136e+02
2.406249999999900169e+01,4.980844069992169665e+00,8.282013039585683600e+02
2.407499999999900098e+01,4.980896630672942749e+00,8.282012513978875177e+02
2.408749999999900027e+01,4.980949059558895442e+00,8.282011989690015525e+02
2.409999999999899956e+01,4.981001356981884953e+00,8.282011466715786128e+02
2.411249999999899885e+01,4.981053523272931827e+00,8.282010945052875286e+02
2.412499999999900169e+01,4.981105558762211949e+00,8.282010424697982671e+02
2.413749999999900098e+01,4.981157463779068095e+00,8.282009905647814776e+02
2.414999999999900027e+01,4.981209238652005489e+00,8.282009387899084913e+02
2.416249999999899956e+01,4.981260883708698017e+00,8.282008871448517766e+02
2.417499999999899885e+01,4.981312399275989122e+00,8.282008356292844837e+02
2.418749999999900169e+01,4.981363785679890910e+00,8.282007842428805588e+02
2.419999999999900098e+01,4.981415043245592145e+00,8.282007329853148576e+02
2.421249999999900027e+01,4.981466172297456474e+00,8.282006818562630315e+02
2.422499999999899956e+01,4.981517173158950484e+00,8.282006308554015277e+02
2.423749999999899885e+01,4.981568046152748508e+00,8.282005799824077030e+02
2.424999999999900169e+01,4.981618791600736174e+00,8.282005292369598237e+02
2.426249999999900098e+01,4.981669409823988204e+00,8.282004786187364971e+02
2.427499999999900027e+01,4.981719901142758644e+00,8.282004281274176947e+02
2.428749999999899956e+01,4.981770265876491521e+00,8.282003777626840701e+02
2.429999999999899885e+01,4.981820504343817291e+00,8.282003275242167319e+02
2.431249999999900169e+01,4.981870616862563494e+00,8.282002774116979253e+02
2.432499999999900098e+01,4.981920603749744103e+00,8.282002274248108051e+02
2.433749999999900027e+01,4.981970465321571950e+00,8.282001775632389808e+02
2.434999999999899956e+01,4.982020201893458733e+00,8.282001278266670852e+02
2.436249999999899885e+01,4.982069813780015011e+00,8.282000782147804330e+02
2.437499999999900169e+01,4.982119301295051983e+00,8.282000287272654759e+02
2.438749999999900098e+01,4.982168664751583265e+00,8.281999793638088931e+02
2.439999999999900027e+01,4.982217904461833768e+00,8.281999301240987279e+02
2.441249999999899956e+01,4.982267020737231711e+00,8.281998810078232509e+02
2.442499999999899885e+01,4.982316013888416606e+00,8.281998320146720971e+02
2.443749999999900169e+01,4.982364884225239265e+00,8.281997831443352425e+02
2.444999999999900098e+01,4.982413632056768016e+00,8.281997343965036862e+02
2.446249999999900027e+01,4.982462257691283369e+00,8.281996857708692232e+02
2.447499999999899956e+01,4.982510761436286018e+00,8.281996372671242170e+02
2.448749999999899885e+01,4.982559143598495055e+00,8.281995888849620542e+02
2.449999999999900169e+01,4.982607404483855973e+00,8.281995406240766897e+02
2.451249999999900098e+01,4.982655544397532665e+00,8.281994924841629881e+02
2.452499999999900027e+01,4.982703563643920752e+00,8.281994444649166098e+02
2.453749999999899956e+01,4.982751462526640474e+00,8.281993965660338972e+02
2.454999999999899885e+01,4.982799241348544683e+00,8.281993487872119886e+02
2.456249999999900169e+01,4.982846900411715296e+00,8.281993011281488180e+02
2.457499999999900098e+01,4.982894440017473059e+00,8.281992535885430016e+02
2.458749999999900027e+01,4.982941860466370443e+00,8.281992061680941788e+02
2.459999999999899956e+01,4.982989162058200527e+00,8.281991588665023301e+02
2.461249999999899885e+01,4.983036345091996111e+00,8.281991116834684590e+02
2.462499999999900169e+01,4.983083409866031488e+00,8.281990646186944787e+02
2.463749999999900098e+01,4.983130356677826001e+00,8.281990176718826433e+02
2.464999999999900027e+01,4.983177185824144928e+00,8.281989708427363439e+02
2.466249999999899956e+01,4.983223897600999486e+00,8.281989241309595400e+02
2.467499999999899885e+01,4.983270492303653043e+00,8.281988775362568731e+02
2.468749999999900169e+01,4.983316970226620235e+00,8.281988310583338944e+02
2.469999999999900098e+01,4.983363331663667850e+00,8.281987846968968370e+02
2.471249999999900027e+01,4.983409576907821048e+00,8.281987384516527300e+02
2.472499999999899956e+01,4.983455706251360695e+00,8.281986923223091708e+02
2.473749999999899885e+01,4.983501719985827805e+00,8.281986463085746664e+02
2.474999999999900169e+01,4.983547618402022650e+00,8.281986004101585195e+02
2.476249999999900098e+01,4.983593401790011868e+00,8.281985546267704876e+02
2.477499999999900027e+01,4.983639070439124907e+00,8.281985089581213515e+02
2.478749999999899956e+01,4.983684624637961136e+00,8.281984634039225739e+02
2.479999999999899885e+01,4.983730064674384508e+00,8.281984179638860724e+02
2.481249999999900169e+01,4.983775390835534225e+00,8.281983726377250150e+02
2.482499999999900098e+01,4.983820603407819405e+00,8.281983274251526836e+02
2.483749999999900027e+01,4.983865702676924414e+00,8.281982823258836106e+02
2.484999999999899956e+01,4.983910688927808863e+00,8.281982373396326693e+02
2.486249999999899885e+01,4.983955562444712939e+00,8.281981924661157564e+02
2.487499999999900169e+01,4.984000323511155628e+00,8.281981477050493368e+02
2.488749999999900098e+01,4.984044972409936491e+00,8.281981030561505577e+02
2.489999999999900027e+01,4.984089509423141884e+00,8.281980585191373621e+02
2.491249999999899956e+01,4.984133934832142288e+00,8.281980140937283750e+02
2.492499999999899885e+01,4.984178248917593201e+00,8.281979697796429036e+02
2.493749999999900169e+01,4.984222451959444022e+00,8.281979255766010510e+02
2.494999999999900098e+01,4.984266544236931828e+00,8.281978814843236023e+02
2.496249999999900027e+01,4.984310526028587596e+00,8.281978375025319110e+02
2.497499999999899956e+01,4.984354397612237975e+00,8.281977936309482402e+02
2.498749999999899885e+01,4.984398159265003514e+00,8.281977498692955351e+02
2.499999999999900169e+01,4.984441811263305766e+00,8.281977062172971955e+02
2.501249999999900098e+01,4.984485353882864622e+00,8.281976626746776446e+02
2.502499999999900027e+01,4.984528787398703642e+00,8.281976192411617603e+02
2.503749999999899956e+01,4.984572112085148277e+00,8.281975759164753299e+02
2.504999999999899885e+01,4.984615328215830310e+00,8.281975327003447092e+02
2.506249999999900169e+01,4.984658436063689635e+00,8.281974895924968223e+02
2.507499999999900098e+01,4.984701435900971589e+00,8.281974465926595030e+02
2.508749999999900027e+01,4.984744327999237612e+00,8.281974037005612672e+02
2.509999999999899956e+01,4.984787112629358141e+00,8.281973609159311991e+02
2.511249999999899885e+01,4.984829790061517940e+00,8.281973182384989514e+02
2.512499999999900169e+01,4.984872360565219651e+00,8.281972756679953136e+02
2.513749999999900098e+01,4.984914824409281131e+00,8.281972332041511891e+02
2.514999999999900027e+01,4.984957181861842557e+00,8.281971908466986179e+02
2.516249999999899956e+01,4.984999433190363760e+00,8.281971485953700949e+02
2.517499999999899885e+01,4.985041578661629558e+00,8.281971064498989108e+02
2.518749999999900169e+01,4.985083618541745309e+00,8.281970644100188110e+02
2.519999999999900098e+01,4.985125553096146689e+00,8.281970224754643368e+02
2.521249999999900027e+01,4.985167382589597906e+00,8.281969806459709389e+02
2.522499999999899956e+01,4.985209107286189933e+00,8.281969389212742954e+02
2.523749999999899885e+01,4.985250727449346719e+00,8.281968973011111075e+02
2.524999999999900169e+01,4.985292243341827856e+00,8.281968557852186450e+02
2.526249999999900098e+01,4.985333655225725025e+00,8.281968143733347461e+02
2.527499999999900027e+01,4.985374963362467327e+00,8.281967730651980446e+02
2.528749999999899956e+01,4.985416168012823945e+00,8.281967318605476294e+02
2.529999999999899885e+01,4.985457269436901484e+00,8.281966907591236122e+02
2.531249999999900169e+01,4.985498267894151070e+00,8.281966497606663324e+02
2.532499999999900098e+01,4.985539163643366578e+00,8.281966088649171525e+02
2.533749999999900027e+01,4.985579956942687296e+00,8.281965680716177758e+02
2.534999999999899956e+01,4.985620648049597037e+00,8.281965273805109291e+02
2.536249999999899885e+01,4.985661237220932129e+00,8.281964867913395665e+02
2.537499999999900169e+01,4.985701724712876093e+00,8.281964463038476651e+02
2.538749999999900098e+01,4.985742110780964964e+00,8.281964059177795434e+02
2.539999999999900027e+01,4.985782395680089962e+00,8.281963656328804291e+02
2.541249999999899956e+01,4.985822579664496601e+00,8.281963254488960047e+02
2.542499999999899885e+01,4.985862662987786464e+00,8.281962853655727486e+02
2.543749999999900169e+01,4.985902645902920760e+00,8.281962453826575938e+02
2.544999999999900098e+01,4.985942528662220319e+00,8.281962054998982694e+02
2.546249999999900027e+01,4.985982311517368260e+00,8.281961657170431863e+02
2.547499999999899956e+01,4.986021994719409989e+00,8.281961260338410966e+02
2.548749999999899885e+01,4.986061578518759418e+00,8.281960864500417756e+02
2.549999999999900169e+01,4.986101063165192748e+00,8.281960469653953396e+02
2.551249999999900098e+01,4.986140448907857348e+00,8.281960075796527008e+02
2.552499999999900027e+01,4.986179735995270867e+00,8.281959682925652260e+02
2.553749999999899956e+01,4.986218924675320352e+00,8.281959291038851916e+02
2.554999999999899885e+01,4.986258015195269344e+00,8.281958900133652151e+02
2.556249999999900169e+01,4.986297007801752557e+00,8.281958510207587096e+02
2.557499999999900098e+01,4.986335902740785642e+00,8.281958121258197707e+02
2.558749999999900027e+01,4.986374700257757198e+00,8.281957733283027210e+02
2.559999999999899956e+01,4.986413400597440315e+00,8.281957346279630201e+02
2.561249999999899885e+01,4.986452004003986360e+00,8.281956960245564687e+02
2.562499999999900169e+01,4.986490510720931191e+00,8.281956575178395497e+02
2.563749999999900098e+01,4.986528920991195157e+00,8.281956191075693141e+02
2.564999999999900027e+01,4.986567235057083103e+00,8.281955807935033818e+02
2.566249999999899956e+01,4.986605453160290580e+00,8.281955425754001681e+02
2.567499999999899885e+01,4.986643575541899409e+00,8.281955044530186569e+02
2.568749999999900169e+01,4.986681602442383898e+00,8.281954664261181733e+02
2.569999999999900098e+01,4.986719534101611728e+00,8.281954284944588380e+02
2.571249999999900027e+01,4.986757370758841290e+00,8.281953906578016813e+02
2.572499999999899956e+01,4.986795112652732342e+00,8.281953529159077334e+02
2.573749999999899885e+01,4.986832760021335353e+00,8.281953152685391615e+02
2.574999999999900169e+01,4.986870313102103935e+00,8.281952777154583600e+02
2.576249999999900098e+01,4.986907772131892180e+00,8.281952402564286331e+02
2.577499999999900027e+01,4.986945137346953771e+00,8.281952028912135120e+02
2.578749999999899956e+01,4.986982408982946424e+00,8.281951656195775513e+02
2.579999999999899885e+01,4.987019587274933663e+00,8.281951284412855330e+02
2.581249999999900169e+01,4.987056672457386597e+00,8.281950913561031484e+02
2.582499999999900098e+01,4.987093664764183032e+00,8.281950543637963165e+02
2.583749999999900027e+01,4.987130564428611024e+00,8.281950174641318654e+02
2.584999999999899956e+01,4.987167371683368877e+00,8.281949806568771919e+02
2.586249999999899885e+01,4.987204086760570476e+00,8.281949439417999201e+02
2.587499999999900169e+01,4.987240709891739954e+00,8.281949073186688111e+02
2.588749999999900098e+01,4.987277241307822351e+00,8.281948707872526256e+02
2.589999999999900027e+01,4.987313681239177399e+00,8.281948343473213754e+02
2.591249999999899956e+01,4.987350029915582184e+00,8.281947979986449582e+02
2.592499999999899885e+01,4.987386287566238252e+00,8.281947617409942950e+02
2.593749999999900169e+01,4.987422454419766282e+00,8.281947255741407616e+02
2.594999999999900098e+01,4.987458530704191872e+00,8.281946894978563023e+02
2.596249999999900027e+01,4.987494516646908238e+00,8.281946535119135433e+02
2.597499999999899956e+01,4.987530412474789898e+00,8.281946176160856794e+02
2.598749999999899885e+01,4.987566218414149155e+00,8.281945818101463601e+02
2.599999999999900169e+01,4.987601934690722771e+00,8.281945460938698034e+02
2.601249999999900098e+01,4.987637561529679964e+00,8.281945104670307956e+02
2.602499999999900027e+01,4.987673099155619738e+00,8.281944749294049188e+02
2.603749999999899956e+01,4.987708547792573555e+00,8.281944394807679828e+02
2.604999999999899885e+01,4.987743907664007992e+00,8.281944041208964791e+02
2.606249999999900169e+01,4.987779178992822970e+00,8.281943688495676952e+02
2.607499999999900098e+01,4.987814362001358859e+00,8.281943336665591460e+02
2.608749999999900027e+01,4.987849456911390256e+00,8.281942985716491421e+02
2.609999999999899956e+01,4.987884463944135760e+00,8.281942635646163353e+02
2.611249999999899885e+01,4.987919383320251754e+00,8.281942286452402868e+02
2.612499999999900169e+01,4.987954215259840396e+00,8.281941938133006715e+02
2.613749999999900098e+01,4.987988959982446069e+00,8.281941590685780739e+02
2.614999999999900027e+01,4.988023617707058932e+00,8.281941244108534192e+02
2.616249999999899956e+01,4.988058188652116698e+00,8.281940898399084290e+02
2.617499999999899885e+01,4.988092673035505520e+00,8.281940553555250517e+02
2.618749999999900169e+01,4.988127071074560881e+00,8.281940209574859182e+02
2.619999999999900098e+01,4.988161382986071146e+00,8.281939866455744550e+02
2.621249999999900027e+01,4.988195608986274010e+00,8.281939524195742024e+02
2.622499999999899956e+01,4.988229749290866266e+00,8.281939182792696101e+02
2.623749999999899885e+01,4.988263804114994926e+00,8.281938842244454690e+02
2.624999999999900169e+01,4.988297773673268765e+00,8.281938502548872520e+02
2.626249999999900098e+01,4.988331658179751216e+00,8.281938163703807732e+02
2.627499999999900027e+01,4.988365457847965700e+00,8.281937825707125285e+02
2.628749999999899956e+01,4.988399172890900957e+00,8.281937488556695826e+02
2.629999999999899885e+01,4.988432803521002157e+00,8.281937152250394547e+02
2.631249999999900169e+01,4.988466349950181566e+00,8.281936816786103464e+02
2.632499999999900098e+01,4.988499812389816768e+00,8.281936482161706863e+02
2.633749999999900027e+01,4.988533191050752436e+00,8.281936148375096991e+02
2.634999999999899956e+01,4.988566486143297674e+00,8.281935815424171778e+02
2.636249999999899885e+01,4.988599697877234895e+00,8.281935483306832566e+02
2.637499999999900169e+01,4.988632826461815384e+00,8.281935152020986379e+02
2.638749999999900098e+01,4.988665872105762844e+00,8.281934821564547065e+02
2.639999999999900027e+01,4.988698835017273403e+00,8.281934491935431879e+02
2.641249999999899956e+01,4.988731715404019162e+00,8.281934163131564901e+02
2.642499999999899885e+01,4.988764513473148199e+00,8.281933835150873620e+02
2.643749999999900169e+01,4.988797229431283675e+00,8.281933507991292345e+02
2.644999999999900098e+01,4.988829863484530946e+00,8.281933181650759934e+02
2.646249999999900027e+01,4.988862415838474007e+00,8.281932856127219793e+02
2.647499999999899956e+01,4.988894886698176379e+00,8.281932531418623284e+02
2.648749999999899885e+01,4.988927276268186439e+00,8.281932207522922909e+02
2.649999999999900169e+01,4.988959584752536536e+00,8.281931884438079123e+02
2.651249999999900098e+01,4.988991812354742983e+00,8.281931562162058071e+02
2.652499999999900027e+01,4.989023959277810505e+00,8.281931240692827032e+02
2.653749999999899956e+01,4.989056025724229571e+00,8.281930920028362380e+02
2.654999999999899885e+01,4.989088011895981722e+00,8.281930600166645036e+02
2.656249999999900169e+01,4.989119917994537801e+00,8.281930281105659333e+02
2.657499999999900098e+01,4.989151744220860607e+00,8.281929962843396424e+02
2.658749999999900027e+01,4.989183490775408458e+00,8.281929645377850875e+02
2.659999999999899956e+01,4.989215157858130745e+00,8.281929328707024069e+02
2.661249999999899885e+01,4.989246745668474148e+00,8.281929012828920804e+02
2.662499999999900169e+01,4.989278254405381752e+00,8.281928697741551559e+02
2.663749999999900098e+01,4.989309684267295708e+00,8.281928383442932500e+02
2.664999999999900027e+01,4.989341035452156348e+00,8.281928069931083201e+02
2.666249999999899956e+01,4.989372308157407510e+00,8.281927757204031195e+02
2.667499999999899885e+01,4.989403502579991212e+00,8.281927445259805154e+02
2.668749999999900169e+01,4.989434618916357422e+00,8.281927134096441705e+02
2.669999999999900098e+01,4.989465657362455175e+00,8.281926823711980887e+02
2.671249999999900027e+01,4.989496618113744120e+00,8.281926514104467287e+02
2.672499999999899956e+01,4.989527501365188300e+00,8.281926205271953449e+02
2.673749999999899885e+01,4.989558307311263263e+00,8.281925897212491918e+02
2.674999999999900169e+01,4.989589036145948953e+00,8.281925589924145470e+02
2.676249999999900098e+01,4.989619688062740366e+00,8.281925283404978018e+02
2.677499999999900027e+01,4.989650263254644003e+00,8.281924977653059159e+02
2.678749999999899956e+01,4.989680761914177864e+00,8.281924672666463039e+02
2.679999999999899885e+01,4.989711184233376784e+00,8.281924368443271760e+02
2.681249999999900169e+01,4.989741530403790648e+00,8.281924064981567426e+02
2.682499999999900098e+01,4.989771800616484398e+00,8.281923762279440098e+02
2.683749999999900027e+01,4.989801995062045137e+00,8.281923460334984384e+02
2.684999999999899956e+01,4.989832113930574131e+00,8.281923159146299440e+02
2.686249999999899885e+01,4.989862157411698362e+00,8.281922858711487834e+02
2.687499999999900169e+01,4.989892125694565195e+00,8.281922559028658952e+02
2.688749999999900098e+01,4.989922018967844153e+00,8.281922260095926731e+02
2.689999999999900027e+01,4.989951837419727809e+00,8.281921961911407379e+02
2.691249999999899956e+01,4.989981581237938890e+00,8.281921664473226201e+02
2.692499999999899885e+01,4.990011250609722282e+00,8.281921367779507364e+02
2.693749999999900169e+01,4.990040845721852136e+00,8.281921071828386403e+02
2.694999999999900098e+01,4.990070366760633647e+00,8.281920776617998854e+02
2.696249999999900027e+01,4.990099813911900384e+00,8.281920482146485938e+02
2.697499999999899956e+01,4.990129187361016960e+00,8.281920188411994559e+02
2.698749999999899885e+01,4.990158487292883471e+00,8.281919895412676169e+02
2.699999999999900169e+01,4.990187713891930166e+00,8.281919603146685631e+02
2.701249999999900098e+01,4.990216867342125440e+00,8.281919311612183492e+02
2.702499999999900027e+01,4.990245947826972284e+00,8.281919020807334846e+02
2.703749999999899956e+01,4.990274955529511836e+00,8.281918730730310472e+02
2.704999999999899885e+01,4.990303890632324268e+00,8.281918441379282285e+02
2.706249999999900169e+01,4.990332753317527903e+00,8.281918152752430160e+02
2.707499999999900098e+01,4.990361543766783647e+00,8.281917864847937381e+02
2.708749999999900027e+01,4.990390262161294110e+00,8.281917577663991779e+02
2.709999999999899956e+01,4.990418908681805377e+00,8.281917291198786870e+02
2.711249999999899885e+01,4.990447483508607007e+00,8.281917005450518445e+02
2.712499999999900169e+01,4.990475986821534704e+00,8.281916720417390252e+02
2.713749999999900098e+01,4.990504418799972086e+00,8.281916436097604901e+02
2.714999999999900027e+01,4.990532779622849802e+00,8.281916152489376373e+02
2.716249999999899956e+01,4.990561069468647304e+00,8.281915869590918646e+02
2.717499999999899885e+01,4.990589288515392852e+00,8.281915587400451386e+02
2.718749999999900169e+01,4.990617436940670615e+00,8.281915305916198804e+02
2.719999999999900098e+01,4.990645514921611792e+00,8.281915025136388522e+02
2.721249999999900027e+01,4.990673522634905268e+00,8.281914745059256120e+02
2.722499999999899956e+01,4.990701460256792288e+00,8.281914465683037179e+02
2.723749999999899885e+01,4.990729327963072670e+00,8.281914187005974100e+02
2.724999999999900169e+01,4.990757125929100368e+00,8.281913909026313831e+02
2.726249999999900098e+01,4.990784854329788800e+00,8.281913631742306734e+02
2.727499999999900027e+01,4.990812513339612622e+00,8.281913355152208851e+02
2.728749999999899956e+01,4.990840103132603289e+00,8.281913079254278500e+02
2.729999999999899885e+01,4.990867623882356163e+00,8.281912804046781957e+02
2.731249999999900169e+01,4.990895075762029620e+00,8.281912529527984361e+02
2.732499999999900098e+01,4.990922458944343276e+00,8.281912255696161083e+02
2.733749999999900027e+01,4.990949773601586870e+00,8.281911982549588629e+02
2.734999999999899956e+01,4.990977019905608714e+00,8.281911710086549192e+02
2.736249999999899885e+01,4.991004198027832572e+00,8.281911438305327238e+02
2.737499999999900169e+01,4.991031308139243450e+00,8.281911167204212916e+02
2.738749999999900098e+01,4.991058350410400024e+00,8.281910896781500924e+02
2.739999999999900027e+01,4.991085325011430207e+00,8.281910627035490506e+02
2.741249999999899956e+01,4.991112232112033809e+00,8.281910357964484319e+02
2.742499999999899885e+01,4.991139071881482536e+00,8.281910089566790703e+02
2.743749999999900169e+01,4.991165844488621772e+00,8.281909821840719133e+02
2.744999999999900098e+01,4.991192550101874126e+00,8.281909554784585907e+02
2.746249999999900027e+01,4.991219188889235880e+00,8.281909288396713009e+02
2.747499999999899956e+01,4.991245761018282323e+00,8.281909022675422420e+02
2.748749999999899885e+01,4.991272266656164192e+00,8.281908757619042944e+02
2.749999999999900169e+01,4.991298705969613891e+00,8.281908493225909069e+02
2.751249999999900098e+01,4.991325079124944608e+00,8.281908229494355282e+02
2.752499999999900027e+01,4.991351386288048531e+00,8.281907966422724030e+02
2.753749999999899956e+01,4.991377627624402180e+00,8.281907704009361169e+02
2.754999999999899885e+01,4.991403803299064634e+00,8.281907442252614828e+02
2.756249999999900169e+01,4.991429913476682856e+00,8.281907181150837687e+02
2.757499999999900098e+01,4.991455958321486364e+00,8.281906920702390380e+02
2.758749999999900027e+01,4.991481937997290785e+00,8.281906660905632407e+02
2.759999999999899956e+01,4.991507852667503187e+00,8.281906401758930087e+02
2.761249999999899885e+01,4.991533702495116742e+00,8.281906143260654289e+02
2.762499999999900169e+01,4.991559487642717841e+00,8.281905885409178154e+02
2.763749999999900098e+01,4.991585208272480756e+00,8.281905628202880507e+02
2.764999999999900027e+01,4.991610864546173865e+00,8.281905371640143585e+02
2.766249999999899956e+01,4.991636456625158758e+00,8.281905115719353034e+02
2.767499999999899885e+01,4.991661984670390240e+00,8.281904860438901324e+02
2.768749999999900169e+01,4.991687448842419883e+00,8.281904605797180920e+02
2.769999999999900098e+01,4.991712849301396027e+00,8.281904351792591115e+02
2.771249999999900027e+01,4.991738186207063777e+00,8.281904098423534606e+02
2.772499999999899956e+01,4.991763459718766782e+00,8.281903845688417505e+02
2.773749999999899885e+01,4.991788669995449901e+00,8.281903593585650469e+02
2.774999999999900169e+01,4.991813817195656533e+00,8.281903342113648705e+02
2.776249999999900098e+01,4.991838901477523294e+00,8.281903091270829691e+02
2.777499999999900027e+01,4.991863922998728498e+00,8.281902841055617728e+02
2.778749999999899956e+01,4.991888881916601406e+00,8.281902591466439389e+02
2.779999999999899885e+01,4.991913778388087586e+00,8.281902342501724661e+02
2.781249999999900169e+01,4.991938612569738254e+00,8.281902094159908074e+02
2.782499999999900098e+01,4.991963384617709387e+00,8.281901846439427572e+02
2.783749999999900027e+01,4.991988094687763500e+00,8.281901599338727920e+02
2.784999999999899956e+01,4.992012742935271419e+00,8.281901352856252743e+02
2.786249999999899885e+01,4.992037329515213173e+00,8.281901106990452490e+02
2.787499999999900169e+01,4.992061854582177105e+00,8.281900861739783295e+02
2.788749999999900098e+01,4.992086318290363423e+00,8.281900617102701290e+02
2.789999999999900027e+01,4.992110720793585088e+00,8.281900373077669428e+02
2.791249999999899956e+01,4.992135062245266930e+00,8.281900129663152939e+02
2.792499999999899885e+01,4.992159342798446531e+00,8.281899886857620459e+02
2.793749999999900169e+01,4.992183562605777780e+00,8.281899644659547448e+02
2.794999999999900098e+01,4.992207721819530875e+00,8.281899403067409366e+02
2.796249999999900027e+01,4.992231820591589653e+00,8.281899162079689631e+02
2.797499999999899956e+01,4.992255859073459590e+00,8.281898921694870523e+02
2.798749999999899885e+01,4.992279837416262467e+00,8.281898681911442281e+02
2.799999999999900169e+01,4.992303755770740814e+00,8.281898442727897418e+02
2.801249999999900098e+01,4.992327614287257020e+00,8.281898204142732993e+02
2.802499999999900027e+01,4.992351413115795999e+00,8.281897966154447204e+02
2.803749999999899956e+01,4.992375152405964300e+00,8.281897728761545068e+02
2.804999999999899885e+01,4.992398832306993661e+00,8.281897491962535014e+02
2.806249999999900169e+01,4.992422452967739233e+00,8.281897255755927745e+02
2.807499999999900098e+01,4.992446014536680465e+00,8.281897020140238510e+02
2.808749999999900027e+01,4.992469517161924664e+00,8.281896785113985970e+02
2.809999999999899956e+01,4.992492960991206985e+00,8.281896550675693334e+02
2.811249999999899885e+01,4.992516346171891328e+00,8.281896316823886082e+02
2.812499999999900169e+01,4.992539672850968557e+00,8.281896083557095380e+02
2.813749999999900098e+01,4.992562941175062718e+00,8.281895850873854670e+02
2.814999999999900027e+01,4.992586151290424823e+00,8.281895618772700800e+02
2.816249999999899956e+01,4.992609303342942617e+00,8.281895387252175169e+02
2.817499999999899885e+01,4.992632397478134365e+00,8.281895156310823722e+02
2.818749999999900169e+01,4.992655433841153290e+00,8.281894925947193542e+02
2.819999999999900098e+01,4.992678412576786684e+00,8.281894696159837395e+02
2.821249999999900027e+01,4.992701333829458576e+00,8.281894466947310320e+02
2.822499999999899956e+01,4.992724197743228842e+00,8.281894238308173044e+02
2.823749999999899885e+01,4.992747004461795868e+00,8.281894010240987427e+02
2.824999999999900169e+01,4.992769754128495663e+00,8.281893782744319878e+02
2.826249999999900098e+01,4.992792446886305413e+00,8.281893555816742492e+02
2.827499999999900027e+01,4.992815082877840815e+00,8.281893329456826223e+02
2.828749999999899956e+01,4.992837662245360519e+00,8.281893103663151123e+02
2.829999999999899885e+01,4.992860185130764350e+00,8.281892878434297245e+02
2.831249999999900169e+01,4.992882651675596861e+00,8.281892653768849186e+02
2.832499999999900098e+01,4.992905062021042895e+00,8.281892429665394957e+02
2.833749999999900027e+01,4.992927416307938238e+00,8.281892206122525977e+02
2.834999999999899956e+01,4.992949714676758077e+00,8.281891983138837077e+02
2.836249999999899885e+01,4.992971957267630323e+00,8.281891760712928772e+02
2.837499999999900169e+01,4.992994144220325836e+00,8.281891538843401577e+02
2.838749999999900098e+01,4.993016275674266424e+00,8.281891317528862828e+02
2.839999999999900027e+01,4.993038351768522176e+00,8.281891096767919862e+02
2.841249999999899956e+01,4.993060372641815015e+00,8.281890876559186836e+02
2.842499999999899885e+01,4.993082338432516920e+00,8.281890656901280181e+02
2.843749999999900169e+01,4.993104249278651707e+00,8.281890437792818602e+02
2.844999999999900098e+01,4.993126105317898578e+00,8.281890219232426489e+02
2.846249999999900027e+01,4.993147906687585902e+00,8.281890001218729367e+02
2.847499999999899956e+01,4.993169653524701879e+00,8.281889783750358447e+02
2.848749999999899885e+01,4.993191345965886541e+00,8.281889566825946076e+02
2.849999999999900169e+01,4.993212984147438860e+00,8.281889350444130287e+02
2.851249999999900098e+01,4.993234568205313195e+00,8.281889134603551383e+02
2.852499999999900027e+01,4.993256098275123733e+00,8.281888919302854219e+02
2.853749999999899956e+01,4.993277574492141824e+00,8.281888704540683648e+02
2.854999999999899885e+01,4.993298996991301308e+00,8.281888490315692479e+02
2.856249999999900169e+01,4.993320365907194081e+00,8.281888276626533525e+02
2.857499999999900098e+01,4.993341681374075414e+00,8.281888063471864143e+02
2.858749999999900027e+01,4.993362943525863074e+00,8.281887850850346240e+02
2.859999999999899956e+01,4.993384152496136430e+00,8.281887638760643995e+02
2.861249999999899885e+01,4.993405308418141786e+00,8.281887427201423861e+02
2.862499999999900169e+01,4.993426411424787048e+00,8.281887216171356840e+02
2.863749999999900098e+01,4.993447461648649721e+00,8.281887005669118480e+02
2.864999999999900027e+01,4.993468459221972466e+00,8.281886795693385466e+02
2.866249999999899956e+01,4.993489404276663102e+00,8.281886586242837893e+02
2.867499999999899885e+01,4.993510296944300819e+00,8.281886377316161543e+02
2.868749999999900169e+01,4.993531137356134408e+00,8.281886168912043331e+02
2.869999999999900098e+01,4.993551925643078704e+00,8.281885961029174723e+02
2.871249999999900027e+01,4.993572661935726131e+00,8.281885753666248320e+02
2.872499999999899956e+01,4.993593346364333385e+00,8.281885546821961270e+02
2.873749999999899885e+01,4.993613979058833863e+00,8.281885340495016408e+02
2.874999999999900169e+01,4.993634560148835888e+00,8.281885134684116565e+02
2.876249999999900098e+01,4.993655089763617383e+00,8.281884929387969123e+02
2.877499999999900027e+01,4.993675568032134748e+00,8.281884724605283736e+02
2.878749999999899956e+01,4.993695995083019312e+00,8.281884520334774606e+02
2.879999999999899885e+01,4.993716371044579105e+00,8.281884316575159346e+02
2.881249999999900169e+01,4.993736696044797974e+00,8.281884113325156704e+02
2.882499999999900098e+01,4.993756970211341795e+00,8.281883910583491115e+02
2.883749999999900027e+01,4.993777193671550485e+00,8.281883708348889286e+02
2.884999999999899956e+01,4.993797366552449546e+00,8.281883506620080198e+02
2.886249999999899885e+01,4.993817488980740293e+00,8.281883305395797379e+02
2.887499999999900169e+01,4.993837561082807852e+00,8.281883104674776632e+02
2.888749999999900098e+01,4.993857582984720267e+00,8.281882904455758307e+02
2.889999999999900027e+01,4.993877554812226727e+00,8.281882704737482754e+02
2.891249999999899956e+01,4.993897476690762893e+00,8.281882505518697144e+02
2.892499999999899885e+01,4.993917348745446461e+00,8.281882306798150921e+02
2.893749999999900169e+01,4.993937171101082484e+00,8.281882108574594668e+02
2.894999999999900098e+01,4.993956943882161603e+00,8.281881910846783512e+02
2.896249999999900027e+01,4.993976667212862708e+00,8.281881713613475995e+02
2.897499999999899956e+01,4.993996341217049384e+00,8.281881516873434066e+02
2.898749999999899885e+01,4.994015966018277908e+00,8.281881320625421949e+02
2.899999999999900169e+01,4.994035541739792805e+00,8.281881124868207280e+02
2.901249999999900098e+01,4.994055068504525963e+00,8.281880929600559966e+02
2.902499999999900027e+01,4.994074546435104622e+00,8.281880734821254464e+02
2.903749999999899956e+01,4.994093975653846940e+00,8.281880540529066366e+02
2.904999999999899885e+01,4.994113356282760208e+00,8.281880346722776949e+02
2.906249999999900169e+01,4.994132688443547963e+00,8.281880153401169764e+02
2.907499999999900098e+01,4.994151972257609984e+00,8.281879960563029499e+02
2.908749999999900027e+01,4.994171207846035188e+00,8.281879768207144252e+02
2.909999999999899956e+01,4.994190395329614951e+00,8.281879576332308943e+02
2.911249999999899885e+01,4.994209534828831565e+00,8.281879384937316217e+02
2.912499999999900169e+01,4.994228626463868892e+00,8.281879194020966679e+02
2.913749999999900098e+01,4.994247670354603486e+00,8.281879003582058658e+02
2.914999999999900027e+01,4.994266666620617912e+00,8.281878813619398443e+02
2.916249999999899956e+01,4.994285615381187426e+00,8.281878624131793458e+02
2.917499999999899885e+01,4.994304516755292411e+00,8.281878435118052266e+02
2.918749999999900169e+01,4.994323370861613043e+00,8.281878246576989113e+02
2.919999999999900098e+01,4.994342177818529294e+00,8.281878058507419382e+02
2.921249999999900027e+01,4.994360937744126261e+00,8.281877870908164141e+02
2.922499999999899956e+01,4.994379650756191502e+00,8.281877683778043320e+02
2.923749999999899885e+01,4.994398316972216811e+00,8.281877497115882534e+02
2.924999999999900169e+01,4.994416936509399108e+00,8.281877310920510809e+02
2.926249999999900098e+01,4.994435509484640434e+00,8.281877125190758306e+02
2.927499999999900027e+01,4.994454036014550624e+00,8.281876939925459737e+02
2.928749999999899956e+01,4.994472516215445523e+00,8.281876755123450948e+02
2.929999999999899885e+01,4.994490950203347879e+00,8.281876570783571196e+02
2.931249999999900169e+01,4.994509338093990891e+00,8.281876386904665424e+02
2.932499999999900098e+01,4.994527680002816439e+00,8.281876203485577435e+02
2.933749999999900027e+01,4.994545976044976854e+00,8.281876020525155582e+02
2.934999999999899956e+01,4.994564226335336699e+00,8.281875838022251628e+02
2.936249999999899885e+01,4.994582430988469213e+00,8.281875655975720747e+02
2.937499999999900169e+01,4.994600590118661643e+00,8.281875474384418112e+02
2.938749999999900098e+01,4.994618703839914353e+00,8.281875293247205718e+02
2.939999999999900027e+01,4.994636772265942604e+00,8.281875112562945560e+02
2.941249999999899956e+01,4.994654795510174772e+00,8.281874932330503043e+02
2.942499999999899885e+01,4.994672773685755018e+00,8.281874752548746983e+02
2.943749999999900169e+01,4.994690706905544175e+00,8.281874573216549607e+02
2.944999999999900098e+01,4.994708595282119745e+00,8.281874394332784277e+02
2.946249999999900027e+01,4.994726438927775014e+00,8.281874215896327769e+02
2.947499999999899956e+01,4.994744237954524380e+00,8.281874037906060266e+02
2.948749999999899885e+01,4.994761992474100687e+00,8.281873860360864228e+02
2.949999999999900169e+01,4.994779702597955229e+00,8.281873683259625523e+02
2.951249999999900098e+01,4.994797368437260410e+00,8.281873506601232293e+02
2.952499999999900027e+01,4.994814990102909746e+00,8.281873330384576093e+02
2.953749999999899956e+01,4.994832567705520532e+00,8.281873154608549612e+02
2.954999999999899885e+01,4.994850101355429395e+00,8.281872979272051225e+02
2.956249999999900169e+01,4.994867591162700293e+00,8.281872804373978170e+02
2.957499999999900098e+01,4.994885037237116521e+00,8.281872629913233368e+02
2.958749999999900027e+01,4.994902439688191365e+00,8.281872455888723152e+02
2.959999999999899956e+01,4.994919798625161889e+00,8.281872282299353856e+02
2.961249999999899885e+01,4.994937114156988045e+00,8.281872109144035221e+02
2.962499999999900169e+01,4.994954386392363332e+00,8.281871936421681539e+02
2.963749999999900098e+01,4.994971615439702362e+00,8.281871764131208238e+02
2.964999999999900027e+01,4.994988801407153289e+00,8.281871592271533018e+02
2.966249999999899956e+01,4.995005944402586273e+00,8.281871420841579265e+02
2.967499999999899885e+01,4.995023044533543732e+00,8.281871249840269229e+02
2.968749999999900169e+01,4.995040101907337160e+00,8.281871079266531979e+02
2.969999999999900098e+01,4.995057116631024918e+00,8.281870909119294311e+02
2.971249999999900027e+01,4.995074088811392699e+00,8.281870739397490979e+02
2.972499999999899956e+01,4.995091018554962403e+00,8.281870570100055602e+02
2.973749999999899885e+01,4.995107905967984152e+00,8.281870401225925207e+02
2.974999999999900169e+01,4.995124751156444276e+00,8.281870232774040232e+02
2.976249999999900098e+01,4.995141554226060876e+00,8.281870064743344528e+02
2.977499999999900027e+01,4.995158315282287376e+00,8.281869897132781944e+02
2.978749999999899956e+01,4.995175034430312522e+00,8.281869729941302012e+02
2.979999999999899885e+01,4.995191711775060384e+00,8.281869563167854267e+02
2.981249999999900169e+01,4.995208347421193018e+00,8.281869396811392789e+02
2.982499999999900098e+01,4.995224941473106917e+00,8.281869230870873935e+02
2.983749999999900027e+01,4.995241494034939223e+00,8.281869065345255194e+02
2.984999999999899956e+01,4.995258005210563290e+00,8.281868900233499744e+02
2.986249999999899885e+01,4.995274475103594014e+00,8.281868735534569623e+02
2.987499999999900169e+01,4.995290903817383388e+00,8.281868571247431419e+02
2.988749999999900098e+01,4.995307291455025833e+00,8.281868407371055127e+02
2.989999999999900027e+01,4.995323638119357312e+00,8.281868243904411884e+02
2.991249999999899956e+01,4.995339943912954439e+00,8.281868080846475095e+02
2.992499999999899885e+01,4.995356208938137144e+00,8.281867918196223854e+02
2.993749999999900169e+01,4.995372433296967785e+00,8.281867755952634980e+02
2.994999999999900098e+01,4.995388617091251149e+00,8.281867594114692110e+02
2.996249999999900027e+01,4.995404760422541557e+00,8.281867432681380023e+02
2.997499999999899956e+01,4.995420863392132205e+00,8.281867271651683495e+02
2.998749999999899885e+01,4.995436926101065822e+00,8.281867111024594124e+02
2.999999999999900169e+01,4.995452948650131120e+00,8.281866950799103506e+02
3.001249999999900098e+01,4.995468931139863678e+00,8.281866790974206651e+02
3.002499999999900027e+01,4.995484873670545056e+00,8.281866631548899704e+02
3.003749999999899956e+01,4.995500776342208127e+00,8.281866472522183358e+02
3.004999999999899885e+01,4.995516639254631741e+00,8.281866313893058305e+02
3.006249999999900169e+01,4.995532462507345173e+00,8.281866155660532058e+02
3.007499999999900098e+01,4.995548246199630782e+00,8.281865997823608723e+02
3.008749999999900027e+01,4.995563990430518686e+00,8.281865840381300359e+02
3.009999999999899956e+01,4.995579695298790313e+00,8.281865683332616754e+02
3.011249999999899885e+01,4.995595360902981952e+00,8.281865526676575655e+02
3.012499999999900169e+01,4.995610987341379428e+00,8.281865370412191396e+02
3.013749999999900098e+01,4.995626574712023427e+00,8.281865214538485134e+02
3.014999999999900027e+01,4.995642123112709498e+00,8.281865059054478024e+02
3.016249999999899956e+01,4.995657632640988055e+00,8.281864903959194635e+02
3.017499999999899885e+01,4.995673103394160819e+00,8.281864749251662943e+02
3.018749999999900169e+01,4.995688535469291480e+00,8.281864594930912062e+02
3.019999999999900098e+01,4.995703928963195040e+00,8.281864440995973382e+02
3.021249999999900027e+01,4.995719283972444913e+00,8.281864287445880564e+02
3.022499999999899956e+01,4.995734600593374708e+00,8.281864134279671816e+02
3.023749999999899885e+01,4.995749878922073783e+00,8.281863981496384213e+02
3.024999999999900169e+01,4.995765119054390802e+00,8.281863829095061647e+02
3.026249999999900098e+01,4.995780321085934617e+00,8.281863677074745738e+02
3.027499999999900027e+01,4.995795485112074275e+00,8.281863525434483790e+02
3.028749999999899956e+01,4.995810611227938125e+00,8.281863374173325383e+02
3.029999999999899885e+01,4.995825699528417374e+00,8.281863223290321230e+02
3.031249999999900169e+01,4.995840750108165196e+00,8.281863072784523183e+02
3.032499999999900098e+01,4.995855763061595844e+00,8.281862922654988779e+02
3.033749999999900027e+01,4.995870738482889095e+00,8.281862772900776690e+02
3.034999999999899956e+01,4.995885676465986691e+00,8.281862623520945590e+02
3.036249999999899885e+01,4.995900577104594120e+00,8.281862474514558699e+02
3.037499999999900169e+01,4.995915440492183279e+00,8.281862325880682647e+02
3.038749999999900098e+01,4.995930266721992474e+00,8.281862177618385203e+02
3.039999999999900027e+01,4.995945055887022868e+00,8.281862029726735273e+02
3.041249999999899956e+01,4.995959808080044695e+00,8.281861882204804033e+02
3.042499999999899885e+01,4.995974523393595490e+00,8.281861735051669484e+02
3.043749999999900169e+01,4.995989201919979195e+00,8.281861588266405079e+02
3.044999999999900098e+01,4.996003843751269713e+00,8.281861441848092227e+02
3.046249999999900027e+01,4.996018448979310023e+00,8.281861295795812339e+02
3.047499999999899956e+01,4.996033017695710399e+00,8.281861150108647962e+02
3.048749999999899885e+01,4.996047549991854630e+00,8.281861004785686191e+02
3.049999999999900169e+01,4.996062045958894693e+00,8.281860859826016394e+02
3.051249999999900098e+01,4.996076505687755187e+00,8.281860715228727940e+02
3.052499999999900027e+01,4.996090929269131564e+00,8.281860570992913608e+02
3.053749999999899956e+01,4.996105316793492790e+00,8.281860427117669587e+02
3.054999999999899885e+01,4.996119668351080456e+00,8.281860283602094341e+02
3.056249999999900169e+01,4.996133984031910558e+00,8.281860140445286333e+02
3.057499999999900098e+01,4.996148263925771715e+00,8.281859997646347438e+02
3.058749999999900027e+01,4.996162508122228729e+00,8.281859855204382939e+02
3.059999999999899956e+01,4.996176716710621690e+00,8.281859713118499258e+02
3.061249999999899885e+01,4.996190889780065092e+00,8.281859571387803953e+02
3.062499999999900169e+01,4.996205027419449607e+00,8.281859430011410268e+02
3.063749999999900098e+01,4.996219129717447416e+00,8.281859288988430308e+02
3.064999999999900027e+01,4.996233196762503326e+00,8.281859148317979589e+02
3.066249999999899956e+01,4.996247228642840099e+00,8.281859007999177038e+02
3.067499999999899885e+01,4.996261225446463783e+00,8.281858868031140446e+02
3.068749999999900169e+01,4.996275187261156603e+00,8.281858728412993287e+02
3.069999999999900098e+01,4.996289114174479629e+00,8.281858589143860172e+02
3.071249999999900027e+01,4.996303006273776326e+00,8.281858450222866850e+02
3.072499999999899956e+01,4.996316863646169892e+00,8.281858311649143616e+02
3.073749999999899885e+01,4.996330686378565922e+00,8.281858173421819629e+02
3.074999999999900169e+01,4.996344474557650628e+00,8.281858035540028595e+02
3.076249999999900098e+01,4.996358228269894397e+00,8.281857898002906495e+02
3.077499999999900027e+01,4.996371947601549124e+00,8.281857760809589308e+02
3.078749999999899956e+01,4.996385632638652652e+00,8.281857623959218699e+02
3.079999999999899885e+01,4.996399283467022556e+00,8.281857487450935196e+02
3.081249999999900169e+01,4.996412900172266802e+00,8.281857351283882736e+02
3.082499999999900098e+01,4.996426482839774863e+00,8.281857215457207531e+02
3.083749999999900027e+01,4.996440031554723049e+00,8.281857079970058066e+02
3.084999999999899956e+01,4.996453546402073620e+00,8.281856944821583966e+02
3.086249999999899885e+01,4.996467027466576560e+00,8.281856810010939398e+02
3.087499999999900169e+01,4.996480474832768692e+00,8.281856675537277397e+02
3.088749999999900098e+01,4.996493888584973675e+00,8.281856541399755542e+02
3.089999999999900027e+01,4.996507268807306446e+00,8.281856407597531415e+02
3.091249999999899956e+01,4.996520615583668778e+00,8.281856274129768281e+02
3.092499999999899885e+01,4.996533928997752838e+00,8.281856140995627129e+02
3.093749999999900169e+01,4.996547209133039402e+00,8.281856008194274636e+02
3.094999999999900098e+01,4.996560456072803191e+00,8.281855875724877478e+02
3.096249999999900027e+01,4.996573669900105763e+00,8.281855743586603467e+02
3.097499999999899956e+01,4.996586850697804394e+00,8.281855611778627235e+02
3.098749999999899885e+01,4.996599998548544974e+00,8.281855480300120007e+02
3.099999999999900169e+01,4.996613113534768225e+00,8.281855349150257553e+02
3.101249999999900098e+01,4.996626195738707921e+00,8.281855218328217916e+02
3.102499999999900027e+01,4.996639245242391780e+00,8.281855087833181415e+02
3.103749999999899956e+01,4.996652262127641464e+00,8.281854957664328367e+02
3.104999999999899885e+01,4.996665246476071687e+00,8.281854827820844775e+02
3.106249999999900169e+01,4.996678198369096435e+00,8.281854698301914368e+02
3.107499999999900098e+01,4.996691117887921862e+00,8.281854569106725421e+02
3.108749999999900027e+01,4.996704005113551617e+00,8.281854440234469621e+02
3.109999999999899956e+01,4.996716860126786841e+00,8.281854311684337517e+02
3.111249999999899885e+01,4.996729683008226175e+00,8.281854183455523071e+02
3.112499999999900169e+01,4.996742473838265752e+00,8.281854055547222515e+02
3.113749999999900098e+01,4.996755232697099203e+00,8.281853927958634358e+02
3.114999999999900027e+01,4.996767959664721204e+00,8.281853800688958245e+02
3.116249999999899956e+01,4.996780654820923928e+00,8.281853673737396093e+02
3.117499999999899885e+01,4.996793318245298821e+00,8.281853547103152096e+02
3.118749999999900169e+01,4.996805950017241926e+00,8.281853420785432718e+02
3.119999999999900098e+01,4.996818550215945010e+00,8.281853294783445563e+02
3.121249999999900027e+01,4.996831118920406212e+00,8.281853169096400507e+02
3.122499999999899956e+01,4.996843656209421169e+00,8.281853043723510837e+02
3.123749999999899885e+01,4.996856162161591897e+00,8.281852918663988703e+02
3.124999999999900169e+01,4.996868636855319679e+00,8.281852793917051940e+02
3.126249999999900098e+01,4.996881080368813954e+00,8.281852669481917246e+02
3.127499999999900027e+01,4.996893492780082546e+00,8.281852545357804729e+02
3.128749999999899956e+01,4.996905874166943207e+00,8.281852421543935634e+02
3.129999999999899885e+01,4.996918224607013848e+00,8.281852298039534617e+02
3.131249999999900169e+01,4.996930544177722311e+00,8.281852174843827470e+02
3.132499999999900098e+01,4.996942832956300151e+00,8.281852051956042260e+02
3.133749999999900027e+01,4.996955091019784412e+00,8.281851929375407053e+02
3.134999999999899956e+01,4.996967318445021178e+00,8.281851807101154463e+02
3.136249999999899885e+01,4.996979515308664688e+00,8.281851685132518242e+02
3.137499999999900169e+01,4.996991681687173781e+00,8.281851563468733275e+02
3.138749999999900098e+01,4.997003817656819891e+00,8.281851442109036725e+02
3.139999999999900027e+01,4.997015923293679052e+00,8.281851321052668027e+02
3.141249999999899956e+01,4.997027998673641669e+00,8.281851200298868889e+02
3.142499999999899885e+01,4.997040043872404524e+00,8.281851079846881021e+02
3.143749999999900169e+01,4.997052058965474330e+00,8.281850959695950678e+02
3.144999999999900098e+01,4.997064044028173058e+00,8.281850839845322980e+02
3.146249999999900027e+01,4.997075999135631719e+00,8.281850720294248731e+02
3.147499999999899956e+01,4.997087924362791256e+00,8.281850601041977598e+02
3.148749999999899885e+01,4.997099819784406982e+00,8.281850482087761520e+02
3.149999999999900169e+01,4.997111685475048581e+00,8.281850363430854713e+02
3.151249999999900098e+01,4.997123521509097444e+00,8.281850245070513665e+02
3.152499999999900027e+01,4.997135327960748441e+00,8.281850127005997138e+02
3.153749999999899956e+01,4.997147104904010817e+00,8.281850009236565029e+02
3.154999999999899885e+01,4.997158852412711738e+00,8.281849891761478375e+02
3.156249999999900169e+01,4.997170570560490077e+00,8.281849774580000485e+02
3.157499999999900098e+01,4.997182259420803518e+00,8.281849657691396942e+02
3.158749999999900027e+01,4.997193919066921453e+00,8.281849541094935603e+02
3.159999999999899956e+01,4.997205549571935634e+00,8.281849424789885461e+02
3.161249999999899885e+01,4.997217151008753078e+00,8.281849308775517784e+02
3.162499999999900169e+01,4.997228723450097831e+00,8.281849193051103839e+02
3.163749999999900098e+01,4.997240266968510980e+00,8.281849077615919441e+02
3.164999999999900027e+01,4.997251781636356860e+00,8.281848962469241542e+02
3.166249999999899956e+01,4.997263267525788422e+00,8.281848847610347093e+02
3.167499999999899885e+01,4.997274724708757887e+00,8.281848733038517594e+02
3.168749999999900169e+01,4.997286153257075370e+00,8.281848618753034543e+02
3.169999999999900098e+01,4.997297553242372459e+00,8.281848504753181714e+02
3.171249999999900027e+01,4.997308924736103108e+00,8.281848391038244017e+02
3.172499999999899956e+01,4.997320267809540972e+00,8.281848277607509772e+02
3.173749999999899885e+01,4.997331582533780292e+00,8.281848164460267299e+02
3.174999999999900169e+01,4.997342868979735897e+00,8.281848051595807192e+02
3.176249999999900098e+01,4.997354127218148534e+00,8.281847939013423456e+02
3.177499999999900027e+01,4.997365357319576873e+00,8.281847826712408960e+02
3.178749999999899956e+01,4.997376559354408165e+00,8.281847714692061118e+02
3.179999999999899885e+01,4.997387733392847586e+00,8.281847602951676208e+02
3.181249999999900169e+01,4.997398879504928004e+00,8.281847491490556195e+02
3.182499999999900098e+01,4.997409997760505540e+00,8.281847380307999629e+02
3.183749999999900027e+01,4.997421088229261343e+00,8.281847269403311884e+02
3.184999999999899956e+01,4.997432150980700705e+00,8.281847158775798334e+02
3.186249999999899885e+01,4.997443186084157496e+00,8.281847048424763216e+02
3.187499999999900169e+01,4.997454193608788842e+00,8.281846938349517586e+02
3.188749999999900098e+01,4.997465173623579560e+00,8.281846828549369093e+02
3.189999999999900027e+01,4.997476126197343937e+00,8.281846719023631067e+02
3.191249999999899956e+01,4.997487051398719515e+00,8.281846609771617977e+02
3.192499999999899885e+01,4.997497949296173303e+00,8.281846500792643155e+02
3.193749999999900169e+01,4.997508819958004445e+00,8.281846392086024480e+02
3.194999999999900098e+01,4.997519663452335337e+00,8.281846283651082103e+02
3.196249999999900027e+01,4.997530479847121399e+00,8.281846175487133905e+02
3.197499999999899956e+01,4.997541269210145742e+00,8.281846067593503449e+02
3.198749999999899885e+01,4.997552031609022727e+00,8.281845959969514297e+02
3.199999999999900169e+01,4.997562767111197068e+00,8.281845852614493424e+02
3.201249999999900098e+01,4.997573475783944730e+00,8.281845745527765530e+02
3.202499999999899671e+01,4.997584157694372919e+00,8.281845638708660999e+02
3.203749999999899956e+01,4.997594812909420980e+00,8.281845532156511354e+02
3.204999999999900240e+01,4.997605441495859502e+00,8.281845425870646977e+02
3.206249999999899813e+01,4.997616043520292095e+00,8.281845319850401665e+02
3.207499999999900098e+01,4.997626619049157171e+00,8.281845214095113761e+02
3.208749999999899671e+01,4.997637168148725273e+00,8.281845108604118195e+02
3.209999999999899956e+01,4.997647690885099969e+00,8.281845003376754448e+02
3.211249999999900240e+01,4.997658187324221402e+00,8.281844898412363136e+02
3.212499999999899813e+01,4.997668657531862735e+00,8.281844793710286012e+02
3.213749999999900098e+01,4.997679101573634597e+00,8.281844689269868240e+02
3.214999999999899671e+01,4.997689519514980638e+00,8.281844585090454984e+02
3.216249999999899956e+01,4.997699911421181085e+00,8.281844481171393682e+02
3.217499999999900240e+01,4.997710277357355402e+00,8.281844377512031770e+02
3.218749999999899813e+01,4.997720617388456077e+00,8.281844274111720097e+02
3.219999999999900098e+01,4.997730931579274838e+00,8.281844170969811785e+02
3.221249999999899671e+01,4.997741219994442652e+00,8.281844068085661092e+02
3.222499999999899956e+01,4.997751482698424397e+00,8.281843965458621142e+02
3.223749999999900240e+01,4.997761719755528631e+00,8.281843863088049602e+02
3.224999999999899813e+01,4.997771931229896936e+00,8.281843760973306416e+02
3.226249999999900098e+01,4.997782117185517237e+00,8.281843659113750391e+02
3.227499999999899671e+01,4.997792277686210483e+00,8.281843557508742606e+02
3.228749999999899956e+01,4.997802412795641303e+00,8.281843456157648689e+02
3.229999999999900240e+01,4.997812522577316230e+00,8.281843355059831993e+02
3.231249999999899813e+01,4.997822607094578373e+00,8.281843254214659282e+02
3.232499999999900098e+01,4.997832666410616298e+00,8.281843153621498459e+02
3.233749999999899671e+01,4.997842700588458698e+00,8.281843053279720834e+02
3.234999999999899956e+01,4.997852709690975281e+00,8.281842953188695446e+02
3.236249999999900240e+01,4.997862693780879439e+00,8.281842853347795881e+02
3.237499999999899813e+01,4.997872652920728243e+00,8.281842753756397997e+02
3.238749999999900098e+01,4.997882587172920665e+00,8.281842654413875380e+02
3.239999999999899671e+01,4.997892496599700252e+00,8.281842555319608437e+02
3.241249999999899956e+01,4.997902381263154226e+00,8.281842456472973026e+02
3.242499999999900240e+01,4.997912241225215269e+00,8.281842357873352967e+02
3.243749999999899813e+01,4.997922076547657966e+00,8.281842259520128664e+02
3.244999999999900098e+01,4.997931887292107689e+00,8.281842161412683936e+02
3.246249999999899671e+01,4.997941673520028161e+00,8.281842063550404873e+02
3.247499999999899956e+01,4.997951435292737443e+00,8.281841965932677567e+02
3.248749999999900240e+01,4.997961172671391950e+00,8.281841868558891520e+02
3.249999999999899813e+01,4.997970885717000655e+00,8.281841771428435095e+02
3.251249999999900098e+01,4.997980574490417105e+00,8.281841674540701206e+02
3.252499999999899671e+01,4.997990239052343853e+00,8.281841577895081628e+02
3.253749999999899956e+01,4.997999879463329798e+00,8.281841481490971546e+02
3.254999999999900240e+01,4.998009495783772849e+00,8.281841385327767284e+02
3.256249999999899813e+01,4.998019088073920813e+00,8.281841289404866302e+02
3.257499999999900098e+01,4.998028656393869618e+00,8.281841193721666059e+02
3.258749999999899671e+01,4.998038200803563313e+00,8.281841098277569699e+02
3.259999999999899956e+01,4.998047721362798512e+00,8.281841003071976957e+02
3.261249999999900240e+01,4.998057218131220836e+00,8.281840908104293248e+02
3.262499999999899813e+01,4.998066691168324027e+00,8.281840813373921719e+02
3.263749999999900098e+01,4.998076140533457945e+00,8.281840718880270060e+02
3.264999999999899671e+01,4.998085566285818793e+00,8.281840624622747100e+02
3.266249999999899956e+01,4.998094968484458001e+00,8.281840530600760530e+02
3.267499999999900240e+01,4.998104347188277785e+00,8.281840436813722590e+02
3.268749999999899813e+01,4.998113702456032037e+00,8.281840343261044382e+02
3.269999999999900098e+01,4.998123034346328097e+00,8.281840249942141554e+02
3.271249999999899671e+01,4.998132342917628534e+00,8.281840156856428621e+02
3.272499999999899956e+01,4.998141628228245814e+00,8.281840064003322368e+02
3.273749999999900240e+01,4.998150890336348517e+00,8.281839971382241856e+02
3.274999999999899813e+01,4.998160129299959564e+00,8.281839878992605009e+02
3.276249999999900098e+01,4.998169345176955325e+00,8.281839786833835433e+02
3.277499999999899671e+01,4.998178538025069173e+00,8.281839694905354463e+02
3.278749999999899956e+01,4.998187707901886156e+00,8.281839603206585707e+02
3.279999999999900240e+01,4.998196854864852767e+00,8.281839511736956183e+02
3.281249999999899813e+01,4.998205978971267172e+00,8.281839420495892909e+02
3.282499999999900098e+01,4.998215080278283651e+00,8.281839329482821768e+02
3.283749999999899671e+01,4.998224158842917930e+00,8.281839238697175460e+02
3.284999999999899956e+01,4.998233214722037410e+00,8.281839148138384417e+02
3.286249999999900240e+01,4.998242247972370933e+00,8.281839057805881339e+02
3.287499999999899813e+01,4.998251258650501683e+00,8.281838967699100067e+02
3.288749999999900098e+01,4.998260246812876062e+00,8.281838877817476714e+02
3.289999999999899671e+01,4.998269212515795701e+00,8.281838788160447393e+02
3.291249999999899956e+01,4.998278155815420121e+00,8.281838698727450492e+02
3.292499999999900240e+01,4.998287076767772064e+00,8.281838609517927807e+02
3.293749999999899813e+01,4.998295975428730387e+00,8.281838520531317727e+02
3.294999999999900098e+01,4.998304851854034503e+00,8.281838431767064321e+02
3.296249999999899671e+01,4.998313706099287046e+00,8.281838343224611663e+02
3.297499999999899956e+01,4.998322538219946765e+00,8.281838254903406096e+02
3.298749999999900240e+01,4.998331348271339181e+00,8.281838166802891692e+02
3.299999999999899813e+01,4.998340136308645043e+00,8.281838078922518207e+02
3.301249999999900098e+01,4.998348902386911874e+00,8.281837991261735397e+02
3.302499999999899671e+01,4.998357646561047751e+00,8.281837903819994153e+02
3.303749999999899956e+01,4.998366368885821309e+00,8.281837816596746507e+02
3.304999999999900240e+01,4.998375069415866179e+00,8.281837729591446760e+02
3.306249999999899813e+01,4.998383748205679211e+00,8.281837642803548079e+02
3.307499999999900098e+01,4.998392405309619591e+00,8.281837556232509314e+02
3.308749999999899671e+01,4.998401040781909721e+00,8.281837469877785907e+02
3.309999999999899956e+01,4.998409654676638780e+00,8.281837383738838980e+02
3.311249999999900240e+01,4.998418247047759166e+00,8.281837297815127386e+02
3.312499999999899813e+01,4.998426817949088274e+00,8.281837212106114521e+02
3.313749999999900098e+01,4.998435367434306720e+00,8.281837126611261510e+02
3.314999999999899671e+01,4.998443895556963668e+00,8.281837041330035163e+02
3.316249999999899956e+01,4.998452402370473280e+00,8.281836956261900013e+02
3.317499999999900240e+01,4.998460887928115604e+00,8.281836871406324008e+02
3.318749999999899813e+01,4.998469352283036571e+00,8.281836786762775091e+02
3.319999999999900098e+01,4.998477795488250663e+00,8.281836702330722346e+02
3.321249999999899671e+01,4.998486217596638248e+00,8.281836618109638266e+02
3.322499999999899956e+01,4.998494618660947353e+00,8.281836534098995344e+02
3.323749999999900240e+01,4.998502998733796332e+00,8.281836450298267209e+02
3.324999999999899813e+01,4.998511357867666760e+00,8.281836366706928629e+02
3.326249999999900098e+01,4.998519696114914979e+00,8.281836283324455508e+02
3.327499999999899671e+01,4.998528013527762326e+00,8.281836200150327159e+02
3.328749999999899956e+01,4.998536310158299578e+00,8.281836117184021759e+02
3.329999999999900240e+01,4.998544586058488726e+00,8.281836034425019761e+02
3.331249999999899813e+01,4.998552841280160308e+00,8.281835951872803889e+02
3.332499999999900098e+01,4.998561075875015192e+00,8.281835869526854594e+02
3.333749999999899671e+01,4.998569289894627232e+00,8.281835787386659149e+02
3.334999999999899956e+01,4.998577483390437948e+00,8.281835705451700278e+02
3.336249999999900240e+01,4.998585656413760958e+00,8.281835623721467528e+02
3.337499999999899813e+01,4.998593809015783762e+00,8.281835542195447033e+02
3.338749999999900098e+01,4.998601941247563296e+00,8.281835460873129477e+02
3.339999999999899671e+01,4.998610053160029487e+00,8.281835379754004407e+02
3.341249999999899956e+01,4.998618144803984364e+00,8.281835298837564778e+02
3.342499999999900240e+01,4.998626216230105612e+00,8.281835218123303548e+02
3.343749999999899813e+01,4.998634267488939464e+00,8.281835137610715947e+02
3.344999999999900098e+01,4.998642298630910474e+00,8.281835057299296068e+02
3.346249999999899671e+01,4.998650309706312633e+00,8.281834977188541416e+02
3.347499999999899956e+01,4.998658300765317364e+00,8.281834897277951768e+02
3.348749999999900240e+01,4.998666271857970855e+00,8.281834817567025766e+02
3.349999999999899813e+01,4.998674223034193176e+00,8.281834738055263188e+02
3.351249999999900098e+01,4.998682154343777384e+00,8.281834658742167221e+02
3.352499999999899671e+01,4.998690065836395746e+00,8.281834579627241055e+02
3.353749999999899956e+01,4.998697957561595295e+00,8.281834500709989015e+02
3.354999999999900240e+01,4.998705829568796943e+00,8.281834421989916564e+02
3.356249999999899813e+01,4.998713681907302586e+00,8.281834343466532573e+02
3.357499999999900098e+01,4.998721514626286222e+00,8.281834265139342506e+02
3.358749999999899671e+01,4.998729327774801057e+00,8.281834187007857508e+02
3.359999999999899956e+01,4.998737121401779504e+00,8.281834109071587591e+02
3.361249999999900240e+01,4.998744895556028744e+00,8.281834031330045036e+02
3.362499999999899813e+01,4.998752650286236943e+00,8.281833953782742128e+02
3.363749999999900098e+01,4.998760385640967030e+00,8.281833876429195698e+02
3.364999999999899671e+01,4.998768101668665587e+00,8.281833799268918028e+02
3.366249999999899956e+01,4.998775798417653959e+00,8.281833722301428224e+02
3.367499999999900240e+01,4.998783475936134479e+00,8.281833645526244254e+02
3.368749999999899813e+01,4.998791134272190462e+00,8.281833568942882948e+02
3.369999999999900098e+01,4.998798773473782653e+00,8.281833492550866822e+02
3.371249999999899671e+01,4.998806393588754560e+00,8.281833416349717254e+02
3.372499999999899956e+01,4.998813994664829785e+00,8.281833340338956759e+02
3.373749999999900240e+01,4.998821576749612028e+00,8.281833264518108990e+02
3.374999999999899813e+01,4.998829139890584194e+00,8.281833188886698736e+02
3.376249999999900098e+01,4.998836684135065767e+00,8.281833113444254195e+02
3.377499999999899671e+01,4.998844209530285632e+00,8.281833038190302432e+02
3.378749999999899956e+01,4.998851716123367872e+00,8.281832963124371645e+02
3.379999999999900240e+01,4.998859203961318443e+00,8.281832888245992308e+02
3.381249999999899813e+01,4.998866673091026058e+00,8.281832813554694894e+02
3.382499999999900098e+01,4.998874123559260418e+00,8.281832739050012151e+02
3.383749999999899671e+01,4.998881555412676647e+00,8.281832664731477962e+02
3.384999999999899956e+01,4.998888968697809077e+00,8.281832590598627348e+02
3.386249999999900240e+01,4.998896363461081016e+00,8.281832516650994194e+02
3.387499999999899813e+01,4.998903739748794095e+00,8.281832442888116930e+02
3.388749999999900098e+01,4.998911097607137144e+00,8.281832369309533988e+02
3.389999999999899671e+01,4.998918437082181754e+00,8.281832295914782662e+02
3.391249999999899956e+01,4.998925758219886717e+00,8.281832222703405932e+02
3.392499999999900240e+01,4.998933061066090922e+00,8.281832149674944503e+02
3.393749999999899813e+01,4.998940345666524010e+00,8.281832076828940217e+02
3.394999999999900098e+01,4.998947612066796609e+00,8.281832004164937189e+02
3.396249999999899671e+01,4.998954860312408321e+00,8.281831931682480672e+02
3.397499999999899956e+01,4.998962090448743290e+00,8.281831859381117056e+02
3.398749999999900240e+01,4.998969302521071967e+00,8.281831787260393867e+02
3.399999999999899813e+01,4.998976496574552897e+00,8.281831715319859768e+02
3.401249999999900098e+01,4.998983672654228272e+00,8.281831643559062286e+02
3.402499999999899671e+01,4.998990830805031926e+00,8.281831571977554631e+02
3.403749999999899956e+01,4.998997971071782231e+00,8.281831500574887741e+02
3.404999999999900240e+01,4.999005093499186536e+00,8.281831429350613689e+02
3.406249999999899813e+01,4.999012198131839391e+00,8.281831358304286823e+02
3.407499999999900098e+01,4.999019285014224323e+00,8.281831287435462627e+02
3.408749999999899671e+01,4.999026354190714727e+00,8.281831216743697723e+02
3.409999999999899956e+01,4.999033405705570310e+00,8.281831146228549869e+02
3.411249999999900240e+01,4.999040439602941532e+00,8.281831075889575686e+02
3.412499999999899813e+01,4.999047455926868722e+00,8.281831005726336343e+02
3.413749999999900098e+01,4.999054454721282070e+00,8.281830935738391872e+02
3.414999999999899671e+01,4.999061436029999861e+00,8.281830865925304579e+02
3.416249999999899956e+01,4.999068399896733794e+00,8.281830796286637906e+02
3.417499999999900240e+01,4.999075346365081884e+00,8.281830726821954158e+02
3.418749999999899813e+01,4.999082275478539117e+00,8.281830657530820190e+02
3.419999999999900098e+01,4.999089187280485902e+00,8.281830588412800580e+02
3.421249999999899671e+01,4.999096081814197845e+00,8.281830519467463319e+02
3.422499999999899956e+01,4.999102959122840417e+00,8.281830450694376395e+02
3.423749999999900240e+01,4.999109819249470732e+00,8.281830382093110074e+02
3.424999999999899813e+01,4.999116662237039321e+00,8.281830313663234620e+02
3.426249999999900098e+01,4.999123488128390136e+00,8.281830245404321431e+02
3.427499999999899671e+01,4.999130296966256992e+00,8.281830177315943047e+02
3.428749999999899956e+01,4.999137088793268902e+00,8.281830109397672004e+02
3.429999999999900240e+01,4.999143863651949182e+00,8.281830041649085388e+02
3.431249999999899813e+01,4.999150621584711907e+00,8.281829974069758009e+02
3.432499999999900098e+01,4.999157362633867230e+00,8.281829906659265816e+02
3.433749999999899671e+01,4.999164086841618726e+00,8.281829839417189305e+02
3.434999999999899956e+01,4.999170794250064276e+00,8.281829772343104423e+02
3.436249999999900240e+01,4.999177484901196067e+00,8.281829705436592803e+02
3.437499999999899813e+01,4.999184158836902370e+00,8.281829638697236078e+02
3.438749999999900098e+01,4.999190816098966650e+00,8.281829572124615879e+02
3.439999999999899671e+01,4.999197456729065792e+00,8.281829505718313840e+02
3.441249999999899956e+01,4.999204080768774539e+00,8.281829439477917276e+02
3.442499999999900240e+01,4.999210688259562829e+00,8.281829373403008958e+02
3.443749999999899813e+01,4.999217279242797574e+00,8.281829307493177339e+02
3.444999999999900098e+01,4.999223853759740877e+00,8.281829241748007462e+02
3.446249999999899671e+01,4.999230411851552702e+00,8.281829176167090054e+02
3.447499999999899956e+01,4.999236953559289987e+00,8.281829110750012433e+02
3.448749999999900240e+01,4.999243478923905748e+00,8.281829045496366462e+02
3.449999999999899813e+01,4.999249987986251753e+00,8.281828980405742868e+02
3.451249999999900098e+01,4.999256480787077628e+00,8.281828915477734654e+02
3.452499999999899671e+01,4.999262957367029969e+00,8.281828850711934820e+02
3.453749999999899956e+01,4.999269417766655010e+00,8.281828786107938640e+02
3.454999999999900240e+01,4.999275862026395956e+00,8.281828721665341391e+02
3.456249999999899813e+01,4.999282290186597422e+00,8.281828657383739483e+02
3.457499999999900098e+01,4.999288702287500996e+00,8.281828593262730465e+02
3.458749999999899671e+01,4.999295098369247015e+00,8.281828529301913022e+02
3.459999999999899956e+01,4.999301478471876337e+00,8.281828465500885841e+02
3.461249999999900240e+01,4.999307842635332122e+00,8.281828401859252153e+02
3.462499999999899813e+01,4.999314190899452726e+00,8.281828338376610645e+02
3.463749999999900098e+01,4.999320523303979691e+00,8.281828275052565687e+02
3.464999999999899671e+01,4.999326839888555085e+00,8.281828211886719373e+02
3.466249999999899956e+01,4.999333140692722388e+00,8.281828148878678348e+02
3.467499999999900240e+01,4.999339425755923827e+00,8.281828086028045846e+02
3.468749999999899813e+01,4.999345695117505706e+00,8.281828023334429645e+02
3.469999999999900098e+01,4.999351948816713076e+00,8.281827960797437527e+02
3.471249999999899671e+01,4.999358186892695954e+00,8.281827898416678408e+02
3.472499999999899956e+01,4.999364409384503105e+00,8.281827836191760071e+02
3.473749999999900240e+01,4.999370616331086481e+00,8.281827774122293704e+02
3.474999999999899813e+01,4.999376807771303888e+00,8.281827712207891636e+02
3.476249999999900098e+01,4.999382983743911879e+00,8.281827650448166196e+02
3.477499999999899671e+01,4.999389144287571085e+00,8.281827588842729710e+02
3.478749999999899956e+01,4.999395289440846213e+00,8.281827527391196782e+02
3.479999999999900240e+01,4.999401419242205158e+00,8.281827466093183148e+02
3.481249999999899813e+01,4.999407533730019004e+00,8.281827404948304547e+02
3.482499999999900098e+01,4.999413632942563801e+00,8.281827343956178993e+02
3.483749999999899671e+01,4.999419716918017897e+00,8.281827283116424496e+02
3.484999999999899956e+01,4.999425785694468161e+00,8.281827222428660207e+02
3.486249999999900240e+01,4.999431839309900205e+00,8.281827161892506410e+02
3.487499999999899813e+01,4.999437877802209940e+00,8.281827101507583393e+02
3.488749999999900098e+01,4.999443901209195573e+00,8.281827041273512577e+02
3.489999999999899671e+01,4.999449909568561168e+00,8.281826981189919934e+02
3.491249999999899956e+01,4.999455902917917527e+00,8.281826921256425749e+02
3.492499999999900240e+01,4.999461881294781307e+00,8.281826861472657129e+02
3.493749999999899813e+01,4.999467844736573241e+00,8.281826801838238907e+02
3.494999999999900098e+01,4.999473793280620804e+00,8.281826742352799329e+02
3.496249999999899671e+01,4.999479726964160875e+00,8.281826683015963226e+02
3.497499999999899956e+01,4.999485645824335300e+00,8.281826623827362255e+02
3.498749999999900240e+01,4.999491549898191778e+00,8.281826564786623521e+02
3.499999999999899813e+01,4.999497439222686523e+00,8.281826505893378680e+02
3.501249999999900098e+01,4.999503313834683382e+00,8.281826447147258250e+02
3.502499999999899671e+01,4.999509173770954717e+00,8.281826388547895021e+02
3.503749999999899956e+01,4.999515019068178745e+00,8.281826330094922923e+02
3.504999999999900240e+01,4.999520849762943087e+00,8.281826271787975884e+02
3.506249999999899813e+01,4.999526665891744770e+00,8.281826213626687831e+02
3.507499999999900098e+01,4.999532467490986676e+00,8.281826155610694968e+02
3.508749999999899671e+01,4.999538254596984643e+00,8.281826097739635770e+02
3.509999999999899956e+01,4.999544027245959477e+00,8.281826040013145303e+02
3.511249999999900240e+01,4.999549785474044050e+00,8.281825982430864315e+02
3.512499999999899813e+01,4.999555529317279756e+00,8.281825924992432419e+02
3.513749999999900098e+01,4.999561258811619169e+00,8.281825867697489230e+02
3.514999999999899671e+01,4.999566973992921604e+00,8.281825810545675495e+02
3.516249999999899956e+01,4.999572674896960223e+00,8.281825753536635375e+02
3.517499999999900240e+01,4.999578361559416706e+00,8.281825696670010757e+02
3.518749999999899813e+01,4.999584034015884804e+00,8.281825639945445801e+02
3.519999999999900098e+01,4.999589692301867672e+00,8.281825583362586940e+02
3.521249999999899671e+01,4.999595336452779648e+00,8.281825526921077198e+02
3.522499999999899956e+01,4.999600966503948918e+00,8.281825470620565284e+02
3.523749999999900240e+01,4.999606582490612183e+00,8.281825414460698767e+02
3.524999999999899813e+01,4.999612184447919105e+00,8.281825358441126355e+02
3.526249999999900098e+01,4.999617772410932304e+00,8.281825302561495619e+02
3.527499999999899671e+01,4.999623346414624692e+00,8.281825246821458677e+02
3.528749999999899956e+01,4.999628906493883918e+00,8.281825191220666511e+02
3.529999999999900240e+01,4.999634452683510588e+00,8.281825135758770102e+02
3.531249999999899813e+01,4.999639985018213828e+00,8.281825080435422706e+02
3.532499999999900098e+01,4.999645503532621049e+00,8.281825025250278713e+02
3.533749999999899671e+01,4.999651008261270846e+00,8.281824970202992517e+02
3.534999999999899956e+01,4.999656499238616547e+00,8.281824915293218510e+02
3.536249999999900240e+01,4.999661976499021776e+00,8.281824860520614493e+02
3.537499999999899813e+01,4.999667440076768443e+00,8.281824805884837133e+02
3.538749999999900098e+01,4.999672890006051418e+00,8.281824751385544232e+02
3.539999999999899671e+01,4.999678326320978528e+00,8.281824697022394730e+02
3.541249999999899956e+01,4.999683749055574111e+00,8.281824642795049840e+02
3.542499999999900240e+01,4.999689158243776355e+00,8.281824588703167365e+02
3.543749999999899813e+01,4.999694553919439954e+00,8.281824534746410791e+02
3.544999999999900098e+01,4.999699936116331678e+00,8.281824480924441332e+02
3.546249999999999858e+01,4.999705304868138356e+00,8.281824427236923611e+02
3.547500000000000142e+01,4.999710660208458890e+00,8.281824373683519980e+02
3.548749999999999716e+01,4.999716002170810469e+00,8.281824320263897334e+02
3.550000000000000000e+01,4.999721330788625018e+00,8.281824266977719162e+02
3.551250000000000284e+01,4.999726646095250970e+00,8.281824213824652361e+02
3.552499999999999858e+01,4.999731948123955050e+00,8.281824160804364965e+02
3.553750000000000142e+01,4.999737236907918714e+00,8.281824107916526145e+02
3.554999999999999716e+01,4.999742512480242596e+00,8.281824055160802800e+02
3.556250000000000000e+01,4.999747774873941175e+00,8.281824002536865237e+02
3.557500000000000284e+01,4.999753024121950773e+00,8.281823950044386038e+02
3.558749999999999858e+01,4.999758260257122444e+00,8.281823897683034374e+02
3.560000000000000142e+01,4.999763483312225532e+00,8.281823845452482828e+02
3.561249999999999716e+01,4.999768693319950330e+00,8.281823793352405119e+02
3.562500000000000000e+01,4.999773890312899205e+00,8.281823741382476101e+02
3.563750000000000284e+01,4.999779074323599914e+00,8.281823689542369493e+02
3.564999999999999858e+01,4.999784245384494952e+00,8.281823637831760152e+02
3.566250000000000142e+01,4.999789403527947762e+00,8.281823586250325206e+02
3.567499999999999716e+01,4.999794548786239190e+00,8.281823534797742923e+02
3.568750000000000000e+01,4.999799681191570144e+00,8.281823483473689294e+02
3.570000000000000284e+01,4.999804800776062486e+00,8.281823432277844859e+02
3.571249999999999858e+01,4.999809907571755474e+00,8.281823381209887884e+02
3.572500000000000142e+01,4.999815001610610210e+00,8.281823330269498911e+02
3.573749999999999716e+01,4.999820082924507858e+00,8.281823279456359614e+02
3.575000000000000000e+01,4.999825151545249646e+00,8.281823228770152809e+02
3.576250000000000284e+01,4.999830207504556867e+00,8.281823178210559036e+02
3.577499999999999858e+01,4.999835250834072653e+00,8.281823127777264517e+02
3.578750000000000142e+01,4.999840281565361977e+00,8.281823077469950931e+02
3.579999999999999716e+01,4.999845299729907211e+00,8.281823027288305639e+02
3.581250000000000000e+01,4.999850305359117897e+00,8.281822977232013727e+02
3.582500000000000284e+01,4.999855298484320087e+00,8.281822927300761421e+02
3.583749999999999858e+01,4.999860279136765229e+00,8.281822877494237218e+02
3.585000000000000142e+01,4.999865247347626607e+00,8.281822827812128480e+02
3.586249999999999716e+01,4.999870203147995795e+00,8.281822778254124842e+02
3.587500000000000000e+01,4.999875146568893314e+00,8.281822728819915937e+02
3.588750000000000284e+01,4.999880077641257969e+00,8.281822679509192540e+02
3.589999999999999858e+01,4.999884996395952186e+00,8.281822630321645420e+02
3.591250000000000142e+01,4.999889902863762003e+00,8.281822581256967624e+02
3.592499999999999716e+01,4.999894797075397079e+00,8.281822532314851060e+02
3.593750000000000000e+01,4.999899679061490687e+00,8.281822483494989910e+02
3.595000000000000284e+01,4.999904548852598829e+00,8.281822434797079495e+02
3.596249999999999858e+01,4.999909406479167373e+00,8.281822386220812859e+02
3.597500000000000142e+01,4.999914251971576462e+00,8.281822337765888733e+02
3.598749999999999716e+01,4.999919085360147619e+00,8.281822289432003572e+02
3.600000000000000000e+01,4.999923906675130425e+00,8.281822241218853833e+02
3.601250000000000284e+01,4.999928715946694524e+00,8.281822193126138245e+02
3.602499999999999858e+01,4.999933513204936730e+00,8.281822145153555539e+02
3.603750000000000142e+01,4.999938298479877474e+00,8.281822097300806718e+02
3.604999999999999716e+01,4.999943071801462580e+00,8.281822049567590511e+02
3.606250000000000000e+01,4.999947833199561487e+00,8.281822001953609060e+02
3.607500000000000284e+01,4.999952582703972581e+00,8.281821954458565642e+02
3.608749999999999858e+01,4.999957320344414313e+00,8.281821907082161260e+02
3.610000000000000142e+01,4.999962046150535855e+00,8.281821859824099192e+02
3.611249999999999716e+01,4.999966760151908218e+00,8.281821812684086126e+02
3.612500000000000000e+01,4.999971462378029585e+00,8.281821765661824202e+02
3.613750000000000284e+01,4.999976152858327083e+00,8.281821718757021245e+02
3.614999999999999858e+01,4.999980831622149680e+00,8.281821671969383942e+02
3.616250000000000142e+01,4.999985498698777064e+00,8.281821625298616709e+02
3.617499999999999716e+01,4.999990154117412544e+00,8.281821578744430781e+02
3.618750000000000000e+01,4.999994797907188371e+00,8.281821532306532845e+02
3.620000000000000284e+01,4.999999430097162190e+00,8.281821485984633000e+02
3.621249999999999858e+01,5.000004050716320592e+00,8.281821439778441345e+02
3.622500000000000142e+01,5.000008659793576449e+00,8.281821393687669115e+02
3.623749999999999716e+01,5.000013257357771579e+00,8.281821347712027546e+02
3.625000000000000000e+01,5.000017843437674081e+00,8.281821301851227872e+02
3.626250000000000284e+01,5.000022418061981888e+00,8.281821256104984741e+02
3.627499999999999858e+01,5.000026981259319214e+00,8.281821210473011661e+02
3.628750000000000142e+01,5.000031533058240107e+00,8.281821164955022141e+02
3.629999999999999716e+01,5.000036073487226673e+00,8.281821119550733101e+02
3.631250000000000000e+01,5.000040602574690851e+00,8.281821074259858051e+02
3.632500000000000284e+01,5.000045120348970862e+00,8.281821029082115047e+02
3.633749999999999858e+01,5.000049626838337424e+00,8.281820984017222145e+02
3.635000000000000142e+01,5.000054122070987539e+00,8.281820939064895128e+02
3.636249999999999716e+01,5.000058606075049816e+00,8.281820894224854328e+02
3.637500000000000000e+01,5.000063078878582701e+00,8.281820849496818937e+02
3.638750000000000284e+01,5.000067540509571806e+00,8.281820804880509286e+02
3.639999999999999858e+01,5.000071990995935245e+00,8.281820760375645705e+02
3.641250000000000142e+01,5.000076430365520075e+00,8.281820715981949661e+02
3.642499999999999716e+01,5.000080858646105852e+00,8.281820671699143759e+02
3.643750000000000000e+01,5.000085275865400192e+00,8.281820627526950602e+02
3.645000000000000284e+01,5.000089682051042317e+00,8.281820583465095069e+02
3.646249999999999858e+01,5.000094077230602174e+00,8.281820539513298627e+02
3.647500000000000142e+01,5.000098461431581320e+00,8.281820495671289564e+02
3.648749999999999716e+01,5.000102834681412034e+00,8.281820451938790484e+02
3.650000000000000000e+01,5.000107197007459092e+00,8.281820408315530813e+02
3.651250000000000284e+01,5.000111548437016218e+00,8.281820364801235428e+02
3.652499999999999858e+01,5.000115888997312297e+00,8.281820321395631481e+02
3.653750000000000142e+01,5.000120218715506049e+00,8.281820278098449535e+02
3.654999999999999716e+01,5.000124537618689580e+00,8.281820234909417877e+02
3.656250000000000000e+01,5.000128845733884830e+00,8.281820191828265934e+02
3.657500000000000284e+01,5.000133143088048016e+00,8.281820148854724266e+02
3.658749999999999858e+01,5.000137429708069625e+00,8.281820105988524574e+02
3.660000000000000142e+01,5.000141705620769095e+00,8.281820063229397419e+02
3.661249999999999716e+01,5.000145970852901911e+00,8.281820020577075638e+02
3.662500000000000000e+01,5.000150225431156059e+00,8.281819978031293203e+02
3.663750000000000284e+01,5.000154469382150246e+00,8.281819935591784088e+02
3.664999999999999858e+01,5.000158702732441007e+00,8.281819893258281127e+02
3.666250000000000142e+01,5.000162925508515599e+00,8.281819851030519430e+02
3.667499999999999716e+01,5.000167137736794665e+00,8.281819808908237519e+02
3.668750000000000000e+01,5.000171339443634899e+00,8.281819766891168229e+02
3.670000000000000284e+01,5.000175530655326384e+00,8.281819724979052353e+02
3.671249999999999858e+01,5.000179711398091698e+00,8.281819683171623865e+02
3.672500000000000142e+01,5.000183881698090360e+00,8.281819641468624695e+02
3.673749999999999716e+01,5.000188041581415277e+00,8.281819599869791091e+02
3.675000000000000000e+01,5.000192191074093628e+00,8.281819558374863846e+02
3.676250000000000284e+01,5.000196330202089534e+00,8.281819516983583753e+02
3.677499999999999858e+01,5.000200458991299612e+00,8.281819475695691608e+02
3.678750000000000142e+01,5.000204577467558309e+00,8.281819434510929341e+02
3.679999999999999716e+01,5.000208685656632568e+00,8.281819393429038882e+02
3.681250000000000000e+01,5.000212783584228049e+00,8.281819352449763301e+02
3.682500000000000284e+01,5.000216871275983799e+00,8.281819311572845663e+02
3.683749999999999858e+01,5.000220948757475803e+00,8.281819270798030175e+02
3.685000000000000142e+01,5.000225016054216987e+00,8.281819230125063314e+02
3.686249999999999716e+01,5.000229073191652773e+00,8.281819189553688147e+02
3.687500000000000000e+01,5.000233120195170855e+00,8.281819149083653429e+02
3.688750000000000284e+01,5.000237157090089646e+00,8.281819108714704498e+02
3.689999999999999858e+01,5.000241183901668052e+00,8.281819068446587835e+02
3.691250000000000142e+01,5.000245200655100142e+00,8.281819028279054464e+02
3.692499999999999716e+01,5.000249207375518701e+00,8.281818988211849728e+02
3.693750000000000000e+01,5.000253204087990788e+00,8.281818948244724652e+02
3.695000000000000284e+01,5.000257190817523067e+00,8.281818908377430262e+02
3.696249999999999858e+01,5.000261167589060030e+00,8.281818868609714173e+02
3.697500000000000142e+01,5.000265134427481328e+00,8.281818828941329684e+02
3.698749999999999716e+01,5.000269091357607110e+00,8.281818789372028959e+02
3.700000000000000000e+01,5.000273038404193571e+00,8.281818749901563024e+02
3.701250000000000284e+01,5.000276975591935624e+00,8.281818710529685177e+02
3.702499999999999858e+01,5.000280902945466899e+00,8.281818671256149855e+02
3.703750000000000142e+01,5.000284820489358850e+00,8.281818632080711495e+02
3.704999999999999716e+01,5.000288728248122538e+00,8.281818593003123397e+02
3.706250000000000000e+01,5.000292626246205074e+00,8.281818554023143406e+02
3.707500000000000284e+01,5.000296514507996726e+00,8.281818515140524823e+02
3.708749999999999858e+01,5.000300393057822035e+00,8.281818476355026633e+02
3.710000000000000142e+01,5.000304261919947812e+00,8.281818437666405543e+02
3.711249999999999716e+01,5.000308121118579585e+00,8.281818399074419403e+02
3.712500000000000000e+01,5.000311970677862483e+00,8.281818360578826059e+02
3.713750000000000284e+01,5.000315810621879464e+00,8.281818322179386769e+02
3.714999999999999858e+01,5.000319640974656643e+00,8.281818283875858242e+02
3.716250000000000142e+01,5.000323461760156185e+00,8.281818245668004010e+02
3.717499999999999716e+01,5.000327273002283412e+00,8.281818207555581921e+02
3.718750000000000000e+01,5.000331074724883251e+00,8.281818169538356642e+02
3.720000000000000284e+01,5.000334866951738455e+00,8.281818131616087157e+02
3.721249999999999858e+01,5.000338649706575822e+00,8.281818093788539272e+02
3.722500000000000142e+01,5.000342423013060866e+00,8.281818056055474244e+02
3.723749999999999716e+01,5.000346186894800482e+00,8.281818018416656741e+02
3.725000000000000000e+01,5.000349941375342055e+00,8.281817980871851432e+02
3.726250000000000284e+01,5.000353686478174353e+00,8.281817943420822985e+02
3.727499999999999858e+01,5.000357422226728410e+00,8.281817906063337205e+02
3.728750000000000142e+01,5.000361148644373976e+00,8.281817868799161033e+02
3.729999999999999716e+01,5.000364865754425736e+00,8.281817831628060276e+02
3.731250000000000000e+01,5.000368573580137088e+00,8.281817794549804148e+02
3.732500000000000284e+01,5.000372272144705477e+00,8.281817757564158455e+02
3.733749999999999858e+01,5.000375961471268837e+00,8.281817720670892413e+02
3.735000000000000142e+01,5.000379641582908263e+00,8.281817683869776374e+02
3.736249999999999716e+01,5.000383312502646227e+00,8.281817647160578417e+02
3.737500000000000000e+01,5.000386974253448358e+00,8.281817610543070032e+02
3.738750000000000284e+01,5.000390626858222554e+00,8.281817574017022707e+02
3.739999999999999858e+01,5.000394270339818981e+00,8.281817537582206796e+02
3.741250000000000142e+01,5.000397904721031850e+00,8.281817501238394925e+02
3.742499999999999716e+01,5.000401530024597641e+00,8.281817464985358583e+02
3.743750000000000000e+01,5.000405146273195101e+00,8.281817428822872671e+02
3.745000000000000284e+01,5.000408753489447022e+00,8.281817392750710951e+02
3.746249999999999858e+01,5.000412351695920243e+00,8.281817356768646050e+02
3.747500000000000142e+01,5.000415940915124757e+00,8.281817320876454005e+02
3.748749999999999716e+01,5.000419521169513715e+00,8.281817285073909716e+02
3.750000000000000000e+01,5.000423092481485199e+00,8.281817249360790356e+02
3.751250000000000284e+01,5.000426654873379562e+00,8.281817213736870826e+02
3.752499999999999858e+01,5.000430208367482976e+00,8.281817178201930574e+02
3.753750000000000142e+01,5.000433752986024771e+00,8.281817142755744499e+02
3.754999999999999716e+01,5.000437288751180098e+00,8.281817107398093185e+02
3.756250000000000000e+01,5.000440815685066376e+00,8.281817072128754944e+02
3.757500000000000284e+01,5.000444333809747732e+00,8.281817036947508086e+02
3.758749999999999858e+01,5.000447843147232341e+00,8.281817001854133196e+02
3.760000000000000142e+01,5.000451343719473307e+00,8.281816966848410857e+02
3.761249999999999716e+01,5.000454835548368671e+00,8.281816931930121655e+02
3.762500000000000000e+01,5.000458318655763179e+00,8.281816897099047310e+02
3.763750000000000284e+01,5.000461793063444738e+00,8.281816862354970681e+02
3.764999999999999858e+01,5.000465258793147960e+00,8.281816827697673489e+02
3.766250000000000142e+01,5.000468715866553282e+00,8.281816793126939729e+02
3.767499999999999716e+01,5.000472164305286071e+00,8.281816758642552259e+02
3.768750000000000000e+01,5.000475604130919294e+00,8.281816724244296211e+02
3.770000000000000284e+01,5.000479035364969960e+00,8.281816689931955580e+02
3.771249999999999858e+01,5.000482458028902677e+00,8.281816655705315497e+02
3.772500000000000142e+01,5.000485872144127875e+00,8.281816621564163370e+02
3.773749999999999716e+01,5.000489277732002691e+00,8.281816587508285465e+02
3.775000000000000000e+01,5.000492674813830973e+00,8.281816553537466916e+02
3.776250000000000284e+01,5.000496063410862391e+00,8.281816519651496264e+02
3.777499999999999858e+01,5.000499443544295097e+00,8.281816485850162053e+02
3.778750000000000142e+01,5.000502815235273069e+00,8.281816452133252824e+02
3.779999999999999716e+01,5.000506178504887878e+00,8.281816418500555983e+02
3.781250000000000000e+01,5.000509533374178694e+00,8.281816384951863483e+02
3.782500000000000284e+01,5.000512879864130511e+00,8.281816351486963868e+02
3.783749999999999858e+01,5.000516217995678581e+00,8.281816318105647952e+02
3.785000000000000142e+01,5.000519547789703978e+00,8.281816284807707689e+02
3.786249999999999716e+01,5.000522869267037152e+00,8.281816251592935032e+02
3.787500000000000000e+01,5.000526182448453483e+00,8.281816218461120798e+02
3.788750000000000284e+01,5.000529487354679503e+00,8.281816185412058076e+02
3.789999999999999858e+01,5.000532784006389342e+00,8.281816152445541093e+02
3.791250000000000142e+01,5.000536072424205614e+00,8.281816119561362939e+02
3.792499999999999716e+01,5.000539352628697642e+00,8.281816086759317841e+02
3.793750000000000000e+01,5.000542624640385903e+00,8.281816054039201163e+02
3.795000000000000284e+01,5.000545888479737577e+00,8.281816021400807131e+02
3.796249999999999858e+01,5.000549144167170112e+00,8.281815988843933383e+02
3.797500000000000142e+01,5.000552391723050327e+00,8.281815956368374145e+02
3.798749999999999716e+01,5.000555631167693527e+00,8.281815923973928193e+02
3.800000000000000000e+01,5.000558862521363501e+00,8.281815891660390889e+02
3.801250000000000284e+01,5.000562085804275192e+00,8.281815859427562145e+02
3.802499999999999858e+01,5.000565301036592025e+00,8.281815827275239599e+02
3.803750000000000142e+01,5.000568508238426801e+00,8.281815795203220887e+02
3.804999999999999716e+01,5.000571707429843471e+00,8.281815763211307058e+02
3.806250000000000000e+01,5.000574898630856246e+00,8.281815731299296885e+02
3.807500000000000284e+01,5.000578081861426938e+00,8.281815699466990282e+02
3.808749999999999858e+01,5.000581257141470282e+00,8.281815667714190567e+02
3.810000000000000142e+01,5.000584424490850388e+00,8.281815636040696518e+02
3.811249999999999716e+01,5.000587583929381630e+00,8.281815604446311454e+02
3.812500000000000000e+01,5.000590735476828641e+00,8.281815572930836424e+02
3.813750000000000284e+01,5.000593879152908094e+00,8.281815541494075887e+02
3.814999999999999858e+01,5.000597014977287813e+00,8.281815510135832028e+02
3.816250000000000142e+01,5.000600142969584994e+00,8.281815478855909305e+02
3.817499999999999716e+01,5.000603263149367983e+00,8.281815447654111040e+02
3.818750000000000000e+01,5.000606375536158943e+00,8.281815416530243965e+02
3.820000000000000284e+01,5.000609480149429409e+00,8.281815385484110266e+02
3.821249999999999858e+01,5.000612577008602955e+00,8.281815354515518948e+02
3.822500000000000142e+01,5.000615666133054305e+00,8.281815323624274470e+02
3.823749999999999716e+01,5.000618747542111109e+00,8.281815292810183564e+02
3.825000000000000000e+01,5.000621821255053057e+00,8.281815262073054100e+02
3.826250000000000284e+01,5.000624887291110099e+00,8.281815231412693947e+02
3.827499999999999858e+01,5.000627945669462449e+00,8.281815200828910974e+02
3.828750000000000142e+01,5.000630996409209494e+00,8.281815170321513051e+02
3.829999999999999716e+01,5.000634039529428421e+00,8.281815139890310320e+02
3.831250000000000000e+01,5.000637075049154667e+00,8.281815109535114061e+02
3.832500000000000284e+01,5.000640102987374824e+00,8.281815079255731007e+02
3.833749999999999858e+01,5.000643123363031073e+00,8.281815049051974711e+02
3.835000000000000142e+01,5.000646136195014968e+00,8.281815018923655316e+02
3.836249999999999716e+01,5.000649141502171879e+00,8.281814988870582965e+02
3.837500000000000000e+01,5.000652139303300103e+00,8.281814958892572349e+02
3.838750000000000284e+01,5.000655129617152639e+00,8.281814928989433611e+02
3.839999999999999858e+01,5.000658112462432747e+00,8.281814899160980303e+02
3.841250000000000142e+01,5.000661087857799281e+00,8.281814869407027118e+02
3.842499999999999716e+01,5.000664055821862242e+00,8.281814839727386470e+02
3.843750000000000000e+01,5.000667016373187224e+00,8.281814810121873052e+02
3.845000000000000284e+01,5.000669969530292747e+00,8.281814780590302689e+02
3.846249999999999858e+01,5.000672915311650257e+00,8.281814751132488936e+02
3.847500000000000142e+01,5.000675853735685017e+00,8.281814721748248758e+02
3.848749999999999716e+01,5.000678784820777878e+00,8.281814692437396843e+02
3.850000000000000000e+01,5.000681708585262619e+00,8.281814663199752431e+02
3.851250000000000284e+01,5.000684625047425946e+00,8.281814634035131348e+02
3.852499999999999858e+01,5.000687534225511932e+00,8.281814604943349423e+02
3.853750000000000142e+01,5.000690436137716688e+00,8.281814575924228166e+02
3.854999999999999716e+01,5.000693330802190140e+00,8.281814546977583404e+02
3.856250000000000000e+01,5.000696218237040469e+00,8.281814518103234377e+02
3.857500000000000284e+01,5.000699098460326120e+00,8.281814489301001458e+02
3.858749999999999858e+01,5.000701971490063791e+00,8.281814460570703886e+02
3.860000000000000142e+01,5.000704837344223108e+00,8.281814431912163172e+02
3.861249999999999716e+01,5.000707696040731065e+00,8.281814403325197418e+02
3.862500000000000000e+01,5.000710547597466693e+00,8.281814374809630408e+02
3.863750000000000284e+01,5.000713392032266391e+00,8.281814346365282518e+02
3.864999999999999858e+01,5.000716229362923038e+00,8.281814317991975258e+02
3.866250000000000142e+01,5.000719059607181549e+00,8.281814289689533553e+02
3.867499999999999716e+01,5.000721882782746874e+00,8.281814261457777775e+02
3.868750000000000000e+01,5.000724698907275112e+00,8.281814233296532848e+02
3.870000000000000284e+01,5.000727507998382393e+00,8.281814205205621420e+02
3.871249999999999858e+01,5.000730310073637774e+00,8.281814177184868413e+02
3.872500000000000142e+01,5.000733105150568569e+00,8.281814149234099887e+02
3.873749999999999716e+01,5.000735893246655905e+00,8.281814121353138489e+02
3.875000000000000000e+01,5.000738674379340942e+00,8.281814093541811417e+02
3.876250000000000284e+01,5.000741448566016878e+00,8.281814065799944728e+02
3.877499999999999858e+01,5.000744215824036054e+00,8.281814038127364483e+02
3.878750000000000142e+01,5.000746976170707292e+00,8.281814010523897878e+02
3.879999999999999716e+01,5.000749729623295892e+00,8.281813982989372107e+02
3.881250000000000000e+01,5.000752476199023633e+00,8.281813955523614368e+02
3.882500000000000284e+01,5.000755215915069662e+00,8.281813928126454130e+02
3.883749999999999858e+01,5.000757948788569607e+00,8.281813900797719725e+02
3.885000000000000142e+01,5.000760674836617348e+00,8.281813873537238351e+02
3.886249999999999716e+01,5.000763394076263246e+00,8.281813846344842887e+02
3.887500000000000000e+01,5.000766106524515919e+00,8.281813819220359392e+02
3.888750000000000284e+01,5.000768812198339575e+00,8.281813792163621883e+02
3.889999999999999858e+01,5.000771511114657564e+00,8.281813765174458695e+02
3.891250000000000142e+01,5.000774203290350606e+00,8.281813738252701569e+02
3.892499999999999716e+01,5.000776888742258564e+00,8.281813711398182249e+02
3.893750000000000000e+01,5.000779567487176003e+00,8.281813684610733617e+02
3.895000000000000284e+01,5.000782239541858409e+00,8.281813657890186278e+02
3.896249999999999858e+01,5.000784904923018637e+00,8.281813631236375386e+02
3.897500000000000142e+01,5.000787563647327794e+00,8.281813604649131548e+02
3.898749999999999716e+01,5.000790215731413468e+00,8.281813578128291056e+02
3.900000000000000000e+01,5.000792861191865057e+00,8.281813551673686788e+02
3.901250000000000284e+01,5.000795500045228437e+00,8.281813525285152764e+02
3.902499999999999858e+01,5.000798132308007737e+00,8.281813498962525273e+02
3.903750000000000142e+01,5.000800757996667123e+00,8.281813472705638333e+02
3.904999999999999716e+01,5.000803377127629012e+00,8.281813446514328234e+02
3.906250000000000000e+01,5.000805989717274969e+00,8.281813420388432405e+02
3.907500000000000284e+01,5.000808595781944810e+00,8.281813394327786000e+02
3.908749999999999858e+01,5.000811195337938386e+00,8.281813368332225309e+02
3.910000000000000142e+01,5.000813788401514692e+00,8.281813342401590035e+02
3.911249999999999716e+01,5.000816374988892754e+00,8.281813316535716467e+02
3.912500000000000000e+01,5.000818955116249853e+00,8.281813290734442035e+02
3.913750000000000284e+01,5.000821528799722415e+00,8.281813264997607575e+02
3.914999999999999858e+01,5.000824096055408674e+00,8.281813239325050517e+02
3.916250000000000142e+01,5.000826656899365119e+00,8.281813213716611699e+02
3.917499999999999716e+01,5.000829211347607384e+00,8.281813188172128548e+02
3.918750000000000000e+01,5.000831759416112909e+00,8.281813162691444177e+02
3.920000000000000284e+01,5.000834301120818282e+00,8.281813137274397150e+02
3.921249999999999858e+01,5.000836836477620118e+00,8.281813111920828305e+02
3.922500000000000142e+01,5.000839365502375955e+00,8.281813086630580756e+02
3.923749999999999716e+01,5.000841888210902475e+00,8.281813061403496476e+02
3.925000000000000000e+01,5.000844404618979055e+00,8.281813036239415169e+02
3.926250000000000284e+01,5.000846914742342442e+00,8.281813011138181082e+02
3.927499999999999858e+01,5.000849418596692963e+00,8.281812986099638465e+02
3.928750000000000142e+01,5.000851916197690095e+00,8.281812961123628156e+02
3.929999999999999716e+01,5.000854407560954229e+00,8.281812936209995542e+02
3.931250000000000000e+01,5.000856892702067569e+00,8.281812911358584870e+02
3.932500000000000284e+01,5.000859371636573236e+00,8.281812886569239254e+02
3.933749999999999858e+01,5.000861844379975274e+00,8.281812861841805216e+02
3.935000000000000142e+01,5.000864310947737756e+00,8.281812837176128141e+02
3.936249999999999716e+01,5.000866771355288343e+00,8.281812812572052280e+02
3.937500000000000000e+01,5.000869225618014724e+00,8.281812788029425292e+02
3.938750000000000284e+01,5.000871673751266400e+00,8.281812763548092562e+02
3.939999999999999858e+01,5.000874115770354678e+00,8.281812739127901750e+02
3.941250000000000142e+01,5.000876551690551786e+00,8.281812714768699379e+02
3.942499999999999716e+01,5.000878981527093536e+00,8.281812690470334246e+02
3.943750000000000000e+01,5.000881405295175774e+00,8.281812666232652873e+02
3.945000000000000284e+01,5.000883823009957929e+00,8.281812642055505194e+02
3.946249999999999858e+01,5.000886234686559462e+00,8.281812617938740004e+02
3.947500000000000142e+01,5.000888640340065194e+00,8.281812593882204965e+02
3.948749999999999716e+01,5.000891039985519093e+00,8.281812569885750008e+02
3.950000000000000000e+01,5.000893433637929597e+00,8.281812545949226205e+02
3.951250000000000284e+01,5.000895821312266065e+00,8.281812522072482352e+02
3.952499999999999858e+01,5.000898203023462329e+00,8.281812498255370656e+02
3.953750000000000142e+01,5.000900578786413142e+00,8.281812474497741050e+02
3.954999999999999716e+01,5.000902948615976840e+00,8.281812450799445742e+02
3.956250000000000000e+01,5.000905312526974456e+00,8.281812427160335801e+02
3.957500000000000284e+01,5.000907670534191496e+00,8.281812403580263435e+02
3.958749999999999858e+01,5.000910022652372611e+00,8.281812380059080851e+02
3.960000000000000142e+01,5.000912368896230475e+00,8.281812356596642530e+02
3.961249999999999716e+01,5.000914709280436909e+00,8.281812333192800679e+02
3.962500000000000000e+01,5.000917043819629981e+00,8.281812309847408642e+02
3.963750000000000284e+01,5.000919372528409568e+00,8.281812286560320899e+02
3.964999999999999858e+01,5.000921695421339130e+00,8.281812263331391932e+02
3.966250000000000142e+01,5.000924012512946604e+00,8.281812240160475085e+02
3.967499999999999716e+01,5.000926323817722619e+00,8.281812217047428248e+02
3.968750000000000000e+01,5.000928629350123167e+00,8.281812193992103630e+02
3.970000000000000284e+01,5.000930929124565161e+00,8.281812170994359121e+02
3.971249999999999858e+01,5.000933223155433538e+00,8.281812148054050340e+02
3.972500000000000142e+01,5.000935511457074156e+00,8.281812125171034040e+02
3.973749999999999716e+01,5.000937794043798235e+00,8.281812102345166977e+02
3.975000000000000000e+01,5.000940070929880577e+00,8.281812079576305905e+02
3.976250000000000284e+01,5.000942342129562235e+00,8.281812056864309852e+02
3.977499999999999858e+01,5.000944607657045182e+00,8.281812034209034437e+02
3.978750000000000142e+01,5.000946867526499418e+00,8.281812011610339823e+02
3.979999999999999716e+01,5.000949121752058524e+00,8.281811989068083903e+02
3.981250000000000000e+01,5.000951370347818781e+00,8.281811966582126843e+02
3.982500000000000284e+01,5.000953613327844494e+00,8.281811944152326532e+02
3.983749999999999858e+01,5.000955850706162664e+00,8.281811921778543137e+02
3.985000000000000142e+01,5.000958082496765655e+00,8.281811899460637960e+02
3.986250000000099902e+01,5.000960308713612079e+00,8.281811877198468892e+02
3.987500000000100187e+01,5.000962529370624132e+00,8.281811854991898372e+02
3.988750000000099760e+01,5.000964744481688484e+00,8.281811832840787702e+02
3.990000000000100044e+01,5.000966954060660719e+00,8.281811810744998184e+02
3.991250000000100329e+01,5.000969158121359115e+00,8.281811788704391120e+02
3.992500000000099902e+01,5.000971356677566426e+00,8.281811766718828949e+02
3.993750000000100187e+01,5.000973549743035207e+00,8.281811744788175247e+02
3.995000000000099760e+01,5.000975737331478044e+00,8.281811722912290179e+02
3.996250000000100044e+01,5.000977919456579102e+00,8.281811701091039595e+02
3.997500000000100329e+01,5.000980096131984354e+00,8.281811679324284796e+02
3.998750000000099902e+01,5.000982267371306023e+00,8.281811657611891633e+02
4.000000000000000000e+01,5.000984433188125244e+00,8.281811635953723680e+02
