time,aq_si,solid_si
0.000000000000000000e+00,1.000000000000000000e+01,8.321821480285605048e+02
1.250000000000000069e-02,9.991330098548015570e+00,8.321908179300124857e+02
2.500000000000000139e-02,9.982671046107752133e+00,8.321994769824527793e+02
3.749999999999999861e-02,9.974022838488426856e+00,8.322081251900721099e+02
5.000000000000000278e-02,9.965385471485490143e+00,8.322167625570749578e+02
6.250000000000000000e-02,9.956758940880625630e+00,8.322253890876799005e+02
7.499999999999999722e-02,9.948143242441744860e+00,8.322340047861187031e+02
8.749999999999999445e-02,9.939538371922990834e+00,8.322426096566375691e+02
1.000000000000000056e-01,9.930944325064734457e+00,8.322512037034957757e+02
1.125000000000000028e-01,9.922361097593576318e+00,8.322597869309669250e+02
1.250000000000000000e-01,9.913788685222353791e+00,8.322683593433381475e+02
1.375000000000000111e-01,9.905227083650128606e+00,8.322769209449103300e+02
1.499999999999999944e-01,9.896676288562195722e+00,8.322854717399983429e+02
1.625000000000000056e-01,9.888136295630083339e+00,8.322940117329304712e+02
1.749999999999999889e-01,9.879607100511547557e+00,8.323025409280489839e+02
1.875000000000000000e-01,9.871088698850581267e+00,8.323110593297099058e+02
2.000000000000000111e-01,9.862581086277410591e+00,8.323195669422831315e+02
2.124999999999999944e-01,9.854084258408494890e+00,8.323280637701519709e+02
2.250000000000000056e-01,9.845598210846526754e+00,8.323365498177139443e+02
2.374999999999999889e-01,9.837122939180440895e+00,8.323450250893801012e+02
2.500000000000000000e-01,9.828658438985405255e+00,8.323534895895751333e+02
2.625000000000000111e-01,9.820204705822826341e+00,8.323619433227377158e+02
2.750000000000000222e-01,9.811761735240354554e+00,8.323703862933201663e+02
2.874999999999999778e-01,9.803329522771878857e+00,8.323788185057886722e+02
2.999999999999999889e-01,9.794908063937532106e+00,8.323872399646229496e+02
3.125000000000000000e-01,9.786497354243694602e+00,8.323956506743168120e+02
3.250000000000000111e-01,9.778097389182988763e+00,8.324040506393774876e+02
3.375000000000000222e-01,9.769708164234288006e+00,8.324124398643261884e+02
3.499999999999999778e-01,9.761329674862718520e+00,8.324208183536977685e+02
3.624999999999999889e-01,9.752961916519657493e+00,8.324291861120408385e+02
3.750000000000000000e-01,9.744604884642733111e+00,8.324375431439177646e+02
3.875000000000000111e-01,9.736258574655836995e+00,8.324458894539046696e+02
4.000000000000000222e-01,9.727922981969115312e+00,8.324542250465914321e+02
4.124999999999999778e-01,9.719598101978977667e+00,8.324625499265815733e+02
4.249999999999999889e-01,9.711283930068100645e+00,8.324708640984923704e+02
4.375000000000000000e-01,9.702980461605426044e+00,8.324791675669550841e+02
4.500000000000000111e-01,9.694687691946162644e+00,8.324874603366143901e+02
4.625000000000000222e-01,9.686405616431796872e+00,8.324957424121287204e+02
4.749999999999999778e-01,9.678134230390089243e+00,8.325040137981703765e+02
4.874999999999999889e-01,9.669873529135079693e+00,8.325122744994254163e+02
5.000000000000000000e-01,9.661623507967087576e+00,8.325205245205934261e+02
5.124999999999999556e-01,9.653384162172722327e+00,8.325287638663877487e+02
5.250000000000000222e-01,9.645155487024878127e+00,8.325369925415355965e+02
5.374999999999999778e-01,9.636937477782742789e+00,8.325452105507777105e+02
5.500000000000000444e-01,9.628730129691803086e+00,8.325534178988687017e+02
5.625000000000000000e-01,9.620533437983841196e+00,8.325616145905767098e+02
5.749999999999999556e-01,9.612347397876945365e+00,8.325698006306835168e+02
5.875000000000000222e-01,9.604172004575509902e+00,8.325779760239850020e+02
5.999999999999999778e-01,9.596007253270242288e+00,8.325861407752902323e+02
6.125000000000000444e-01,9.587853139138164948e+00,8.325942948894223719e+02
6.250000000000000000e-01,9.579709657342618812e+00,8.326024383712178860e+02
6.374999999999999556e-01,9.571576803033270409e+00,8.326105712255272238e+02
6.500000000000000222e-01,9.563454571346115429e+00,8.326186934572143628e+02
6.624999999999999778e-01,9.555342957403482274e+00,8.326268050711570368e+02
6.750000000000000444e-01,9.547241956314037381e+00,8.326349060722465083e+02
6.875000000000000000e-01,9.539151563172790560e+00,8.326429964653876823e+02
6.999999999999999556e-01,9.531071773061094987e+00,8.326510762554994471e+02
7.125000000000000222e-01,9.523002581046668524e+00,8.326591454475138789e+02
7.249999999999999778e-01,9.514943982183575955e+00,8.326672040463769235e+02
7.375000000000000444e-01,9.506895971512248522e+00,8.326752520570482829e+02
7.500000000000000000e-01,9.498858544059478604e+00,8.326832894845010742e+02
7.624999999999999556e-01,9.490831694838441024e+00,8.326913163337220567e+02
7.750000000000000222e-01,9.482815418848680622e+00,8.326993326097118597e+02
7.874999999999999778e-01,9.474809711076135343e+00,8.327073383174844139e+02
8.000000000000000444e-01,9.466814566493130911e+00,8.327153334620674059e+02
8.125000000000000000e-01,9.458829980058387932e+00,8.327233180485021649e+02
8.249999999999999556e-01,9.450855946717030776e+00,8.327312920818434350e+02
8.375000000000000222e-01,9.442892461400594684e+00,8.327392555671599439e+02
8.499999999999999778e-01,9.434939519027027544e+00,8.327472085095334933e+02
8.625000000000000444e-01,9.426997114500696995e+00,8.327551509140597545e+02
8.750000000000000000e-01,9.419065242712399311e+00,8.327630827858481553e+02
8.874999999999999556e-01,9.411143898539366504e+00,8.327710041300210833e+02
9.000000000000000222e-01,9.403233076845266325e+00,8.327789149517152509e+02
9.124999999999999778e-01,9.395332772480216477e+00,8.327868152560803310e+02
9.250000000000000444e-01,9.387442980280789939e+00,8.327947050482797522e+02
9.375000000000000000e-01,9.379563695070014973e+00,8.328025843334904721e+02
9.499999999999999556e-01,9.371694911657396432e+00,8.328104531169030906e+02
9.625000000000000222e-01,9.363836624838903333e+00,8.328183114037216228e+02
9.749999999999999778e-01,9.355988829396997275e+00,8.328261591991634987e+02
9.875000000000000444e-01,9.348151520100620004e+00,8.328339965084599044e+02
1.000000000000000000e+00,9.340324691705216509e+00,8.328418233368553274e+02
1.012499999999999956e+00,9.332508338952733240e+00,8.328496396896077840e+02
1.024999999999999911e+00,9.324702456571630549e+00,8.328574455719888192e+02
1.037500000000000089e+00,9.316907039276888014e+00,8.328652409892836204e+02
1.050000000000000044e+00,9.309122081770013324e+00,8.328730259467904489e+02
1.062500000000000000e+00,9.301347578739051158e+00,8.328808004498214359e+02
1.074999999999999956e+00,9.293583524858584966e+00,8.328885645037019003e+02
1.087499999999999911e+00,9.285829914789758277e+00,8.328963181137706897e+02
1.100000000000000089e+00,9.278086743180271156e+00,8.329040612853801804e+02
1.112500000000000044e+00,9.270354004664390857e+00,8.329117940238961637e+02
1.125000000000000000e+00,9.262631693862966031e+00,8.329195163346975050e+02
1.137499999999999956e+00,9.254919805383428510e+00,8.329272282231770532e+02
1.149999999999999911e+00,9.247218333819809288e+00,8.329349296947407311e+02
1.162500000000000089e+00,9.239527273752740300e+00,8.329426207548077628e+02
1.175000000000000044e+00,9.231846619749465077e+00,8.329503014088110149e+02
1.187500000000000000e+00,9.224176366363854740e+00,8.329579716621966554e+02
1.199999999999999956e+00,9.216516508136406216e+00,8.329656315204241537e+02
1.212499999999999911e+00,9.208867039594260007e+00,8.329732809889662803e+02
1.225000000000000089e+00,9.201227955251205515e+00,8.329809200733093348e+02
1.237500000000000044e+00,9.193599249607695256e+00,8.329885487789528042e+02
1.250000000000000000e+00,9.185980917150848413e+00,8.329961671114097044e+02
1.262499999999999956e+00,9.178372952354461489e+00,8.330037750762060114e+02
1.274999999999999911e+00,9.170775349679024302e+00,8.330113726788814574e+02
1.287500000000000089e+00,9.163188103571725307e+00,8.330189599249887351e+02
1.300000000000000044e+00,9.155611208466456930e+00,8.330265368200940657e+02
1.312500000000000000e+00,9.148044658783840433e+00,8.330341033697766306e+02
1.324999999999999956e+00,9.140488448931218812e+00,8.330416595796292540e+02
1.337499999999999911e+00,9.132942573302678113e+00,8.330492054552578338e+02
1.350000000000000089e+00,9.125407026279058087e+00,8.330567410022814556e+02
1.362500000000000044e+00,9.117881802227957522e+00,8.330642662263325064e+02
1.375000000000000000e+00,9.110366895503746676e+00,8.330717811330567883e+02
1.387499999999999956e+00,9.102862300447579713e+00,8.330792857281129500e+02
1.399999999999999911e+00,9.095368011387408913e+00,8.330867800171730551e+02
1.412500000000000089e+00,9.087884022637986448e+00,8.330942640059224686e+02
1.425000000000000044e+00,9.080410328500883921e+00,8.331017377000596298e+02
1.437500000000000000e+00,9.072946923264503027e+00,8.331092011052960515e+02
1.449999999999999956e+00,9.065493801204080881e+00,8.331166542273564346e+02
1.462499999999999911e+00,9.058050956581707780e+00,8.331240970719787811e+02
1.475000000000000089e+00,9.050618383646337861e+00,8.331315296449141670e+02
1.487500000000000044e+00,9.043196076633799763e+00,8.331389519519267424e+02
1.500000000000000000e+00,9.035784029766805503e+00,8.331463639987937313e+02
1.512499999999999956e+00,9.028382237254970022e+00,8.331537657913055455e+02
1.524999999999999911e+00,9.020990693294814733e+00,8.331611573352656706e+02
1.537500000000000089e+00,9.013609392069787063e+00,8.331685386364906662e+02
1.550000000000000044e+00,9.006238327750269335e+00,8.331759097008102799e+02
1.562500000000000000e+00,8.998877494493589424e+00,8.331832705340668781e+02
1.574999999999999956e+00,8.991526886444038524e+00,8.331906211421164699e+02
1.587499999999999911e+00,8.984186497732881804e+00,8.331979615308275697e+02
1.600000000000000089e+00,8.976856322478361960e+00,8.332052917060821073e+02
1.612500000000000044e+00,8.969536354785732968e+00,8.332126116737747452e+02
1.625000000000000000e+00,8.962226588747249423e+00,8.332199214398132199e+02
1.637499999999999956e+00,8.954927018442196740e+00,8.332272210101183418e+02
1.649999999999999911e+00,8.947637637936900035e+00,8.332345103906236545e+02
1.662500000000000089e+00,8.940358441284729452e+00,8.332417895872757754e+02
1.675000000000000044e+00,8.933089422526125034e+00,8.332490586060343958e+02
1.687500000000000000e+00,8.925830575688603830e+00,8.332563174528719401e+02
1.699999999999999956e+00,8.918581894786777653e+00,8.332635661337736792e+02
1.712499999999999911e+00,8.911343373822360192e+00,8.332708046547381855e+02
1.725000000000000089e+00,8.904115006784188324e+00,8.332780330217763094e+02
1.737500000000000044e+00,8.896896787648230998e+00,8.332852512409123165e+02
1.750000000000000000e+00,8.889688710377606995e+00,8.332924593181828641e+02
1.762499999999999956e+00,8.882490768922597368e+00,8.332996572596379110e+02
1.774999999999999911e+00,8.875302957220659650e+00,8.333068450713398079e+02
1.787500000000000089e+00,8.868125269196440286e+00,8.333140227593640930e+02
1.800000000000000044e+00,8.860957698761797730e+00,8.333211903297986964e+02
1.812500000000000000e+00,8.853800239815804218e+00,8.333283477887447361e+02
1.824999999999999956e+00,8.846652886244770642e+00,8.333354951423157218e+02
1.837499999999999911e+00,8.839515631922258976e+00,8.333426323966382370e+02
1.850000000000000089e+00,8.832388470709094719e+00,8.333497595578513710e+02
1.862500000000000044e+00,8.825271396453384654e+00,8.333568766321071735e+02
1.875000000000000000e+00,8.818164402990532835e+00,8.333639836255699720e+02
1.887499999999999956e+00,8.811067484143251249e+00,8.333710805444172820e+02
1.899999999999999911e+00,8.803980633721582905e+00,8.333781673948388971e+02
1.912500000000000089e+00,8.796903845522908938e+00,8.333852441830375710e+02
1.925000000000000044e+00,8.789837113331969931e+00,8.333923109152285633e+02
1.937500000000000000e+00,8.782780430920880121e+00,8.333993675976396389e+02
1.949999999999999956e+00,8.775733792049146942e+00,8.334064142365114094e+02
1.962499999999999911e+00,8.768697190463678126e+00,8.334134508380968782e+02
1.975000000000000089e+00,8.761670619898804802e+00,8.334204774086616681e+02
1.987500000000000044e+00,8.754654074076299253e+00,8.334274939544842482e+02
2.000000000000000000e+00,8.747647546705387356e+00,8.334345004818551388e+02
2.012500000000000178e+00,8.740651031482762789e+00,8.334414969970777065e+02
2.024999999999999911e+00,8.733664522092611904e+00,8.334484835064679373e+02
2.037500000000000089e+00,8.726688012206620826e+00,8.334554600163538680e+02
2.049999999999999822e+00,8.719721495483998552e+00,8.334624265330764956e+02
2.062500000000000000e+00,8.712764965571496489e+00,8.334693830629889817e+02
2.075000000000000178e+00,8.705818416103415558e+00,8.334763296124571070e+02
2.087499999999999911e+00,8.698881840701632839e+00,8.334832661878588169e+02
2.100000000000000089e+00,8.691955232975610457e+00,8.334901927955849033e+02
2.112499999999999822e+00,8.685038586522443538e+00,8.334971094420380950e+02
2.125000000000000000e+00,8.678131894926870871e+00,8.335040161336336269e+02
2.137500000000000178e+00,8.671235151761232274e+00,8.335109128767992388e+02
2.149999999999999911e+00,8.664348350585528991e+00,8.335177996779749492e+02
2.162500000000000089e+00,8.657471484947437901e+00,8.335246765436130545e+02
2.174999999999999822e+00,8.650604548382339942e+00,8.335315434801781294e+02
2.187500000000000000e+00,8.643747534413325440e+00,8.335384004941471403e+02
2.200000000000000178e+00,8.636900436551218974e+00,8.335452475920093320e+02
2.212499999999999911e+00,8.630063248294597145e+00,8.335520847802658864e+02
2.225000000000000089e+00,8.623235963129808113e+00,8.335589120654307180e+02
2.237499999999999822e+00,8.616418574530987584e+00,8.335657294540295652e+02
2.250000000000000000e+00,8.609611075960074800e+00,8.335725369526004442e+02
2.262500000000000178e+00,8.602813460866837403e+00,8.335793345676936497e+02
2.274999999999999911e+00,8.596025722688889203e+00,8.335861223058716405e+02
2.287500000000000089e+00,8.589247854851700836e+00,8.335929001737088129e+02
2.299999999999999822e+00,8.582479850768629959e+00,8.335996681777918411e+02
2.312500000000000000e+00,8.575721703840935461e+00,8.336064263247195640e+02
2.325000000000000178e+00,8.568973407457795233e+00,8.336131746211027576e+02
2.337499999999999911e+00,8.562234954996327474e+00,8.336199130735641347e+02
2.350000000000000089e+00,8.555506339821608464e+00,8.336266416887389141e+02
2.362499999999999822e+00,8.548787555286693873e+00,8.336333604732737967e+02
2.375000000000000000e+00,8.542078594732638308e+00,8.336400694338278754e+02
2.387500000000000178e+00,8.535379451488516622e+00,8.336467685770719527e+02
2.399999999999999911e+00,8.528690118871436354e+00,8.336534579096891093e+02
2.412500000000000089e+00,8.522010590186571477e+00,8.336601374383739085e+02
2.424999999999999822e+00,8.515340858727164175e+00,8.336668071698333051e+02
2.437500000000000000e+00,8.508680917774565700e+00,8.336734671107859640e+02
2.450000000000000178e+00,8.502030760598238146e+00,8.336801172679622596e+02
2.462499999999999911e+00,8.495390380455788204e+00,8.336867576481047308e+02
2.475000000000000089e+00,8.488759770592979592e+00,8.336933882579675128e+02
2.487499999999999822e+00,8.482138924243757927e+00,8.337000091043167913e+02
2.500000000000000000e+00,8.475527834630270263e+00,8.337066201939302346e+02
2.512500000000000178e+00,8.468926494962886409e+00,8.337132215335976753e+02
2.524999999999999911e+00,8.462334898440216691e+00,8.337198131301203148e+02
2.537500000000000089e+00,8.455753038249142151e+00,8.337263949903114053e+02
2.549999999999999822e+00,8.449180907564825205e+00,8.337329671209956814e+02
2.562500000000000000e+00,8.442618499550734512e+00,8.337395295290098147e+02
2.575000000000000178e+00,8.436065807358669844e+00,8.337460822212018456e+02
2.587499999999999911e+00,8.429522824128781622e+00,8.337526252044317516e+02
2.600000000000000089e+00,8.422989542989590461e+00,8.337591584855708788e+02
2.612499999999999822e+00,8.416465957058010261e+00,8.337656820715025106e+02
2.625000000000000000e+00,8.409952059439371297e+00,8.337721959691211850e+02
2.637500000000000178e+00,8.403447843227441538e+00,8.337787001853330366e+02
2.649999999999999911e+00,8.396953301504447964e+00,8.337851947270560231e+02
2.662500000000000089e+00,8.390468427341099655e+00,8.337916796012193572e+02
2.674999999999999822e+00,8.383993213796610888e+00,8.337981548147638478e+02
2.687500000000000000e+00,8.377527653918718897e+00,8.338046203746417859e+02
2.700000000000000178e+00,8.371071740743715850e+00,8.338110762878168316e+02
2.712499999999999911e+00,8.364625467296459504e+00,8.338175225612640133e+02
2.725000000000000089e+00,8.358188826590406961e+00,8.338239592019700694e+02
2.737499999999999822e+00,8.351761811627628873e+00,8.338303862169328795e+02
2.750000000000000000e+00,8.345344415398839644e+00,8.338368036131616918e+02
2.762500000000000178e+00,8.338936630883413414e+00,8.338432113976771234e+02
2.774999999999999911e+00,8.332538451049412487e+00,8.338496095775110462e+02
2.787500000000000089e+00,8.326149868853608638e+00,8.338559981597069282e+02
2.799999999999999822e+00,8.319770877241506213e+00,8.338623771513190377e+02
2.812500000000000000e+00,8.313401469147368772e+00,8.338687465594131254e+02
2.825000000000000178e+00,8.307041637494235076e+00,8.338751063910663106e+02
2.837499999999999911e+00,8.300691375193952837e+00,8.338814566533665129e+02
2.850000000000000089e+00,8.294350675147194707e+00,8.338877973534133616e+02
2.862499999999999822e+00,8.288019530243483146e+00,8.338941284983170590e+02
2.875000000000000000e+00,8.281697933361217068e+00,8.339004500951992895e+02
2.887500000000000178e+00,8.275385877367698484e+00,8.339067621511927655e+02
2.899999999999999911e+00,8.269083355119148493e+00,8.339130646734413403e+02
2.912500000000000089e+00,8.262790359460737477e+00,8.339193576690997816e+02
2.924999999999999822e+00,8.256506883226606419e+00,8.339256411453338842e+02
2.937500000000000000e+00,8.250232919239898877e+00,8.339319151093205846e+02
2.950000000000000178e+00,8.243968460312771640e+00,8.339381795682477332e+02
2.962499999999999911e+00,8.237713499246435589e+00,8.339444345293140941e+02
2.975000000000000089e+00,8.231468028831166350e+00,8.339506799997293456e+02
2.987499999999999822e+00,8.225232041846338049e+00,8.339569159867141934e+02
3.000000000000000000e+00,8.219005531060444625e+00,8.339631424975000300e+02
3.012500000000000178e+00,8.212788489231126476e+00,8.339693595393293890e+02
3.024999999999999911e+00,8.206580909105195332e+00,8.339755671194552633e+02
3.037500000000000089e+00,8.200382783418655563e+00,8.339817652451419008e+02
3.049999999999999822e+00,8.194194104896739717e+00,8.339879539236637811e+02
3.062500000000000000e+00,8.188014866253920943e+00,8.339941331623066390e+02
3.075000000000000178e+00,8.181845060193948527e+00,8.340003029683665545e+02
3.087499999999999911e+00,8.175684679409869204e+00,8.340064633491506356e+02
3.100000000000000089e+00,8.169533716584055583e+00,8.340126143119764492e+02
3.112499999999999822e+00,8.163392164388227457e+00,8.340187558641722489e+02
3.125000000000000000e+00,8.157260015483480231e+00,8.340248880130769749e+02
3.137500000000000178e+00,8.151137262520313342e+00,8.340310107660401400e+02
3.149999999999999911e+00,8.145023898138655127e+00,8.340371241304218302e+02
3.162500000000000089e+00,8.138919914967885916e+00,8.340432281135925905e+02
3.174999999999999822e+00,8.132825305626868229e+00,8.340493227229336526e+02
3.187500000000000000e+00,8.126740062723969871e+00,8.340554079658364799e+02
3.200000000000000178e+00,8.120664178857094129e+00,8.340614838497034498e+02
3.212499999999999911e+00,8.114597646613704640e+00,8.340675503819468304e+02
3.225000000000000089e+00,8.108540458570850262e+00,8.340736075699896901e+02
3.237499999999999822e+00,8.102492607295197047e+00,8.340796554212653291e+02
3.250000000000000000e+00,8.096454085343047780e+00,8.340856939432175068e+02
3.262500000000000178e+00,8.090424885260375731e+00,8.340917231433001007e+02
3.274999999999999911e+00,8.084404999582847751e+00,8.340977430289776748e+02
3.287500000000000089e+00,8.078394420835852685e+00,8.341037536077246841e+02
3.299999999999999822e+00,8.072393141534529803e+00,8.341097548870259288e+02
3.312500000000000000e+00,8.066401154183793665e+00,8.341157468743766685e+02
3.325000000000000178e+00,8.060418451278364316e+00,8.341217295772821672e+02
3.337499999999999911e+00,8.054445025302792160e+00,8.341277030032576931e+02
3.350000000000000089e+00,8.048480868731488158e+00,8.341336671598289740e+02
3.362499999999999822e+00,8.042525974028750468e+00,8.341396220545317419e+02
3.375000000000000000e+00,8.036580333648789320e+00,8.341455676949117333e+02
3.387500000000000178e+00,8.030643940035762540e+00,8.341515040885246890e+02
3.399999999999999911e+00,8.024716785623795090e+00,8.341574312429366955e+02
3.412500000000000089e+00,8.018798862837012820e+00,8.341633491657235027e+02
3.424999999999999822e+00,8.012890164089567335e+00,8.341692578644709783e+02
3.437500000000000000e+00,8.006990681785666197e+00,8.341751573467748813e+02
3.450000000000000178e+00,8.001100408319601343e+00,8.341810476202408609e+02
3.462499999999999911e+00,7.995219336075774841e+00,8.341869286924846847e+02
3.475000000000000089e+00,7.989347457428733534e+00,8.341928005711317837e+02
3.487499999999999822e+00,7.983484764743190354e+00,8.341986632638173660e+02
3.500000000000000000e+00,7.977631250374058069e+00,8.342045167781864166e+02
3.512500000000000178e+00,7.971786906666475048e+00,8.342103611218940387e+02
3.524999999999999911e+00,7.965951725955836338e+00,8.342161963026046578e+02
3.537500000000000089e+00,7.960125700567822093e+00,8.342220223279927040e+02
3.549999999999999822e+00,7.954308822818427771e+00,8.342278392057420433e+02
3.562500000000000000e+00,7.948501085013987222e+00,8.342336469435465460e+02
3.575000000000000178e+00,7.942702479451212660e+00,8.342394455491092913e+02
3.587499999999999911e+00,7.936912998417213316e+00,8.342452350301432489e+02
3.600000000000000089e+00,7.931132634189532737e+00,8.342510153943709383e+02
3.612499999999999822e+00,7.925361379036173659e+00,8.342567866495243152e+02
3.625000000000000000e+00,7.919599225215678828e+00,8.342625488033447709e+02
3.637500000000000178e+00,7.913846164977179853e+00,8.342683018635833605e+02
3.649999999999999911e+00,7.908102190560262201e+00,8.342740458380002337e+02
3.662500000000000089e+00,7.902367294195088654e+00,8.342797807343654313e+02
3.674999999999999822e+00,7.896641468102436612e+00,8.342855065604580886e+02
3.687500000000000000e+00,7.890924704493724740e+00,8.342912233240667774e+02
3.700000000000000178e+00,7.885216995571045828e+00,8.342969310329895052e+02
3.712499999999999911e+00,7.879518333527192553e+00,8.343026296950332608e+02
3.725000000000000089e+00,7.873828710545692999e+00,8.343083193180148101e+02
3.737499999999999822e+00,7.868148118800838198e+00,8.343139999097596728e+02
3.750000000000000000e+00,7.862476550457712321e+00,8.343196714781028049e+02
3.762500000000000178e+00,7.856813997672224659e+00,8.343253340308882571e+02
3.774999999999999911e+00,7.851160452591138039e+00,8.343309875759694023e+02
3.787500000000000089e+00,7.845515907352101692e+00,8.343366321212083676e+02
3.799999999999999822e+00,7.839880354083681446e+00,8.343422676744768296e+02
3.812500000000000000e+00,7.834253784905390816e+00,8.343478942436551051e+02
3.825000000000000178e+00,7.828636191927719423e+00,8.343535118366328334e+02
3.837499999999999911e+00,7.823027567252170300e+00,8.343591204613082937e+02
3.850000000000000089e+00,7.817427902971282094e+00,8.343647201255892014e+02
3.862499999999999822e+00,7.811837191168667260e+00,8.343703108373917985e+02
3.875000000000000000e+00,7.806255423919042258e+00,8.343758926046414217e+02
3.887500000000000178e+00,7.800682593288254196e+00,8.343814654352722755e+02
3.899999999999999911e+00,7.795118691333321692e+00,8.343870293372272045e+02
3.912500000000000089e+00,7.789563710102453520e+00,8.343925843184580344e+02
3.924999999999999822e+00,7.784017641635093909e+00,8.343981303869254589e+02
3.937500000000000000e+00,7.778480477961942974e+00,8.344036675505985841e+02
3.950000000000000178e+00,7.772952211104994902e+00,8.344091958174554975e+02
3.962499999999999911e+00,7.767432833077569931e+00,8.344147151954829269e+02
3.975000000000000089e+00,7.761922335884340107e+00,8.344202256926761265e+02
3.987499999999999822e+00,7.756420711521369249e+00,8.344257273170391045e+02
4.000000000000000000e+00,7.750927951976139596e+00,8.344312200765843954e+02
4.012500000000000178e+00,7.745444049227586447e+00,8.344367039793329468e+02
4.025000000000000355e+00,7.739968995246128358e+00,8.344421790333143463e+02
4.037499999999999645e+00,7.734502781993705334e+00,8.344476452465668217e+02
4.049999999999999822e+00,7.729045401423800143e+00,8.344531026271366727e+02
4.062500000000000000e+00,7.723596845481481843e+00,8.344585511830790665e+02
4.075000000000000178e+00,7.718157106103431531e+00,8.344639909224571284e+02
4.087500000000000355e+00,7.712726175217980540e+00,8.344694218533425101e+02
4.099999999999999645e+00,7.707304044745136196e+00,8.344748439838153899e+02
4.112499999999999822e+00,7.701890706596618230e+00,8.344802573219639044e+02
4.125000000000000000e+00,7.696486152675895198e+00,8.344856618758846025e+02
4.137500000000000178e+00,7.691090374878211122e+00,8.344910576536823328e+02
4.150000000000000355e+00,7.685703365090621908e+00,8.344964446634699016e+02
4.162499999999999645e+00,7.680325115192026431e+00,8.345018229133685281e+02
4.174999999999999822e+00,7.674955617053202950e+00,8.345071924115072761e+02
4.187500000000000000e+00,7.669594862536838420e+00,8.345125531660236220e+02
4.200000000000000178e+00,7.664242843497564017e+00,8.345179051850628866e+02
4.212500000000000355e+00,7.658899551781988890e+00,8.345232484767784626e+02
4.224999999999999645e+00,7.653564979228731247e+00,8.345285830493318144e+02
4.237499999999999822e+00,7.648239117668455656e+00,8.345339089108920234e+02
4.250000000000000000e+00,7.642921958923900583e+00,8.345392260696365838e+02
4.262500000000000178e+00,7.637613494809918357e+00,8.345445345337506069e+02
4.275000000000000355e+00,7.632313717133505371e+00,8.345498343114270483e+02
4.287499999999999645e+00,7.627022617693836715e+00,8.345551254108667081e+02
4.299999999999999822e+00,7.621740188282298156e+00,8.345604078402782307e+02
4.312500000000000000e+00,7.616466420682522553e+00,8.345656816078779912e+02
4.325000000000000178e+00,7.611201306670425382e+00,8.345709467218900954e+02
4.337500000000000355e+00,7.605944838014231379e+00,8.345762031905462663e+02
4.349999999999999645e+00,7.600697006474517181e+00,8.345814510220859574e+02
4.362499999999999822e+00,7.595457803804240626e+00,8.345866902247562393e+02
4.375000000000000000e+00,7.590227221748773623e+00,8.345919208068116859e+02
4.387500000000000178e+00,7.585005252045942115e+00,8.345971427765146018e+02
4.400000000000000355e+00,7.579791886426056280e+00,8.346023561421344539e+02
4.412499999999999645e+00,7.574587116611943394e+00,8.346075609119485534e+02
4.424999999999999822e+00,7.569390934318986908e+00,8.346127570942414877e+02
4.437500000000000000e+00,7.564203331255155760e+00,8.346179446973053473e+02
4.450000000000000178e+00,7.559024299121046120e+00,8.346231237294394987e+02
4.462500000000000355e+00,7.553853829609906256e+00,8.346282941989505844e+02
4.474999999999999645e+00,7.548691914407680947e+00,8.346334561141528638e+02
4.487499999999999822e+00,7.543538545193037237e+00,8.346386094833674179e+02
4.500000000000000000e+00,7.538393713637407956e+00,8.346437543149230578e+02
4.512500000000000178e+00,7.533257411405019255e+00,8.346488906171555300e+02
4.525000000000000355e+00,7.528129630152930574e+00,8.346540183984076293e+02
4.537499999999999645e+00,7.523010361531063950e+00,8.346591376670294267e+02
4.549999999999999822e+00,7.517899597182248428e+00,8.346642484313782688e+02
4.562500000000000000e+00,7.512797328742242264e+00,8.346693506998182102e+02
4.575000000000000178e+00,7.507703547839780889e+00,8.346744444807206946e+02
4.587500000000000355e+00,7.502618246096602661e+00,8.346795297824638737e+02
4.599999999999999645e+00,7.497541415127489728e+00,8.346846066134330613e+02
4.612499999999999822e+00,7.492473046540298220e+00,8.346896749820201649e+02
4.625000000000000000e+00,7.487413131935999999e+00,8.346947348966244817e+02
4.637500000000000178e+00,7.482361662908711963e+00,8.346997863656517893e+02
4.650000000000000355e+00,7.477318631045734243e+00,8.347048293975147999e+02
4.662499999999999645e+00,7.472284027927587502e+00,8.347098640006329333e+02
4.674999999999999822e+00,7.467257845128044025e+00,8.347148901834324306e+02
4.687500000000000000e+00,7.462240074214166796e+00,8.347199079543463540e+02
4.700000000000000178e+00,7.457230706746342364e+00,8.347249173218141323e+02
4.712500000000000355e+00,7.452229734278320805e+00,8.347299182942821290e+02
4.724999999999999645e+00,7.447237148357247705e+00,8.347349108802033015e+02
4.737499999999999822e+00,7.442252940523698790e+00,8.347398950880368602e+02
4.750000000000000000e+00,7.437277102311719901e+00,8.347448709262488364e+02
4.762500000000000178e+00,7.432309625248862517e+00,8.347498384033116281e+02
4.775000000000000355e+00,7.427350500856212179e+00,8.347547975277043406e+02
4.787499999999999645e+00,7.422399720648437338e+00,8.347597483079121048e+02
4.799999999999999822e+00,7.417457276133813338e+00,8.347646907524266453e+02
4.812500000000000000e+00,7.412523158814265045e+00,8.347696248697462806e+02
4.825000000000000178e+00,7.407597360185399715e+00,8.347745506683751273e+02
4.837500000000000355e+00,7.402679871736546957e+00,8.347794681568240094e+02
4.849999999999999645e+00,7.397770684950791598e+00,8.347843773436096626e+02
4.862499999999999822e+00,7.392869791305010096e+00,8.347892782372555303e+02
4.875000000000000000e+00,7.387977182269906962e+00,8.347941708462906263e+02
4.887500000000000178e+00,7.383092849310052941e+00,8.347990551792504448e+02
4.900000000000000355e+00,7.378216783883921437e+00,8.348039312446766189e+02
4.912499999999999645e+00,7.373348977443919594e+00,8.348087990511165799e+02
4.924999999999999822e+00,7.368489421436430042e+00,8.348136586071241254e+02
4.937500000000000000e+00,7.363638107301847313e+00,8.348185099212586238e+02
4.950000000000000178e+00,7.358795026474611589e+00,8.348233530020859234e+02
4.962500000000000355e+00,7.353960170383246009e+00,8.348281878581772162e+02
4.974999999999999645e+00,7.349133530450396634e+00,8.348330144981100602e+02
4.987499999999999822e+00,7.344315098092859984e+00,8.348378329304676981e+02
5.000000000000000000e+00,7.339504864721632771e+00,8.348426431638388294e+02
5.012500000000000178e+00,7.334702821741935885e+00,8.348474452068185201e+02
5.025000000000000355e+00,7.329908960553261466e+00,8.348522390680072931e+02
5.037499999999999645e+00,7.325123272549448394e+00,8.348570247560110147e+02
5.049999999999999822e+00,7.320345749118727596e+00,8.348618022794418039e+02
5.062500000000000000e+00,7.315576381643635884e+00,8.348665716469168956e+02
5.075000000000000178e+00,7.310815161501124315e+00,8.348713328670594365e+02
5.087500000000000355e+00,7.306062080062599051e+00,8.348760859484979164e+02
5.099999999999999645e+00,7.301317128693954217e+00,8.348808308998665098e+02
5.112499999999999822e+00,7.296580298755612759e+00,8.348855677298048477e+02
5.125000000000000000e+00,7.291851581602562860e+00,8.348902964469579047e+02
5.137500000000000178e+00,7.287130968584393464e+00,8.348950170599761123e+02
5.150000000000000355e+00,7.282418451045332475e+00,8.348997295775151315e+02
5.162499999999999645e+00,7.277714020324284050e+00,8.349044340082361941e+02
5.174999999999999822e+00,7.273017667754864135e+00,8.349091303608056478e+02
5.187500000000000000e+00,7.268329384665442205e+00,8.349138186438950697e+02
5.200000000000000178e+00,7.263649162379172353e+00,8.349184988661813804e+02
5.212500000000000355e+00,7.258976992214035917e+00,8.349231710363465027e+02
5.224999999999999645e+00,7.254312865482876127e+00,8.349278351630775887e+02
5.237499999999999822e+00,7.249656773493434514e+00,8.349324912550670206e+02
5.250000000000000000e+00,7.245008707548391769e+00,8.349371393210120686e+02
5.262500000000000178e+00,7.240368658945403268e+00,8.349417793696151193e+02
5.275000000000000355e+00,7.235736618977133716e+00,8.349464114095833338e+02
5.287499999999999645e+00,7.231112578931302437e+00,8.349510354496292166e+02
5.299999999999999822e+00,7.226496530090710024e+00,8.349556514984698197e+02
5.312500000000000000e+00,7.221888463733288077e+00,8.349602595648271972e+02
5.325000000000000178e+00,7.217288371132125846e+00,8.349648596574284056e+02
5.337500000000000355e+00,7.212696243555512865e+00,8.349694517850049351e+02
5.349999999999999645e+00,7.208112072266979808e+00,8.349740359562935055e+02
5.362499999999999822e+00,7.203535848525329577e+00,8.349786121800351566e+02
5.375000000000000000e+00,7.198967563584679041e+00,8.349831804649758169e+02
5.387500000000000178e+00,7.194407208694494571e+00,8.349877408198659623e+02
5.400000000000000355e+00,7.189854775099632000e+00,8.349922932534608435e+02
5.412499999999999645e+00,7.185310254040374822e+00,8.349968377745201451e+02
5.424999999999999822e+00,7.180773636752467937e+00,8.350013743918079854e+02
5.437500000000000000e+00,7.176244914467160285e+00,8.350059031140933712e+02
5.450000000000000178e+00,7.171724078411237713e+00,8.350104239501492884e+02
5.462500000000000355e+00,7.167211119807067377e+00,8.350149369087533842e+02
5.474999999999999645e+00,7.162706029872628832e+00,8.350194419986878529e+02
5.487499999999999822e+00,7.158208799821554891e+00,8.350239392287389819e+02
5.500000000000000000e+00,7.153719420863172473e+00,8.350284286076973785e+02
5.512500000000000178e+00,7.149237884202536364e+00,8.350329101443579702e+02
5.525000000000000355e+00,7.144764181040464734e+00,8.350373838475200046e+02
5.537499999999999645e+00,7.140298302573588884e+00,8.350418497259869355e+02
5.549999999999999822e+00,7.135840239994374556e+00,8.350463077885660823e+02
5.562500000000000000e+00,7.131389984491173450e+00,8.350507580440693118e+02
5.575000000000000178e+00,7.126947527248256975e+00,8.350552005013122425e+02
5.587500000000000355e+00,7.122512859445851774e+00,8.350596351691146992e+02
5.599999999999999645e+00,7.118085972260180583e+00,8.350640620563003722e+02
5.612499999999999822e+00,7.113666856863498644e+00,8.350684811716970444e+02
5.625000000000000000e+00,7.109255504424133676e+00,8.350728925241363640e+02
5.637500000000000178e+00,7.104851906106522286e+00,8.350772961224539586e+02
5.650000000000000355e+00,7.100456053071249052e+00,8.350816919754892069e+02
5.662499999999999645e+00,7.096067936475085602e+00,8.350860800920854672e+02
5.674999999999999822e+00,7.091687547471024367e+00,8.350904604810895080e+02
5.687500000000000000e+00,7.087314877208322983e+00,8.350948331513521907e+02
5.700000000000000178e+00,7.082949916832537163e+00,8.350991981117280147e+02
5.712500000000000355e+00,7.078592657485563322e+00,8.351035553710748900e+02
5.724999999999999645e+00,7.074243090305673221e+00,8.351079049382548192e+02
5.737499999999999822e+00,7.069901206427551266e+00,8.351122468221329882e+02
5.750000000000000000e+00,7.065566996982338921e+00,8.351165810315782210e+02
5.762500000000000178e+00,7.061240453097667569e+00,8.351209075754628657e+02
5.775000000000000355e+00,7.056921565897695814e+00,8.351252264626627948e+02
5.787499999999999645e+00,7.052610326503152116e+00,8.351295377020574051e+02
5.799999999999999822e+00,7.048306726031371205e+00,8.351338413025291629e+02
5.812500000000000000e+00,7.044010755596329609e+00,8.351381372729641726e+02
5.825000000000000178e+00,7.039722406308689173e+00,8.351424256222518352e+02
5.837500000000000355e+00,7.035441669275829923e+00,8.351467063592846216e+02
5.849999999999999645e+00,7.031168535601892700e+00,8.351509794929586405e+02
5.862499999999999822e+00,7.026902996387812905e+00,8.351552450321727292e+02
5.875000000000000000e+00,7.022645042731364029e+00,8.351595029858291355e+02
5.887500000000000178e+00,7.018394665727192283e+00,8.351637533628332903e+02
5.900000000000099831e+00,7.014151856466821933e+00,8.351679961720936944e+02
5.912500000000100009e+00,7.009916606038828490e+00,8.351722314225216905e+02
5.925000000000100187e+00,7.005688905528675292e+00,8.351764591230318047e+02
5.937500000000100364e+00,7.001468746018884026e+00,8.351806792825416323e+02
5.950000000000099654e+00,6.997256118589044505e+00,8.351848919099714976e+02
5.962500000000099831e+00,6.993051014315848413e+00,8.351890970142446804e+02
5.975000000000100009e+00,6.988853424273127501e+00,8.351932946042874164e+02
5.987500000000100187e+00,6.984663339531895332e+00,8.351974846890285562e+02
6.000000000000100364e+00,6.980480751160382802e+00,8.352016672774001336e+02
6.012500000000099654e+00,6.976305650224076338e+00,8.352058423783364560e+02
6.025000000000099831e+00,6.972138027785756975e+00,8.352100100007747869e+02
6.037500000000100009e+00,6.967977874905541213e+00,8.352141701536550045e+02
6.050000000000100187e+00,6.963825182640911216e+00,8.352183228459196016e+02
6.062500000000100364e+00,6.959679942046763657e+00,8.352224680865136861e+02
6.075000000000099654e+00,6.955542144175439034e+00,8.352266058843850942e+02
6.087500000000099831e+00,6.951411780076766078e+00,8.352307362484837086e+02
6.100000000000100009e+00,6.947288840798095499e+00,8.352348591877623676e+02
6.112500000000100187e+00,6.943173317384340848e+00,8.352389747111761835e+02
6.125000000000100364e+00,6.939065200878014927e+00,8.352430828276825423e+02
6.137500000000099654e+00,6.934964482319271539e+00,8.352471835462412173e+02
6.150000000000099831e+00,6.930871152745938346e+00,8.352512768758145967e+02
6.162500000000100009e+00,6.926785203193565721e+00,8.352553628253668876e+02
6.175000000000100187e+00,6.922706624695475597e+00,8.352594414038650257e+02
6.187500000000100364e+00,6.918635408282765908e+00,8.352635126202777656e+02
6.200000000000099654e+00,6.914571544984363882e+00,8.352675764835761356e+02
6.212500000000099831e+00,6.910515025827059787e+00,8.352716330027334379e+02
6.225000000000100009e+00,6.906465841835558450e+00,8.352756821867249073e+02
6.237500000000100187e+00,6.902423984032503235e+00,8.352797240445280522e+02
6.250000000000100364e+00,6.898389443438524005e+00,8.352837585851219728e+02
6.262500000000099654e+00,6.894362211072270874e+00,8.352877858174882704e+02
6.275000000000099831e+00,6.890342277950452399e+00,8.352918057506100240e+02
6.287500000000100009e+00,6.886329635087877321e+00,8.352958183934725866e+02
6.300000000000100187e+00,6.882324273497484768e+00,8.352998237550630165e+02
6.312500000000100364e+00,6.878326184190392212e+00,8.353038218443700771e+02
6.325000000000099654e+00,6.874335358175926558e+00,8.353078126703845783e+02
6.337500000000099831e+00,6.870351786461665888e+00,8.353117962420988079e+02
6.350000000000100009e+00,6.866375460053474100e+00,8.353157725685069863e+02
6.362500000000100187e+00,6.862406369955543539e+00,8.353197416586049258e+02
6.375000000000100364e+00,6.858444507170426974e+00,8.353237035213900299e+02
6.387500000000099654e+00,6.854489862699082892e+00,8.353276581658614077e+02
6.400000000000099831e+00,6.850542427540906587e+00,8.353316056010196462e+02
6.412500000000100009e+00,6.846602192693773681e+00,8.353355458358666965e+02
6.425000000000100187e+00,6.842669149154072983e+00,8.353394788794064425e+02
6.437500000000100364e+00,6.838743287916750013e+00,8.353434047406437912e+02
6.450000000000099654e+00,6.834824599975339865e+00,8.353473234285851277e+02
6.462500000000099831e+00,6.830913076322007171e+00,8.353512349522385421e+02
6.475000000000100009e+00,6.827008707947584298e+00,8.353551393206129205e+02
6.487500000000100187e+00,6.823111485841611312e+00,8.353590365427188544e+02
6.500000000000100364e+00,6.819221400992368842e+00,8.353629266275681857e+02
6.512500000000099654e+00,6.815338444386918937e+00,8.353668095841735521e+02
6.525000000000099831e+00,6.811462607011140591e+00,8.353706854215494104e+02
6.537500000000100009e+00,6.807593879849775931e+00,8.353745541487107857e+02
6.550000000000100187e+00,6.803732253886453307e+00,8.353784157746740675e+02
6.562500000000100364e+00,6.799877720103737033e+00,8.353822703084567820e+02
6.575000000000099654e+00,6.796030269483164687e+00,8.353861177590773650e+02
6.587500000000099831e+00,6.792189893005273760e+00,8.353899581355552755e+02
6.600000000000100009e+00,6.788356581649651389e+00,8.353937914469108819e+02
6.612500000000100187e+00,6.784530326394969002e+00,8.353976177021655758e+02
6.625000000000100364e+00,6.780711118219014288e+00,8.354014369103415447e+02
6.637500000000099654e+00,6.776898948098736497e+00,8.354052490804617719e+02
6.650000000000099831e+00,6.773093807010278411e+00,8.354090542215502637e+02
6.662500000000100009e+00,6.769295685929016315e+00,8.354128523426314814e+02
6.675000000000100187e+00,6.765504575829596412e+00,8.354166434527309093e+02
6.687500000000100364e+00,6.761720467685974789e+00,8.354204275608744865e+02
6.700000000000099654e+00,6.757943352471452059e+00,8.354242046760890616e+02
6.712500000000099831e+00,6.754173221158710660e+00,8.354279748074018244e+02
6.725000000000100009e+00,6.750410064719855718e+00,8.354317379638406464e+02
6.737500000000100187e+00,6.746653874126447903e+00,8.354354941544340818e+02
6.750000000000100364e+00,6.742904640349544287e+00,8.354392433882109117e+02
6.762500000000099654e+00,6.739162354359732987e+00,8.354429856742008269e+02
6.775000000000099831e+00,6.735427007127173127e+00,8.354467210214332908e+02
6.787500000000100009e+00,6.731698589621630369e+00,8.354504494389389038e+02
6.800000000000100187e+00,6.727977092812512439e+00,8.354541709357480386e+02
6.812500000000100364e+00,6.724262507668910871e+00,8.354578855208916366e+02
6.825000000000099654e+00,6.720554825159635648e+00,8.354615932034008665e+02
6.837500000000099831e+00,6.716854036253248950e+00,8.354652939923072381e+02
6.850000000000100009e+00,6.713160131918108675e+00,8.354689878966423748e+02
6.862500000000100187e+00,6.709473103122401305e+00,8.354726749254381275e+02
6.875000000000100364e+00,6.705792940834179205e+00,8.354763550877263469e+02
6.887500000000099654e+00,6.702119636021398819e+00,8.354800283925391113e+02
6.900000000000099831e+00,6.698453179651957967e+00,8.354836948489084989e+02
6.912500000000100009e+00,6.694793562693730493e+00,8.354873544658668152e+02
6.925000000000100187e+00,6.691140776114602673e+00,8.354910072524459110e+02
6.937500000000100364e+00,6.687494810882517626e+00,8.354946532176779783e+02
6.950000000000099654e+00,6.683855657965498409e+00,8.354982923705949815e+02
6.962500000000099831e+00,6.680223308331699528e+00,8.355019247202287715e+02
6.975000000000100009e+00,6.676597752949433584e+00,8.355055502756110855e+02
6.987500000000100187e+00,6.672978982787209468e+00,8.355091690457733193e+02
7.000000000000100364e+00,6.669366988813774100e+00,8.355127810397467556e+02
7.012500000000099654e+00,6.665761761998142632e+00,8.355163862665623355e+02
7.025000000000099831e+00,6.662163293309638412e+00,8.355199847352508868e+02
7.037500000000100009e+00,6.658571573717930292e+00,8.355235764548425550e+02
7.050000000000100187e+00,6.654986594193067262e+00,8.355271614343674855e+02
7.062500000000100364e+00,6.651408345705513980e+00,8.355307396828550281e+02
7.075000000000099654e+00,6.647836819226194294e+00,8.355343112093343052e+02
7.087500000000099831e+00,6.644272005726519659e+00,8.355378760228339843e+02
7.100000000000100009e+00,6.640713896178425557e+00,8.355414341323820508e+02
7.112500000000100187e+00,6.637162481554409688e+00,8.355449855470061493e+02
7.125000000000100364e+00,6.633617752827570158e+00,8.355485302757329009e+02
7.137500000000099654e+00,6.630079700971640122e+00,8.355520683275888132e+02
7.150000000000099831e+00,6.626548316961021534e+00,8.355555997115994842e+02
7.162500000000100009e+00,6.623023591770826002e+00,8.355591244367897161e+02
7.175000000000100187e+00,6.619505516376904097e+00,8.355626425121836292e+02
7.187500000000100364e+00,6.615994081755891543e+00,8.355661539468046612e+02
7.200000000000099654e+00,6.612489278885235855e+00,8.355696587496752272e+02
7.212500000000099831e+00,6.608991098743233650e+00,8.355731569298172872e+02
7.225000000000100009e+00,6.605499532309070609e+00,8.355766484962514369e+02
7.237500000000100187e+00,6.602014570562856122e+00,8.355801334579977038e+02
7.250000000000100364e+00,6.598536204485655254e+00,8.355836118240748647e+02
7.262500000000099654e+00,6.595064425059529611e+00,8.355870836035010143e+02
7.275000000000099831e+00,6.591599223267568419e+00,8.355905488052928831e+02
7.287500000000100009e+00,6.588140590093927607e+00,8.355940074384666332e+02
7.300000000000100187e+00,6.584688516523863555e+00,8.355974595120366075e+02
7.312500000000100364e+00,6.581242993543770403e+00,8.356009050350166945e+02
7.325000000000099654e+00,6.577804012141212020e+00,8.356043440164193044e+02
7.337500000000099831e+00,6.574371563304961086e+00,8.356077764652555970e+02
7.350000000000100009e+00,6.570945638025031954e+00,8.356112023905354818e+02
7.362500000000100187e+00,6.567526227292717955e+00,8.356146218012677309e+02
7.375000000000100364e+00,6.564113322100625147e+00,8.356180347064598664e+02
7.387500000000099654e+00,6.560706913442708732e+00,8.356214411151178183e+02
7.400000000000099831e+00,6.557306992314306804e+00,8.356248410362461527e+02
7.412500000000100009e+00,6.553913549712175879e+00,8.356282344788482987e+02
7.425000000000100187e+00,6.550526576634527309e+00,8.356316214519259802e+02
7.437500000000100364e+00,6.547146064081061034e+00,8.356350019644794429e+02
7.450000000000099654e+00,6.543772003053000219e+00,8.356383760255074549e+02
7.462500000000099831e+00,6.540404384553125894e+00,8.356417436440074198e+02
7.475000000000100009e+00,6.537043199585815145e+00,8.356451048289746950e+02
7.487500000000100187e+00,6.533688439157071315e+00,8.356484595894033873e+02
7.500000000000100364e+00,6.530340094274558638e+00,8.356518079342858982e+02
7.512500000000099654e+00,6.526998155947644875e+00,8.356551498726128102e+02
7.525000000000099831e+00,6.523662615187425295e+00,8.356584854133731142e+02
7.537500000000100009e+00,6.520333463006761754e+00,8.356618145655537546e+02
7.550000000000100187e+00,6.517010690420320884e+00,8.356651373381401982e+02
7.562500000000100364e+00,6.513694288444601632e+00,8.356684537401158650e+02
7.575000000000099654e+00,6.510384248097974336e+00,8.356717637804625838e+02
7.587500000000099831e+00,6.507080560400716251e+00,8.356750674681597957e+02
7.600000000000100009e+00,6.503783216375037313e+00,8.356783648121854640e+02
7.612500000000100187e+00,6.500492207045127202e+00,8.356816558215153918e+02
7.625000000000100364e+00,6.497207523437176668e+00,8.356849405051233362e+02
7.637500000000099654e+00,6.493929156579422823e+00,8.356882188719811211e+02
7.650000000000099831e+00,6.490657097502174899e+00,8.356914909310582971e+02
7.662500000000100009e+00,6.487391337237851552e+00,8.356947566913227092e+02
7.675000000000100187e+00,6.484131866821015500e+00,8.356980161617394742e+02
7.687500000000100364e+00,6.480878677288405498e+00,8.357012693512721171e+02
7.700000000000099654e+00,6.477631759678970980e+00,8.357045162688815481e+02
7.712500000000099831e+00,6.474391105033905802e+00,8.357077569235266310e+02
7.725000000000100009e+00,6.471156704396682890e+00,8.357109913241638424e+02
7.737500000000100187e+00,6.467928548813086209e+00,8.357142194797473849e+02
7.750000000000100364e+00,6.464706629331244514e+00,8.357174413992293012e+02
7.762500000000099654e+00,6.461490937001665991e+00,8.357206570915587918e+02
7.775000000000099831e+00,6.458281462877270229e+00,8.357238665656832382e+02
7.787500000000100009e+00,6.455078198013421975e+00,8.357270698305470660e+02
7.800000000000100187e+00,6.451881133467965768e+00,8.357302668950925408e+02
7.812500000000100364e+00,6.448690260301257027e+00,8.357334577682591998e+02
7.825000000000099654e+00,6.445505569576198468e+00,8.357366424589843064e+02
7.837500000000099831e+00,6.442327052358266748e+00,8.357398209762022816e+02
7.850000000000100009e+00,6.439154699715553321e+00,8.357429933288449320e+02
7.862500000000100187e+00,6.435988502718792859e+00,8.357461595258416764e+02
7.875000000000100364e+00,6.432828452441397005e+00,8.357493195761190918e+02
7.887500000000099654e+00,6.429674539959485458e+00,8.357524734886010265e+02
7.900000000000099831e+00,6.426526756351924163e+00,8.357556212722086002e+02
7.912500000000100009e+00,6.423385092700350185e+00,8.357587629358602044e+02
7.925000000000100187e+00,6.420249540089210782e+00,8.357618984884712745e+02
7.937500000000100364e+00,6.417120089605793609e+00,8.357650279389547450e+02
7.950000000000099654e+00,6.413996732340258689e+00,8.357681512962202532e+02
7.962500000000099831e+00,6.410879459385670387e+00,8.357712685691748220e+02
7.975000000000100009e+00,6.407768261838035606e+00,8.357743797667225181e+02
7.987500000000100187e+00,6.404663130796325987e+00,8.357774848977642250e+02
8.000000000000099476e+00,6.401564057362518767e+00,8.357805839711979843e+02
8.012500000000100542e+00,6.398471032641623424e+00,8.357836769959188814e+02
8.025000000000099831e+00,6.395384047741717204e+00,8.357867639808188187e+02
8.037500000000099121e+00,6.392303093773973544e+00,8.357898449347865153e+02
8.050000000000100187e+00,6.389228161852699373e+00,8.357929198667078481e+02
8.062500000000099476e+00,6.386159243095361759e+00,8.357959887854651697e+02
8.075000000000100542e+00,6.383096328622620774e+00,8.357990516999378769e+02
8.087500000000099831e+00,6.380039409558364127e+00,8.358021086190021833e+02
8.100000000000099121e+00,6.376988477029737368e+00,8.358051595515307781e+02
8.112500000000100187e+00,6.373943522167173192e+00,8.358082045063932810e+02
8.125000000000099476e+00,6.370904536104426086e+00,8.358112434924561285e+02
8.137500000000100542e+00,6.367871509978598965e+00,8.358142765185818917e+02
8.150000000000099831e+00,6.364844434930184924e+00,8.358173035936302995e+02
8.162500000000099121e+00,6.361823302103084998e+00,8.358203247264574429e+02
8.175000000000100187e+00,6.358808102644648130e+00,8.358233399259158887e+02
8.187500000000099476e+00,6.355798827705701370e+00,8.358263492008547928e+02
8.200000000000100542e+00,6.352795468440578297e+00,8.358293525601199008e+02
8.212500000000099831e+00,6.349798016007151880e+00,8.358323500125533201e+02
8.225000000000099121e+00,6.346806461566864677e+00,8.358353415669936339e+02
8.237500000000100187e+00,6.343820796284759922e+00,8.358383272322757875e+02
8.250000000000099476e+00,6.340841011329511723e+00,8.358413070172309745e+02
8.262500000000100542e+00,6.337867097873457922e+00,8.358442809306870913e+02
8.275000000000099831e+00,6.334899047092627633e+00,8.358472489814678283e+02
8.287500000000099121e+00,6.331936850166774100e+00,8.358502111783936925e+02
8.300000000000100187e+00,6.328980498279403122e+00,8.358531675302810982e+02
8.312500000000099476e+00,6.326029982617805913e+00,8.358561180459427078e+02
8.325000000000100542e+00,6.323085294373086640e+00,8.358590627341874324e+02
8.337500000000099831e+00,6.320146424740194391e+00,8.358620016038203175e+02
8.350000000000099121e+00,6.317213364917956042e+00,8.358649346636425435e+02
8.362500000000100187e+00,6.314286106109097574e+00,8.358678619224514250e+02
8.375000000000099476e+00,6.311364639520284925e+00,8.358707833890401844e+02
8.387500000000100542e+00,6.308448956362146198e+00,8.358736990721984057e+02
8.400000000000099831e+00,6.305539047849304524e+00,8.358766089807112394e+02
8.412500000000099121e+00,6.302634905200408255e+00,8.358795131233600841e+02
8.425000000000100187e+00,6.299736519638158505e+00,8.358824115089223596e+02
8.437500000000099476e+00,6.296843882389341118e+00,8.358853041461711655e+02
8.450000000000100542e+00,6.293956984684852429e+00,8.358881910438756222e+02
8.462500000000099831e+00,6.291075817759736566e+00,8.358910722108007576e+02
8.475000000000099121e+00,6.288200372853204101e+00,8.358939476557072794e+02
8.487500000000100187e+00,6.285330641208670244e+00,8.358968173873518026e+02
8.500000000000099476e+00,6.282466614073779709e+00,8.358996814144867358e+02
8.512500000000100542e+00,6.279608282700436916e+00,8.359025397458600537e+02
8.525000000000099831e+00,6.276755638344835297e+00,8.359053923902156384e+02
8.537499999999999645e+00,6.273908672267507036e+00,8.359082393562930520e+02
8.550000000000000711e+00,6.271067375733263560e+00,8.359110806528271951e+02
8.562500000000000000e+00,6.268231740011361630e+00,8.359139162885491032e+02
8.574999999999999289e+00,6.265401756375435838e+00,8.359167462721850370e+02
8.587500000000000355e+00,6.262577416103555450e+00,8.359195706124569369e+02
8.599999999999999645e+00,6.259758710478251054e+00,8.359223893180823097e+02
8.612500000000000711e+00,6.256945630786542978e+00,8.359252023977740009e+02
8.625000000000000000e+00,6.254138168319967939e+00,8.359280098602405360e+02
8.637499999999999289e+00,6.251336314374611902e+00,8.359308117141858929e+02
8.650000000000000355e+00,6.248540060251132289e+00,8.359336079683093885e+02
8.662499999999999645e+00,6.245749397254791724e+00,8.359363986313056785e+02
8.675000000000000711e+00,6.242964316695482907e+00,8.359391837118649846e+02
8.687500000000000000e+00,6.240184809887757034e+00,8.359419632186727540e+02
8.699999999999999289e+00,6.237410868150853105e+00,8.359447371604096588e+02
8.712500000000000355e+00,6.234642482808721908e+00,8.359475055457518238e+02
8.724999999999999645e+00,6.231879645190060657e+00,8.359502683833704850e+02
8.737500000000000711e+00,6.229122346628333418e+00,8.359530256819322176e+02
8.750000000000000000e+00,6.226370578461803085e+00,8.359557774500987080e+02
8.762499999999999289e+00,6.223624332033557138e+00,8.359585236965269814e+02
8.775000000000000355e+00,6.220883598691534289e+00,8.359612644298689474e+02
8.787499999999999645e+00,6.218148369788554675e+00,8.359639996587719679e+02
8.800000000000000711e+00,6.215418636682344733e+00,8.359667293918781752e+02
8.812500000000000000e+00,6.212694390735565619e+00,8.359694536378249268e+02
8.824999999999999289e+00,6.209975623315838966e+00,8.359721724052446916e+02
8.837500000000000355e+00,6.207262325795772639e+00,8.359748857027647091e+02
8.849999999999999645e+00,6.204554489552993601e+00,8.359775935390075574e+02
8.862500000000000711e+00,6.201852105970165674e+00,8.359802959225903578e+02
8.875000000000000000e+00,6.199155166435025066e+00,8.359829928621254567e+02
8.887499999999999289e+00,6.196463662340402578e+00,8.359856843662200845e+02
8.900000000000000355e+00,6.193777585084248472e+00,8.359883704434762421e+02
8.912499999999999645e+00,6.191096926069661777e+00,8.359910511024908146e+02
8.925000000000000711e+00,6.188421676704916941e+00,8.359937263518555710e+02
8.937500000000000000e+00,6.185751828403489583e+00,8.359963962001570508e+02
8.949999999999999289e+00,6.183087372584081365e+00,8.359990606559764501e+02
8.962500000000000355e+00,6.180428300670644859e+00,8.360017197278898493e+02
8.974999999999999645e+00,6.177774604092414634e+00,8.360043734244680991e+02
8.987500000000000711e+00,6.175126274283925021e+00,8.360070217542765931e+02
9.000000000000000000e+00,6.172483302685042972e+00,8.360096647258754956e+02
9.012499999999999289e+00,6.169845680740996485e+00,8.360123023478195137e+02
9.025000000000000355e+00,6.167213399902390591e+00,8.360149346286581249e+02
9.037499999999999645e+00,6.164586451625241992e+00,8.360175615769352362e+02
9.050000000000000711e+00,6.161964827370999487e+00,8.360201832011895249e+02
9.062500000000000000e+00,6.159348518606569733e+00,8.360227995099539839e+02
9.074999999999999289e+00,6.156737516804343002e+00,8.360254105117561494e+02
9.087500000000000355e+00,6.154131813442217158e+00,8.360280162151183276e+02
9.099999999999999645e+00,6.151531400003628747e+00,8.360306166285569134e+02
9.112500000000000711e+00,6.148936267977569869e+00,8.360332117605829580e+02
9.125000000000000000e+00,6.146346408858617494e+00,8.360358016197019424e+02
9.137499999999999289e+00,6.143761814146958322e+00,8.360383862144135492e+02
9.150000000000000355e+00,6.141182475348411884e+00,8.360409655532121178e+02
9.162499999999999645e+00,6.138608383974458960e+00,8.360435396445860761e+02
9.175000000000000711e+00,6.136039531542259340e+00,8.360461084970182810e+02
9.187500000000000000e+00,6.133475909574684692e+00,8.360486721189857917e+02
9.199999999999999289e+00,6.130917509600337212e+00,8.360512305189602102e+02
9.212500000000000355e+00,6.128364323153574489e+00,8.360537837054068859e+02
9.224999999999999645e+00,6.125816341774536156e+00,8.360563316867859385e+02
9.237500000000000711e+00,6.123273557009165202e+00,8.360588744715513485e+02
9.250000000000000000e+00,6.120735960409238174e+00,8.360614120681512986e+02
9.262499999999999289e+00,6.118203543532377608e+00,8.360639444850281734e+02
9.275000000000000355e+00,6.115676297942088446e+00,8.360664717306184457e+02
9.287499999999999645e+00,6.113154215207774023e+00,8.360689938133526766e+02
9.300000000000000711e+00,6.110637286904761822e+00,8.360715107416557430e+02
9.312500000000000000e+00,6.108125504614326573e+00,8.360740225239461552e+02
9.324999999999999289e+00,6.105618859923717778e+00,8.360765291686367391e+02
9.337500000000000355e+00,6.103117344426175706e+00,8.360790306841342954e+02
9.349999999999999645e+00,6.100620949720960695e+00,8.360815270788395992e+02
9.362500000000000711e+00,6.098129667413375365e+00,8.360840183611471730e+02
9.375000000000000000e+00,6.095643489114785041e+00,8.360865045394457411e+02
9.387499999999999289e+00,6.093162406442643508e+00,8.360889856221178889e+02
9.400000000000000355e+00,6.090686411020515223e+00,8.360914616175399487e+02
9.412499999999999645e+00,6.088215494478097511e+00,8.360939325340824553e+02
9.425000000000000711e+00,6.085749648451244553e+00,8.360963983801092354e+02
9.437500000000000000e+00,6.083288864581989586e+00,8.360988591639785454e+02
9.449999999999999289e+00,6.080833134518567995e+00,8.361013148940419342e+02
9.462500000000000355e+00,6.078382449915436858e+00,8.361037655786450387e+02
9.474999999999999645e+00,6.075936802433301587e+00,8.361062112261272432e+02
9.487500000000000711e+00,6.073496183739135468e+00,8.361086518448213383e+02
9.500000000000000000e+00,6.071060585506203644e+00,8.361110874430543163e+02
9.512499999999999289e+00,6.068629999414083542e+00,8.361135180291464621e+02
9.525000000000000355e+00,6.066204417148689743e+00,8.361159436114118080e+02
9.537499999999999645e+00,6.063783830402289965e+00,8.361183641981582468e+02
9.550000000000000711e+00,6.061368230873533491e+00,8.361207797976869642e+02
9.562500000000000000e+00,6.058957610267473370e+00,8.361231904182930066e+02
9.574999999999999289e+00,6.056551960295577963e+00,8.361255960682649402e+02
9.587500000000000355e+00,6.054151272675765583e+00,8.361279967558847375e+02
9.599999999999999645e+00,6.051755539132418704e+00,8.361303924894281181e+02
9.612500000000000711e+00,6.049364751396404394e+00,8.361327832771640942e+02
9.625000000000000000e+00,6.046978901205100954e+00,8.361351691273554252e+02
9.637499999999999289e+00,6.044597980302414797e+00,8.361375500482580492e+02
9.650000000000000355e+00,6.042221980438802653e+00,8.361399260481216515e+02
9.662499999999999645e+00,6.039850893371293772e+00,8.361422971351892102e+02
9.675000000000000711e+00,6.037484710863508575e+00,8.361446633176969954e+02
9.687500000000000000e+00,6.035123424685682636e+00,8.361470246038747973e+02
9.699999999999999289e+00,6.032767026614685335e+00,8.361493810019458124e+02
9.712500000000000355e+00,6.030415508434039396e+00,8.361517325201264157e+02
9.724999999999999645e+00,6.028068861933943978e+00,8.361540791666266159e+02
9.737500000000000711e+00,6.025727078911295109e+00,8.361564209496492595e+02
9.750000000000000000e+00,6.023390151169703444e+00,8.361587578773908263e+02
9.762499999999999289e+00,6.021058070519517358e+00,8.361610899580409750e+02
9.775000000000000355e+00,6.018730828777840713e+00,8.361634171997826570e+02
9.787499999999999645e+00,6.016408417768555950e+00,8.361657396107920022e+02
9.800000000000000711e+00,6.014090829322341847e+00,8.361680571992382056e+02
9.812500000000000000e+00,6.011778055276693067e+00,8.361703699732838686e+02
9.824999999999999289e+00,6.009470087475942357e+00,8.361726779410845438e+02
9.837500000000000355e+00,6.007166917771277426e+00,8.361749811107891901e+02
9.849999999999999645e+00,6.004868538020764923e+00,8.361772794905397177e+02
9.862500000000000711e+00,6.002574940089362876e+00,8.361795730884711020e+02
9.875000000000000000e+00,6.000286115848947333e+00,8.361818619127116108e+02
9.887499999999999289e+00,5.998002057178329238e+00,8.361841459713821223e+02
9.900000000000000355e+00,5.995722755963271311e+00,8.361864252725972619e+02
9.912499999999999645e+00,5.993448204096510246e+00,8.361886998244640381e+02
9.925000000000000711e+00,5.991178393477774478e+00,8.361909696350827517e+02
9.937500000000000000e+00,5.988913316013803723e+00,8.361932347125466549e+02
9.949999999999999289e+00,5.986652963618368517e+00,8.361954950649421789e+02
9.962500000000000355e+00,5.984397328212285316e+00,8.361977507003482515e+02
9.974999999999999645e+00,5.982146401723442253e+00,8.362000016268370928e+02
9.987500000000000711e+00,5.979900176086809793e+00,8.362022478524736471e+02
1.000000000000000000e+01,5.977658643244466496e+00,8.362044893853160374e+02
1.001249999999999929e+01,5.975421795145609671e+00,8.362067262334148836e+02
1.002500000000000036e+01,5.973189623746582910e+00,8.362089584048138704e+02
1.003749999999999964e+01,5.970962121010885859e+00,8.362111859075496341e+02
1.005000000000000071e+01,5.968739278909198198e+00,8.362134087496513075e+02
1.006250000000000000e+01,5.966521089419394741e+00,8.362156269391410888e+02
1.007499999999999929e+01,5.964307544526564087e+00,8.362178404840338999e+02
1.008750000000000036e+01,5.962098636223027270e+00,8.362200493923375006e+02
1.009999999999999964e+01,5.959894356508354640e+00,8.362222536720521475e+02
1.011250000000000071e+01,5.957694697389383620e+00,8.362244533311711621e+02
1.012500000000000000e+01,5.955499650880237361e+00,8.362266483776802488e+02
1.013749999999999929e+01,5.953309209002340729e+00,8.362288388195581774e+02
1.015000000000000036e+01,5.951123363784416753e+00,8.362310246647761005e+02
1.016249999999999964e+01,5.948942107262535473e+00,8.362332059212980084e+02
1.017500000000000071e+01,5.946765431480129038e+00,8.362353825970803882e+02
1.018750000000000000e+01,5.944593328488002371e+00,8.362375547000724509e+02
1.019999999999999929e+01,5.942425790344346481e+00,8.362397222382161317e+02
1.021250000000000036e+01,5.940262809114757125e+00,8.362418852194457486e+02
1.022499999999999964e+01,5.938104376872251677e+00,8.362440436516882301e+02
1.023750000000000071e+01,5.935950485697286005e+00,8.362461975428632286e+02
1.025000000000000000e+01,5.933801127677772236e+00,8.362483469008827797e+02
1.026249999999999929e+01,5.931656294909091187e+00,8.362504917336514154e+02
1.027500000000000036e+01,5.929515979494114575e+00,8.362526320490663920e+02
1.028749999999999964e+01,5.927380173543218334e+00,8.362547678550172350e+02
1.030000000000000071e+01,5.925248869174298605e+00,8.362568991593861938e+02
1.031250000000000000e+01,5.923122058512787724e+00,8.362590259700476736e+02
1.032499999999999929e+01,5.920999733691673761e+00,8.362611482948688035e+02
1.033750000000000036e+01,5.918881886851512064e+00,8.362632661417089821e+02
1.034999999999999964e+01,5.916768510140443915e+00,8.362653795184201044e+02
1.036250000000000071e+01,5.914659595714211626e+00,8.362674884328463349e+02
1.037500000000000000e+01,5.912555135736173639e+00,8.362695928928243347e+02
1.038749999999999929e+01,5.910455122377322290e+00,8.362716929061831479e+02
1.040000000000000036e+01,5.908359547816297130e+00,8.362737884807442015e+02
1.041249999999999964e+01,5.906268404239400027e+00,8.362758796243210782e+02
1.042500000000000071e+01,5.904181683840612926e+00,8.362779663447198573e+02
1.043750000000000000e+01,5.902099378821613840e+00,8.362800486497388874e+02
1.044999999999999929e+01,5.900021481391784839e+00,8.362821265471686729e+02
1.046250000000000036e+01,5.897947983768237812e+00,8.362842000447922146e+02
1.047499999999999964e+01,5.895878878175819793e+00,8.362862691503846690e+02
1.048750000000000071e+01,5.893814156847136054e+00,8.362883338717133483e+02
1.050000000000000000e+01,5.891753812022557213e+00,8.362903942165379476e+02
1.051249999999999929e+01,5.889697835950240545e+00,8.362924501926103176e+02
1.052500000000000036e+01,5.887646220886139758e+00,8.362945018076743509e+02
1.053749999999999964e+01,5.885598959094022753e+00,8.362965490694664368e+02
1.055000000000000071e+01,5.883556042845483169e+00,8.362985919857150066e+02
1.056250000000000000e+01,5.881517464419959929e+00,8.363006305641405334e+02
1.057499999999999929e+01,5.879483216104743448e+00,8.363026648124557596e+02
1.058750000000000036e+01,5.877453290194996072e+00,8.363046947383654697e+02
1.059999999999999964e+01,5.875427678993767167e+00,8.363067203495667172e+02
1.061250000000000071e+01,5.873406374811999342e+00,8.363087416537484842e+02
1.062500000000000000e+01,5.871389369968550653e+00,8.363107586585919080e+02
1.063749999999999929e+01,5.869376656790203484e+00,8.363127713717702818e+02
1.065000000000000036e+01,5.867368227611681419e+00,8.363147798009488270e+02
1.066249999999999964e+01,5.865364074775659020e+00,8.363167839537848067e+02
1.067500000000000071e+01,5.863364190632778694e+00,8.363187838379277537e+02
1.068750000000000000e+01,5.861368567541664021e+00,8.363207794610187875e+02
1.069999999999999929e+01,5.859377197868930409e+00,8.363227708306915247e+02
1.071250000000000036e+01,5.857390073989199308e+00,8.363247579545712824e+02
1.072499999999999964e+01,5.855407188285115083e+00,8.363267408402754199e+02
1.073750000000000071e+01,5.853428533147351231e+00,8.363287194954131110e+02
1.075000000000000000e+01,5.851454100974630812e+00,8.363306939275859122e+02
1.076249999999999929e+01,5.849483884173733550e+00,8.363326641443867402e+02
1.077500000000000036e+01,5.847517875159509160e+00,8.363346301534010081e+02
1.078749999999999964e+01,5.845556066354895997e+00,8.363365919622056026e+02
1.080000000000000071e+01,5.843598450190926386e+00,8.363385495783695660e+02
1.081250000000000000e+01,5.841645019106741721e+00,8.363405030094537551e+02
1.082499999999999929e+01,5.839695765549607565e+00,8.363424522630108413e+02
1.083750000000000036e+01,5.837750681974920752e+00,8.363443973465855379e+02
1.084999999999999964e+01,5.835809760846227157e+00,8.363463382677142590e+02
1.086250000000000071e+01,5.833872994635229681e+00,8.363482750339252334e+02
1.087500000000000000e+01,5.831940375821803357e+00,8.363502076527387317e+02
1.088749999999999929e+01,5.830011896894005119e+00,8.363521361316664979e+02
1.090000000000000036e+01,5.828087550348087120e+00,8.363540604782124319e+02
1.091249999999999964e+01,5.826167328688506508e+00,8.363559806998720205e+02
1.092500000000000071e+01,5.824251224427939633e+00,8.363578968041325652e+02
1.093750000000000000e+01,5.822339230087293593e+00,8.363598087984731819e+02
1.094999999999999929e+01,5.820431338195715121e+00,8.363617166903648013e+02
1.096250000000000036e+01,5.818527541290605676e+00,8.363636204872699409e+02
1.097499999999999964e+01,5.816627831917629443e+00,8.363655201966428194e+02
1.098750000000000071e+01,5.814732202630726654e+00,8.363674158259298110e+02
1.100000000000000000e+01,5.812840645992124244e+00,8.363693073825684223e+02
1.101249999999999929e+01,5.810953154572347401e+00,8.363711948739882018e+02
1.102500000000000036e+01,5.809069720950229332e+00,8.363730783076102853e+02
1.103749999999999964e+01,5.807190337712925476e+00,8.363749576908476229e+02
1.105000000000000071e+01,5.805314997455917947e+00,8.363768330311046384e+02
1.106250000000000000e+01,5.803443692783034180e+00,8.363787043357774564e+02
1.107499999999999929e+01,5.801576416306451378e+00,8.363805716122540161e+02
1.108750000000000036e+01,5.799713160646709831e+00,8.363824348679138438e+02
1.109999999999999964e+01,5.797853918432725351e+00,8.363842941101278257e+02
1.111250000000000071e+01,5.795998682301794602e+00,8.363861493462586623e+02
1.112500000000000000e+01,5.794147444899610200e+00,8.363880005836608689e+02
1.113749999999999929e+01,5.792300198880267814e+00,8.363898478296802068e+02
1.115000000000000036e+01,5.790456936906277718e+00,8.363916910916542520e+02
1.116249999999999964e+01,5.788617651648577223e+00,8.363935303769119400e+02
1.117500000000000071e+01,5.786782335786533338e+00,8.363953656927740212e+02
1.118750000000000000e+01,5.784950982007963205e+00,8.363971970465524919e+02
1.119999999999999929e+01,5.783123583009134983e+00,8.363990244455513903e+02
1.121250000000000036e+01,5.781300131494780281e+00,8.364008478970657734e+02
1.122499999999999964e+01,5.779480620178106598e+00,8.364026674083823991e+02
1.123750000000000071e+01,5.777665041780804422e+00,8.364044829867797262e+02
1.125000000000000000e+01,5.775853389033057006e+00,8.364062946395274594e+02
1.126249999999999929e+01,5.774045654673548356e+00,8.364081023738870044e+02
1.127500000000000036e+01,5.772241831449475669e+00,8.364099061971110132e+02
1.128749999999999964e+01,5.770441912116557326e+00,8.364117061164439519e+02
1.130000000000000071e+01,5.768645889439039998e+00,8.364135021391214195e+02
1.131250000000000000e+01,5.766853756189711078e+00,8.364152942723708293e+02
1.132499999999999929e+01,5.765065505149904901e+00,8.364170825234106132e+02
1.133750000000000036e+01,5.763281129109514289e+00,8.364188668994510181e+02
1.134999999999999964e+01,5.761500620866995881e+00,8.364206474076935365e+02
1.136250000000000071e+01,5.759723973229381677e+00,8.364224240553311347e+02
1.137500000000000000e+01,5.757951179012288812e+00,8.364241968495482524e+02
1.138749999999999929e+01,5.756182231039923991e+00,8.364259657975205755e+02
1.140000000000000036e+01,5.754417122145094154e+00,8.364277309064153769e+02
1.141249999999999964e+01,5.752655845169217130e+00,8.364294921833912895e+02
1.142500000000000071e+01,5.750898392962304762e+00,8.364312496355981921e+02
1.143750000000000000e+01,5.749144758382962017e+00,8.364330032701775508e+02
1.144999999999999929e+01,5.747394934298466929e+00,8.364347530942620779e+02
1.146250000000000036e+01,5.745648913584743056e+00,8.364364991149757316e+02
1.147499999999999964e+01,5.743906689126360376e+00,8.364382413394341711e+02
1.148750000000000071e+01,5.742168253816543277e+00,8.364399797747439607e+02
1.150000000000000000e+01,5.740433600557182992e+00,8.364417144280033654e+02
1.151249999999999929e+01,5.738702722258838484e+00,8.364434453063016690e+02
1.152500000000000036e+01,5.736975611840748890e+00,8.364451724167197426e+02
1.153749999999999964e+01,5.735252262230839726e+00,8.364468957663297033e+02
1.155000000000000071e+01,5.733532666365730890e+00,8.364486153621948006e+02
1.156250000000000000e+01,5.731816817190743762e+00,8.364503312113697575e+02
1.157499999999999929e+01,5.730104707659906538e+00,8.364520433209005432e+02
1.158750000000000036e+01,5.728396330735965769e+00,8.364537516978244867e+02
1.159999999999999964e+01,5.726691679390389034e+00,8.364554563491701629e+02
1.161250000000000071e+01,5.724990746603375591e+00,8.364571572819571657e+02
1.162500000000000000e+01,5.723293525363859935e+00,8.364588545031966760e+02
1.163749999999999929e+01,5.721600008669523341e+00,8.364605480198910072e+02
1.165000000000000036e+01,5.719910189526794753e+00,8.364622378390337190e+02
1.166249999999999964e+01,5.718224060950864107e+00,8.364639239676096167e+02
1.167500000000000071e+01,5.716541615965681444e+00,8.364656064125948660e+02
1.168750000000000000e+01,5.714862847603972007e+00,8.364672851809565373e+02
1.169999999999999929e+01,5.713187748907234464e+00,8.364689602796532881e+02
1.171250000000000036e+01,5.711516312925754235e+00,8.364706317156347950e+02
1.172499999999999964e+01,5.709848532718605263e+00,8.364722994958418667e+02
1.173750000000000071e+01,5.708184401353657123e+00,8.364739636272068992e+02
1.175000000000000000e+01,5.706523911907583901e+00,8.364756241166529662e+02
1.176249999999999929e+01,5.704867057465865976e+00,8.364772809710946149e+02
1.177500000000000036e+01,5.703213831122799782e+00,8.364789341974377521e+02
1.178749999999999964e+01,5.701564225981502254e+00,8.364805838025789626e+02
1.180000000000000071e+01,5.699918235153915269e+00,8.364822297934066455e+02
1.181250000000000000e+01,5.698275851760813637e+00,8.364838721767996503e+02
1.182499999999999929e+01,5.696637068931811321e+00,8.364855109596286411e+02
1.183750000000000036e+01,5.695001879805362321e+00,8.364871461487551869e+02
1.184999999999999964e+01,5.693370277528772228e+00,8.364887777510317619e+02
1.186250000000000071e+01,5.691742255258200878e+00,8.364904057733023137e+02
1.187500000000000000e+01,5.690117806158665914e+00,8.364920302224018087e+02
1.188749999999999929e+01,5.688496923404052552e+00,8.364936511051564594e+02
1.190000000000000036e+01,5.686879600177113581e+00,8.364952684283833833e+02
1.191249999999999964e+01,5.685265829669479132e+00,8.364968821988910577e+02
1.192500000000000071e+01,5.683655605081659346e+00,8.364984924234788650e+02
1.193750000000000000e+01,5.682048919623047922e+00,8.365000991089374338e+02
1.194999999999999929e+01,5.680445766511931893e+00,8.365017022620485250e+02
1.196250000000000036e+01,5.678846138975490732e+00,8.365033018895850319e+02
1.197499999999999964e+01,5.677250030249806123e+00,8.365048979983107529e+02
1.198750000000000071e+01,5.675657433579861966e+00,8.365064905949806189e+02
1.200000000000000000e+01,5.674068342219552363e+00,8.365080796863409205e+02
1.201249999999999929e+01,5.672482749431686067e+00,8.365096652791288534e+02
1.202500000000000036e+01,5.670900648487987361e+00,8.365112473800725184e+02
1.203749999999999964e+01,5.669322032669105837e+00,8.365128259958913759e+02
1.205000000000000071e+01,5.667746895264616391e+00,8.365144011332959053e+02
1.206250000000000000e+01,5.666175229573024552e+00,8.365159727989874909e+02
1.207499999999999929e+01,5.664607028901772701e+00,8.365175409996587632e+02
1.208750000000000036e+01,5.663042286567239181e+00,8.365191057419932577e+02
1.209999999999999964e+01,5.661480995894749846e+00,8.365206670326657559e+02
1.211250000000000071e+01,5.659923150218573618e+00,8.365222248783419445e+02
1.212500000000000000e+01,5.658368742881933144e+00,8.365237792856785290e+02
1.213749999999999929e+01,5.656817767237004801e+00,8.365253302613234609e+02
1.215000000000000036e+01,5.655270216644923131e+00,8.365268778119155968e+02
1.216249999999999964e+01,5.653726084475786173e+00,8.365284219440846982e+02
1.217500000000000071e+01,5.652185364108655463e+00,8.365299626644518867e+02
1.218750000000000000e+01,5.650648048931563139e+00,8.365314999796289612e+02
1.219999999999999929e+01,5.649114132341513717e+00,8.365330338962189671e+02
1.221250000000000036e+01,5.647583607744486756e+00,8.365345644208159683e+02
1.222499999999999964e+01,5.646056468555443075e+00,8.365360915600050475e+02
1.223750000000000071e+01,5.644532708198322979e+00,8.365376153203621925e+02
1.225000000000000000e+01,5.643012320106055135e+00,8.365391357084544097e+02
1.226249999999999929e+01,5.641495297720554802e+00,8.365406527308399518e+02
1.227500000000000036e+01,5.639981634492729157e+00,8.365421663940677490e+02
1.228749999999999964e+01,5.638471323882480846e+00,8.365436767046779778e+02
1.230000000000000071e+01,5.636964359358707100e+00,8.365451836692018333e+02
1.231250000000000000e+01,5.635460734399309501e+00,8.365466872941611882e+02
1.232499999999999929e+01,5.633960442491189546e+00,8.365481875860692753e+02
1.233750000000000036e+01,5.632463477130253970e+00,8.365496845514302322e+02
1.234999999999999964e+01,5.630969831821419191e+00,8.365511781967391016e+02
1.236250000000000071e+01,5.629479500078610421e+00,8.365526685284819450e+02
1.237500000000000000e+01,5.627992475424766994e+00,8.365541555531357290e+02
1.238749999999999929e+01,5.626508751391843255e+00,8.365556392771686660e+02
1.240000000000000036e+01,5.625028321520812113e+00,8.365571197070396465e+02
1.241249999999999964e+01,5.623551179361664154e+00,8.365585968491988069e+02
1.242500000000000071e+01,5.622077318473412966e+00,8.365600707100870750e+02
1.243750000000000000e+01,5.620606732424097807e+00,8.365615412961363972e+02
1.244999999999999929e+01,5.619139414790781828e+00,8.365630086137697390e+02
1.246250000000000036e+01,5.617675359159556514e+00,8.365644726694009705e+02
1.247499999999999964e+01,5.616214559125545236e+00,8.365659334694349809e+02
1.248750000000000071e+01,5.614757008292901475e+00,8.365673910202675643e+02
1.250000000000000000e+01,5.613302700274812373e+00,8.365688453282856472e+02
1.251249999999999929e+01,5.611851628693501404e+00,8.365702963998669475e+02
1.252500000000000036e+01,5.610403787180227475e+00,8.365717442413803155e+02
1.253749999999999964e+01,5.608959169375290266e+00,8.365731888591851657e+02
1.255000000000000071e+01,5.607517768928025781e+00,8.365746302596324995e+02
1.256250000000000000e+01,5.606079579496815235e+00,8.365760684490636550e+02
1.257499999999999929e+01,5.604644594749080611e+00,8.365775034338114438e+02
1.258750000000000036e+01,5.603212808361287323e+00,8.365789352201992415e+02
1.259999999999999964e+01,5.601784214018949548e+00,8.365803638145415562e+02
1.261250000000000071e+01,5.600358805416623120e+00,8.365817892231439146e+02
1.262500000000000000e+01,5.598936576257916187e+00,8.365832114523026348e+02
1.263749999999999929e+01,5.597517520255481216e+00,8.365846305083050538e+02
1.265000000000000036e+01,5.596101631131024767e+00,8.365860463974295271e+02
1.266249999999999964e+01,5.594688902615301274e+00,8.365874591259452018e+02
1.267500000000000071e+01,5.593279328448115706e+00,8.365888687001123571e+02
1.268750000000000000e+01,5.591872902378328902e+00,8.365902751261821777e+02
1.269999999999999929e+01,5.590469618163852239e+00,8.365916784103966393e+02
1.271250000000000036e+01,5.589069469571650295e+00,8.365930785589888501e+02
1.272499999999999964e+01,5.587672450377744404e+00,8.365944755781827098e+02
1.273750000000000071e+01,5.586278554367208216e+00,8.365958694741932504e+02
1.275000000000000000e+01,5.584887775334172133e+00,8.365972602532262954e+02
1.276249999999999929e+01,5.583500107081822428e+00,8.365986479214786868e+02
1.277500000000000036e+01,5.582115543422401238e+00,8.366000324851380583e+02
1.278749999999999964e+01,5.580734078177207458e+00,8.366014139503832894e+02
1.280000000000000071e+01,5.579355705176596736e+00,8.366027923233839374e+02
1.281250000000000000e+01,5.577980418259981477e+00,8.366041676103005784e+02
1.282499999999999929e+01,5.576608211275831728e+00,8.366055398172846935e+02
1.283750000000000036e+01,5.575239078081673405e+00,8.366069089504787826e+02
1.284999999999999964e+01,5.573873012544070527e+00,8.366082750160164778e+02
1.286250000000000071e+01,5.572510008538556825e+00,8.366096380200219755e+02
1.287500000000000000e+01,5.571150059949800948e+00,8.366109979686107181e+02
1.288749999999999929e+01,5.569793160671538956e+00,8.366123548678889392e+02
1.290000000000000036e+01,5.568439304606558338e+00,8.366137087239538914e+02
1.291249999999999964e+01,5.567088485666701558e+00,8.366150595428938459e+02
1.292500000000000071e+01,5.565740697772864287e+00,8.366164073307876379e+02
1.293750000000000000e+01,5.564395934854994508e+00,8.366177520937054624e+02
1.294999999999999929e+01,5.563054190852093406e+00,8.366190938377084194e+02
1.296250000000000036e+01,5.561715459712211818e+00,8.366204325688482868e+02
1.297499999999999964e+01,5.560379735392454670e+00,8.366217682931680883e+02
1.298750000000000071e+01,5.559047011858973875e+00,8.366231010167015256e+02
1.300000000000000000e+01,5.557717283086972770e+00,8.366244307454735463e+02
1.301249999999999929e+01,5.556390543060702569e+00,8.366257574854997756e+02
1.302500000000000036e+01,5.555066785773464133e+00,8.366270812427870851e+02
1.303749999999999964e+01,5.553746005227601756e+00,8.366284020233329102e+02
1.305000000000000071e+01,5.552428195434508496e+00,8.366297198331260461e+02
1.306250000000000000e+01,5.551113350414621728e+00,8.366310346781458520e+02
1.307499999999999929e+01,5.549801464197421375e+00,8.366323465643630470e+02
1.308750000000000036e+01,5.548492530821429902e+00,8.366336554977390279e+02
1.309999999999999964e+01,5.547186544334212321e+00,8.366349614842263236e+02
1.311250000000000071e+01,5.545883498792370858e+00,8.366362645297681411e+02
1.312500000000000000e+01,5.544583388261550283e+00,8.366375646402989332e+02
1.313749999999999929e+01,5.543286206816428141e+00,8.366388618217440580e+02
1.315000000000000036e+01,5.541991948540720081e+00,8.366401560800197785e+02
1.316249999999999964e+01,5.540700607527176302e+00,8.366414474210333765e+02
1.317500000000000071e+01,5.539412177877576227e+00,8.366427358506829250e+02
1.318750000000000000e+01,5.538126653702734714e+00,8.366440213748577435e+02
1.319999999999999929e+01,5.536844029122490518e+00,8.366453039994380561e+02
1.321250000000000036e+01,5.535564298265714278e+00,8.366465837302947648e+02
1.322499999999999964e+01,5.534287455270298750e+00,8.366478605732902452e+02
1.323750000000000071e+01,5.533013494283163247e+00,8.366491345342773229e+02
1.325000000000000000e+01,5.531742409460245646e+00,8.366504056191002974e+02
1.326249999999999929e+01,5.530474194966505053e+00,8.366516738335940317e+02
1.327500000000000036e+01,5.529208844975918247e+00,8.366529391835846354e+02
1.328749999999999964e+01,5.527946353671477908e+00,8.366542016748890092e+02
1.330000000000000071e+01,5.526686715245188175e+00,8.366554613133152998e+02
1.331250000000000000e+01,5.525429923898065532e+00,8.366567181046624455e+02
1.332499999999999929e+01,5.524175973840136145e+00,8.366579720547204033e+02
1.333750000000000036e+01,5.522924859290430533e+00,8.366592231692700352e+02
1.334999999999999964e+01,5.521676574476984456e+00,8.366604714540835630e+02
1.336250000000000071e+01,5.520431113636835363e+00,8.366617169149236588e+02
1.337500000000000000e+01,5.519188471016020614e+00,8.366629595575444682e+02
1.338749999999999929e+01,5.517948640869572152e+00,8.366641993876909282e+02
1.340000000000000036e+01,5.516711617461517392e+00,8.366654364110989945e+02
1.341249999999999964e+01,5.515477395064875665e+00,8.366666706334956416e+02
1.342500000000000071e+01,5.514245967961652894e+00,8.366679020605988626e+02
1.343750000000000000e+01,5.513017330442842479e+00,8.366691306981176695e+02
1.344999999999999929e+01,5.511791476808420853e+00,8.366703565517520929e+02
1.346250000000000036e+01,5.510568401367344826e+00,8.366715796271931822e+02
1.347499999999999964e+01,5.509348098437546248e+00,8.366727999301230057e+02
1.348750000000000071e+01,5.508130562345934678e+00,8.366740174662145364e+02
1.350000000000000000e+01,5.506915787428390274e+00,8.366752322411321074e+02
1.351249999999999929e+01,5.505703768029758471e+00,8.366764442605307295e+02
1.352500000000000036e+01,5.504494498503852640e+00,8.366776535300566593e+02
1.353749999999999964e+01,5.503287973213449646e+00,8.366788600553470587e+02
1.355000000000000071e+01,5.502084186530280085e+00,8.366800638420302221e+02
1.356250000000000000e+01,5.500883132835035383e+00,8.366812648957254623e+02
1.357499999999999929e+01,5.499684806517355362e+00,8.366824632220431113e+02
1.358750000000000036e+01,5.498489201975830909e+00,8.366836588265846331e+02
1.359999999999999964e+01,5.497296313617996866e+00,8.366848517149425106e+02
1.361250000000000071e+01,5.496106135860331143e+00,8.366860418927001319e+02
1.362500000000000000e+01,5.494918663128250280e+00,8.366872293654322448e+02
1.363749999999999929e+01,5.493733889856104113e+00,8.366884141387043883e+02
1.365000000000000036e+01,5.492551810487174002e+00,8.366895962180733477e+02
1.366249999999999964e+01,5.491372419473671940e+00,8.366907756090868133e+02
1.367500000000000071e+01,5.490195711276729007e+00,8.366919523172837216e+02
1.368750000000000000e+01,5.489021680366400702e+00,8.366931263481941414e+02
1.369999999999999929e+01,5.487850321221655392e+00,8.366942977073388192e+02
1.371250000000000036e+01,5.486681628330376981e+00,8.366954664002300888e+02
1.372499999999999964e+01,5.485515596189356025e+00,8.366966324323711888e+02
1.373750000000000071e+01,5.484352219304288845e+00,8.366977958092562631e+02
1.375000000000000000e+01,5.483191492189772198e+00,8.366989565363707015e+02
1.376249999999999929e+01,5.482033409369297949e+00,8.367001146191912540e+02
1.377500000000000036e+01,5.480877965375252181e+00,8.367012700631852340e+02
1.378749999999999964e+01,5.479725154748910754e+00,8.367024228738115426e+02
1.380000000000000071e+01,5.478574972040430424e+00,8.367035730565200993e+02
1.381250000000000000e+01,5.477427411808850621e+00,8.367047206167516151e+02
1.382499999999999929e+01,5.476282468622085453e+00,8.367058655599383883e+02
1.383750000000000036e+01,5.475140137056921041e+00,8.367070078915036220e+02
1.384999999999999964e+01,5.474000411699011082e+00,8.367081476168615382e+02
1.386250000000000071e+01,5.472863287142869737e+00,8.367092847414176049e+02
1.387500000000000000e+01,5.471728757991873415e+00,8.367104192705686501e+02
1.388749999999999929e+01,5.470596818858249222e+00,8.367115512097022929e+02
1.390000000000000036e+01,5.469467464363074960e+00,8.367126805641973988e+02
1.391249999999999964e+01,5.468340689136272026e+00,8.367138073394241928e+02
1.392500000000000071e+01,5.467216487816604520e+00,8.367149315407439190e+02
1.393750000000000000e+01,5.466094855051669477e+00,8.367160531735088398e+02
1.394999999999999929e+01,5.464975785497895977e+00,8.367171722430625778e+02
1.396250000000000036e+01,5.463859273820538931e+00,8.367182887547400014e+02
1.397499999999999964e+01,5.462745314693674636e+00,8.367194027138668844e+02
1.398750000000000071e+01,5.461633902800197227e+00,8.367205141257603600e+02
1.400000000000000000e+01,5.460525032831810677e+00,8.367216229957286941e+02
1.401249999999999929e+01,5.459418699489026139e+00,8.367227293290715124e+02
1.402500000000000036e+01,5.458314897481156613e+00,8.367238331310793455e+02
1.403749999999999964e+01,5.457213621526313396e+00,8.367249344070341976e+02
1.405000000000000071e+01,5.456114866351398085e+00,8.367260331622090916e+02
1.406250000000000000e+01,5.455018626692099915e+00,8.367271294018684102e+02
1.407499999999999929e+01,5.453924897292888652e+00,8.367282231312676686e+02
1.408750000000000036e+01,5.452833672907011930e+00,8.367293143556535142e+02
1.409999999999999964e+01,5.451744948296488147e+00,8.367304030802640682e+02
1.411250000000000071e+01,5.450658718232102018e+00,8.367314893103283566e+02
1.412500000000000000e+01,5.449574977493400141e+00,8.367325730510671065e+02
1.413749999999999929e+01,5.448493720868683887e+00,8.367336543076918360e+02
1.415000000000000036e+01,5.447414943155003186e+00,8.367347330854055372e+02
1.416249999999999964e+01,5.446338639158156525e+00,8.367358093894023341e+02
1.417500000000000071e+01,5.445264803692679401e+00,8.367368832248678245e+02
1.418750000000000000e+01,5.444193431581842546e+00,8.367379545969786250e+02
1.419999999999999929e+01,5.443124517657644823e+00,8.367390235109028254e+02
1.421250000000000036e+01,5.442058056760808782e+00,8.367400899717996481e+02
1.422499999999999964e+01,5.440994043740772668e+00,8.367411539848196753e+02
1.423750000000000071e+01,5.439932473455689532e+00,8.367422155551048490e+02
1.425000000000000000e+01,5.438873340772417464e+00,8.367432746877881300e+02
1.426249999999999929e+01,5.437816640566514259e+00,8.367443313879939524e+02
1.427500000000000036e+01,5.436762367722234757e+00,8.367453856608382239e+02
1.428749999999999964e+01,5.435710517132521957e+00,8.367464375114279846e+02
1.430000000000000071e+01,5.434661083699000805e+00,8.367474869448615209e+02
1.431250000000000000e+01,5.433614062331978189e+00,8.367485339662284787e+02
1.432499999999999929e+01,5.432569447950428732e+00,8.367495785806100912e+02
1.433750000000000036e+01,5.431527235481995675e+00,8.367506207930784967e+02
1.434999999999999964e+01,5.430487419862980225e+00,8.367516606086975344e+02
1.436250000000000071e+01,5.429449996038338888e+00,8.367526980325221757e+02
1.437500000000000000e+01,5.428414958961678138e+00,8.367537330695988658e+02
1.438749999999999929e+01,5.427382303595242874e+00,8.367547657249652957e+02
1.440000000000000036e+01,5.426352024909918192e+00,8.367557960036506302e+02
1.441249999999999964e+01,5.425324117885216069e+00,8.367568239106752799e+02
1.442500000000000071e+01,5.424298577509273578e+00,8.367578494510512428e+02
1.443750000000000000e+01,5.423275398778846679e+00,8.367588726297816493e+02
1.444999999999999929e+01,5.422254576699303108e+00,8.367598934518612168e+02
1.446250000000000036e+01,5.421236106284613498e+00,8.367609119222759091e+02
1.447499999999999964e+01,5.420219982557350491e+00,8.367619280460031632e+02
1.448750000000000071e+01,5.419206200548678076e+00,8.367629418280117761e+02
1.450000000000000000e+01,5.418194755298348930e+00,8.367639532732621319e+02
1.451249999999999929e+01,5.417185641854665334e+00,8.367649623867058608e+02
1.452500000000000036e+01,5.416178855274393023e+00,8.367659691732860665e+02
1.453749999999999964e+01,5.415174390622955691e+00,8.367669736379375536e+02
1.455000000000000071e+01,5.414172242974349736e+00,8.367679757855861453e+02
1.456250000000000000e+01,5.413172407411128262e+00,8.367689756211493659e+02
1.457499999999999929e+01,5.412174879024386875e+00,8.367699731495360993e+02
1.458750000000000036e+01,5.411179652913761906e+00,8.367709683756467030e+02
1.459999999999999964e+01,5.410186724187424190e+00,8.367719613043731215e+02
1.461250000000000071e+01,5.409196087962069299e+00,8.367729519405984320e+02
1.462500000000000000e+01,5.408207739362911326e+00,8.367739402891976397e+02
1.463749999999999929e+01,5.407221673523681105e+00,8.367749263550367687e+02
1.465000000000000036e+01,5.406237885586609337e+00,8.367759101429738848e+02
1.466249999999999964e+01,5.405256370702431923e+00,8.367768916578580729e+02
1.467500000000000071e+01,5.404277124030372192e+00,8.367778709045301184e+02
1.468750000000000000e+01,5.403300140738140023e+00,8.367788478878223941e+02
1.469999999999999929e+01,5.402325416001924729e+00,8.367798226125586325e+02
1.471250000000000036e+01,5.401352945006386186e+00,8.367807950835541533e+02
1.472499999999999964e+01,5.400382722944645941e+00,8.367817653056158633e+02
1.473750000000000071e+01,5.399414745018287221e+00,8.367827332835422567e+02
1.475000000000000000e+01,5.398449006437340714e+00,8.367836990221231872e+02
1.476249999999999929e+01,5.397485502420279246e+00,8.367846625261402096e+02
1.477500000000000036e+01,5.396524228194013340e+00,8.367856238003664657e+02
1.478749999999999964e+01,5.395565178993881439e+00,8.367865828495665710e+02
1.480000000000000071e+01,5.394608350063644586e+00,8.367875396784968416e+02
1.481250000000000000e+01,5.393653736655475761e+00,8.367884942919050673e+02
1.482499999999999929e+01,5.392701334029958105e+00,8.367894466945305112e+02
1.483750000000000036e+01,5.391751137456071596e+00,8.367903968911044785e+02
1.484999999999999964e+01,5.390803142211191279e+00,8.367913448863492931e+02
1.486250000000000071e+01,5.389857343581074822e+00,8.367922906849794344e+02
1.487500000000000000e+01,5.388913736859860748e+00,8.367932342917006281e+02
1.488749999999999929e+01,5.387972317350055107e+00,8.367941757112104142e+02
1.490000000000000036e+01,5.387033080362529702e+00,8.367951149481979201e+02
1.491249999999999964e+01,5.386096021216508767e+00,8.367960520073439739e+02
1.492500000000000071e+01,5.385161135239568964e+00,8.367969868933209909e+02
1.493750000000000000e+01,5.384228417767622510e+00,8.367979196107928601e+02
1.494999999999999929e+01,5.383297864144919842e+00,8.367988501644156258e+02
1.496250000000000036e+01,5.382369469724033628e+00,8.367997785588364650e+02
1.497499999999999964e+01,5.381443229865856104e+00,8.368007047986945963e+02
1.498750000000000071e+01,5.380519139939589301e+00,8.368016288886209395e+02
1.500000000000000000e+01,5.379597195322737946e+00,8.368025508332377740e+02
1.501249999999999929e+01,5.378677391401103236e+00,8.368034706371594211e+02
1.502500000000000036e+01,5.377759723568773076e+00,8.368043883049916758e+02
1.503749999999999964e+01,5.376844187228114968e+00,8.368053038413323748e+02
1.505000000000000071e+01,5.375930777789769799e+00,8.368062172507707146e+02
1.506250000000000000e+01,5.375019490672640288e+00,8.368071285378878201e+02
1.507499999999999929e+01,5.374110321303888327e+00,8.368080377072566307e+02
1.508750000000000036e+01,5.373203265118923433e+00,8.368089447634415592e+02
1.509999999999999964e+01,5.372298317561397418e+00,8.368098497109990603e+02
1.511250000000000071e+01,5.371395474083192845e+00,8.368107525544772898e+02
1.512500000000000000e+01,5.370494730144419471e+00,8.368116532984161040e+02
1.513749999999999929e+01,5.369596081213405370e+00,8.368125519473470604e+02
1.515000000000000036e+01,5.368699522766684495e+00,8.368134485057938718e+02
1.516249999999999964e+01,5.367805050288995794e+00,8.368143429782714975e+02
1.517500000000000071e+01,5.366912659273270769e+00,8.368152353692872794e+02
1.518750000000000000e+01,5.366022345220626377e+00,8.368161256833399193e+02
1.519999999999999929e+01,5.365134103640357033e+00,8.368170139249201611e+02
1.521250000000000036e+01,5.364247930049925728e+00,8.368179000985105631e+02
1.522499999999999964e+01,5.363363819974959590e+00,8.368187842085854982e+02
1.523750000000000071e+01,5.362481768949236560e+00,8.368196662596112674e+02
1.525000000000000000e+01,5.361601772514681841e+00,8.368205462560458727e+02
1.526249999999999929e+01,5.360723826221355459e+00,8.368214242023391307e+02
1.527500000000000036e+01,5.359847925627449605e+00,8.368223001029330135e+02
1.528749999999999964e+01,5.358974066299273531e+00,8.368231739622611940e+02
1.530000000000000071e+01,5.358102243811253551e+00,8.368240457847492735e+02
1.531250000000000000e+01,5.357232453745916168e+00,8.368249155748145540e+02
1.532499999999999929e+01,5.356364691693886293e+00,8.368257833368666070e+02
1.533750000000000036e+01,5.355498953253877481e+00,8.368266490753065909e+02
1.534999999999999964e+01,5.354635234032680380e+00,8.368275127945278200e+02
1.536250000000000071e+01,5.353773529645160068e+00,8.368283744989153092e+02
1.537500000000000000e+01,5.352913835714242730e+00,8.368292341928462292e+02
1.538749999999999929e+01,5.352056147870908553e+00,8.368300918806895652e+02
1.540000000000000036e+01,5.351200461754185511e+00,8.368309475668063442e+02
1.541249999999999964e+01,5.350346773011139589e+00,8.368318012555494079e+02
1.542500000000000071e+01,5.349495077296865020e+00,8.368326529512636398e+02
1.543750000000000000e+01,5.348645370274478061e+00,8.368335026582860792e+02
1.544999999999999929e+01,5.347797647615107230e+00,8.368343503809453523e+02
1.546250000000000036e+01,5.346951904997885308e+00,8.368351961235625822e+02
1.547499999999999964e+01,5.346108138109940455e+00,8.368360398904505928e+02
1.548750000000000071e+01,5.345266342646389113e+00,8.368368816859141361e+02
1.550000000000000000e+01,5.344426514310323562e+00,8.368377215142502337e+02
1.551249999999999929e+01,5.343588648812809261e+00,8.368385593797477213e+02
1.552500000000000036e+01,5.342752741872870637e+00,8.368393952866875907e+02
1.553749999999999964e+01,5.341918789217486641e+00,8.368402292393429889e+02
1.555000000000000071e+01,5.341086786581580981e+00,8.368410612419788777e+02
1.556250000000000000e+01,5.340256729708010575e+00,8.368418912988524880e+02
1.557499999999999929e+01,5.339428614347561108e+00,8.368427194142129792e+02
1.558750000000000036e+01,5.338602436258936379e+00,8.368435455923015525e+02
1.559999999999999964e+01,5.337778191208749412e+00,8.368443698373517918e+02
1.561250000000000071e+01,5.336955874971514469e+00,8.368451921535889824e+02
1.562500000000000000e+01,5.336135483329637275e+00,8.368460125452309057e+02
1.563749999999999929e+01,5.335317012073407916e+00,8.368468310164870445e+02
1.565000000000000036e+01,5.334500457000991069e+00,8.368476475715594916e+02
1.566249999999999964e+01,5.333685813918416230e+00,8.368484622146420406e+02
1.567500000000000071e+01,5.332873078639571496e+00,8.368492749499209822e+02
1.568750000000000000e+01,5.332062246986192022e+00,8.368500857815743075e+02
1.569999999999999929e+01,5.331253314787852027e+00,8.368508947137726182e+02
1.571250000000000036e+01,5.330446277881958572e+00,8.368517017506785578e+02
1.572499999999999964e+01,5.329641132113738244e+00,8.368525068964468119e+02
1.573750000000000071e+01,5.328837873336230935e+00,8.368533101552242215e+02
1.575000000000000000e+01,5.328036497410281846e+00,8.368541115311502381e+02
1.576249999999999929e+01,5.327237000204528172e+00,8.368549110283560140e+02
1.577500000000000036e+01,5.326439377595396429e+00,8.368557086509650844e+02
1.578749999999999964e+01,5.325643625467088249e+00,8.368565044030933677e+02
1.580000000000000071e+01,5.324849739711573271e+00,8.368572982888489378e+02
1.581250000000000000e+01,5.324057716228582926e+00,8.368580903123319104e+02
1.582499999999999929e+01,5.323267550925594449e+00,8.368588804776348979e+02
1.583750000000000036e+01,5.322479239717829991e+00,8.368596687888426686e+02
1.584999999999999964e+01,5.321692778528242407e+00,8.368604552500322598e+02
1.586250000000000071e+01,5.320908163287507264e+00,8.368612398652729780e+02
1.587500000000000000e+01,5.320125389934013960e+00,8.368620226386265131e+02
1.588749999999999929e+01,5.319344454413857726e+00,8.368628035741465965e+02
1.590000000000000036e+01,5.318565352680828084e+00,8.368635826758796838e+02
1.591249999999999964e+01,5.317788080696402631e+00,8.368643599478641590e+02
1.592500000000000071e+01,5.317012634429736373e+00,8.368651353941307889e+02
1.593750000000000000e+01,5.316239009857651965e+00,8.368659090187028369e+02
1.594999999999999929e+01,5.315467202964631710e+00,8.368666808255958358e+02
1.596250000000000036e+01,5.314697209742808681e+00,8.368674508188177015e+02
1.597499999999999964e+01,5.313929026191954286e+00,8.368682190023685052e+02
1.598750000000000071e+01,5.313162648319474712e+00,8.368689853802410425e+02
1.600000000000000000e+01,5.312398072140397609e+00,8.368697499564201507e+02
1.601249999999999929e+01,5.311635293677363201e+00,8.368705127348831638e+02
1.602499999999999858e+01,5.310874308960615409e+00,8.368712737195999125e+02
1.603750000000000142e+01,5.310115114027993855e+00,8.368720329145324968e+02
1.605000000000000071e+01,5.309357704924923205e+00,8.368727903236356269e+02
1.606250000000000000e+01,5.308602077704405175e+00,8.368735459508560552e+02
1.607499999999999929e+01,5.307848228427006987e+00,8.368742998001334854e+02
1.608749999999999858e+01,5.307096153160853369e+00,8.368750518753996630e+02
1.610000000000000142e+01,5.306345847981618569e+00,8.368758021805788303e+02
1.611250000000000071e+01,5.305597308972515691e+00,8.368765507195879536e+02
1.612500000000000000e+01,5.304850532224286042e+00,8.368772974963362685e+02
1.613749999999999929e+01,5.304105513835191132e+00,8.368780425147252799e+02
1.614999999999999858e+01,5.303362249911005577e+00,8.368787857786494442e+02
1.616250000000000142e+01,5.302620736565002879e+00,8.368795272919954868e+02
1.617500000000000071e+01,5.301880969917950104e+00,8.368802670586425165e+02
1.618750000000000000e+01,5.301142946098096331e+00,8.368810050824623659e+02
1.619999999999999929e+01,5.300406661241163775e+00,8.368817413673193641e+02
1.621249999999999858e+01,5.299672111490338899e+00,8.368824759170701100e+02
1.622500000000000142e+01,5.298939292996261763e+00,8.368832087355642670e+02
1.623750000000000071e+01,5.298208201917018023e+00,8.368839398266435410e+02
1.625000000000000000e+01,5.297478834418128280e+00,8.368846691941423614e+02
1.626249999999999929e+01,5.296751186672540079e+00,8.368853968418879958e+02
1.627499999999999858e+01,5.296025254860614595e+00,8.368861227736998671e+02
1.628750000000000142e+01,5.295301035170123960e+00,8.368868469933903498e+02
1.630000000000000071e+01,5.294578523796234393e+00,8.368875695047643148e+02
1.631250000000000000e+01,5.293857716941502645e+00,8.368882903116190164e+02
1.632499999999999929e+01,5.293138610815860901e+00,8.368890094177446599e+02
1.633749999999999858e+01,5.292421201636612338e+00,8.368897268269239476e+02
1.635000000000000142e+01,5.291705485628418693e+00,8.368904425429320781e+02
1.636250000000000071e+01,5.290991459023293153e+00,8.368911565695372019e+02
1.637500000000000000e+01,5.290279118060585262e+00,8.368918689104999658e+02
1.638749999999999929e+01,5.289568458986978250e+00,8.368925795695735133e+02
1.639999999999999858e+01,5.288859478056475716e+00,8.368932885505040531e+02
1.641250000000000142e+01,5.288152171530391854e+00,8.368939958570300632e+02
1.642500000000000071e+01,5.287446535677343462e+00,8.368947014928832004e+02
1.643750000000000000e+01,5.286742566773238394e+00,8.368954054617872771e+02
1.644999999999999929e+01,5.286040261101269344e+00,8.368961077674592843e+02
1.646249999999999858e+01,5.285339614951898746e+00,8.368968084136085963e+02
1.647500000000000142e+01,5.284640624622855221e+00,8.368975074039376523e+02
1.648750000000000071e+01,5.283943286419118479e+00,8.368982047421413881e+02
1.650000000000000000e+01,5.283247596652913991e+00,8.368989004319075775e+02
1.651249999999999929e+01,5.282553551643700551e+00,8.368995944769168318e+02
1.652499999999999858e+01,5.281861147718162286e+00,8.369002868808423727e+02
1.653750000000000142e+01,5.281170381210196219e+00,8.369009776473502598e+02
1.655000000000000071e+01,5.280481248460908716e+00,8.369016667800996174e+02
1.656250000000000000e+01,5.279793745818596840e+00,8.369023542827419533e+02
1.657499999999999929e+01,5.279107869638747452e+00,8.369030401589217263e+02
1.658749999999999858e+01,5.278423616284020348e+00,8.369037244122764605e+02
1.660000000000000142e+01,5.277740982124242919e+00,8.369044070464362903e+02
1.661250000000000071e+01,5.277059963536401277e+00,8.369050880650240742e+02
1.662500000000000000e+01,5.276380556904625152e+00,8.369057674716558495e+02
1.663749999999999929e+01,5.275702758620183452e+00,8.369064452699403773e+02
1.664999999999999858e+01,5.275026565081471830e+00,8.369071214634790294e+02
1.666250000000000142e+01,5.274351972694003798e+00,8.369077960558664699e+02
1.667500000000000071e+01,5.273678977870400075e+00,8.369084690506900870e+02
1.668750000000000000e+01,5.273007577030380588e+00,8.369091404515301065e+02
1.669999999999999929e+01,5.272337766600753817e+00,8.369098102619597057e+02
1.671249999999999858e+01,5.271669543015406134e+00,8.369104784855451271e+02
1.672500000000000142e+01,5.271002902715292038e+00,8.369111451258452234e+02
1.673750000000000071e+01,5.270337842148427043e+00,8.369118101864120263e+02
1.675000000000000000e+01,5.269674357769873474e+00,8.369124736707906322e+02
1.676249999999999929e+01,5.269012446041735132e+00,8.369131355825187484e+02
1.677499999999999858e+01,5.268352103433143974e+00,8.369137959251273742e+02
1.678750000000000142e+01,5.267693326420253896e+00,8.369144547021402332e+02
1.680000000000000071e+01,5.267036111486225636e+00,8.369151119170742277e+02
1.681250000000000000e+01,5.266380455121224102e+00,8.369157675734393251e+02
1.682499999999999929e+01,5.265726353822406836e+00,8.369164216747381033e+02
1.683749999999999858e+01,5.265073804093929333e+00,8.369170742244665462e+02
1.685000000000000142e+01,5.264422802446897087e+00,8.369177252261135891e+02
1.686250000000000071e+01,5.263773345399373582e+00,8.369183746831611188e+02
1.687500000000000000e+01,5.263125429476374961e+00,8.369190225990840872e+02
1.688749999999999929e+01,5.262479051209859371e+00,8.369196689773506250e+02
1.689999999999999858e+01,5.261834207138717190e+00,8.369203138214218143e+02
1.691250000000000142e+01,5.261190893808761260e+00,8.369209571347516885e+02
1.692500000000000071e+01,5.260549107772715338e+00,8.369215989207878010e+02
1.693750000000000000e+01,5.259908845590206994e+00,8.369222391829703156e+02
1.694999999999999929e+01,5.259270103827755172e+00,8.369228779247328021e+02
1.696249999999999858e+01,5.258632879058761311e+00,8.369235151495017817e+02
1.697500000000000142e+01,5.257997167863499577e+00,8.369241508606969546e+02
1.698750000000000071e+01,5.257362966829106199e+00,8.369247850617314270e+02
1.700000000000000000e+01,5.256730272549571481e+00,8.369254177560109156e+02
1.701249999999999929e+01,5.256099081625725589e+00,8.369260489469347704e+02
1.702499999999999858e+01,5.255469390665234108e+00,8.369266786378952929e+02
1.703750000000000142e+01,5.254841196282582949e+00,8.369273068322779636e+02
1.705000000000000071e+01,5.254214495099073012e+00,8.369279335334614416e+02
1.706250000000000000e+01,5.253589283742807758e+00,8.369285587448176784e+02
1.707499999999999929e+01,5.252965558848680772e+00,8.369291824697118045e+02
1.708749999999999858e+01,5.252343317058372207e+00,8.369298047115021291e+02
1.710000000000000142e+01,5.251722555020332805e+00,8.369304254735401400e+02
1.711250000000000071e+01,5.251103269389777672e+00,8.369310447591707316e+02
1.712500000000000000e+01,5.250485456828673847e+00,8.369316625717318630e+02
1.713749999999999929e+01,5.249869114005732307e+00,8.369322789145547858e+02
1.714999999999999858e+01,5.249254237596397310e+00,8.369328937909641581e+02
1.716250000000000142e+01,5.248640824282834849e+00,8.369335072042777028e+02
1.717500000000000071e+01,5.248028870753926434e+00,8.369341191578065491e+02
1.718750000000000000e+01,5.247418373705254879e+00,8.369347296548552322e+02
1.719999999999999929e+01,5.246809329839097202e+00,8.369353386987213526e+02
1.721249999999999858e+01,5.246201735864413962e+00,8.369359462926961442e+02
1.722500000000000142e+01,5.245595588496837713e+00,8.369365524400636787e+02
1.723750000000000071e+01,5.244990884458666791e+00,8.369371571441018887e+02
1.725000000000000000e+01,5.244387620478851986e+00,8.369377604080816582e+02
1.726249999999999929e+01,5.243785793292986774e+00,8.369383622352675047e+02
1.727499999999999858e+01,5.243185399643298439e+00,8.369389626289172384e+02
1.728750000000000142e+01,5.242586436278638296e+00,8.369395615922818479e+02
1.730000000000000071e+01,5.241988899954471925e+00,8.369401591286060693e+02
1.731250000000000000e+01,5.241392787432867628e+00,8.369407552411275901e+02
1.732499999999999929e+01,5.240798095482486652e+00,8.369413499330780724e+02
1.733749999999999858e+01,5.240204820878576086e+00,8.369419432076819021e+02
1.735000000000000142e+01,5.239612960402954656e+00,8.369425350681575537e+02
1.736250000000000071e+01,5.239022510844007385e+00,8.369431255177164530e+02
1.737500000000000000e+01,5.238433468996670506e+00,8.369437145595638867e+02
1.738749999999999929e+01,5.237845831662425233e+00,8.369443021968980929e+02
1.739999999999999858e+01,5.237259595649287114e+00,8.369448884329111706e+02
1.741250000000000142e+01,5.236674757771795363e+00,8.369454732707887388e+02
1.742500000000000071e+01,5.236091314851003098e+00,8.369460567137094813e+02
1.743750000000000000e+01,5.235509263714466677e+00,8.369466387648460568e+02
1.744999999999999929e+01,5.234928601196237707e+00,8.369472194273643026e+02
1.746249999999999858e+01,5.234349324136851500e+00,8.369477987044236897e+02
1.747500000000000142e+01,5.233771429383318186e+00,8.369483765991772088e+02
1.748750000000000071e+01,5.233194913789109393e+00,8.369489531147713706e+02
1.750000000000000000e+01,5.232619774214154695e+00,8.369495282543463190e+02
1.751249999999999929e+01,5.232046007524824738e+00,8.369501020210357183e+02
1.752499999999999858e+01,5.231473610593926793e+00,8.369506744179665247e+02
1.753750000000000142e+01,5.230902580300690552e+00,8.369512454482597832e+02
1.755000000000000071e+01,5.230332913530761907e+00,8.369518151150297172e+02
1.756250000000000000e+01,5.229764607176189628e+00,8.369523834213842974e+02
1.757499999999999929e+01,5.229197658135416482e+00,8.369529503704251283e+02
1.758749999999999858e+01,5.228632063313271239e+00,8.369535159652472203e+02
1.760000000000000142e+01,5.228067819620957124e+00,8.369540802089395584e+02
1.761250000000000071e+01,5.227504923976040274e+00,8.369546431045844201e+02
1.762500000000000000e+01,5.226943373302443518e+00,8.369552046552580578e+02
1.763749999999999929e+01,5.226383164530433056e+00,8.369557648640300158e+02
1.764999999999999858e+01,5.225824294596608688e+00,8.369563237339639272e+02
1.766250000000000142e+01,5.225266760443896707e+00,8.369568812681166037e+02
1.767500000000000071e+01,5.224710559021538359e+00,8.369574374695389452e+02
1.768750000000000000e+01,5.224155687285078287e+00,8.369579923412753715e+02
1.769999999999999929e+01,5.223602142196356546e+00,8.369585458863641634e+02
1.771249999999999858e+01,5.223049920723497941e+00,8.369590981078370078e+02
1.772500000000000142e+01,5.222499019840902257e+00,8.369596490087195662e+02
1.773750000000000071e+01,5.221949436529235378e+00,8.369601985920312472e+02
1.775000000000000000e+01,5.221401167775416852e+00,8.369607468607850933e+02
1.776249999999999929e+01,5.220854210572610121e+00,8.369612938179878938e+02
1.777499999999999858e+01,5.220308561920217194e+00,8.369618394666402992e+02
1.778750000000000142e+01,5.219764218823862656e+00,8.369623838097365933e+02
1.780000000000000071e+01,5.219221178295386565e+00,8.369629268502651485e+02
1.781250000000000000e+01,5.218679437352834682e+00,8.369634685912076293e+02
1.782499999999999929e+01,5.218138993020448702e+00,8.369640090355400162e+02
1.783749999999999858e+01,5.217599842328655591e+00,8.369645481862318093e+02
1.785000000000000142e+01,5.217061982314056046e+00,8.369650860462464834e+02
1.786250000000000071e+01,5.216525410019417386e+00,8.369656226185410333e+02
1.787500000000000000e+01,5.215990122493664671e+00,8.369661579060668828e+02
1.788749999999999929e+01,5.215456116791863828e+00,8.369666919117686348e+02
1.789999999999999858e+01,5.214923389975221646e+00,8.369672246385853214e+02
1.791250000000000142e+01,5.214391939111067131e+00,8.369677560894494945e+02
1.792500000000000071e+01,5.213861761272846174e+00,8.369682862672876809e+02
1.793750000000000000e+01,5.213332853540110889e+00,8.369688151750203815e+02
1.794999999999999929e+01,5.212805212998508964e+00,8.369693428155619586e+02
1.796249999999999858e+01,5.212278836739774768e+00,8.369698691918207487e+02
1.797500000000000142e+01,5.211753721861716926e+00,8.369703943066988359e+02
1.798750000000000071e+01,5.211229865468212985e+00,8.369709181630922785e+02
1.800000000000000000e+01,5.210707264669195204e+00,8.369714407638913372e+02
1.801249999999999929e+01,5.210185916580642562e+00,8.369719621119799058e+02
1.802499999999999858e+01,5.209665818324569209e+00,8.369724822102359667e+02
1.803750000000000142e+01,5.209146967029017361e+00,8.369730010615314768e+02
1.805000000000000071e+01,5.208629359828045757e+00,8.369735186687324813e+02
1.806250000000000000e+01,5.208112993861718998e+00,8.369740350346987725e+02
1.807499999999999929e+01,5.207597866276098664e+00,8.369745501622844586e+02
1.808749999999999858e+01,5.207083974223233547e+00,8.369750640543372810e+02
1.810000000000000142e+01,5.206571314861148991e+00,8.369755767136994109e+02
1.811250000000000071e+01,5.206059885353838013e+00,8.369760881432066526e+02
1.812500000000000000e+01,5.205549682871249750e+00,8.369765983456892400e+02
1.813749999999999929e+01,5.205040704589281475e+00,8.369771073239712678e+02
1.814999999999999858e+01,5.204532947689767930e+00,8.369776150808706916e+02
1.816250000000000142e+01,5.204026409360469785e+00,8.369781216192000102e+02
1.817500000000000071e+01,5.203521086795066530e+00,8.369786269417654694e+02
1.818750000000000000e+01,5.203016977193145820e+00,8.369791310513674034e+02
1.819999999999999929e+01,5.202514077760191924e+00,8.369796339508003484e+02
1.821249999999999858e+01,5.202012385707576847e+00,8.369801356428529289e+02
1.822500000000000142e+01,5.201511898252551447e+00,8.369806361303079711e+02
1.823749999999899885e+01,5.201012612618274744e+00,8.369811354159422763e+02
1.824999999999900169e+01,5.200514526033642504e+00,8.369816335025268472e+02
1.826249999999900098e+01,5.200017635733521715e+00,8.369821303928270027e+02
1.827499999999900027e+01,5.199521938958574729e+00,8.369826260896019221e+02
1.828749999999899956e+01,5.199027432955293904e+00,8.369831205956052145e+02
1.829999999999899885e+01,5.198534114975990050e+00,8.369836139135844633e+02
1.831249999999900169e+01,5.198041982278783557e+00,8.369841060462816813e+02
1.832499999999900098e+01,5.197551032127592840e+00,8.369845969964328560e+02
1.833749999999900027e+01,5.197061261792126352e+00,8.369850867667684042e+02
1.834999999999899956e+01,5.196572668547871032e+00,8.369855753600126036e+02
1.836249999999899885e+01,5.196085249676083428e+00,8.369860627788843885e+02
1.837499999999900169e+01,5.195599002463779925e+00,8.369865490260967817e+02
1.838749999999900098e+01,5.195113924203726974e+00,8.369870341043567805e+02
1.839999999999900027e+01,5.194630012194429547e+00,8.369875180163660389e+02
1.841249999999899956e+01,5.194147263740124032e+00,8.369880007648204128e+02
1.842499999999899885e+01,5.193665676150765798e+00,8.369884823524097328e+02
1.843749999999900169e+01,5.193185246742022088e+00,8.369889627818184863e+02
1.844999999999900098e+01,5.192705972835259587e+00,8.369894420557252488e+02
1.846249999999900027e+01,5.192227851757535539e+00,8.369899201768030252e+02
1.847499999999899956e+01,5.191750880841587978e+00,8.369903971477189089e+02
1.848749999999899885e+01,5.191275057425827733e+00,8.369908729711346496e+02
1.849999999999900169e+01,5.190800378854324215e+00,8.369913476497061993e+02
1.851249999999900098e+01,5.190326842476800095e+00,8.369918211860837118e+02
1.852499999999900027e+01,5.189854445648617975e+00,8.369922935829118842e+02
1.853749999999899956e+01,5.189383185730775061e+00,8.369927648428297289e+02
1.854999999999899885e+01,5.188913060089887175e+00,8.369932349684705741e+02
1.856249999999900169e+01,5.188444066098305107e+00,8.369937039624621775e+02
1.857499999999900098e+01,5.187976201133969845e+00,8.369941718274264986e+02
1.858749999999900027e+01,5.187509462580331743e+00,8.369946385659801535e+02
1.859999999999899956e+01,5.187043847826425136e+00,8.369951041807340744e+02
1.861249999999899885e+01,5.186579354266864783e+00,8.369955686742936223e+02
1.862499999999900169e+01,5.186115979301828105e+00,8.369960320492587016e+02
1.863749999999900098e+01,5.185653720337053407e+00,8.369964943082234186e+02
1.864999999999900027e+01,5.185192574783823005e+00,8.369969554537766498e+02
1.866249999999899956e+01,5.184732540058958783e+00,8.369974154885015878e+02
1.867499999999899885e+01,5.184273613584809759e+00,8.369978744149757404e+02
1.868749999999900169e+01,5.183815792789243204e+00,8.369983322357712723e+02
1.869999999999900098e+01,5.183359075105634872e+00,8.369987889534548913e+02
1.871249999999900027e+01,5.182903457972860117e+00,8.369992445705876207e+02
1.872499999999899956e+01,5.182448938835280572e+00,8.369996990897252545e+02
1.873749999999899885e+01,5.181995515142740594e+00,8.370001525134177882e+02
1.874999999999900169e+01,5.181543184350552167e+00,8.370006048442099882e+02
1.876249999999900098e+01,5.181091943919487797e+00,8.370010560846410499e+02
1.877499999999900027e+01,5.180641791315771627e+00,8.370015062372447119e+02
1.878749999999899956e+01,5.180192724011066119e+00,8.370019553045494831e+02
1.879999999999899885e+01,5.179744739482468496e+00,8.370024032890780745e+02
1.881249999999900169e+01,5.179297835212492984e+00,8.370028501933479674e+02
1.882499999999900098e+01,5.178852008689069919e+00,8.370032960198714136e+02
1.883749999999900027e+01,5.178407257405529762e+00,8.370037407711549804e+02
1.884999999999899956e+01,5.177963578860595995e+00,8.370041844496998920e+02
1.886249999999899885e+01,5.177520970558376234e+00,8.370046270580021428e+02
1.887499999999900169e+01,5.177079430008350691e+00,8.370050685985521568e+02
1.888749999999900098e+01,5.176638954725364172e+00,8.370055090738351282e+02
1.889999999999900027e+01,5.176199542229615425e+00,8.370059484863309081e+02
1.891249999999899956e+01,5.175761190046650029e+00,8.370063868385138903e+02
1.892499999999899885e+01,5.175323895707345301e+00,8.370068241328531258e+02
1.893749999999900169e+01,5.174887656747909404e+00,8.370072603718125492e+02
1.894999999999900098e+01,5.174452470709862695e+00,8.370076955578506386e+02
1.896249999999900027e+01,5.174018335140034175e+00,8.370081296934204147e+02
1.897499999999899956e+01,5.173585247590551717e+00,8.370085627809698963e+02
1.898749999999899885e+01,5.173153205618827855e+00,8.370089948229416450e+02
1.899999999999900169e+01,5.172722206787557120e+00,8.370094258217729930e+02
1.901249999999900098e+01,5.172292248664700054e+00,8.370098557798958154e+02
1.902499999999900027e+01,5.171863328823478767e+00,8.370102846997369852e+02
1.903749999999899956e+01,5.171435444842365392e+00,8.370107125837181457e+02
1.904999999999899885e+01,5.171008594305071426e+00,8.370111394342554831e+02
1.906249999999900169e+01,5.170582774800540626e+00,8.370115652537599544e+02
1.907499999999900098e+01,5.170157983922938350e+00,8.370119900446375141e+02
1.908749999999900027e+01,5.169734219271642672e+00,8.370124138092888870e+02
1.909999999999899956e+01,5.169311478451233732e+00,8.370128365501092276e+02
1.911249999999899885e+01,5.168889759071486623e+00,8.370132582694890289e+02
1.912499999999900169e+01,5.168469058747360734e+00,8.370136789698130997e+02
1.913749999999900098e+01,5.168049375098988207e+00,8.370140986534614740e+02
1.914999999999900027e+01,5.167630705751669495e+00,8.370145173228088424e+02
1.916249999999899956e+01,5.167213048335860037e+00,8.370149349802246661e+02
1.917499999999899885e+01,5.166796400487160490e+00,8.370153516280732902e+02
1.918749999999900169e+01,5.166380759846312287e+00,8.370157672687141712e+02
1.919999999999900098e+01,5.165966124059182540e+00,8.370161819045013090e+02
1.921249999999900027e+01,5.165552490776757821e+00,8.370165955377837008e+02
1.922499999999899956e+01,5.165139857655134392e+00,8.370170081709053420e+02
1.923749999999899885e+01,5.164728222355509324e+00,8.370174198062049982e+02
1.924999999999900169e+01,5.164317582544168950e+00,8.370178304460163190e+02
1.926249999999900098e+01,5.163907935892482648e+00,8.370182400926680657e+02
1.927499999999900027e+01,5.163499280076892184e+00,8.370186487484836562e+02
1.928749999999899956e+01,5.163091612778901940e+00,8.370190564157816198e+02
1.929999999999899885e+01,5.162684931685070922e+00,8.370194630968754836e+02
1.931249999999900169e+01,5.162279234487001212e+00,8.370198687940735454e+02
1.932499999999900098e+01,5.161874518881330864e+00,8.370202735096792139e+02
1.933749999999900027e+01,5.161470782569725912e+00,8.370206772459907825e+02
1.934999999999899956e+01,5.161068023258866155e+00,8.370210800053016555e+02
1.936249999999899885e+01,5.160666238660441607e+00,8.370214817899000082e+02
1.937499999999900169e+01,5.160265426491140062e+00,8.370218826020693541e+02
1.938749999999900098e+01,5.159865584472637323e+00,8.370222824440878640e+02
1.939999999999900027e+01,5.159466710331591877e+00,8.370226813182289334e+02
1.941249999999899956e+01,5.159068801799630677e+00,8.370230792267608422e+02
1.942499999999899885e+01,5.158671856613342932e+00,8.370234761719472090e+02
1.943749999999900169e+01,5.158275872514272109e+00,8.370238721560461954e+02
1.944999999999900098e+01,5.157880847248902612e+00,8.370242671813116431e+02
1.946249999999900027e+01,5.157486778568656227e+00,8.370246612499918228e+02
1.947499999999899956e+01,5.157093664229876140e+00,8.370250543643305718e+02
1.948749999999899885e+01,5.156701501993824266e+00,8.370254465265667250e+02
1.949999999999900169e+01,5.156310289626668819e+00,8.370258377389338875e+02
1.951249999999900098e+01,5.155920024899475429e+00,8.370262280036610036e+02
1.952499999999900027e+01,5.155530705588199147e+00,8.370266173229723563e+02
1.953749999999899956e+01,5.155142329473672902e+00,8.370270056990868852e+02
1.954999999999899885e+01,5.154754894341602167e+00,8.370273931342188689e+02
1.956249999999900169e+01,5.154368397982552530e+00,8.370277796305779248e+02
1.957499999999900098e+01,5.153982838191942584e+00,8.370281651903685542e+02
1.958749999999900027e+01,5.153598212770034159e+00,8.370285498157904840e+02
1.959999999999899956e+01,5.153214519521922554e+00,8.370289335090385521e+02
1.961249999999899885e+01,5.152831756257528539e+00,8.370293162723029354e+02
1.962499999999900169e+01,5.152449920791590365e+00,8.370296981077689225e+02
1.963749999999900098e+01,5.152069010943650440e+00,8.370300790176167993e+02
1.964999999999900027e+01,5.151689024538053552e+00,8.370304590040224184e+02
1.966249999999899956e+01,5.151309959403928218e+00,8.370308380691566299e+02
1.967499999999899885e+01,5.150931813375188462e+00,8.370312162151852817e+02
1.968749999999900169e+01,5.150554584290515159e+00,8.370315934442700154e+02
1.969999999999900098e+01,5.150178269993353375e+00,8.370319697585671292e+02
1.971249999999900027e+01,5.149802868331900818e+00,8.370323451602286013e+02
1.972499999999899956e+01,5.149428377159098957e+00,8.370327196514014076e+02
1.973749999999899885e+01,5.149054794332624141e+00,8.370330932342278629e+02
1.974999999999900169e+01,5.148682117714880491e+00,8.370334659108456208e+02
1.976249999999900098e+01,5.148310345172988356e+00,8.370338376833875600e+02
1.977499999999900027e+01,5.147939474578775432e+00,8.370342085539817845e+02
1.978749999999899956e+01,5.147569503808769653e+00,8.370345785247517369e+02
1.979999999999899885e+01,5.147200430744190314e+00,8.370349475978163127e+02
1.981249999999900169e+01,5.146832253270936519e+00,8.370353157752895186e+02
1.982499999999900098e+01,5.146464969279580082e+00,8.370356830592809274e+02
1.983749999999900027e+01,5.146098576665358415e+00,8.370360494518951100e+02
1.984999999999899956e+01,5.145733073328161211e+00,8.370364149552323170e+02
1.986249999999899885e+01,5.145368457172526000e+00,8.370367795713880241e+02
1.987499999999900169e+01,5.145004726107625714e+00,8.370371433024529324e+02
1.988749999999900098e+01,5.144641878047263361e+00,8.370375061505131953e+02
1.989999999999900027e+01,5.144279910909859588e+00,8.370378681176506461e+02
1.991249999999899956e+01,5.143918822618445574e+00,8.370382292059421161e+02
1.992499999999899885e+01,5.143558611100655042e+00,8.370385894174598889e+02
1.993749999999900169e+01,5.143199274288712708e+00,8.370389487542718143e+02
1.994999999999900098e+01,5.142840810119429840e+00,8.370393072184410812e+02
1.996249999999900027e+01,5.142483216534190937e+00,8.370396648120263308e+02
1.997499999999899956e+01,5.142126491478945738e+00,8.370400215370815431e+02
1.998749999999899885e+01,5.141770632904203886e+00,8.370403773956562645e+02
1.999999999999900169e+01,5.141415638765021612e+00,8.370407323897954939e+02
2.001249999999900098e+01,5.141061507020996402e+00,8.370410865215394551e+02
2.002499999999900027e+01,5.140708235636256340e+00,8.370414397929242796e+02
2.003749999999899956e+01,5.140355822579449452e+00,8.370417922059810962e+02
2.004999999999899885e+01,5.140004265823741925e+00,8.370421437627367141e+02
2.006249999999900169e+01,5.139653563346799459e+00,8.370424944652137356e+02
2.007499999999900098e+01,5.139303713130788154e+00,8.370428443154297611e+02
2.008749999999900027e+01,5.138954713162358523e+00,8.370431933153981845e+02
2.009999999999899956e+01,5.138606561432639275e+00,8.370435414671278522e+02
2.011249999999899885e+01,5.138259255937231096e+00,8.370438887726232906e+02
2.012499999999900169e+01,5.137912794676194217e+00,8.370442352338843648e+02
2.013749999999900098e+01,5.137567175654039531e+00,8.370445808529065062e+02
2.014999999999900027e+01,5.137222396879725039e+00,8.370449256316808260e+02
2.016249999999899956e+01,5.136878456366639867e+00,8.370452695721938881e+02
2.017499999999899885e+01,5.136535352132601595e+00,8.370456126764279361e+02
2.018749999999900169e+01,5.136193082199844717e+00,8.370459549463606663e+02
2.019999999999900098e+01,5.135851644595010868e+00,8.370462963839654549e+02
2.021249999999900027e+01,5.135511037349144381e+00,8.370466369912113578e+02
2.022499999999899956e+01,5.135171258497678970e+00,8.370469767700627699e+02
2.023749999999899885e+01,5.134832306080431508e+00,8.370473157224801071e+02
2.024999999999900169e+01,5.134494178141592258e+00,8.370476538504188966e+02
2.026249999999900098e+01,5.134156872729717769e+00,8.370479911558308004e+02
2.027499999999900027e+01,5.133820387897720217e+00,8.370483276406628192e+02
2.028749999999899956e+01,5.133484721702894937e+00,8.370486633068576339e+02
2.029999999999899885e+01,5.133149872207058095e+00,8.370489981563534911e+02
2.031249999999900169e+01,5.132815837476212728e+00,8.370493321910843179e+02
2.032499999999900098e+01,5.132482615580650886e+00,8.370496654129798344e+02
2.033749999999900027e+01,5.132150204594983833e+00,8.370499978239655547e+02
2.034999999999899956e+01,5.131818602598134049e+00,8.370503294259623317e+02
2.036249999999899885e+01,5.131487807673322799e+00,8.370506602208871527e+02
2.037499999999900169e+01,5.131157817908063912e+00,8.370509902106524578e+02
2.038749999999900098e+01,5.130828631394156680e+00,8.370513193971663668e+02
2.039999999999900027e+01,5.130500246227673422e+00,8.370516477823327932e+02
2.041249999999899956e+01,5.130172660508955040e+00,8.370519753680515578e+02
2.042499999999899885e+01,5.129845872342600366e+00,8.370523021562179338e+02
2.043749999999900169e+01,5.129519879837459939e+00,8.370526281487229880e+02
2.044999999999900098e+01,5.129194681106623577e+00,8.370529533474539221e+02
2.046249999999900027e+01,5.128870274267415930e+00,8.370532777542930489e+02
2.047499999999899956e+01,5.128546657441385825e+00,8.370536013711191572e+02
2.048749999999899885e+01,5.128223828754299163e+00,8.370539241998062607e+02
2.049999999999900169e+01,5.127901786336130030e+00,8.370542462422243943e+02
2.051249999999900098e+01,5.127580528321051823e+00,8.370545675002395001e+02
2.052499999999900027e+01,5.127260052847430138e+00,8.370548879757130862e+02
2.053749999999899956e+01,5.126940358057813896e+00,8.370552076705026820e+02
2.054999999999899885e+01,5.126621442098924675e+00,8.370555265864616103e+02
2.056249999999900169e+01,5.126303303121654054e+00,8.370558447254388739e+02
2.057499999999900098e+01,5.125985939281049397e+00,8.370561620892794963e+02
2.058749999999900027e+01,5.125669348736309416e+00,8.370564786798241812e+02
2.059999999999899956e+01,5.125353529650773510e+00,8.370567944989097668e+02
2.061249999999899885e+01,5.125038480191914658e+00,8.370571095483685440e+02
2.062499999999900169e+01,5.124724198531333208e+00,8.370574238300291654e+02
2.063749999999900098e+01,5.124410682844744436e+00,8.370577373457157364e+02
2.064999999999900027e+01,5.124097931311973220e+00,8.370580500972484970e+02
2.066249999999899956e+01,5.123785942116944270e+00,8.370583620864435943e+02
2.067499999999899885e+01,5.123474713447676798e+00,8.370586733151128556e+02
2.068749999999900169e+01,5.123164243496272974e+00,8.370589837850642425e+02
2.069999999999900098e+01,5.122854530458911704e+00,8.370592934981016242e+02
2.071249999999900027e+01,5.122545572535838865e+00,8.370596024560246633e+02
2.072499999999899956e+01,5.122237367931361973e+00,8.370599106606291571e+02
2.073749999999899885e+01,5.121929914853838639e+00,8.370602181137066964e+02
2.074999999999900169e+01,5.121623211515672125e+00,8.370605248170447794e+02
2.076249999999900098e+01,5.121317256133300688e+00,8.370608307724271526e+02
2.077499999999900027e+01,5.121012046927188699e+00,8.370611359816333561e+02
2.078749999999899956e+01,5.120707582121821311e+00,8.370614404464387235e+02
2.079999999999899885e+01,5.120403859945695579e+00,8.370617441686148368e+02
2.081249999999900169e+01,5.120100878631310692e+00,8.370620471499291853e+02
2.082499999999900098e+01,5.119798636415162640e+00,8.370623493921453928e+02
2.083749999999900027e+01,5.119497131537733559e+00,8.370626508970227633e+02
2.084999999999899956e+01,5.119196362243486398e+00,8.370629516663169625e+02
2.086249999999899885e+01,5.118896326780853379e+00,8.370632517017796772e+02
2.087499999999900169e+01,5.118597023402232438e+00,8.370635510051582742e+02
2.088749999999900098e+01,5.118298450363975682e+00,8.370638495781964821e+02
2.089999999999900027e+01,5.118000605926382285e+00,8.370641474226341643e+02
2.091249999999899956e+01,5.117703488353692265e+00,8.370644445402068641e+02
2.092499999999899885e+01,5.117407095914075832e+00,8.370647409326463730e+02
2.093749999999900169e+01,5.117111426879628944e+00,8.370650366016808448e+02
2.094999999999900098e+01,5.116816479526360872e+00,8.370653315490341129e+02
2.096249999999900027e+01,5.116522252134190651e+00,8.370656257764262591e+02
2.097499999999899956e+01,5.116228742986936417e+00,8.370659192855736137e+02
2.098749999999899885e+01,5.115935950372308305e+00,8.370662120781881868e+02
2.099999999999900169e+01,5.115643872581902230e+00,8.370665041559785777e+02
2.101249999999900098e+01,5.115352507911188340e+00,8.370667955206492934e+02
2.102499999999900027e+01,5.115061854659506579e+00,8.370670861739009752e+02
2.103749999999899956e+01,5.114771911130057802e+00,8.370673761174303991e+02
2.104999999999899885e+01,5.114482675629895780e+00,8.370676653529305895e+02
2.106249999999900169e+01,5.114194146469919211e+00,8.370679538820905918e+02
2.107499999999900098e+01,5.113906321964863722e+00,8.370682417065955860e+02
2.108749999999900027e+01,5.113619200433294765e+00,8.370685288281272278e+02
2.109999999999899956e+01,5.113332780197600513e+00,8.370688152483628528e+02
2.111249999999899885e+01,5.113047059583982090e+00,8.370691009689764996e+02
2.112499999999900169e+01,5.112762036922447351e+00,8.370693859916380006e+02
2.113749999999900098e+01,5.112477710546802889e+00,8.370696703180136637e+02
2.114999999999900027e+01,5.112194078794645158e+00,8.370699539497658179e+02
2.116249999999899956e+01,5.111911140007355137e+00,8.370702368885531541e+02
2.117499999999899885e+01,5.111628892530087676e+00,8.370705191360303843e+02
2.118749999999900169e+01,5.111347334711767054e+00,8.370708006938486960e+02
2.119999999999900098e+01,5.111066464905076323e+00,8.370710815636554116e+02
2.121249999999900027e+01,5.110786281466451086e+00,8.370713617470941017e+02
2.122499999999899956e+01,5.110506782756072397e+00,8.370716412458044715e+02
2.123749999999899885e+01,5.110227967137857874e+00,8.370719200614227020e+02
2.124999999999900169e+01,5.109949832979453710e+00,8.370721981955809952e+02
2.126249999999900098e+01,5.109672378652229341e+00,8.370724756499082559e+02
2.127499999999900027e+01,5.109395602531267677e+00,8.370727524260291830e+02
2.128749999999899956e+01,5.109119502995357109e+00,8.370730285255651779e+02
2.129999999999899885e+01,5.108844078426987956e+00,8.370733039501335497e+02
2.131249999999900169e+01,5.108569327212338251e+00,8.370735787013481968e+02
2.132499999999900098e+01,5.108295247741271972e+00,8.370738527808192657e+02
2.133749999999900027e+01,5.108021838407329263e+00,8.370741261901531516e+02
2.134999999999899956e+01,5.107749097607718447e+00,8.370743989309528388e+02
2.136249999999899885e+01,5.107477023743309807e+00,8.370746710048172190e+02
2.137499999999900169e+01,5.107205615218624928e+00,8.370749424133418870e+02
2.138749999999900098e+01,5.106934870441833141e+00,8.370752131581186859e+02
2.139999999999900027e+01,5.106664787824743534e+00,8.370754832407357071e+02
2.141249999999899956e+01,5.106395365782792517e+00,8.370757526627777452e+02
2.142499999999899885e+01,5.106126602735044706e+00,8.370760214258255019e+02
2.143749999999900169e+01,5.105858497104176941e+00,8.370762895314563821e+02
2.144999999999900098e+01,5.105591047316476505e+00,8.370765569812440390e+02
2.146249999999900027e+01,5.105324251801830471e+00,8.370768237767587152e+02
2.147499999999899956e+01,5.105058108993721255e+00,8.370770899195667880e+02
2.148749999999899885e+01,5.104792617329215076e+00,8.370773554112313377e+02
2.149999999999900169e+01,5.104527775248960175e+00,8.370776202533115793e+02
2.151249999999900098e+01,5.104263581197172606e+00,8.370778844473633171e+02
2.152499999999900027e+01,5.104000033621634458e+00,8.370781479949388313e+02
2.153749999999899956e+01,5.103737130973684089e+00,8.370784108975867639e+02
2.154999999999899885e+01,5.103474871708208127e+00,8.370786731568523464e+02
2.156249999999900169e+01,5.103213254283634370e+00,8.370789347742768314e+02
2.157499999999900098e+01,5.102952277161928230e+00,8.370791957513986290e+02
2.158749999999900027e+01,5.102691938808576744e+00,8.370794560897519432e+02
2.159999999999899956e+01,5.102432237692591244e+00,8.370797157908679083e+02
2.161249999999899885e+01,5.102173172286492253e+00,8.370799748562740206e+02
2.162499999999900169e+01,5.101914741066307712e+00,8.370802332874942522e+02
2.163749999999900098e+01,5.101656942511559656e+00,8.370804910860489372e+02
2.164999999999900027e+01,5.101399775105263323e+00,8.370807482534552264e+02
2.166249999999899956e+01,5.101143237333914726e+00,8.370810047912266327e+02
2.167499999999899885e+01,5.100887327687487094e+00,8.370812607008730311e+02
2.168749999999900169e+01,5.100632044659421105e+00,8.370815159839011130e+02
2.169999999999900098e+01,5.100377386746618669e+00,8.370817706418139323e+02
2.171249999999900027e+01,5.100123352449434044e+00,8.370820246761110184e+02
2.172499999999899956e+01,5.099869940271668511e+00,8.370822780882888310e+02
2.173749999999899885e+01,5.099617148720565041e+00,8.370825308798399647e+02
2.174999999999900169e+01,5.099364976306794084e+00,8.370827830522537170e+02
2.176249999999900098e+01,5.099113421544453573e+00,8.370830346070160886e+02
2.177499999999900027e+01,5.098862482951057373e+00,8.370832855456094421e+02
2.178749999999899956e+01,5.098612159047530845e+00,8.370835358695129571e+02
2.179999999999899885e+01,5.098362448358201959e+00,8.370837855802022887e+02
2.181249999999900169e+01,5.098113349410792416e+00,8.370840346791496813e+02
2.182499999999900098e+01,5.097864860736414094e+00,8.370842831678240827e+02
2.183749999999900027e+01,5.097616980869560166e+00,8.370845310476909162e+02
2.184999999999899956e+01,5.097369708348097994e+00,8.370847783202124219e+02
2.186249999999899885e+01,5.097123041713261138e+00,8.370850249868472019e+02
2.187499999999900169e+01,5.096876979509642247e+00,8.370852710490509025e+02
2.188749999999900098e+01,5.096631520285187733e+00,8.370855165082753047e+02
2.189999999999900027e+01,5.096386662591189776e+00,8.370857613659693470e+02
2.191249999999899956e+01,5.096142404982276553e+00,8.370860056235782167e+02
2.192499999999899885e+01,5.095898746016408687e+00,8.370862492825441450e+02
2.193749999999900169e+01,5.095655684254872142e+00,8.370864923443056114e+02
2.194999999999900098e+01,5.095413218262266675e+00,8.370867348102982533e+02
2.196249999999900027e+01,5.095171346606579554e+00,8.370869766819539564e+02
2.197499999999899956e+01,5.094930067859191780e+00,8.370872179607013095e+02
2.198749999999899885e+01,5.094689380594648043e+00,8.370874586479658319e+02
2.199999999999900169e+01,5.094449283390784622e+00,8.370876987451697460e+02
2.201249999999900098e+01,5.094209774828717840e+00,8.370879382537317497e+02
2.202499999999900027e+01,5.093970853492846729e+00,8.370881771750676990e+02
2.203749999999899956e+01,5.093732517970837925e+00,8.370884155105896980e+02
2.204999999999899885e+01,5.093494766853625677e+00,8.370886532617068951e+02
2.206249999999900169e+01,5.093257598735398517e+00,8.370888904298251418e+02
2.207499999999900098e+01,5.093021012213597487e+00,8.370891270163468789e+02
2.208749999999900027e+01,5.092785005888906369e+00,8.370893630226715914e+02
2.209999999999899956e+01,5.092549578365245466e+00,8.370895984501952398e+02
2.211249999999899885e+01,5.092314728249764499e+00,8.370898333003107155e+02
2.212499999999900169e+01,5.092080454152836388e+00,8.370900675744076125e+02
2.213749999999900098e+01,5.091846754688049259e+00,8.370903012738724556e+02
2.214999999999900027e+01,5.091613628472200226e+00,8.370905344000883588e+02
2.216249999999899956e+01,5.091381074125289175e+00,8.370907669544352530e+02
2.217499999999899885e+01,5.091149090270512545e+00,8.370909989382899994e+02
2.218749999999900169e+01,5.090917675534251785e+00,8.370912303530262761e+02
2.219999999999900098e+01,5.090686828546074238e+00,8.370914612000144643e+02
2.221249999999900027e+01,5.090456547938718934e+00,8.370916914806217619e+02
2.222499999999899956e+01,5.090226832348094810e+00,8.370919211962124109e+02
2.223749999999899885e+01,5.089997680413271830e+00,8.370921503481472428e+02
2.224999999999900169e+01,5.089769090776472993e+00,8.370923789377840194e+02
2.226249999999900098e+01,5.089541062083072553e+00,8.370926069664774332e+02
2.227499999999900027e+01,5.089313592981583589e+00,8.370928344355788795e+02
2.228749999999899956e+01,5.089086682123654448e+00,8.370930613464367980e+02
2.229999999999899885e+01,5.088860328164059865e+00,8.370932877003964450e+02
2.231249999999900169e+01,5.088634529760697411e+00,8.370935134987997799e+02
2.232499999999900098e+01,5.088409285574579499e+00,8.370937387429859200e+02
2.233749999999900027e+01,5.088184594269824501e+00,8.370939634342906857e+02
2.234999999999899956e+01,5.087960454513652309e+00,8.370941875740468276e+02
2.236249999999899885e+01,5.087736864976379003e+00,8.370944111635841409e+02
2.237499999999900169e+01,5.087513824331406198e+00,8.370946342042291235e+02
2.238749999999900098e+01,5.087291331255218374e+00,8.370948566973053175e+02
2.239999999999900027e+01,5.087069384427373997e+00,8.370950786441330820e+02
2.241249999999899956e+01,5.086847982530501078e+00,8.370953000460300473e+02
2.242499999999899885e+01,5.086627124250286514e+00,8.370955209043102059e+02
2.243749999999900169e+01,5.086406808275474312e+00,8.370957412202850492e+02
2.244999999999900098e+01,5.086187033297856708e+00,8.370959609952626579e+02
2.246249999999900027e+01,5.085967798012266172e+00,8.370961802305482706e+02
2.247499999999899956e+01,5.085749101116572746e+00,8.370963989274439427e+02
2.248749999999899885e+01,5.085530941311674269e+00,8.370966170872488874e+02
2.249999999999900169e+01,5.085313317301491054e+00,8.370968347112590209e+02
2.251249999999900098e+01,5.085096227792958778e+00,8.370970518007675309e+02
2.252499999999900027e+01,5.084879671496024045e+00,8.370972683570645358e+02
2.253749999999899956e+01,5.084663647123635499e+00,8.370974843814368569e+02
2.254999999999899885e+01,5.084448153391737613e+00,8.370976998751688143e+02
2.256249999999900169e+01,5.084233189019265353e+00,8.370979148395412039e+02
2.257499999999900098e+01,5.084018752728138857e+00,8.370981292758323207e+02
2.258749999999900027e+01,5.083804843243254545e+00,8.370983431853172760e+02
2.259999999999899956e+01,5.083591459292478021e+00,8.370985565692679984e+02
2.261249999999899885e+01,5.083378599606641401e+00,8.370987694289539149e+02
2.262499999999900169e+01,5.083166262919535328e+00,8.370989817656409286e+02
2.263749999999900098e+01,5.082954447967900080e+00,8.370991935805925550e+02
2.264999999999900027e+01,5.082743153491422028e+00,8.370994048750691263e+02
2.266249999999899956e+01,5.082532378232728298e+00,8.370996156503277916e+02
2.267499999999899885e+01,5.082322120937377008e+00,8.370998259076230852e+02
2.268749999999900169e+01,5.082112380353851933e+00,8.371000356482066991e+02
2.269999999999900098e+01,5.081903155233558955e+00,8.371002448733269148e+02
2.271249999999900027e+01,5.081694444330816296e+00,8.371004535842297400e+02
2.272499999999899956e+01,5.081486246402850959e+00,8.371006617821576583e+02
2.273749999999899885e+01,5.081278560209790740e+00,8.371008694683507656e+02
2.274999999999900169e+01,5.081071384514656231e+00,8.371010766440458610e+02
2.276249999999900098e+01,5.080864718083359044e+00,8.371012833104771289e+02
2.277499999999900027e+01,5.080658559684693820e+00,8.371014894688757977e+02
2.278749999999899956e+01,5.080452908090330233e+00,8.371016951204701400e+02
2.279999999999899885e+01,5.080247762074806772e+00,8.371019002664856998e+02
2.281249999999900169e+01,5.080043120415527191e+00,8.371021049081449519e+02
2.282499999999900098e+01,5.079838981892754290e+00,8.371023090466677559e+02
2.283749999999900027e+01,5.079635345289599258e+00,8.371025126832709020e+02
2.284999999999899956e+01,5.079432209392020781e+00,8.371027158191684521e+02
2.286249999999899885e+01,5.079229572988814390e+00,8.371029184555717393e+02
2.287499999999900169e+01,5.079027434871610680e+00,8.371031205936889137e+02
2.288749999999900098e+01,5.078825793834867319e+00,8.371033222347256242e+02
2.289999999999900027e+01,5.078624648675859277e+00,8.371035233798846775e+02
2.291249999999899956e+01,5.078423998194680600e+00,8.371037240303658109e+02
2.292499999999899885e+01,5.078223841194229315e+00,8.371039241873662604e+02
2.293749999999900169e+01,5.078024176480208318e+00,8.371041238520803063e+02
2.294999999999900098e+01,5.077825002861117376e+00,8.371043230256993866e+02
2.296249999999900027e+01,5.077626319148243361e+00,8.371045217094122108e+02
2.297499999999899956e+01,5.077428124155660250e+00,8.371047199044048739e+02
2.298749999999899885e+01,5.077230416700218463e+00,8.371049176118602873e+02
2.299999999999900169e+01,5.077033195601539539e+00,8.371051148329589751e+02
2.301249999999900098e+01,5.076836459682012581e+00,8.371053115688785056e+02
2.302499999999900027e+01,5.076640207766786261e+00,8.371055078207937186e+02
2.303749999999899956e+01,5.076444438683761717e+00,8.371057035898767253e+02
2.304999999999899885e+01,5.076249151263588999e+00,8.371058988772969087e+02
2.306249999999900169e+01,5.076054344339659075e+00,8.371060936842208093e+02
2.307499999999900098e+01,5.075860016748100279e+00,8.371062880118123530e+02
2.308749999999900027e+01,5.075666167327768541e+00,8.371064818612327372e+02
2.309999999999899956e+01,5.075472794920245612e+00,8.371066752336402033e+02
2.311249999999899885e+01,5.075279898369830178e+00,8.371068681301907191e+02
2.312499999999900169e+01,5.075087476523532537e+00,8.371070605520369554e+02
2.313749999999900098e+01,5.074895528231069264e+00,8.371072525003294231e+02
2.314999999999900027e+01,5.074704052344856109e+00,8.371074439762156771e+02
2.316249999999899956e+01,5.074513047720005332e+00,8.371076349808405439e+02
2.317499999999899885e+01,5.074322513214314156e+00,8.371078255153462351e+02
2.318749999999900169e+01,5.074132447688262992e+00,8.371080155808722338e+02
2.319999999999900098e+01,5.073942850005010996e+00,8.371082051785555223e+02
2.321249999999900027e+01,5.073753719030383635e+00,8.371083943095301265e+02
2.322499999999899956e+01,5.073565053632874466e+00,8.371085829749276854e+02
2.323749999999899885e+01,5.073376852683633587e+00,8.371087711758768819e+02
2.324999999999900169e+01,5.073189115056464971e+00,8.371089589135040114e+02
2.326249999999900098e+01,5.073001839627817589e+00,8.371091461889326411e+02
2.327499999999900027e+01,5.072815025276784517e+00,8.371093330032837230e+02
2.328749999999899956e+01,5.072628670885092284e+00,8.371095193576753672e+02
2.329999999999899885e+01,5.072442775337096421e+00,8.371097052532234102e+02
2.331249999999900169e+01,5.072257337519776144e+00,8.371098906910407322e+02
2.332499999999900098e+01,5.072072356322729014e+00,8.371100756722378264e+02
2.333749999999900027e+01,5.071887830638164729e+00,8.371102601979223437e+02
2.334999999999899956e+01,5.071703759360898012e+00,8.371104442691996610e+02
2.336249999999899885e+01,5.071520141388345060e+00,8.371106278871721997e+02
2.337499999999900169e+01,5.071336975620515553e+00,8.371108110529399937e+02
2.338749999999900098e+01,5.071154260960009097e+00,8.371109937676004620e+02
2.339999999999900027e+01,5.070971996312007235e+00,8.371111760322485225e+02
2.341249999999899956e+01,5.070790180584268114e+00,8.371113578479762509e+02
2.342499999999899885e+01,5.070608812687123823e+00,8.371115392158733357e+02
2.343749999999900169e+01,5.070427891533469733e+00,8.371117201370270777e+02
2.344999999999900098e+01,5.070247416038762722e+00,8.371119006125217084e+02
2.346249999999900027e+01,5.070067385121013182e+00,8.371120806434395263e+02
2.347499999999899956e+01,5.069887797700779686e+00,8.371122602308597607e+02
2.348749999999899885e+01,5.069708652701164553e+00,8.371124393758593669e+02
2.349999999999900169e+01,5.069529949047806738e+00,8.371126180795126857e+02
2.351249999999900098e+01,5.069351685668876506e+00,8.371127963428916701e+02
2.352499999999900027e+01,5.069173861495070099e+00,8.371129741670654312e+02
2.353749999999899956e+01,5.068996475459603523e+00,8.371131515531009200e+02
2.354999999999899885e+01,5.068819526498206329e+00,8.371133285020622452e+02
2.356249999999900169e+01,5.068643013549118947e+00,8.371135050150113557e+02
2.357499999999900098e+01,5.068466935553082919e+00,8.371136810930074716e+02
2.358749999999900027e+01,5.068291291453337344e+00,8.371138567371071986e+02
2.359999999999899956e+01,5.068116080195613549e+00,8.371140319483648682e+02
2.361249999999899885e+01,5.067941300728130649e+00,8.371142067278324248e+02
2.362499999999900169e+01,5.067766952001708347e+00,8.371143810765587432e+02
2.363749999999900098e+01,5.067593032969618605e+00,8.371145549955908791e+02
2.364999999999900027e+01,5.067419542587532355e+00,8.371147284859729325e+02
2.366249999999899956e+01,5.067246479813587889e+00,8.371149015487469569e+02
2.367499999999899885e+01,5.067073843608385531e+00,8.371150741849521637e+02
2.368749999999900169e+01,5.066901632934980526e+00,8.371152463956254905e+02
2.369999999999900098e+01,5.066729846758877720e+00,8.371154181818016013e+02
2.371249999999900027e+01,5.066558484048029776e+00,8.371155895445124315e+02
2.372499999999899956e+01,5.066387543772825630e+00,8.371157604847876428e+02
2.373749999999899885e+01,5.066217024906089605e+00,8.371159310036543957e+02
2.374999999999900169e+01,5.066046926423075192e+00,8.371161011021374634e+02
2.376249999999900098e+01,5.065877247301458830e+00,8.371162707812590043e+02
2.377499999999900027e+01,5.065707986521332806e+00,8.371164400420391303e+02
2.378749999999899956e+01,5.065539143065204364e+00,8.371166088854953387e+02
2.379999999999899885e+01,5.065370715917985933e+00,8.371167773126425118e+02
2.381249999999900169e+01,5.065202704066991579e+00,8.371169453244934857e+02
2.382499999999900098e+01,5.065035106501931672e+00,8.371171129220585954e+02
2.383749999999900027e+01,5.064867922214907558e+00,8.371172801063455609e+02
2.384999999999899956e+01,5.064701150200404456e+00,8.371174468783600560e+02
2.386249999999899885e+01,5.064534789455290564e+00,8.371176132391052533e+02
2.387499999999900169e+01,5.064368838978806409e+00,8.371177791895817109e+02
2.388749999999900098e+01,5.064203297772562173e+00,8.371179447307879400e+02
2.389999999999900027e+01,5.064038164840532374e+00,8.371181098637199511e+02
2.391249999999899956e+01,5.063873439189050529e+00,8.371182745893714809e+02
2.392499999999899885e+01,5.063709119826802940e+00,8.371184389087336513e+02
2.393749999999900169e+01,5.063545205764826029e+00,8.371186028227956513e+02
2.394999999999900098e+01,5.063381696016495681e+00,8.371187663325440553e+02
2.396249999999900027e+01,5.063218589597529018e+00,8.371189294389629367e+02
2.397499999999899956e+01,5.063055885525974631e+00,8.371190921430345497e+02
2.398749999999899885e+01,5.062893582822206362e+00,8.371192544457383065e+02
2.399999999999900169e+01,5.062731680508921528e+00,8.371194163480515726e+02
2.401249999999900098e+01,5.062570177611135591e+00,8.371195778509493266e+02
2.402499999999900027e+01,5.062409073156174166e+00,8.371197389554043866e+02
2.403749999999899956e+01,5.062248366173668579e+00,8.371198996623868425e+02
2.404999999999899885e+01,5.062088055695553201e+00,8.371200599728649649e+02
2.406249999999900169e+01,5.061928140756056571e+00,8.371202198878044101e+02
2.407499999999900098e+01,5.061768620391700502e+00,8.371203794081687874e+02
2.408749999999900027e+01,5.061609493641291202e+00,8.371205385349192056e+02
2.409999999999899956e+01,5.061450759545914835e+00,8.371206972690146131e+02
2.411249999999899885e+01,5.061292417148934852e+00,8.371208556114115709e+02
2.412499999999900169e+01,5.061134465495984891e+00,8.371210135630644800e+02
2.413749999999900098e+01,5.060976903634962554e+00,8.371211711249255814e+02
2.414999999999900027e+01,5.060819730616026746e+00,8.371213282979445012e+02
2.416249999999899956e+01,5.060662945491593234e+00,8.371214850830689329e+02
2.417499999999899885e+01,5.060506547316323989e+00,8.371216414812441826e+02
2.418749999999900169e+01,5.060350535147130735e+00,8.371217974934133963e+02
2.419999999999900098e+01,5.060194908043161632e+00,8.371219531205173325e+02
2.421249999999900027e+01,5.060039665065801273e+00,8.371221083634947036e+02
2.422499999999899956e+01,5.059884805278664466e+00,8.371222632232818341e+02
2.423749999999899885e+01,5.059730327747591794e+00,8.371224177008128891e+02
2.424999999999900169e+01,5.059576231540641622e+00,8.371225717970198730e+02
2.426249999999900098e+01,5.059422515728089209e+00,8.371227255128324032e+02
2.427499999999900027e+01,5.059269179382419601e+00,8.371228788491780506e+02
2.428749999999899956e+01,5.059116221578323191e+00,8.371230318069822260e+02
2.429999999999899885e+01,5.058963641392689503e+00,8.371231843871678393e+02
2.431249999999900169e+01,5.058811437904603636e+00,8.371233365906558674e+02
2.432499999999900098e+01,5.058659610195340939e+00,8.371234884183651275e+02
2.433749999999900027e+01,5.058508157348363454e+00,8.371236398712121627e+02
2.434999999999899956e+01,5.058357078449311928e+00,8.371237909501112426e+02
2.436249999999899885e+01,5.058206372586002253e+00,8.371239416559744768e+02
2.437499999999900169e+01,5.058056038848422808e+00,8.371240919897120421e+02
2.438749999999900098e+01,5.057906076328727352e+00,8.371242419522317277e+02
2.439999999999900027e+01,5.057756484121227913e+00,8.371243915444392769e+02
2.441249999999899956e+01,5.057607261322396575e+00,8.371245407672381589e+02
2.442499999999899885e+01,5.057458407030853920e+00,8.371246896215296829e+02
2.443749999999900169e+01,5.057309920347366372e+00,8.371248381082131118e+02
2.444999999999900098e+01,5.057161800374843530e+00,8.371249862281856622e+02
2.446249999999900027e+01,5.057014046218330172e+00,8.371251339823421631e+02
2.447499999999899956e+01,5.056866656985004482e+00,8.371252813715755110e+02
2.448749999999899885e+01,5.056719631784170055e+00,8.371254283967763286e+02
2.449999999999900169e+01,5.056572969727253231e+00,8.371255750588333058e+02
2.451249999999900098e+01,5.056426669927797768e+00,8.371257213586327453e+02
2.452499999999900027e+01,5.056280731501459513e+00,8.371258672970590169e+02
2.453749999999899956e+01,5.056135153566003737e+00,8.371260128749945579e+02
2.454999999999899885e+01,5.055989935241296251e+00,8.371261580933191908e+02
2.456249999999900169e+01,5.055845075649302522e+00,8.371263029529111463e+02
2.457499999999900098e+01,5.055700573914083229e+00,8.371264474546463816e+02
2.458749999999900027e+01,5.055556429161783605e+00,8.371265915993986937e+02
2.459999999999899956e+01,5.055412640520637879e+00,8.371267353880398332e+02
2.461249999999899885e+01,5.055269207120955066e+00,8.371268788214395045e+02
2.462499999999900169e+01,5.055126128095122517e+00,8.371270219004653654e+02
2.463749999999900098e+01,5.054983402577596152e+00,8.371271646259829140e+02
2.464999999999900027e+01,5.054841029704895128e+00,8.371273069988556017e+02
2.466249999999899956e+01,5.054699008615602729e+00,8.371274490199449474e+02
2.467499999999899885e+01,5.054557338450354820e+00,8.371275906901101962e+02
2.468749999999900169e+01,5.054416018351841622e+00,8.371277320102086605e+02
2.469999999999900098e+01,5.054275047464797055e+00,8.371278729810957202e+02
2.471249999999900027e+01,5.054134424935997849e+00,8.371280136036244812e+02
2.472499999999899956e+01,5.053994149914259992e+00,8.371281538786462306e+02
2.473749999999899885e+01,5.053854221550428072e+00,8.371282938070100954e+02
2.474999999999900169e+01,5.053714638997377939e+00,8.371284333895631562e+02
2.476249999999900098e+01,5.053575401410007828e+00,8.371285726271504473e+02
2.477499999999900027e+01,5.053436507945233913e+00,8.371287115206152976e+02
2.478749999999899956e+01,5.053297957761988535e+00,8.371288500707985349e+02
2.479999999999899885e+01,5.053159750021210428e+00,8.371289882785392820e+02
2.481249999999900169e+01,5.053021883885845611e+00,8.371291261446746148e+02
2.482499999999900098e+01,5.052884358520839392e+00,8.371292636700396770e+02
2.483749999999900027e+01,5.052747173093134592e+00,8.371294008554673383e+02
2.484999999999899956e+01,5.052610326771663551e+00,8.371295377017888768e+02
2.486249999999899885e+01,5.052473818727344579e+00,8.371296742098331833e+02
2.487499999999900169e+01,5.052337648133080172e+00,8.371298103804274433e+02
2.488749999999900098e+01,5.052201814163749916e+00,8.371299462143967958e+02
2.489999999999900027e+01,5.052066315996204260e+00,8.371300817125643334e+02
2.491249999999899956e+01,5.051931152809265413e+00,8.371302168757512163e+02
2.492499999999899885e+01,5.051796323783716680e+00,8.371303517047767855e+02
2.493749999999900169e+01,5.051661828102302465e+00,8.371304862004582219e+02
2.494999999999900098e+01,5.051527664949722052e+00,8.371306203636107739e+02
2.496249999999900027e+01,5.051393833512625164e+00,8.371307541950478708e+02
2.497499999999899956e+01,5.051260332979605749e+00,8.371308876955808955e+02
2.498749999999899885e+01,5.051127162541202864e+00,8.371310208660192984e+02
2.499999999999900169e+01,5.050994321389888242e+00,8.371311537071705970e+02
2.501249999999900098e+01,5.050861808720068957e+00,8.371312862198404900e+02
2.502499999999900027e+01,5.050729623728079432e+00,8.371314184048324023e+02
2.503749999999899956e+01,5.050597765612178769e+00,8.371315502629482808e+02
2.504999999999899885e+01,5.050466233572542762e+00,8.371316817949879123e+02
2.506249999999900169e+01,5.050335026811263006e+00,8.371318130017492649e+02
2.507499999999900098e+01,5.050204144532343342e+00,8.371319438840281464e+02
2.508749999999900027e+01,5.050073585941690979e+00,8.371320744426187730e+02
2.509999999999899956e+01,5.049943350247114715e+00,8.371322046783134283e+02
2.511249999999899885e+01,5.049813436658321386e+00,8.371323345919022358e+02
2.512499999999900169e+01,5.049683844386910536e+00,8.371324641841736138e+02
2.513749999999900098e+01,5.049554572646369088e+00,8.371325934559141615e+02
2.514999999999900027e+01,5.049425620652067792e+00,8.371327224079084317e+02
2.516249999999899956e+01,5.049296987621256783e+00,8.371328510409392720e+02
2.517499999999899885e+01,5.049168672773062028e+00,8.371329793557874837e+02
2.518749999999900169e+01,5.049040675328479111e+00,8.371331073532320488e+02
2.519999999999900098e+01,5.048912994510369678e+00,8.371332350340501307e+02
2.521249999999900027e+01,5.048785629543459663e+00,8.371333623990170736e+02
2.522499999999899956e+01,5.048658579654329515e+00,8.371334894489061753e+02
2.523749999999899885e+01,5.048531844071414199e+00,8.371336161844891421e+02
2.524999999999900169e+01,5.048405422024997868e+00,8.371337426065355203e+02
2.526249999999900098e+01,5.048279312747208536e+00,8.371338687158132643e+02
2.527499999999900027e+01,5.048153515472013630e+00,8.371339945130885098e+02
2.528749999999899956e+01,5.048028029435220887e+00,8.371341199991252324e+02
2.529999999999899885e+01,5.047902853874581375e+00,8.371342451746859297e+02
2.531249999999900169e+01,5.047777988029638507e+00,8.371343700405308255e+02
2.532499999999900098e+01,5.047653431141705838e+00,8.371344945974187794e+02
2.533749999999900027e+01,5.047529182453915908e+00,8.371346188461066049e+02
2.534999999999899956e+01,5.047405241211219362e+00,8.371347427873492961e+02
2.536249999999899885e+01,5.047281606660380504e+00,8.371348664219001421e+02
2.537499999999900169e+01,5.047158278049971969e+00,8.371349897505104991e+02
2.538749999999900098e+01,5.047035254630370282e+00,8.371351127739301319e+02
2.539999999999900027e+01,5.046912535653753196e+00,8.371352354929067587e+02
2.541249999999899956e+01,5.046790120374096134e+00,8.371353579081863927e+02
2.542499999999899885e+01,5.046668008047164200e+00,8.371354800205133415e+02
2.543749999999900169e+01,5.046546197930512179e+00,8.371356018306299802e+02
2.544999999999900098e+01,5.046424689283477427e+00,8.371357233392769785e+02
2.546249999999900027e+01,5.046303481367178101e+00,8.371358445471933010e+02
2.547499999999899956e+01,5.046182573444506936e+00,8.371359654551159792e+02
2.548749999999899885e+01,5.046061964780129472e+00,8.371360860637803398e+02
2.549999999999900169e+01,5.045941654640477836e+00,8.371362063739200039e+02
2.551249999999900098e+01,5.045821642293746301e+00,8.371363263862667736e+02
2.552499999999900027e+01,5.045701927009890397e+00,8.371364461015506322e+02
2.553749999999899956e+01,5.045582508060618920e+00,8.371365655204998575e+02
2.554999999999899885e+01,5.045463384719393041e+00,8.371366846438411358e+02
2.556249999999900169e+01,5.045344556261419200e+00,8.371368034722991069e+02
2.557499999999900098e+01,5.045226021963649110e+00,8.371369220065968193e+02
2.558749999999900027e+01,5.045107781104770872e+00,8.371370402474557295e+02
2.559999999999899956e+01,5.044989832965208976e+00,8.371371581955952479e+02
2.561249999999899885e+01,5.044872176827118082e+00,8.371372758517334205e+02
2.562499999999900169e+01,5.044754811974380360e+00,8.371373932165861333e+02
2.563749999999900098e+01,5.044637737692600155e+00,8.371375102908679082e+02
2.564999999999900027e+01,5.044520953269099550e+00,8.371376270752914479e+02
2.566249999999899956e+01,5.044404457992918367e+00,8.371377435705676362e+02
2.567499999999899885e+01,5.044288251154805280e+00,8.371378597774056516e+02
2.568749999999900169e+01,5.044172332047215157e+00,8.371379756965133083e+02
2.569999999999900098e+01,5.044056699964307278e+00,8.371380913285961469e+02
2.571249999999900027e+01,5.043941354201939120e+00,8.371382066743585710e+02
2.572499999999899956e+01,5.043826294057664583e+00,8.371383217345028243e+02
2.573749999999899885e+01,5.043711518830726881e+00,8.371384365097297859e+02
2.574999999999900169e+01,5.043597027822056766e+00,8.371385510007384028e+02
2.576249999999900098e+01,5.043482820334270755e+00,8.371386652082262572e+02
2.577499999999900027e+01,5.043368895671660468e+00,8.371387791328888852e+02
2.578749999999899956e+01,5.043255253140197070e+00,8.371388927754203451e+02
2.579999999999899885e+01,5.043141892047520614e+00,8.371390061365129895e+02
2.581249999999900169e+01,5.043028811702940928e+00,8.371391192168575799e+02
2.582499999999900098e+01,5.042916011417430511e+00,8.371392320171430583e+02
2.583749999999900027e+01,5.042803490503621866e+00,8.371393445380568892e+02
2.584999999999899956e+01,5.042691248275804838e+00,8.371394567802847178e+02
2.586249999999899885e+01,5.042579284049921284e+00,8.371395687445105978e+02
2.587499999999900169e+01,5.042467597143559743e+00,8.371396804314169913e+02
2.588749999999900098e+01,5.042356186875957214e+00,8.371397918416845414e+02
2.589999999999900027e+01,5.042245052567987607e+00,8.371399029759925270e+02
2.591249999999899956e+01,5.042134193542164411e+00,8.371400138350182942e+02
2.592499999999899885e+01,5.042023609122634475e+00,8.371401244194378251e+02
2.593749999999900169e+01,5.041913298635172680e+00,8.371402347299252824e+02
2.594999999999900098e+01,5.041803261407181935e+00,8.371403447671533513e+02
2.596249999999900027e+01,5.041693496767684302e+00,8.371404545317927841e+02
2.597499999999899956e+01,5.041584004047322765e+00,8.371405640245131963e+02
2.598749999999899885e+01,5.041474782578353242e+00,8.371406732459821569e+02
2.599999999999900169e+01,5.041365831694642807e+00,8.371407821968658709e+02
2.601249999999900098e+01,5.041257150731665249e+00,8.371408908778288378e+02
2.602499999999900027e+01,5.041148739026499292e+00,8.371409992895339656e+02
2.603749999999899956e+01,5.041040595917820610e+00,8.371411074326426842e+02
2.604999999999899885e+01,5.040932720745902706e+00,8.371412153078146048e+02
2.606249999999900169e+01,5.040825112852610701e+00,8.371413229157078604e+02
2.607499999999900098e+01,5.040717771581396889e+00,8.371414302569791062e+02
2.608749999999900027e+01,5.040610696277301628e+00,8.371415373322831783e+02
2.609999999999899956e+01,5.040503886286943569e+00,8.371416441422735488e+02
2.611249999999899885e+01,5.040397340958518768e+00,8.371417506876019843e+02
2.612499999999900169e+01,5.040291059641798910e+00,8.371418569689186597e+02
2.613749999999900098e+01,5.040185041688123313e+00,8.371419629868723860e+02
2.614999999999900027e+01,5.040079286450401597e+00,8.371420687421101547e+02
2.616249999999899956e+01,5.039973793283101244e+00,8.371421742352773663e+02
2.617499999999899885e+01,5.039868561542252934e+00,8.371422794670182839e+02
2.618749999999900169e+01,5.039763590585441655e+00,8.371423844379750108e+02
2.619999999999900098e+01,5.039658879771803157e+00,8.371424891487887407e+02
2.621249999999900027e+01,5.039554428462023949e+00,8.371425936000985075e+02
2.622499999999899956e+01,5.039450236018332419e+00,8.371426977925422079e+02
2.623749999999899885e+01,5.039346301804500605e+00,8.371428017267560335e+02
2.624999999999900169e+01,5.039242625185836211e+00,8.371429054033746979e+02
2.626249999999900098e+01,5.039139205529182597e+00,8.371430088230313231e+02
2.627499999999900027e+01,5.039036042202912569e+00,8.371431119863575532e+02
2.628749999999899956e+01,5.038933134576925710e+00,8.371432148939835542e+02
2.629999999999899885e+01,5.038830482022644830e+00,8.371433175465379009e+02
2.631249999999900169e+01,5.038728083913012412e+00,8.371434199446474622e+02
2.632499999999900098e+01,5.038625939622488836e+00,8.371435220889379707e+02
2.633749999999900027e+01,5.038524048527044386e+00,8.371436239800334533e+02
2.634999999999899956e+01,5.038422410004160135e+00,8.371437256185563456e+02
2.636249999999899885e+01,5.038321023432821733e+00,8.371438270051277186e+02
2.637499999999900169e+01,5.038219888193519402e+00,8.371439281403669384e+02
2.638749999999900098e+01,5.038119003668237283e+00,8.371440290248922338e+02
2.639999999999900027e+01,5.038018369240459648e+00,8.371441296593200150e+02
2.641249999999899956e+01,5.037917984295158469e+00,8.371442300442653277e+02
2.642499999999899885e+01,5.037817848218796080e+00,8.371443301803417398e+02
2.643749999999900169e+01,5.037717960399318073e+00,8.371444300681612276e+02
2.644999999999900098e+01,5.037618320226152413e+00,8.371445297083344030e+02
2.646249999999900027e+01,5.037518927090202325e+00,8.371446291014702865e+02
2.647499999999899956e+01,5.037419780383848966e+00,8.371447282481766479e+02
2.648749999999899885e+01,5.037320879500939874e+00,8.371448271490595516e+02
2.649999999999900169e+01,5.037222223836792523e+00,8.371449258047236981e+02
2.651249999999900098e+01,5.037123812788188104e+00,8.371450242157723096e+02
2.652499999999900027e+01,5.037025645753367087e+00,8.371451223828071306e+02
2.653749999999899956e+01,5.036927722132027441e+00,8.371452203064284276e+02
2.654999999999899885e+01,5.036830041325321083e+00,8.371453179872352166e+02
2.656249999999900169e+01,5.036732602735848552e+00,8.371454154258246945e+02
2.657499999999900098e+01,5.036635405767659002e+00,8.371455126227928076e+02
2.658749999999900027e+01,5.036538449826243102e+00,8.371456095787342520e+02
2.659999999999899956e+01,5.036441734318531260e+00,8.371457062942420180e+02
2.661249999999899885e+01,5.036345258652893619e+00,8.371458027699076183e+02
2.662499999999900169e+01,5.036249022239127626e+00,8.371458990063214287e+02
2.663749999999900098e+01,5.036153024488466023e+00,8.371459950040720059e+02
2.664999999999900027e+01,5.036057264813564416e+00,8.371460907637469973e+02
2.666249999999899956e+01,5.035961742628503046e+00,8.371461862859320036e+02
2.667499999999899885e+01,5.035866457348779690e+00,8.371462815712117163e+02
2.668749999999900169e+01,5.035771408391309656e+00,8.371463766201692351e+02
2.669999999999900098e+01,5.035676595174421344e+00,8.371464714333860684e+02
2.671249999999900027e+01,5.035582017117852693e+00,8.371465660114427010e+02
2.672499999999899956e+01,5.035487673642746742e+00,8.371466603549177989e+02
2.673749999999899885e+01,5.035393564171648961e+00,8.371467544643888914e+02
2.674999999999900169e+01,5.035299688128506368e+00,8.371468483404320295e+02
2.676249999999900098e+01,5.035206044938660419e+00,8.371469419836219004e+02
2.677499999999900027e+01,5.035112634028845235e+00,8.371470353945317129e+02
2.678749999999899956e+01,5.035019454827184937e+00,8.371471285737333119e+02
2.679999999999899885e+01,5.034926506763189202e+00,8.371472215217972916e+02
2.681249999999900169e+01,5.034833789267752380e+00,8.371473142392927684e+02
2.682499999999900098e+01,5.034741301773145494e+00,8.371474067267873806e+02
2.683749999999900027e+01,5.034649043713017136e+00,8.371474989848475161e+02
2.684999999999899956e+01,5.034557014522389906e+00,8.371475910140380847e+02
2.686249999999899885e+01,5.034465213637655090e+00,8.371476828149228595e+02
2.687499999999900169e+01,5.034373640496569102e+00,8.371477743880639082e+02
2.688749999999900098e+01,5.034282294538253488e+00,8.371478657340222753e+02
2.689999999999900027e+01,5.034191175203187818e+00,8.371479568533573001e+02
2.691249999999899956e+01,5.034100281933208798e+00,8.371480477466272987e+02
2.692499999999899885e+01,5.034009614171507607e+00,8.371481384143889954e+02
2.693749999999900169e+01,5.033919171362624567e+00,8.371482288571978643e+02
2.694999999999900098e+01,5.033828952952444702e+00,8.371483190756080148e+02
2.696249999999900027e+01,5.033738958388199514e+00,8.371484090701723062e+02
2.697499999999899956e+01,5.033649187118458990e+00,8.371484988414420059e+02
2.698749999999899885e+01,5.033559638593131602e+00,8.371485883899673581e+02
2.699999999999900169e+01,5.033470312263485624e+00,8.371486777162970156e+02
2.701249999999900098e+01,5.033381207582219297e+00,8.371487668209782669e+02
2.702499999999900027e+01,5.033292324003265428e+00,8.371488557045572634e+02
2.703749999999899956e+01,5.033203660981871330e+00,8.371489443675786788e+02
2.704999999999899885e+01,5.033115217974607702e+00,8.371490328105859362e+02
2.706249999999900169e+01,5.033026994439365076e+00,8.371491210341210945e+02
2.707499999999900098e+01,5.032938989835352039e+00,8.371492090387251892e+02
2.708749999999900027e+01,5.032851203623089020e+00,8.371492968249374371e+02
2.709999999999899956e+01,5.032763635264410063e+00,8.371493843932961454e+02
2.711249999999899885e+01,5.032676284222454832e+00,8.371494717443380296e+02
2.712499999999900169e+01,5.032589149961668618e+00,8.371495588785987820e+02
2.713749999999900098e+01,5.032502231947798776e+00,8.371496457966127309e+02
2.714999999999900027e+01,5.032415529647888519e+00,8.371497324989126128e+02
2.716249999999899956e+01,5.032329042530279573e+00,8.371498189860302546e+02
2.717499999999899885e+01,5.032242770064604187e+00,8.371499052584958918e+02
2.718749999999900169e+01,5.032156711721783360e+00,8.371499913168387366e+02
2.719999999999900098e+01,5.032070866974025947e+00,8.371500771615865233e+02
2.721249999999900027e+01,5.031985235294822445e+00,8.371501627932657357e+02
2.722499999999899956e+01,5.031899816158943217e+00,8.371502482124016069e+02
2.723749999999899885e+01,5.031814609042435826e+00,8.371503334195181196e+02
2.724999999999900169e+01,5.031729613422623260e+00,8.371504184151378922e+02
2.726249999999900098e+01,5.031644828778096823e+00,8.371505031997824062e+02
2.727499999999900027e+01,5.031560254588717918e+00,8.371505877739717789e+02
2.728749999999899956e+01,5.031475890335611822e+00,8.371506721382248770e+02
2.729999999999899885e+01,5.031391735501165030e+00,8.371507562930593167e+02
2.731249999999900169e+01,5.031307789569023470e+00,8.371508402389914636e+02
2.732499999999900098e+01,5.031224052024090732e+00,8.371509239765364327e+02
2.733749999999900027e+01,5.031140522352520073e+00,8.371510075062079750e+02
2.734999999999899956e+01,5.031057200041716193e+00,8.371510908285188179e+02
2.736249999999899885e+01,5.030974084580332573e+00,8.371511739439802113e+02
2.737499999999900169e+01,5.030891175458263476e+00,8.371512568531022680e+02
2.738749999999900098e+01,5.030808472166646617e+00,8.371513395563938502e+02
2.739999999999900027e+01,5.030725974197856054e+00,8.371514220543626834e+02
2.741249999999899956e+01,5.030643681045503079e+00,8.371515043475150151e+02
2.742499999999899885e+01,5.030561592204429111e+00,8.371515864363560695e+02
2.743749999999900169e+01,5.030479707170705694e+00,8.371516683213898204e+02
2.744999999999900098e+01,5.030398025441631837e+00,8.371517500031188774e+02
2.746249999999900027e+01,5.030316546515728682e+00,8.371518314820448268e+02
2.747499999999899956e+01,5.030235269892739502e+00,8.371519127586677769e+02
2.748749999999899885e+01,5.030154195073622603e+00,8.371519938334869266e+02
2.749999999999900169e+01,5.030073321560553978e+00,8.371520747069999970e+02
2.751249999999900098e+01,5.029992648856921100e+00,8.371521553797035722e+02
2.752499999999900027e+01,5.029912176467317586e+00,8.371522358520932130e+02
2.753749999999899956e+01,5.029831903897548528e+00,8.371523161246630025e+02
2.754999999999899885e+01,5.029751830654617173e+00,8.371523961979058868e+02
2.756249999999900169e+01,5.029671956246730247e+00,8.371524760723137888e+02
2.757499999999900098e+01,5.029592280183291741e+00,8.371525557483772673e+02
2.758749999999900027e+01,5.029512801974900249e+00,8.371526352265856303e+02
2.759999999999899956e+01,5.029433521133345408e+00,8.371527145074271630e+02
2.761249999999899885e+01,5.029354437171608794e+00,8.371527935913888996e+02
2.762499999999900169e+01,5.029275549603855033e+00,8.371528724789566240e+02
2.763749999999900098e+01,5.029196857945433585e+00,8.371529511706150970e+02
2.764999999999900027e+01,5.029118361712876961e+00,8.371530296668476012e+02
2.766249999999899956e+01,5.029040060423891845e+00,8.371531079681366236e+02
2.767499999999899885e+01,5.028961953597362644e+00,8.371531860749631733e+02
2.768749999999900169e+01,5.028884040753345275e+00,8.371532639878071222e+02
2.769999999999900098e+01,5.028806321413064495e+00,8.371533417071474332e+02
2.771249999999900027e+01,5.028728795098913906e+00,8.371534192334615909e+02
2.772499999999899956e+01,5.028651461334450623e+00,8.371534965672260569e+02
2.773749999999899885e+01,5.028574319644390833e+00,8.371535737089161557e+02
2.774999999999900169e+01,5.028497369554612462e+00,8.371536506590058480e+02
2.776249999999900098e+01,5.028420610592147177e+00,8.371537274179684118e+02
2.777499999999900027e+01,5.028344042285180393e+00,8.371538039862753067e+02
2.778749999999899956e+01,5.028267664163047712e+00,8.371538803643974234e+02
2.779999999999899885e+01,5.028191475756233153e+00,8.371539565528042885e+02
2.781249999999900169e+01,5.028115476596365596e+00,8.371540325519641783e+02
2.782499999999900098e+01,5.028039666216214343e+00,8.371541083623443456e+02
2.783749999999900027e+01,5.027964044149689116e+00,8.371541839844107926e+02
2.784999999999899956e+01,5.027888609931838282e+00,8.371542594186286124e+02
2.786249999999899885e+01,5.027813363098841748e+00,8.371543346654616471e+02
2.787499999999900169e+01,5.027738303188012736e+00,8.371544097253724885e+02
2.788749999999900098e+01,5.027663429737790679e+00,8.371544845988227053e+02
2.789999999999900027e+01,5.027588742287743884e+00,8.371545592862727290e+02
2.791249999999899956e+01,5.027514240378563315e+00,8.371546337881819682e+02
2.792499999999899885e+01,5.027439923552058154e+00,8.371547081050084671e+02
2.793749999999900169e+01,5.027365791351159352e+00,8.371547822372093606e+02
2.794999999999900098e+01,5.027291843319910747e+00,8.371548561852406465e+02
2.796249999999900027e+01,5.027218079003469953e+00,8.371549299495570722e+02
2.797499999999899956e+01,5.027144497948103918e+00,8.371550035306123618e+02
2.798749999999899885e+01,5.027071099701188039e+00,8.371550769288593301e+02
2.799999999999900169e+01,5.026997883811201717e+00,8.371551501447493138e+02
2.801249999999900098e+01,5.026924849827727471e+00,8.371552231787327401e+02
2.802499999999900027e+01,5.026851997301445607e+00,8.371552960312590130e+02
2.803749999999899956e+01,5.026779325784134222e+00,8.371553687027763999e+02
2.804999999999899885e+01,5.026706834828667425e+00,8.371554411937318037e+02
2.806249999999900169e+01,5.026634523989010006e+00,8.371555135045714451e+02
2.807499999999900098e+01,5.026562392820212999e+00,8.371555856357402945e+02
2.808749999999900027e+01,5.026490440878419008e+00,8.371556575876820716e+02
2.809999999999899956e+01,5.026418667720851552e+00,8.371557293608397003e+02
2.811249999999899885e+01,5.026347072905815061e+00,8.371558009556547404e+02
2.812499999999900169e+01,5.026275655992694880e+00,8.371558723725678419e+02
2.813749999999900098e+01,5.026204416541951048e+00,8.371559436120185183e+02
2.814999999999900027e+01,5.026133354115117413e+00,8.371560146744453732e+02
2.816249999999899956e+01,5.026062468274798967e+00,8.371560855602857600e+02
2.817499999999899885e+01,5.025991758584670066e+00,8.371561562699757815e+02
2.818749999999900169e+01,5.025921224609469995e+00,8.371562268039510855e+02
2.819999999999900098e+01,5.025850865915001187e+00,8.371562971626455010e+02
2.821249999999900027e+01,5.025780682068128336e+00,8.371563673464924022e+02
2.822499999999899956e+01,5.025710672636773069e+00,8.371564373559236856e+02
2.823749999999899885e+01,5.025640837189913057e+00,8.371565071913705651e+02
2.824999999999900169e+01,5.025571175297580240e+00,8.371565768532628908e+02
2.826249999999900098e+01,5.025501686530856382e+00,8.371566463420296031e+02
2.827499999999900027e+01,5.025432370461872189e+00,8.371567156580986193e+02
2.828749999999899956e+01,5.025363226663802863e+00,8.371567848018967197e+02
2.829999999999899885e+01,5.025294254710866326e+00,8.371568537738496616e+02
2.831249999999900169e+01,5.025225454178325002e+00,8.371569225743821789e+02
2.832499999999900098e+01,5.025156824642474263e+00,8.371569912039179826e+02
2.833749999999900027e+01,5.025088365680648650e+00,8.371570596628798739e+02
2.834999999999899956e+01,5.025020076871214769e+00,8.371571279516892901e+02
2.836249999999899885e+01,5.024951957793570401e+00,8.371571960707669859e+02
2.837499999999900169e+01,5.024884008028140059e+00,8.371572640205323523e+02
2.838749999999900098e+01,5.024816227156376769e+00,8.371573318014040979e+02
2.839999999999900027e+01,5.024748614760753185e+00,8.371573994137997943e+02
2.841249999999899956e+01,5.024681170424766030e+00,8.371574668581357628e+02
2.842499999999899885e+01,5.024613893732928105e+00,8.371575341348275288e+02
2.843749999999900169e+01,5.024546784270770061e+00,8.371576012442897081e+02
2.844999999999900098e+01,5.024479841624833298e+00,8.371576681869356662e+02
2.846249999999900027e+01,5.024413065382671739e+00,8.371577349631778588e+02
2.847499999999899956e+01,5.024346455132848277e+00,8.371578015734276050e+02
2.848749999999899885e+01,5.024280010464931223e+00,8.371578680180955416e+02
2.849999999999900169e+01,5.024213730969492531e+00,8.371579342975910549e+02
2.851249999999900098e+01,5.024147616238104241e+00,8.371580004123223944e+02
2.852499999999900027e+01,5.024081665863338486e+00,8.371580663626971273e+02
2.853749999999899956e+01,5.024015879438763044e+00,8.371581321491217977e+02
2.854999999999899885e+01,5.023950256558940453e+00,8.371581977720015857e+02
2.856249999999900169e+01,5.023884796819422682e+00,8.371582632317411026e+02
2.857499999999900098e+01,5.023819499816752909e+00,8.371583285287437093e+02
2.858749999999900027e+01,5.023754365148460188e+00,8.371583936634120846e+02
2.859999999999899956e+01,5.023689392413055899e+00,8.371584586361474294e+02
2.861249999999899885e+01,5.023624581210036411e+00,8.371585234473504897e+02
2.862499999999900169e+01,5.023559931139875090e+00,8.371585880974206475e+02
2.863749999999900098e+01,5.023495441804022299e+00,8.371586525867564887e+02
2.864999999999900027e+01,5.023431112804904508e+00,8.371587169157555763e+02
2.866249999999899956e+01,5.023366943745918967e+00,8.371587810848145637e+02
2.867499999999899885e+01,5.023302934231432815e+00,8.371588450943290809e+02
2.868749999999900169e+01,5.023239083866782195e+00,8.371589089446937351e+02
2.869999999999900098e+01,5.023175392258265148e+00,8.371589726363022237e+02
2.871249999999900027e+01,5.023111859013146052e+00,8.371590361695473348e+02
2.872499999999899956e+01,5.023048483739644965e+00,8.371590995448208332e+02
2.873749999999899885e+01,5.022985266046944730e+00,8.371591627625135743e+02
2.874999999999900169e+01,5.022922205545192753e+00,8.371592258230152765e+02
2.876249999999900098e+01,5.022859301845588043e+00,8.371592887267148626e+02
2.877499999999900027e+01,5.022796554560214233e+00,8.371593514740003457e+02
2.878749999999899956e+01,5.022733963302077775e+00,8.371594140652583746e+02
2.879999999999899885e+01,5.022671527685138138e+00,8.371594765008753711e+02
2.881249999999900169e+01,5.022609247324296255e+00,8.371595387812361651e+02
2.882499999999900098e+01,5.022547121835399864e+00,8.371596009067251316e+02
2.883749999999900027e+01,5.022485150835236389e+00,8.371596628777252818e+02
2.884999999999899956e+01,5.022423333941533841e+00,8.371597246946189443e+02
2.886249999999899885e+01,5.022361670772954589e+00,8.371597863577875387e+02
2.887499999999900169e+01,5.022300160949097148e+00,8.371598478676114610e+02
2.888749999999900098e+01,5.022238804090491726e+00,8.371599092244699705e+02
2.889999999999900027e+01,5.022177599818599347e+00,8.371599704287418717e+02
2.891249999999899956e+01,5.022116547755808291e+00,8.371600314808047187e+02
2.892499999999899885e+01,5.022055647525431432e+00,8.371600923810350423e+02
2.893749999999900169e+01,5.021994898751705350e+00,8.371601531298088048e+02
2.894999999999900098e+01,5.021934301059788552e+00,8.371602137275007181e+02
2.896249999999900027e+01,5.021873854075757926e+00,8.371602741744846981e+02
2.897499999999899956e+01,5.021813557426605179e+00,8.371603344711338650e+02
2.898749999999899885e+01,5.021753410740239509e+00,8.371603946178203159e+02
2.899999999999900169e+01,5.021693413645478721e+00,8.371604546149150110e+02
2.901249999999900098e+01,5.021633565772053664e+00,8.371605144627884556e+02
2.902499999999900027e+01,5.021573866750600246e+00,8.371605741618099046e+02
2.903749999999899956e+01,5.021514316212661200e+00,8.371606337123478170e+02
2.904999999999899885e+01,5.021454913790683428e+00,8.371606931147698560e+02
2.906249999999900169e+01,5.021395659118013555e+00,8.371607523694424344e+02
2.907499999999900098e+01,5.021336551828897043e+00,8.371608114767316238e+02
2.908749999999900027e+01,5.021277591558478193e+00,8.371608704370020178e+02
2.909999999999899956e+01,5.021218777942793032e+00,8.371609292506177553e+02
2.911249999999899885e+01,5.021160110618771988e+00,8.371609879179417248e+02
2.912499999999900169e+01,5.021101589224235440e+00,8.371610464393362463e+02
2.913749999999900098e+01,5.021043213397891947e+00,8.371611048151626164e+02
2.914999999999900027e+01,5.020984982779335581e+00,8.371611630457812225e+02
2.916249999999899956e+01,5.020926897009045931e+00,8.371612211315514287e+02
2.917499999999899885e+01,5.020868955728380989e+00,8.371612790728321443e+02
2.918749999999900169e+01,5.020811158579582489e+00,8.371613368699809143e+02
2.919999999999900098e+01,5.020753505205767020e+00,8.371613945233547156e+02
2.921249999999900027e+01,5.020695995250926913e+00,8.371614520333096152e+02
2.922499999999899956e+01,5.020638628359928468e+00,8.371615094002005435e+02
2.923749999999899885e+01,5.020581404178509288e+00,8.371615666243819760e+02
2.924999999999900169e+01,5.020524322353275615e+00,8.371616237062072514e+02
2.926249999999900098e+01,5.020467382531699663e+00,8.371616806460287989e+02
2.927499999999900027e+01,5.020410584362121398e+00,8.371617374441983657e+02
2.928749999999899956e+01,5.020353927493739654e+00,8.371617941010667892e+02
2.929999999999899885e+01,5.020297411576618352e+00,8.371618506169838838e+02
2.931249999999900169e+01,5.020241036261676726e+00,8.371619069922987819e+02
2.932499999999900098e+01,5.020184801200692881e+00,8.371619632273598199e+02
2.933749999999900027e+01,5.020128706046297573e+00,8.371620193225141975e+02
2.934999999999899956e+01,5.020072750451975097e+00,8.371620752781085457e+02
2.936249999999899885e+01,5.020016934072059733e+00,8.371621310944884726e+02
2.937499999999900169e+01,5.019961256561735752e+00,8.371621867719987904e+02
2.938749999999900098e+01,5.019905717577031190e+00,8.371622423109835154e+02
2.939999999999900027e+01,5.019850316774820520e+00,8.371622977117856408e+02
2.941249999999899956e+01,5.019795053812820207e+00,8.371623529747477050e+02
2.942499999999899885e+01,5.019739928349585156e+00,8.371624081002108824e+02
2.943749999999900169e+01,5.019684940044511379e+00,8.371624630885160059e+02
2.944999999999900098e+01,5.019630088557828884e+00,8.371625179400026582e+02
2.946249999999900027e+01,5.019575373550602571e+00,8.371625726550098534e+02
2.947499999999899956e+01,5.019520794684729559e+00,8.371626272338758099e+02
2.948749999999899885e+01,5.019466351622938305e+00,8.371626816769376092e+02
2.949999999999900169e+01,5.019412044028783271e+00,8.371627359845317642e+02
2.951249999999900098e+01,5.019357871566646701e+00,8.371627901569938786e+02
2.952499999999900027e+01,5.019303833901735956e+00,8.371628441946587600e+02
2.953749999999899956e+01,5.019249930700077300e+00,8.371628980978604204e+02
2.954999999999899885e+01,5.019196161628521224e+00,8.371629518669319623e+02
2.956249999999900169e+01,5.019142526354734457e+00,8.371630055022058059e+02
2.957499999999900098e+01,5.019089024547199074e+00,8.371630590040133484e+02
2.958749999999900027e+01,5.019035655875213386e+00,8.371631123726853048e+02
2.959999999999899956e+01,5.018982420008888390e+00,8.371631656085515942e+02
2.961249999999899885e+01,5.018929316619144210e+00,8.371632187119413402e+02
2.962499999999900169e+01,5.018876345377709214e+00,8.371632716831827565e+02
2.963749999999900098e+01,5.018823505957120013e+00,8.371633245226033750e+02
2.964999999999900027e+01,5.018770798030716129e+00,8.371633772305298180e+02
2.966249999999899956e+01,5.018718221272641777e+00,8.371634298072879119e+02
2.967499999999899885e+01,5.018665775357839642e+00,8.371634822532026874e+02
2.968749999999900169e+01,5.018613459962051770e+00,8.371635345685984930e+02
2.969999999999900098e+01,5.018561274761818680e+00,8.371635867537986542e+02
2.971249999999900027e+01,5.018509219434474922e+00,8.371636388091260415e+02
2.972499999999899956e+01,5.018457293658147300e+00,8.371636907349023886e+02
2.973749999999899885e+01,5.018405497111754876e+00,8.371637425314487473e+02
2.974999999999900169e+01,5.018353829475005412e+00,8.371637941990854870e+02
2.976249999999900098e+01,5.018302290428393597e+00,8.371638457381320677e+02
2.977499999999900027e+01,5.018250879653201046e+00,8.371638971489072674e+02
2.978749999999899956e+01,5.018199596831491860e+00,8.371639484317290680e+02
2.979999999999899885e+01,5.018148441646111735e+00,8.371639995869144286e+02
2.981249999999900169e+01,5.018097413780686189e+00,8.371640506147798533e+02
2.982499999999900098e+01,5.018046512919619673e+00,8.371641015156409367e+02
2.983749999999900027e+01,5.017995738748090240e+00,8.371641522898123640e+02
2.984999999999899956e+01,5.017945090952052212e+00,8.371642029376084793e+02
2.986249999999899885e+01,5.017894569218232625e+00,8.371642534593422624e+02
2.987499999999900169e+01,5.017844173234125904e+00,8.371643038553263523e+02
2.988749999999900098e+01,5.017793902687998298e+00,8.371643541258724781e+02
2.989999999999900027e+01,5.017743757268880778e+00,8.371644042712915734e+02
2.991249999999899956e+01,5.017693736666570814e+00,8.371644542918938896e+02
2.992499999999899885e+01,5.017643840571626157e+00,8.371645041879888822e+02
2.993749999999900169e+01,5.017594068675368391e+00,8.371645539598850974e+02
2.994999999999900098e+01,5.017544420669876715e+00,8.371646036078906263e+02
2.996249999999900027e+01,5.017494896247987946e+00,8.371646531323125373e+02
2.997499999999899956e+01,5.017445495103295627e+00,8.371647025334572163e+02
2.998749999999899885e+01,5.017396216930146480e+00,8.371647518116303672e+02
2.999999999999900169e+01,5.017347061423637733e+00,8.371648009671368982e+02
3.001249999999900098e+01,5.017298028279618904e+00,8.371648500002809214e+02
3.002499999999900027e+01,5.017249117194685581e+00,8.371648989113658672e+02
3.003749999999899956e+01,5.017200327866182974e+00,8.371649477006943698e+02
3.004999999999899885e+01,5.017151659992197921e+00,8.371649963685682678e+02
3.006249999999900169e+01,5.017103113271560666e+00,8.371650449152889450e+02
3.007499999999900098e+01,5.017054687403843971e+00,8.371650933411566484e+02
3.008749999999900027e+01,5.017006382089357786e+00,8.371651416464711701e+02
3.009999999999899956e+01,5.016958197029151023e+00,8.371651898315313929e+02
3.011249999999899885e+01,5.016910131925008010e+00,8.371652378966355172e+02
3.012499999999900169e+01,5.016862186479446706e+00,8.371652858420810617e+02
3.013749999999900098e+01,5.016814360395716044e+00,8.371653336681647488e+02
3.014999999999900027e+01,5.016766653377796814e+00,8.371653813751827329e+02
3.016249999999899956e+01,5.016719065130396338e+00,8.371654289634301449e+02
3.017499999999899885e+01,5.016671595358951130e+00,8.371654764332015475e+02
3.018749999999900169e+01,5.016624243769620684e+00,8.371655237847909348e+02
3.019999999999900098e+01,5.016577010069288356e+00,8.371655710184911641e+02
3.021249999999900027e+01,5.016529893965558706e+00,8.371656181345949790e+02
3.022499999999899956e+01,5.016482895166755718e+00,8.371656651333937589e+02
3.023749999999899885e+01,5.016436013381921022e+00,8.371657120151785421e+02
3.024999999999900169e+01,5.016389248320812122e+00,8.371657587802396847e+02
3.026249999999900098e+01,5.016342599693902393e+00,8.371658054288666335e+02
3.027499999999900027e+01,5.016296067212374865e+00,8.371658519613481531e+02
3.028749999999899956e+01,5.016249650588125775e+00,8.371658983779723258e+02
3.029999999999899885e+01,5.016203349533759237e+00,8.371659446790267793e+02
3.031249999999900169e+01,5.016157163762588134e+00,8.371659908647978909e+02
3.032499999999900098e+01,5.016111092988627007e+00,8.371660369355719240e+02
3.033749999999900027e+01,5.016065136926599166e+00,8.371660828916338914e+02
3.034999999999899956e+01,5.016019295291926028e+00,8.371661287332685788e+02
3.036249999999899885e+01,5.015973567800731558e+00,8.371661744607597484e+02
3.037499999999900169e+01,5.015927954169836944e+00,8.371662200743907079e+02
3.038749999999900098e+01,5.015882454116760591e+00,8.371662655744437416e+02
3.039999999999900027e+01,5.015837067359716350e+00,8.371663109612007929e+02
3.041249999999899956e+01,5.015791793617610850e+00,8.371663562349428958e+02
3.042499999999899885e+01,5.015746632610042610e+00,8.371664013959505155e+02
3.043749999999900169e+01,5.015701584057299378e+00,8.371664464445032081e+02
3.044999999999900098e+01,5.015656647680359015e+00,8.371664913808801884e+02
3.046249999999900027e+01,5.015611823200883279e+00,8.371665362053596482e+02
3.047499999999899956e+01,5.015567110341220491e+00,8.371665809182193243e+02
3.048749999999899885e+01,5.015522508824401093e+00,8.371666255197361579e+02
3.049999999999900169e+01,5.015478018374136759e+00,8.371666700101864080e+02
3.051249999999900098e+01,5.015433638714820397e+00,8.371667143898456516e+02
3.052499999999900027e+01,5.015389369571519929e+00,8.371667586589890107e+02
3.053749999999899956e+01,5.015345210669980958e+00,8.371668028178904706e+02
3.054999999999899885e+01,5.015301161736624991e+00,8.371668468668239029e+02
3.056249999999900169e+01,5.015257222498582301e+00,8.371668908060619287e+02
3.057499999999900098e+01,5.015213392683712357e+00,8.371669346358768280e+02
3.058749999999900027e+01,5.015169672020467928e+00,8.371669783565400849e+02
3.059999999999899956e+01,5.015126060237968808e+00,8.371670219683225014e+02
3.061249999999899885e+01,5.015082557066002700e+00,8.371670654714945385e+02
3.062499999999900169e+01,5.015039162235021664e+00,8.371671088663255205e+02
3.063749999999900098e+01,5.014995875476145670e+00,8.371671521530843165e+02
3.064999999999900027e+01,5.014952696521154607e+00,8.371671953320393413e+02
3.066249999999899956e+01,5.014909625102490942e+00,8.371672384034579864e+02
3.067499999999899885e+01,5.014866660953257060e+00,8.371672813676073019e+02
3.068749999999900169e+01,5.014823803807213487e+00,8.371673242247533153e+02
3.069999999999900098e+01,5.014781053398775335e+00,8.371673669751617126e+02
3.071249999999900027e+01,5.014738409463014968e+00,8.371674096190974979e+02
3.072499999999899956e+01,5.014695871735657562e+00,8.371674521568248792e+02
3.073749999999899885e+01,5.014653439953077552e+00,8.371674945886073829e+02
3.074999999999900169e+01,5.014611113852302182e+00,8.371675369147081938e+02
3.076249999999900098e+01,5.014568893171005293e+00,8.371675791353894738e+02
3.077499999999900027e+01,5.014526777647509093e+00,8.371676212509130437e+02
3.078749999999899956e+01,5.014484767020780609e+00,8.371676632615397011e+02
3.079999999999899885e+01,5.014442861030429022e+00,8.371677051675301300e+02
3.081249999999900169e+01,5.014401059416706552e+00,8.371677469691437636e+02
3.082499999999900098e+01,5.014359361920506686e+00,8.371677886666400354e+02
3.083749999999900027e+01,5.014317768283361509e+00,8.371678302602771282e+02
3.084999999999899956e+01,5.014276278247439933e+00,8.371678717503131111e+02
3.086249999999899885e+01,5.014234891555546803e+00,8.371679131370049163e+02
3.087499999999900169e+01,5.014193607951121123e+00,8.371679544206093624e+02
3.088749999999900098e+01,5.014152427178235172e+00,8.371679956013822448e+02
3.089999999999900027e+01,5.014111348981592720e+00,8.371680366795789041e+02
3.091249999999899956e+01,5.014070373106525480e+00,8.371680776554539989e+02
3.092499999999899885e+01,5.014029499298993997e+00,8.371681185292615055e+02
3.093749999999900169e+01,5.013988727305586757e+00,8.371681593012549456e+02
3.094999999999900098e+01,5.013948056873515746e+00,8.371681999716870450e+02
3.096249999999900027e+01,5.013907487750616454e+00,8.371682405408098475e+02
3.097499999999899956e+01,5.013867019685347870e+00,8.371682810088751694e+02
3.098749999999899885e+01,5.013826652426786268e+00,8.371683213761336901e+02
3.099999999999900169e+01,5.013786385724630534e+00,8.371683616428358619e+02
3.101249999999900098e+01,5.013746219329195064e+00,8.371684018092313408e+02
3.102499999999900027e+01,5.013706152991409759e+00,8.371684418755691013e+02
3.103749999999899956e+01,5.013666186462820029e+00,8.371684818420976626e+02
3.104999999999899885e+01,5.013626319495584127e+00,8.371685217090649758e+02
3.106249999999900169e+01,5.013586551842470485e+00,8.371685614767180823e+02
3.107499999999900098e+01,5.013546883256859488e+00,8.371686011453036826e+02
3.108749999999900027e+01,5.013507313492738149e+00,8.371686407150677951e+02
3.109999999999899956e+01,5.013467842304700994e+00,8.371686801862557559e+02
3.111249999999899885e+01,5.013428469447949176e+00,8.371687195591125601e+02
3.112499999999900169e+01,5.013389194678286032e+00,8.371687588338821797e+02
3.113749999999900098e+01,5.013350017752118859e+00,8.371687980108083593e+02
3.114999999999900027e+01,5.013310938426455365e+00,8.371688370901340477e+02
3.116249999999899956e+01,5.013271956458902778e+00,8.371688760721016251e+02
3.117499999999899885e+01,5.013233071607667846e+00,8.371689149569527899e+02
3.118749999999900169e+01,5.013194283631551507e+00,8.371689537449288991e+02
3.119999999999900098e+01,5.013155592289951556e+00,8.371689924362705142e+02
3.121249999999900027e+01,5.013116997342860870e+00,8.371690310312176280e+02
3.122499999999899956e+01,5.013078498550861184e+00,8.371690695300096650e+02
3.123749999999899885e+01,5.013040095675128427e+00,8.371691079328853675e+02
3.124999999999900169e+01,5.013001788477426501e+00,8.371691462400830233e+02
3.126249999999900098e+01,5.012963576720108172e+00,8.371691844518403514e+02
3.127499999999900027e+01,5.012925460166111513e+00,8.371692225683943889e+02
3.128749999999899956e+01,5.012887438578961685e+00,8.371692605899814907e+02
3.129999999999899885e+01,5.012849511722764717e+00,8.371692985168377845e+02
3.131249999999900169e+01,5.012811679362212836e+00,8.371693363491982609e+02
3.132499999999900098e+01,5.012773941262575583e+00,8.371693740872979106e+02
3.133749999999900027e+01,5.012736297189705148e+00,8.371694117313708148e+02
3.134999999999899956e+01,5.012698746910029257e+00,8.371694492816504862e+02
3.136249999999899885e+01,5.012661290190552954e+00,8.371694867383699830e+02
3.137499999999900169e+01,5.012623926798858598e+00,8.371695241017616809e+02
3.138749999999900098e+01,5.012586656503099647e+00,8.371695613720573874e+02
3.139999999999900027e+01,5.012549479072004210e+00,8.371695985494884553e+02
3.141249999999899956e+01,5.012512394274870609e+00,8.371696356342856689e+02
3.142499999999899885e+01,5.012475401881565595e+00,8.371696726266789028e+02
3.143749999999900169e+01,5.012438501662527912e+00,8.371697095268980320e+02
3.144999999999900098e+01,5.012401693388759405e+00,8.371697463351717943e+02
3.146249999999900027e+01,5.012364976831829466e+00,8.371697830517287002e+02
3.147499999999899956e+01,5.012328351763870593e+00,8.371698196767965783e+02
3.148749999999899885e+01,5.012291817957581053e+00,8.371698562106029158e+02
3.149999999999900169e+01,5.012255375186216888e+00,8.371698926533742906e+02
3.151249999999900098e+01,5.012219023223595471e+00,8.371699290053369396e+02
3.152499999999900027e+01,5.012182761844093726e+00,8.371699652667164173e+02
3.153749999999899956e+01,5.012146590822646353e+00,8.371700014377378238e+02
3.154999999999899885e+01,5.012110509934741387e+00,8.371700375186258043e+02
3.156249999999900169e+01,5.012074518956424640e+00,8.371700735096040944e+02
3.157499999999900098e+01,5.012038617664294371e+00,8.371701094108962025e+02
3.158749999999900027e+01,5.012002805835499508e+00,8.371701452227249547e+02
3.159999999999899956e+01,5.011967083247740540e+00,8.371701809453127225e+02
3.161249999999899885e+01,5.011931449679267736e+00,8.371702165788811953e+02
3.162499999999900169e+01,5.011895904908878485e+00,8.371702521236516077e+02
3.163749999999900098e+01,5.011860448715917293e+00,8.371702875798446257e+02
3.164999999999900027e+01,5.011825080880273120e+00,8.371703229476802335e+02
3.166249999999899956e+01,5.011789801182381154e+00,8.371703582273780739e+02
3.167499999999899885e+01,5.011754609403215710e+00,8.371703934191573353e+02
3.168749999999900169e+01,5.011719505324295554e+00,8.371704285232361826e+02
3.169999999999900098e+01,5.011684488727678577e+00,8.371704635398327810e+02
3.171249999999900027e+01,5.011649559395959130e+00,8.371704984691644995e+02
3.172499999999899956e+01,5.011614717112271578e+00,8.371705333114482528e+02
3.173749999999899885e+01,5.011579961660286742e+00,8.371705680669002732e+02
3.174999999999900169e+01,5.011545292824206577e+00,8.371706027357363382e+02
3.176249999999900098e+01,5.011510710388770384e+00,8.371706373181717709e+02
3.177499999999900027e+01,5.011476214139247709e+00,8.371706718144212118e+02
3.178749999999899956e+01,5.011441803861439226e+00,8.371707062246990745e+02
3.179999999999899885e+01,5.011407479341674076e+00,8.371707405492188627e+02
3.181249999999900169e+01,5.011373240366811643e+00,8.371707747881937394e+02
3.182499999999900098e+01,5.011339086724236225e+00,8.371708089418362988e+02
3.183749999999900027e+01,5.011305018201859696e+00,8.371708430103586807e+02
3.184999999999899956e+01,5.011271034588117068e+00,8.371708769939723425e+02
3.186249999999899885e+01,5.011237135671965603e+00,8.371709108928885144e+02
3.187499999999900169e+01,5.011203321242886588e+00,8.371709447073176307e+02
3.188749999999900098e+01,5.011169591090879116e+00,8.371709784374696710e+02
3.189999999999900027e+01,5.011135945006463643e+00,8.371710120835540465e+02
3.191249999999899956e+01,5.011102382780677544e+00,8.371710456457798273e+02
3.192499999999899885e+01,5.011068904205075114e+00,8.371710791243554013e+02
3.193749999999900169e+01,5.011035509071726679e+00,8.371711125194888155e+02
3.194999999999900098e+01,5.011002197173215045e+00,8.371711458313873209e+02
3.196249999999900027e+01,5.010968968302636384e+00,8.371711790602578276e+02
3.197499999999899956e+01,5.010935822253600236e+00,8.371712122063069046e+02
3.198749999999899885e+01,5.010902758820223291e+00,8.371712452697403251e+02
3.199999999999900169e+01,5.010869777797134716e+00,8.371712782507634074e+02
3.201249999999900098e+01,5.010836878979468167e+00,8.371713111495810153e+02
3.202499999999899671e+01,5.010804062162867112e+00,8.371713439663976715e+02
3.203749999999899956e+01,5.010771327143476839e+00,8.371713767014169889e+02
3.204999999999900240e+01,5.010738673717949787e+00,8.371714093548425808e+02
3.206249999999899813e+01,5.010706101683439329e+00,8.371714419268770371e+02
3.207499999999900098e+01,5.010673610837600656e+00,8.371714744177229477e+02
3.208749999999899671e+01,5.010641200978589893e+00,8.371715068275818794e+02
3.209999999999899956e+01,5.010608871905061434e+00,8.371715391566553990e+02
3.211249999999900240e+01,5.010576623416167941e+00,8.371715714051443911e+02
3.212499999999899813e+01,5.010544455311558565e+00,8.371716035732489445e+02
3.213749999999900098e+01,5.010512367391377175e+00,8.371716356611691481e+02
3.214999999999899671e+01,5.010480359456262356e+00,8.371716676691042949e+02
3.216249999999899956e+01,5.010448431307345629e+00,8.371716995972531095e+02
3.217499999999900240e+01,5.010416582746249681e+00,8.371717314458142027e+02
3.218749999999899813e+01,5.010384813575087470e+00,8.371717632149853898e+02
3.219999999999900098e+01,5.010353123596462233e+00,8.371717949049640310e+02
3.221249999999899671e+01,5.010321512613463923e+00,8.371718265159470320e+02
3.222499999999899956e+01,5.010289980429670109e+00,8.371718580481308436e+02
3.223749999999900240e+01,5.010258526849142413e+00,8.371718895017113482e+02
3.224999999999899813e+01,5.010227151676428292e+00,8.371719208768840872e+02
3.226249999999900098e+01,5.010195854716557484e+00,8.371719521738439198e+02
3.227499999999899671e+01,5.010164635775041120e+00,8.371719833927854779e+02
3.228749999999899956e+01,5.010133494657872610e+00,8.371720145339025976e+02
3.229999999999900240e+01,5.010102431171523207e+00,8.371720455973890012e+02
3.231249999999899813e+01,5.010071445122942890e+00,8.371720765834376152e+02
3.232499999999900098e+01,5.010040536319558591e+00,8.371721074922409116e+02
3.233749999999899671e+01,5.010009704569272415e+00,8.371721383239912484e+02
3.234999999999899956e+01,5.009978949680461646e+00,8.371721690788800743e+02
3.236249999999900240e+01,5.009948271461976965e+00,8.371721997570984968e+02
3.237499999999899813e+01,5.009917669723141564e+00,8.371722303588373961e+02
3.238749999999900098e+01,5.009887144273748483e+00,8.371722608842867430e+02
3.239999999999899671e+01,5.009856694924061493e+00,8.371722913336363945e+02
3.241249999999899956e+01,5.009826321484812439e+00,8.371723217070756391e+02
3.242499999999900240e+01,5.009796023767201234e+00,8.371723520047933107e+02
3.243749999999899813e+01,5.009765801582941158e+00,8.371723822269775610e+02
3.244999999999900098e+01,5.009735654744238431e+00,8.371724123738163144e+02
3.246249999999899671e+01,5.009705583063701617e+00,8.371724424454968130e+02
3.247499999999899956e+01,5.009675586354402910e+00,8.371724724422060717e+02
3.248749999999900240e+01,5.009645664429879020e+00,8.371725023641306507e+02
3.249999999999899813e+01,5.009615817104126734e+00,8.371725322114564278e+02
3.251249999999900098e+01,5.009586044191605581e+00,8.371725619843689401e+02
3.252499999999899671e+01,5.009556345507231612e+00,8.371725916830532697e+02
3.253749999999899956e+01,5.009526720866380955e+00,8.371726213076941576e+02
3.254999999999900240e+01,5.009497170084888040e+00,8.371726508584756630e+02
3.256249999999899813e+01,5.009467692979042042e+00,8.371726803355815036e+02
3.257499999999900098e+01,5.009438289365585995e+00,8.371727097391949428e+02
3.258749999999899671e+01,5.009408959061718569e+00,8.371727390694987889e+02
3.259999999999899956e+01,5.009379701885090519e+00,8.371727683266753957e+02
3.261249999999900240e+01,5.009350517653804680e+00,8.371727975109066620e+02
3.262499999999899813e+01,5.009321406186413306e+00,8.371728266223741457e+02
3.263749999999900098e+01,5.009292367301917182e+00,8.371728556612586090e+02
3.264999999999899671e+01,5.009263400819769174e+00,8.371728846277407001e+02
3.266249999999899956e+01,5.009234506559864464e+00,8.371729135220006128e+02
3.267499999999900240e+01,5.009205684342546760e+00,8.371729423442179723e+02
3.268749999999899813e+01,5.009176933988605640e+00,8.371729710945719489e+02
3.269999999999900098e+01,5.009148255319271215e+00,8.371729997732412585e+02
3.271249999999899671e+01,5.009119648156218574e+00,8.371730283804042756e+02
3.272499999999899956e+01,5.009091112321565120e+00,8.371730569162389202e+02
3.273749999999900240e+01,5.009062647637867016e+00,8.371730853809226574e+02
3.274999999999899813e+01,5.009034253928120961e+00,8.371731137746323839e+02
3.276249999999900098e+01,5.009005931015759749e+00,8.371731420975447691e+02
3.277499999999899671e+01,5.008977678724657601e+00,8.371731703498358002e+02
3.278749999999899956e+01,5.008949496879120389e+00,8.371731985316813507e+02
3.279999999999900240e+01,5.008921385303892748e+00,8.371732266432566121e+02
3.281249999999899813e+01,5.008893343824150080e+00,8.371732546847363210e+02
3.282499999999900098e+01,5.008865372265503879e+00,8.371732826562949867e+02
3.283749999999899671e+01,5.008837470453995522e+00,8.371733105581065502e+02
3.284999999999899956e+01,5.008809638216098037e+00,8.371733383903443837e+02
3.286249999999900240e+01,5.008781875378713444e+00,8.371733661531817461e+02
3.287499999999899813e+01,5.008754181769173641e+00,8.371733938467913276e+02
3.288749999999900098e+01,5.008726557215236852e+00,8.371734214713452502e+02
3.289999999999899671e+01,5.008699001545088514e+00,8.371734490270154083e+02
3.291249999999899956e+01,5.008671514587339502e+00,8.371734765139731280e+02
3.292499999999900240e+01,5.008644096171027016e+00,8.371735039323895080e+02
3.293749999999899813e+01,5.008616746125607477e+00,8.371735312824348512e+02
3.294999999999900098e+01,5.008589464280963632e+00,8.371735585642795741e+02
3.296249999999899671e+01,5.008562250467398336e+00,8.371735857780930701e+02
3.297499999999899956e+01,5.008535104515634551e+00,8.371736129240448463e+02
3.298749999999900240e+01,5.008508026256814460e+00,8.371736400023037277e+02
3.299999999999899813e+01,5.008481015522499469e+00,8.371736670130379707e+02
3.301249999999900098e+01,5.008454072144666647e+00,8.371736939564158320e+02
3.302499999999899671e+01,5.008427195955710509e+00,8.371737208326047721e+02
3.303749999999899956e+01,5.008400386788441239e+00,8.371737476417720245e+02
3.304999999999900240e+01,5.008373644476081132e+00,8.371737743840843677e+02
3.306249999999899813e+01,5.008346968852267267e+00,8.371738010597082393e+02
3.307499999999900098e+01,5.008320359751049722e+00,8.371738276688095084e+02
3.308749999999899671e+01,5.008293817006887139e+00,8.371738542115535893e+02
3.309999999999899956e+01,5.008267340454651162e+00,8.371738806881058963e+02
3.311249999999900240e+01,5.008240929929619334e+00,8.371739070986309343e+02
3.312499999999899813e+01,5.008214585267481311e+00,8.371739334432929809e+02
3.313749999999900098e+01,5.008188306304330872e+00,8.371739597222561997e+02
3.314999999999899671e+01,5.008162092876668581e+00,8.371739859356838451e+02
3.316249999999899956e+01,5.008135944821400010e+00,8.371740120837390577e+02
3.317499999999900240e+01,5.008109861975836630e+00,8.371740381665846371e+02
3.318749999999899813e+01,5.008083844177690480e+00,8.371740641843828143e+02
3.319999999999900098e+01,5.008057891265077721e+00,8.371740901372954795e+02
3.321249999999899671e+01,5.008032003076515082e+00,8.371741160254839542e+02
3.322499999999899956e+01,5.008006179450918083e+00,8.371741418491095601e+02
3.323749999999900240e+01,5.007980420227604590e+00,8.371741676083329367e+02
3.324999999999899813e+01,5.007954725246288596e+00,8.371741933033142686e+02
3.326249999999900098e+01,5.007929094347080223e+00,8.371742189342133997e+02
3.327499999999899671e+01,5.007903527370489272e+00,8.371742445011900600e+02
3.328749999999899956e+01,5.007878024157417229e+00,8.371742700044030698e+02
3.329999999999900240e+01,5.007852584549163488e+00,8.371742954440113635e+02
3.331249999999899813e+01,5.007827208387418239e+00,8.371743208201730795e+02
3.332499999999900098e+01,5.007801895514264245e+00,8.371743461330462424e+02
3.333749999999899671e+01,5.007776645772177737e+00,8.371743713827883084e+02
3.334999999999899956e+01,5.007751459004023964e+00,8.371743965695565066e+02
3.336249999999900240e+01,5.007726335053056310e+00,8.371744216935074974e+02
3.337499999999899813e+01,5.007701273762920735e+00,8.371744467547976001e+02
3.338749999999900098e+01,5.007676274977646891e+00,8.371744717535829068e+02
3.339999999999899671e+01,5.007651338541652564e+00,8.371744966900188274e+02
3.341249999999899956e+01,5.007626464299742786e+00,8.371745215642607718e+02
3.342499999999900240e+01,5.007601652097105394e+00,8.371745463764633541e+02
3.343749999999899813e+01,5.007576901779312806e+00,8.371745711267811885e+02
3.344999999999900098e+01,5.007552213192320245e+00,8.371745958153682068e+02
3.346249999999899671e+01,5.007527586182465740e+00,8.371746204423780000e+02
3.347499999999899956e+01,5.007503020596466570e+00,8.371746450079640454e+02
3.348749999999900240e+01,5.007478516281421044e+00,8.371746695122791380e+02
3.349999999999899813e+01,5.007454073084808499e+00,8.371746939554757319e+02
3.351249999999900098e+01,5.007429690854483972e+00,8.371747183377060537e+02
3.352499999999899671e+01,5.007405369438679976e+00,8.371747426591218755e+02
3.353749999999899956e+01,5.007381108686007387e+00,8.371747669198745143e+02
3.354999999999900240e+01,5.007356908445451005e+00,8.371747911201150600e+02
3.356249999999899813e+01,5.007332768566369552e+00,8.371748152599941477e+02
3.357499999999900098e+01,5.007308688898497451e+00,8.371748393396619576e+02
3.358749999999899671e+01,5.007284669291940382e+00,8.371748633592685565e+02
3.359999999999899956e+01,5.007260709597177062e+00,8.371748873189633287e+02
3.361249999999900240e+01,5.007236809665054800e+00,8.371749112188954314e+02
3.362499999999899813e+01,5.007212969346792164e+00,8.371749350592136807e+02
3.363749999999900098e+01,5.007189188493978982e+00,8.371749588400665516e+02
3.364999999999899671e+01,5.007165466958568345e+00,8.371749825616019507e+02
3.366249999999899956e+01,5.007141804592886380e+00,8.371750062239676708e+02
3.367499999999900240e+01,5.007118201249620704e+00,8.371750298273109365e+02
3.368749999999899813e+01,5.007094656781825748e+00,8.371750533717786311e+02
3.369999999999900098e+01,5.007071171042922764e+00,8.371750768575176380e+02
3.371249999999899671e+01,5.007047743886694491e+00,8.371751002846738174e+02
3.372499999999899956e+01,5.007024375167286045e+00,8.371751236533932570e+02
3.373749999999900240e+01,5.007001064739205809e+00,8.371751469638212484e+02
3.374999999999899813e+01,5.006977812457321875e+00,8.371751702161031972e+02
3.376249999999900098e+01,5.006954618176862937e+00,8.371751934103835993e+02
3.377499999999899671e+01,5.006931481753417401e+00,8.371752165468070643e+02
3.378749999999899956e+01,5.006908403042931610e+00,8.371752396255175199e+02
3.379999999999900240e+01,5.006885381901708953e+00,8.371752626466587799e+02
3.381249999999899813e+01,5.006862418186408981e+00,8.371752856103740896e+02
3.382499999999900098e+01,5.006839511754048289e+00,8.371753085168064672e+02
3.383749999999899671e+01,5.006816662461996970e+00,8.371753313660984759e+02
3.384999999999899956e+01,5.006793870167979499e+00,8.371753541583925653e+02
3.386249999999900240e+01,5.006771134730072959e+00,8.371753768938303892e+02
3.387499999999899813e+01,5.006748456006707038e+00,8.371753995725538289e+02
3.388749999999900098e+01,5.006725833856662256e+00,8.371754221947038559e+02
3.389999999999899671e+01,5.006703268139069962e+00,8.371754447604214420e+02
3.391249999999899956e+01,5.006680758713409674e+00,8.371754672698471040e+02
3.392499999999900240e+01,5.006658305439511736e+00,8.371754897231210180e+02
3.393749999999899813e+01,5.006635908177552885e+00,8.371755121203829049e+02
3.394999999999900098e+01,5.006613566788056247e+00,8.371755344617724859e+02
3.396249999999899671e+01,5.006591281131891336e+00,8.371755567474285726e+02
3.397499999999899956e+01,5.006569051070274945e+00,8.371755789774902041e+02
3.398749999999900240e+01,5.006546876464764040e+00,8.371756011520957372e+02
3.399999999999899813e+01,5.006524757177262863e+00,8.371756232713831878e+02
3.401249999999900098e+01,5.006502693070015830e+00,8.371756453354904579e+02
3.402499999999899671e+01,5.006480684005610193e+00,8.371756673445548813e+02
3.403749999999899956e+01,5.006458729846973377e+00,8.371756892987135643e+02
3.404999999999900240e+01,5.006436830457372977e+00,8.371757111981031585e+02
3.406249999999899813e+01,5.006414985700416764e+00,8.371757330428600881e+02
3.407499999999900098e+01,5.006393195440050015e+00,8.371757548331204362e+02
3.408749999999899671e+01,5.006371459540553737e+00,8.371757765690199449e+02
3.409999999999899956e+01,5.006349777866548223e+00,8.371757982506939015e+02
3.411249999999900240e+01,5.006328150282988609e+00,8.371758198782774798e+02
3.412499999999899813e+01,5.006306576655164875e+00,8.371758414519052849e+02
3.413749999999900098e+01,5.006285056848699178e+00,8.371758629717118083e+02
3.414999999999899671e+01,5.006263590729550295e+00,8.371758844378309732e+02
3.416249999999899956e+01,5.006242178164007406e+00,8.371759058503964752e+02
3.417499999999900240e+01,5.006220819018690094e+00,8.371759272095417828e+02
3.418749999999899813e+01,5.006199513160551895e+00,8.371759485153999094e+02
3.419999999999900098e+01,5.006178260456872309e+00,8.371759697681036414e+02
3.421249999999899671e+01,5.006157060775262124e+00,8.371759909677851965e+02
3.422499999999899956e+01,5.006135913983659869e+00,8.371760121145767926e+02
3.423749999999900240e+01,5.006114819950331807e+00,8.371760332086101926e+02
3.424999999999899813e+01,5.006093778543870165e+00,8.371760542500165911e+02
3.426249999999900098e+01,5.006072789633191356e+00,8.371760752389272966e+02
3.427499999999899671e+01,5.006051853087540415e+00,8.371760961754729351e+02
3.428749999999899956e+01,5.006030968776481238e+00,8.371761170597840191e+02
3.429999999999900240e+01,5.006010136569906344e+00,8.371761378919906065e+02
3.431249999999899813e+01,5.005989356338025331e+00,8.371761586722225275e+02
3.432499999999900098e+01,5.005968627951372873e+00,8.371761794006091577e+02
3.433749999999899671e+01,5.005947951280803387e+00,8.371762000772796455e+02
3.434999999999899956e+01,5.005927326197490146e+00,8.371762207023630253e+02
3.436249999999900240e+01,5.005906752572926166e+00,8.371762412759875360e+02
3.437499999999899813e+01,5.005886230278924209e+00,8.371762617982815300e+02
3.438749999999900098e+01,5.005865759187674513e+00,8.371762822693727912e+02
3.439999999999899671e+01,5.005845339171671071e+00,8.371763026893888764e+02
3.441249999999899956e+01,5.005824970103685878e+00,8.371763230584567737e+02
3.442499999999900240e+01,5.005804651856809784e+00,8.371763433767036986e+02
3.443749999999899813e+01,5.005784384304446277e+00,8.371763636442560710e+02
3.444999999999900098e+01,5.005764167320315927e+00,8.371763838612401969e+02
3.446249999999899671e+01,5.005744000778450165e+00,8.371764040277820413e+02
3.447499999999899956e+01,5.005723884553195724e+00,8.371764241440073420e+02
3.448749999999900240e+01,5.005703818519210202e+00,8.371764442100412680e+02
3.449999999999899813e+01,5.005683802551463835e+00,8.371764642260089886e+02
3.451249999999900098e+01,5.005663836525235055e+00,8.371764841920352183e+02
3.452499999999899671e+01,5.005643920316115825e+00,8.371765041082444441e+02
3.453749999999899956e+01,5.005624053800002748e+00,8.371765239747604710e+02
3.454999999999900240e+01,5.005604236853105071e+00,8.371765437917074451e+02
3.456249999999899813e+01,5.005584469351935795e+00,8.371765635592086028e+02
3.457499999999900098e+01,5.005564751173317894e+00,8.371765832773871807e+02
3.458749999999899671e+01,5.005545082194377216e+00,8.371766029463660743e+02
3.459999999999899956e+01,5.005525462292546912e+00,8.371766225662679517e+02
3.461249999999900240e+01,5.005505891345563896e+00,8.371766421372149125e+02
3.462499999999899813e+01,5.005486369231468835e+00,8.371766616593290564e+02
3.463749999999900098e+01,5.005466895828606155e+00,8.371766811327319147e+02
3.464999999999899671e+01,5.005447471015620486e+00,8.371767005575449048e+02
3.466249999999899956e+01,5.005428094671459327e+00,8.371767199338889895e+02
3.467499999999900240e+01,5.005408766675370380e+00,8.371767392618851318e+02
3.468749999999899813e+01,5.005389486906901553e+00,8.371767585416536122e+02
3.469999999999900098e+01,5.005370255245900069e+00,8.371767777733145977e+02
3.471249999999899671e+01,5.005351071572511579e+00,8.371767969569880279e+02
3.472499999999899956e+01,5.005331935767178386e+00,8.371768160927932740e+02
3.473749999999900240e+01,5.005312847710641222e+00,8.371768351808498210e+02
3.474999999999899813e+01,5.005293807283934804e+00,8.371768542212765851e+02
3.476249999999900098e+01,5.005274814368393166e+00,8.371768732141921419e+02
3.477499999999899671e+01,5.005255868845640776e+00,8.371768921597148392e+02
3.478749999999899956e+01,5.005236970597598756e+00,8.371769110579629114e+02
3.479999999999900240e+01,5.005218119506481322e+00,8.371769299090540244e+02
3.481249999999899813e+01,5.005199315454794018e+00,8.371769487131057303e+02
3.482499999999900098e+01,5.005180558325334594e+00,8.371769674702351267e+02
3.483749999999899671e+01,5.005161848001193903e+00,8.371769861805593109e+02
3.484999999999899956e+01,5.005143184365749676e+00,8.371770048441946983e+02
3.486249999999900240e+01,5.005124567302672745e+00,8.371770234612578179e+02
3.487499999999899813e+01,5.005105996695919934e+00,8.371770420318646302e+02
3.488749999999900098e+01,5.005087472429739393e+00,8.371770605561307548e+02
3.489999999999899671e+01,5.005068994388663484e+00,8.371770790341718111e+02
3.491249999999899956e+01,5.005050562457513230e+00,8.371770974661029641e+02
3.492499999999900240e+01,5.005032176521396536e+00,8.371771158520391509e+02
3.493749999999899813e+01,5.005013836465704635e+00,8.371771341920948544e+02
3.494999999999900098e+01,5.004995542176114753e+00,8.371771524863844434e+02
3.496249999999899671e+01,5.004977293538588334e+00,8.371771707350219458e+02
3.497499999999899956e+01,5.004959090439368374e+00,8.371771889381211622e+02
3.498749999999900240e+01,5.004940932764983863e+00,8.371772070957955520e+02
3.499999999999899813e+01,5.004922820402240902e+00,8.371772252081582337e+02
3.501249999999900098e+01,5.004904753238231585e+00,8.371772432753223256e+02
3.502499999999899671e+01,5.004886731160326008e+00,8.371772612974001504e+02
3.503749999999899956e+01,5.004868754056173152e+00,8.371772792745043716e+02
3.504999999999900240e+01,5.004850821813703554e+00,8.371772972067468572e+02
3.506249999999899813e+01,5.004832934321123972e+00,8.371773150942393613e+02
3.507499999999900098e+01,5.004815091466920940e+00,8.371773329370936381e+02
3.508749999999899671e+01,5.004797293139856329e+00,8.371773507354206458e+02
3.509999999999899956e+01,5.004779539228969121e+00,8.371773684893315703e+02
3.511249999999900240e+01,5.004761829623574521e+00,8.371773861989369152e+02
3.512499999999899813e+01,5.004744164213262181e+00,8.371774038643472977e+02
3.513749999999900098e+01,5.004726542887896201e+00,8.371774214856726530e+02
3.514999999999899671e+01,5.004708965537613352e+00,8.371774390630229163e+02
3.516249999999899956e+01,5.004691432052824851e+00,8.371774565965076818e+02
3.517499999999900240e+01,5.004673942324213698e+00,8.371774740862363160e+02
3.518749999999899813e+01,5.004656496242734676e+00,8.371774915323177311e+02
3.519999999999900098e+01,5.004639093699613461e+00,8.371775089348608390e+02
3.521249999999899671e+01,5.004621734586345738e+00,8.371775262939742106e+02
3.522499999999899956e+01,5.004604418794698084e+00,8.371775436097658485e+02
3.523749999999900240e+01,5.004587146216702642e+00,8.371775608823437551e+02
3.524999999999899813e+01,5.004569916744665115e+00,8.371775781118158193e+02
3.526249999999900098e+01,5.004552730271154104e+00,8.371775952982893614e+02
3.527499999999899671e+01,5.004535586689008220e+00,8.371776124418714744e+02
3.528749999999899956e+01,5.004518485891330748e+00,8.371776295426691377e+02
3.529999999999900240e+01,5.004501427771492317e+00,8.371776466007889894e+02
3.531249999999899813e+01,5.004484412223126455e+00,8.371776636163373269e+02
3.532499999999900098e+01,5.004467439140133145e+00,8.371776805894203335e+02
3.533749999999899671e+01,5.004450508416673493e+00,8.371776975201438518e+02
3.534999999999899956e+01,5.004433619947175060e+00,8.371777144086133831e+02
3.536249999999900240e+01,5.004416773626326531e+00,8.371777312549342014e+02
3.537499999999899813e+01,5.004399969349075938e+00,8.371777480592114671e+02
3.538749999999900098e+01,5.004383207010635992e+00,8.371777648215498857e+02
3.539999999999899671e+01,5.004366486506477862e+00,8.371777815420540492e+02
3.541249999999899956e+01,5.004349807732333844e+00,8.371777982208282083e+02
3.542499999999900240e+01,5.004333170584193802e+00,8.371778148579762728e+02
3.543749999999899813e+01,5.004316574958308728e+00,8.371778314536021526e+02
3.544999999999900098e+01,5.004300020751183631e+00,8.371778480078093025e+02
3.546249999999999858e+01,5.004283507859584645e+00,8.371778645207009504e+02
3.547500000000000142e+01,5.004267036180533701e+00,8.371778809923799827e+02
3.548749999999999716e+01,5.004250605611306746e+00,8.371778974229491723e+02
3.550000000000000000e+01,5.004234216049439077e+00,8.371779138125110649e+02
3.551250000000000284e+01,5.004217867392715569e+00,8.371779301611677511e+02
3.552499999999999858e+01,5.004201559539179556e+00,8.371779464690213217e+02
3.553750000000000142e+01,5.004185292387125727e+00,8.371779627361734128e+02
3.554999999999999716e+01,5.004169065835101904e+00,8.371779789627254331e+02
3.556250000000000000e+01,5.004152879781909924e+00,8.371779951487785638e+02
3.557500000000000284e+01,5.004136734126601205e+00,8.371780112944338725e+02
3.558749999999999858e+01,5.004120628768478518e+00,8.371780273997919721e+02
3.560000000000000142e+01,5.004104563607095990e+00,8.371780434649533618e+02
3.561249999999999716e+01,5.004088538542257325e+00,8.371780594900181995e+02
3.562500000000000000e+01,5.004072553474014917e+00,8.371780754750865299e+02
3.563750000000000284e+01,5.004056608302668963e+00,8.371780914202578288e+02
3.564999999999999858e+01,5.004040702928770123e+00,8.371781073256316859e+02
3.566250000000000142e+01,5.004024837253113311e+00,8.371781231913073498e+02
3.567499999999999716e+01,5.004009011176743016e+00,8.371781390173837281e+02
3.568750000000000000e+01,5.003993224600947975e+00,8.371781548039595009e+02
3.570000000000000284e+01,5.003977477427262954e+00,8.371781705511332348e+02
3.571249999999999858e+01,5.003961769557467854e+00,8.371781862590030414e+02
3.572500000000000142e+01,5.003946100893585935e+00,8.371782019276669189e+02
3.573749999999999716e+01,5.003930471337885599e+00,8.371782175572226379e+02
3.575000000000000000e+01,5.003914880792877717e+00,8.371782331477676280e+02
3.576250000000000284e+01,5.003899329161313858e+00,8.371782486993992052e+02
3.577499999999999858e+01,5.003883816346191615e+00,8.371782642122143443e+02
3.578750000000000142e+01,5.003868342250745727e+00,8.371782796863097929e+02
3.579999999999999716e+01,5.003852906778453402e+00,8.371782951217820710e+02
3.581250000000000000e+01,5.003837509833031660e+00,8.371783105187274714e+02
3.582500000000000284e+01,5.003822151318436440e+00,8.371783258772420595e+02
3.583749999999999858e+01,5.003806831138864375e+00,8.371783411974216733e+02
3.585000000000000142e+01,5.003791549198749244e+00,8.371783564793618098e+02
3.586249999999999716e+01,5.003776305402761082e+00,8.371783717231577384e+02
3.587500000000000000e+01,5.003761099655808842e+00,8.371783869289047288e+02
3.588750000000000284e+01,5.003745931863037733e+00,8.371784020966974822e+02
3.589999999999999858e+01,5.003730801929828331e+00,8.371784172266306996e+02
3.591250000000000142e+01,5.003715709761797470e+00,8.371784323187987411e+02
3.592499999999999716e+01,5.003700655264794683e+00,8.371784473732957395e+02
3.593750000000000000e+01,5.003685638344905762e+00,8.371784623902156000e+02
3.595000000000000284e+01,5.003670658908449198e+00,8.371784773696520006e+02
3.596249999999999858e+01,5.003655716861977076e+00,8.371784923116985055e+02
3.597500000000000142e+01,5.003640812112272407e+00,8.371785072164482244e+02
3.598749999999999716e+01,5.003625944566350014e+00,8.371785220839941530e+02
3.600000000000000000e+01,5.003611114131459203e+00,8.371785369144290598e+02
3.601250000000000284e+01,5.003596320715074874e+00,8.371785517078454859e+02
3.602499999999999858e+01,5.003581564224906408e+00,8.371785664643356313e+02
3.603750000000000142e+01,5.003566844568890559e+00,8.371785811839915823e+02
3.604999999999999716e+01,5.003552161655191455e+00,8.371785958669053116e+02
3.606250000000000000e+01,5.003537515392205037e+00,8.371786105131683371e+02
3.607500000000000284e+01,5.003522905688552846e+00,8.371786251228719493e+02
3.608749999999999858e+01,5.003508332453083796e+00,8.371786396961074388e+02
3.610000000000000142e+01,5.003493795594872395e+00,8.371786542329656413e+02
3.611249999999999716e+01,5.003479295023222306e+00,8.371786687335372790e+02
3.612500000000000000e+01,5.003464830647658346e+00,8.371786831979128465e+02
3.613750000000000284e+01,5.003450402377933592e+00,8.371786976261826112e+02
3.614999999999999858e+01,5.003436010124023170e+00,8.371787120184364994e+02
3.616250000000000142e+01,5.003421653796127799e+00,8.371787263747643237e+02
3.617499999999999716e+01,5.003407333304670246e+00,8.371787406952557831e+02
3.618750000000000000e+01,5.003393048560295320e+00,8.371787549800002353e+02
3.620000000000000284e+01,5.003378799473871652e+00,8.371787692290865834e+02
3.621249999999999858e+01,5.003364585956486366e+00,8.371787834426040718e+02
3.622500000000000142e+01,5.003350407919450404e+00,8.371787976206410349e+02
3.623749999999999716e+01,5.003336265274293204e+00,8.371788117632862622e+02
3.625000000000000000e+01,5.003322157932764469e+00,8.371788258706277475e+02
3.626250000000000284e+01,5.003308085806832395e+00,8.371788399427537115e+02
3.627499999999999858e+01,5.003294048808685446e+00,8.371788539797518069e+02
3.628750000000000142e+01,5.003280046850728802e+00,8.371788679817098000e+02
3.629999999999999716e+01,5.003266079845585246e+00,8.371788819487148885e+02
3.631250000000000000e+01,5.003252147706093389e+00,8.371788958808543839e+02
3.632500000000000284e+01,5.003238250345310334e+00,8.371789097782151430e+02
3.633749999999999858e+01,5.003224387676508123e+00,8.371789236408840225e+02
3.635000000000000142e+01,5.003210559613172848e+00,8.371789374689473107e+02
3.636249999999999716e+01,5.003196766069006429e+00,8.371789512624915233e+02
3.637500000000000000e+01,5.003183006957924839e+00,8.371789650216026075e+02
3.638750000000000284e+01,5.003169282194056322e+00,8.371789787463663970e+02
3.639999999999999858e+01,5.003155591691744064e+00,8.371789924368687252e+02
3.641250000000000142e+01,5.003141935365559512e+00,8.371790060931949711e+02
3.642499999999999716e+01,5.003128313130339677e+00,8.371790197154301723e+02
3.643750000000000000e+01,5.003114724901077892e+00,8.371790333036594802e+02
3.645000000000000284e+01,5.003101170592973546e+00,8.371790468579674780e+02
3.646249999999999858e+01,5.003087650121438301e+00,8.371790603784390896e+02
3.647500000000000142e+01,5.003074163402092545e+00,8.371790738651584434e+02
3.648749999999999716e+01,5.003060710350768048e+00,8.371790873182097812e+02
3.650000000000000000e+01,5.003047290883506193e+00,8.371791007376770040e+02
3.651250000000000284e+01,5.003033904916557084e+00,8.371791141236438989e+02
3.652499999999999858e+01,5.003020552366378659e+00,8.371791274761941395e+02
3.653750000000000142e+01,5.003007233149638466e+00,8.371791407954108308e+02
3.654999999999999716e+01,5.002993947183210111e+00,8.371791540813773054e+02
3.656250000000000000e+01,5.002980694384175031e+00,8.371791673341763271e+02
3.657500000000000284e+01,5.002967474669820724e+00,8.371791805538906601e+02
3.658749999999999858e+01,5.002954287957639856e+00,8.371791937406028410e+02
3.660000000000000142e+01,5.002941134165332038e+00,8.371792068943951790e+02
3.661249999999999716e+01,5.002928013210800273e+00,8.371792200153497561e+02
3.662500000000000000e+01,5.002914925012153624e+00,8.371792331035483130e+02
3.663750000000000284e+01,5.002901869487703657e+00,8.371792461590728180e+02
3.664999999999999858e+01,5.002888846555965330e+00,8.371792591820045573e+02
3.666250000000000142e+01,5.002875856135656996e+00,8.371792721724248167e+02
3.667499999999999716e+01,5.002862898145698622e+00,8.371792851304147689e+02
3.668750000000000000e+01,5.002849972505213572e+00,8.371792980560552451e+02
3.670000000000000284e+01,5.002837079133524156e+00,8.371793109494269629e+02
3.671249999999999858e+01,5.002824217950155195e+00,8.371793238106102990e+02
3.672500000000000142e+01,5.002811388874831344e+00,8.371793366396856300e+02
3.673749999999999716e+01,5.002798591827476216e+00,8.371793494367329913e+02
3.675000000000000000e+01,5.002785826728215035e+00,8.371793622018323049e+02
3.676250000000000284e+01,5.002773093497370205e+00,8.371793749350631515e+02
3.677499999999999858e+01,5.002760392055461303e+00,8.371793876365049982e+02
3.678750000000000142e+01,5.002747722323207746e+00,8.371794003062373122e+02
3.679999999999999716e+01,5.002735084221525241e+00,8.371794129443389920e+02
3.681250000000000000e+01,5.002722477671527557e+00,8.371794255508889364e+02
3.682500000000000284e+01,5.002709902594522973e+00,8.371794381259659303e+02
3.683749999999999858e+01,5.002697358912016057e+00,8.371794506696485314e+02
3.685000000000000142e+01,5.002684846545708552e+00,8.371794631820148425e+02
3.686249999999999716e+01,5.002672365417494049e+00,8.371794756631429664e+02
3.687500000000000000e+01,5.002659915449463313e+00,8.371794881131110060e+02
3.688750000000000284e+01,5.002647496563898954e+00,8.371795005319966094e+02
3.689999999999999858e+01,5.002635108683278986e+00,8.371795129198771974e+02
3.691250000000000142e+01,5.002622751730272377e+00,8.371795252768301907e+02
3.692499999999999716e+01,5.002610425627741719e+00,8.371795376029327826e+02
3.693750000000000000e+01,5.002598130298740564e+00,8.371795498982617119e+02
3.695000000000000284e+01,5.002585865666516973e+00,8.371795621628939443e+02
3.696249999999999858e+01,5.002573631654504638e+00,8.371795743969059913e+02
3.697500000000000142e+01,5.002561428186333536e+00,8.371795866003741367e+02
3.698749999999999716e+01,5.002549255185820165e+00,8.371795987733746642e+02
3.700000000000000000e+01,5.002537112576971090e+00,8.371796109159835169e+02
3.701250000000000284e+01,5.002525000283983836e+00,8.371796230282765237e+02
3.702499999999999858e+01,5.002512918231241557e+00,8.371796351103292864e+02
3.703750000000000142e+01,5.002500866343318364e+00,8.371796471622171794e+02
3.704999999999999716e+01,5.002488844544974889e+00,8.371796591840155770e+02
3.706250000000000000e+01,5.002476852761160053e+00,8.371796711757993990e+02
3.707500000000000284e+01,5.002464890917006635e+00,8.371796831376434511e+02
3.708749999999999858e+01,5.002452958937838368e+00,8.371796950696226531e+02
3.710000000000000142e+01,5.002441056749161064e+00,8.371797069718113562e+02
3.711249999999999716e+01,5.002429184276667051e+00,8.371797188442837978e+02
3.712500000000000000e+01,5.002417341446234289e+00,8.371797306871142155e+02
3.713750000000000284e+01,5.002405528183924588e+00,8.371797425003766193e+02
3.714999999999999858e+01,5.002393744415984500e+00,8.371797542841445647e+02
3.716250000000000142e+01,5.002381990068842654e+00,8.371797660384916071e+02
3.717499999999999716e+01,5.002370265069113309e+00,8.371797777634914155e+02
3.718750000000000000e+01,5.002358569343591022e+00,8.371797894592168632e+02
3.720000000000000284e+01,5.002346902819254204e+00,8.371798011257412782e+02
3.721249999999999858e+01,5.002335265423261568e+00,8.371798127631371926e+02
3.722500000000000142e+01,5.002323657082954789e+00,8.371798243714775936e+02
3.723749999999999716e+01,5.002312077725854067e+00,8.371798359508346721e+02
3.725000000000000000e+01,5.002300527279664344e+00,8.371798475012808467e+02
3.726250000000000284e+01,5.002289005672264643e+00,8.371798590228881949e+02
3.727499999999999858e+01,5.002277512831719619e+00,8.371798705157287941e+02
3.728750000000000142e+01,5.002266048686268896e+00,8.371798819798742670e+02
3.729999999999999716e+01,5.002254613164331509e+00,8.371798934153961227e+02
3.731250000000000000e+01,5.002243206194505909e+00,8.371799048223659838e+02
3.732500000000000284e+01,5.002231827705567291e+00,8.371799162008549047e+02
3.733749999999999858e+01,5.002220477626468487e+00,8.371799275509340532e+02
3.735000000000000142e+01,5.002209155886339964e+00,8.371799388726741427e+02
3.736249999999999716e+01,5.002197862414488050e+00,8.371799501661459999e+02
3.737500000000000000e+01,5.002186597140394042e+00,8.371799614314201108e+02
3.738750000000000284e+01,5.002175359993717763e+00,8.371799726685667338e+02
3.739999999999999858e+01,5.002164150904290452e+00,8.371799838776562410e+02
3.741250000000000142e+01,5.002152969802120097e+00,8.371799950587584362e+02
3.742499999999999716e+01,5.002141816617389658e+00,8.371800062119431232e+02
3.743750000000000000e+01,5.002130691280456176e+00,8.371800173372801055e+02
3.745000000000000284e+01,5.002119593721846336e+00,8.371800284348386185e+02
3.746249999999999858e+01,5.002108523872265344e+00,8.371800395046882386e+02
3.747500000000000142e+01,5.002097481662587164e+00,8.371800505468979736e+02
3.748749999999999716e+01,5.002086467023858951e+00,8.371800615615366041e+02
3.750000000000000000e+01,5.002075479887300169e+00,8.371800725486732517e+02
3.751250000000000284e+01,5.002064520184300811e+00,8.371800835083762422e+02
3.752499999999999858e+01,5.002053587846422289e+00,8.371800944407141287e+02
3.753750000000000142e+01,5.002042682805395657e+00,8.371801053457551234e+02
3.754999999999999716e+01,5.002031804993124275e+00,8.371801162235673246e+02
3.756250000000000000e+01,5.002020954341678483e+00,8.371801270742188308e+02
3.757500000000000284e+01,5.002010130783298258e+00,8.371801378977771719e+02
3.758749999999999858e+01,5.001999334250394114e+00,8.371801486943101054e+02
3.760000000000000142e+01,5.001988564675543536e+00,8.371801594638849338e+02
3.761249999999999716e+01,5.001977821991491879e+00,8.371801702065689597e+02
3.762500000000000000e+01,5.001967106131153251e+00,8.371801809224293720e+02
3.763750000000000284e+01,5.001956417027606960e+00,8.371801916115329050e+02
3.764999999999999858e+01,5.001945754614101070e+00,8.371802022739464064e+02
3.766250000000000142e+01,5.001935118824048843e+00,8.371802129097364968e+02
3.767499999999999716e+01,5.001924509591028745e+00,8.371802235189694557e+02
3.768750000000000000e+01,5.001913926848787106e+00,8.371802341017116760e+02
3.770000000000000284e+01,5.001903370531231907e+00,8.371802446580293235e+02
3.771249999999999858e+01,5.001892840572438992e+00,8.371802551879881094e+02
3.772500000000000142e+01,5.001882336906646742e+00,8.371802656916538581e+02
3.773749999999999716e+01,5.001871859468257853e+00,8.371802761690922807e+02
3.775000000000000000e+01,5.001861408191838443e+00,8.371802866203686335e+02
3.776250000000000284e+01,5.001850983012118057e+00,8.371802970455484001e+02
3.777499999999999858e+01,5.001840583863987000e+00,8.371803074446964956e+02
3.778750000000000142e+01,5.001830210682499889e+00,8.371803178178779490e+02
3.779999999999999716e+01,5.001819863402872990e+00,8.371803281651576754e+02
3.781250000000000000e+01,5.001809541960483330e+00,8.371803384866000215e+02
3.782500000000000284e+01,5.001799246290868695e+00,8.371803487822696752e+02
3.783749999999999858e+01,5.001788976329727632e+00,8.371803590522307559e+02
3.785000000000000142e+01,5.001778732012919448e+00,8.371803692965476102e+02
3.786249999999999716e+01,5.001768513276463324e+00,8.371803795152840166e+02
3.787500000000000000e+01,5.001758320056536533e+00,8.371803897085039807e+02
3.788750000000000284e+01,5.001748152289477112e+00,8.371803998762710535e+02
3.789999999999999858e+01,5.001738009911780303e+00,8.371804100186486721e+02
3.791250000000000142e+01,5.001727892860100333e+00,8.371804201357003876e+02
3.792499999999999716e+01,5.001717801071249525e+00,8.371804302274892962e+02
3.793750000000000000e+01,5.001707734482196521e+00,8.371804402940782666e+02
3.795000000000000284e+01,5.001697693030068059e+00,8.371804503355303950e+02
3.796249999999999858e+01,5.001687676652147196e+00,8.371804603519083230e+02
3.797500000000000142e+01,5.001677685285872421e+00,8.371804703432745782e+02
3.798749999999999716e+01,5.001667718868839430e+00,8.371804803096916885e+02
3.800000000000000000e+01,5.001657777338798461e+00,8.371804902512217268e+02
3.801250000000000284e+01,5.001647860633655185e+00,8.371805001679268798e+02
3.802499999999999858e+01,5.001637968691469815e+00,8.371805100598689933e+02
3.803750000000000142e+01,5.001628101450456221e+00,8.371805199271100264e+02
3.804999999999999716e+01,5.001618258848984588e+00,8.371805297697114838e+02
3.806250000000000000e+01,5.001608440825575208e+00,8.371805395877349838e+02
3.807500000000000284e+01,5.001598647318902913e+00,8.371805493812415762e+02
3.808749999999999858e+01,5.001588878267797078e+00,8.371805591502926518e+02
3.810000000000000142e+01,5.001579133611237182e+00,8.371805688949492605e+02
3.811249999999999716e+01,5.001569413288354582e+00,8.371805786152721112e+02
3.812500000000000000e+01,5.001559717238434288e+00,8.371805883113220261e+02
3.813750000000000284e+01,5.001550045400909639e+00,8.371805979831596005e+02
3.814999999999999858e+01,5.001540397715366737e+00,8.371806076308450884e+02
3.816250000000000142e+01,5.001530774121542677e+00,8.371806172544389710e+02
3.817499999999999716e+01,5.001521174559321992e+00,8.371806268540011615e+02
3.818750000000000000e+01,5.001511598968741978e+00,8.371806364295918002e+02
3.820000000000000284e+01,5.001502047289986486e+00,8.371806459812705725e+02
3.821249999999999858e+01,5.001492519463390352e+00,8.371806555090971642e+02
3.822500000000000142e+01,5.001483015429434964e+00,8.371806650131310334e+02
3.823749999999999716e+01,5.001473535128751813e+00,8.371806744934317521e+02
3.825000000000000000e+01,5.001464078502118937e+00,8.371806839500584374e+02
3.826250000000000284e+01,5.001454645490461814e+00,8.371806933830700928e+02
3.827499999999999858e+01,5.001445236034853359e+00,8.371807027925256079e+02
3.828750000000000142e+01,5.001435850076512146e+00,8.371807121784839865e+02
3.829999999999999716e+01,5.001426487556804190e+00,8.371807215410036633e+02
3.831250000000000000e+01,5.001417148417241165e+00,8.371807308801433010e+02
3.832500000000000284e+01,5.001407832599479519e+00,8.371807401959609933e+02
3.833749999999999858e+01,5.001398540045321361e+00,8.371807494885151755e+02
3.835000000000000142e+01,5.001389270696712686e+00,8.371807587578638277e+02
3.836249999999999716e+01,5.001380024495744259e+00,8.371807680040648165e+02
3.837500000000000000e+01,5.001370801384652509e+00,8.371807772271758950e+02
3.838750000000000284e+01,5.001361601305815086e+00,8.371807864272547022e+02
3.839999999999999858e+01,5.001352424201753522e+00,8.371807956043587637e+02
3.841250000000000142e+01,5.001343270015132347e+00,8.371808047585453778e+02
3.842499999999999716e+01,5.001334138688759090e+00,8.371808138898717289e+02
3.843750000000000000e+01,5.001325030165582497e+00,8.371808229983948877e+02
3.845000000000000284e+01,5.001315944388693424e+00,8.371808320841718114e+02
3.846249999999999858e+01,5.001306881301324836e+00,8.371808411472592297e+02
3.847500000000000142e+01,5.001297840846849141e+00,8.371808501877136450e+02
3.848749999999999716e+01,5.001288822968780856e+00,8.371808592055916733e+02
3.850000000000000000e+01,5.001279827610773054e+00,8.371808682009497034e+02
3.851250000000000284e+01,5.001270854716620029e+00,8.371808771738438963e+02
3.852499999999999858e+01,5.001261904230255517e+00,8.371808861243302999e+02
3.853750000000000142e+01,5.001252976095766911e+00,8.371808950524647344e+02
3.854999999999999716e+01,5.001244070257422791e+00,8.371809039583031335e+02
3.856250000000000000e+01,5.001235186659586773e+00,8.371809128419008630e+02
3.857500000000000284e+01,5.001226325246757476e+00,8.371809217033137429e+02
3.858749999999999858e+01,5.001217485963572074e+00,8.371809305425969114e+02
3.860000000000000142e+01,5.001208668754803632e+00,8.371809393598057341e+02
3.861249999999999716e+01,5.001199873565364662e+00,8.371809481549951215e+02
3.862500000000000000e+01,5.001191100340304452e+00,8.371809569282202119e+02
3.863750000000000284e+01,5.001182349024809071e+00,8.371809656795356887e+02
3.864999999999999858e+01,5.001173619564202255e+00,8.371809744089963488e+02
3.866250000000000142e+01,5.001164911903942745e+00,8.371809831166565345e+02
3.867499999999999716e+01,5.001156225989626058e+00,8.371809918025709294e+02
3.868750000000000000e+01,5.001147561766981831e+00,8.371810004667935345e+02
3.870000000000000284e+01,5.001138919181876474e+00,8.371810091093785786e+02
3.871249999999999858e+01,5.001130298180312295e+00,8.371810177303801765e+02
3.872500000000000142e+01,5.001121698708423047e+00,8.371810263298521022e+02
3.873749999999999716e+01,5.001113120712478377e+00,8.371810349078480158e+02
3.875000000000000000e+01,5.001104564138883823e+00,8.371810434644215775e+02
3.876250000000000284e+01,5.001096028934174598e+00,8.371810519996263338e+02
3.877499999999999858e+01,5.001087515045022691e+00,8.371810605135154901e+02
3.878750000000000142e+01,5.001079022418229769e+00,8.371810690061422520e+02
3.879999999999999716e+01,5.001070551000733388e+00,8.371810774775598247e+02
3.881250000000000000e+01,5.001062100739600780e+00,8.371810859278209591e+02
3.882500000000000284e+01,5.001053671582032401e+00,8.371810943569785195e+02
3.883749999999999858e+01,5.001045263475361047e+00,8.371811027650851429e+02
3.885000000000000142e+01,5.001036876367047412e+00,8.371811111521934663e+02
3.886249999999999716e+01,5.001028510204687194e+00,8.371811195183557857e+02
3.887500000000000000e+01,5.001020164936003987e+00,8.371811278636245106e+02
3.888750000000000284e+01,5.001011840508852835e+00,8.371811361880515960e+02
3.889999999999999858e+01,5.001003536871219346e+00,8.371811444916893379e+02
3.891250000000000142e+01,5.000995253971216137e+00,8.371811527745892363e+02
3.892499999999999716e+01,5.000986991757089051e+00,8.371811610368033598e+02
3.893750000000000000e+01,5.000978750177210053e+00,8.371811692783833223e+02
3.895000000000000284e+01,5.000970529180079005e+00,8.371811774993803965e+02
3.896249999999999858e+01,5.000962328714328109e+00,8.371811856998461963e+02
3.897500000000000142e+01,5.000954148728713911e+00,8.371811938798317669e+02
3.898749999999999716e+01,5.000945989172121742e+00,8.371812020393883813e+02
3.900000000000000000e+01,5.000937849993564832e+00,8.371812101785669711e+02
3.901250000000000284e+01,5.000929731142183421e+00,8.371812182974183543e+02
3.902499999999999858e+01,5.000921632567242980e+00,8.371812263959932352e+02
3.903750000000000142e+01,5.000913554218138657e+00,8.371812344743423182e+02
3.904999999999999716e+01,5.000905496044389054e+00,8.371812425325160802e+02
3.906250000000000000e+01,5.000897457995638895e+00,8.371812505705648846e+02
3.907500000000000284e+01,5.000889440021659915e+00,8.371812585885388671e+02
3.908749999999999858e+01,5.000881442072346417e+00,8.371812665864881637e+02
3.910000000000000142e+01,5.000873464097720600e+00,8.371812745644627967e+02
3.911249999999999716e+01,5.000865506047926345e+00,8.371812825225125607e+02
3.912500000000000000e+01,5.000857567873235432e+00,8.371812904606872507e+02
3.913750000000000284e+01,5.000849649524039542e+00,8.371812983790364342e+02
3.914999999999999858e+01,5.000841750950857367e+00,8.371813062776096785e+02
3.916250000000000142e+01,5.000833872104328393e+00,8.371813141564562102e+02
3.917499999999999716e+01,5.000826012935216447e+00,8.371813220156252555e+02
3.918750000000000000e+01,5.000818173394408817e+00,8.371813298551660409e+02
3.920000000000000284e+01,5.000810353432912692e+00,8.371813376751275655e+02
3.921249999999999858e+01,5.000802553001860495e+00,8.371813454755586008e+02
3.922500000000000142e+01,5.000794772052505444e+00,8.371813532565080322e+02
3.923749999999999716e+01,5.000787010536219768e+00,8.371813610180242904e+02
3.925000000000000000e+01,5.000779268404500044e+00,8.371813687601560332e+02
3.926250000000000284e+01,5.000771545608963642e+00,8.371813764829515776e+02
3.927499999999999858e+01,5.000763842101346057e+00,8.371813841864591268e+02
3.928750000000000142e+01,5.000756157833505355e+00,8.371813918707269977e+02
3.929999999999999716e+01,5.000748492757419505e+00,8.371813995358030525e+02
3.931250000000000000e+01,5.000740846825184605e+00,8.371814071817352669e+02
3.932500000000000284e+01,5.000733219989017542e+00,8.371814148085715033e+02
3.933749999999999858e+01,5.000725612201254222e+00,8.371814224163592826e+02
3.935000000000000142e+01,5.000718023414349567e+00,8.371814300051461259e+02
3.936249999999999716e+01,5.000710453580875736e+00,8.371814375749796682e+02
3.937500000000000000e+01,5.000702902653523907e+00,8.371814451259069756e+02
3.938750000000000284e+01,5.000695370585104271e+00,8.371814526579754556e+02
3.939999999999999858e+01,5.000687857328542485e+00,8.371814601712319472e+02
3.941250000000000142e+01,5.000680362836884107e+00,8.371814676657236305e+02
3.942499999999999716e+01,5.000672887063290162e+00,8.371814751414972307e+02
3.943750000000000000e+01,5.000665429961038022e+00,8.371814825985994730e+02
3.945000000000000284e+01,5.000657991483523190e+00,8.371814900370769692e+02
3.946249999999999858e+01,5.000650571584255744e+00,8.371814974569762171e+02
3.947500000000000142e+01,5.000643170216862998e+00,8.371815048583436010e+02
3.948749999999999716e+01,5.000635787335086846e+00,8.371815122412253913e+02
3.950000000000000000e+01,5.000628422892785530e+00,8.371815196056677451e+02
3.951250000000000284e+01,5.000621076843930979e+00,8.371815269517165916e+02
3.952499999999999858e+01,5.000613749142611475e+00,8.371815342794178605e+02
3.953750000000000142e+01,5.000606439743028098e+00,8.371815415888174812e+02
3.954999999999999716e+01,5.000599148599497390e+00,8.371815488799610421e+02
3.956250000000000000e+01,5.000591875666449582e+00,8.371815561528940179e+02
3.957500000000000284e+01,5.000584620898428589e+00,8.371815634076621109e+02
3.958749999999999858e+01,5.000577384250091129e+00,8.371815706443104546e+02
3.960000000000000142e+01,5.000570165676207601e+00,8.371815778628842963e+02
3.961249999999999716e+01,5.000562965131660320e+00,8.371815850634288836e+02
3.962500000000000000e+01,5.000555782571445285e+00,8.371815922459890089e+02
3.963750000000000284e+01,5.000548617950668628e+00,8.371815994106098060e+02
3.964999999999999858e+01,5.000541471224551948e+00,8.371816065573359538e+02
3.966250000000000142e+01,5.000534342348424310e+00,8.371816136862121311e+02
3.967499999999999716e+01,5.000527231277730245e+00,8.371816207972827897e+02
3.968750000000000000e+01,5.000520137968021750e+00,8.371816278905924946e+02
3.970000000000000284e+01,5.000513062374963624e+00,8.371816349661855838e+02
3.971249999999999858e+01,5.000506004454331688e+00,8.371816420241061678e+02
3.972500000000000142e+01,5.000498964162010118e+00,8.371816490643984707e+02
3.973749999999999716e+01,5.000491941453994116e+00,8.371816560871064894e+02
3.975000000000000000e+01,5.000484936286389903e+00,8.371816630922741069e+02
3.976250000000000284e+01,5.000477948615411172e+00,8.371816700799450928e+02
3.977499999999999858e+01,5.000470978397379973e+00,8.371816770501631026e+02
3.978750000000000142e+01,5.000464025588731154e+00,8.371816840029717923e+02
3.979999999999999716e+01,5.000457090146004369e+00,8.371816909384144765e+02
3.981250000000000000e+01,5.000450172025848516e+00,8.371816978565346972e+02
3.982500000000000284e+01,5.000443271185022631e+00,8.371817047573754280e+02
3.983749999999999858e+01,5.000436387580390551e+00,8.371817116409800974e+02
3.985000000000000142e+01,5.000429521168925362e+00,8.371817185073915653e+02
3.986250000000099902e+01,5.000422671907706729e+00,8.371817253566528052e+02
3.987500000000100187e+01,5.000415839753921787e+00,8.371817321888065635e+02
3.988750000000099760e+01,5.000409024664866031e+00,8.371817390038955864e+02
3.990000000000100044e+01,5.000402226597937094e+00,8.371817458019626201e+02
3.991250000000100329e+01,5.000395445510641856e+00,8.371817525830498425e+02
3.992500000000099902e+01,5.000388681360593779e+00,8.371817593471998862e+02
3.993750000000100187e+01,5.000381934105510240e+00,8.371817660944550425e+02
3.995000000000099760e+01,5.000375203703213423e+00,8.371817728248572621e+02
3.996250000000100044e+01,5.000368490111632092e+00,8.371817795384488363e+02
3.997500000000100329e+01,5.000361793288800705e+00,8.371817862352717157e+02
3.998750000000099902e+01,5.000355113192854972e+00,8.371817929153676232e+02
4.000000000000000000e+01,5.000348449782038962e+00,8.371817995787785094e+02
