time,aq_si,fluid_min,phi_min,power,rate,solid_mass,water
0,10,0.65,0.05,1194.0450574454,0.69402618810621,50,36027.691923397
0.003125,9.9978318463479,0.64999986973082,0.050000130269176,1193.2984272232,0.69380916867587,50.000130269176,36027.696259704
0.00625,9.9956643708163,0.64999973950239,0.050000260497608,1192.5521022686,0.69359217011419,50.000260497608,36027.700594656
0.009375,9.9934975733399,0.6499996093147,0.050000390685301,1191.8060825733,0.69337519243839,50.000390685301,36027.70492825
0.0125,9.9913314538535,0.64999947916774,0.050000520832258,1191.0603681291,0.69315823566566,50.000520832258,36027.709260489
0.015625,9.9891660122916,0.64999934906152,0.050000650938483,1190.3149589277,0.6929412998132,50.000650938483,36027.713591373
0.01875,9.9870012485887,0.64999921899602,0.050000781003981,1189.5698549605,0.69272438489821,50.000781003981,36027.7179209
0.021875,9.9848371626796,0.64999908897125,0.050000911028755,1188.8250562191,0.6925074909379,50.000911028755,36027.722249072
0.025,9.9826737544985,0.64999895898719,0.050001041012808,1188.080562695,0.69229061794947,50.001041012808,36027.726575888
0.028125,9.9805110239799,0.64999882904385,0.050001170956146,1187.3363743794,0.69207376595012,50.001170956146,36027.730901349
0.03125,9.9783489710581,0.64999869914123,0.050001300858772,1186.5924912638,0.69185693495705,50.001300858772,36027.735225455
0.034375,9.9761875956675,0.64999856927931,0.05000143072069,1185.8489133394,0.69164012498746,50.001430720689,36027.739548206
0.0375,9.9740268977424,0.6499984394581,0.050001560541903,1185.1056405973,0.69142333605856,50.001560541903,36027.743869602
0.040625,9.9718668772168,0.64999830967758,0.050001690322416,1184.3626730287,0.69120656818755,50.001690322416,36027.748189643
0.04375,9.969707534025,0.64999817993777,0.050001820062233,1183.6200106245,0.69098982139164,50.001820062233,36027.752508329
0.046875,9.9675488681009,0.64999805023864,0.050001949761358,1182.8776533758,0.69077309568801,50.001949761358,36027.756825661
0.05,9.9653908793788,0.64999792058021,0.050002079419794,1182.1356012735,0.69055639109388,50.002079419794,36027.761141638
0.053125,9.9632335677924,0.64999779096245,0.050002209037546,1181.3938543084,0.69033970762645,50.002209037546,36027.765456262
0.05625,9.9610769332759,0.64999766138538,0.050002338614618,1180.6524124712,0.69012304530293,50.002338614618,36027.769769531
0.059375,9.9589209757629,0.64999753184899,0.050002468151013,1179.9112757527,0.6899064041405,50.002468151013,36027.774081446
0.0625,9.9567656951875,0.64999740235326,0.050002597646736,1179.1704441435,0.68968978415639,50.002597646736,36027.778392007
0.065625,9.9546110914832,0.64999727289821,0.05000272710179,1178.4299176342,0.68947318536778,50.00272710179,36027.782701214
0.06875,9.9524571645838,0.64999714348382,0.05000285651618,1177.6896962153,0.68925660779188,50.00285651618,36027.787009068
0.071875,9.950303914423,0.64999701411009,0.05000298588991,1176.9497798773,0.68904005144591,50.00298588991,36027.791315568
0.075,9.9481513409344,0.64999688477702,0.050003115222983,1176.2101686104,0.68882351634705,50.003115222983,36027.795620715
0.078125,9.9459994440516,0.6499967554846,0.050003244515403,1175.4708624049,0.68860700251251,50.003244515403,36027.799924509
0.08125,9.943848223708,0.64999662623283,0.050003373767175,1174.7318612513,0.6883905099595,50.003373767175,36027.80422695
0.084375,9.941697679837,0.6499964970217,0.050003502978302,1173.9931651395,0.68817403870521,50.003502978302,36027.808528037
0.0875,9.9395478123721,0.64999636785121,0.050003632148789,1173.2547740597,0.68795758876685,50.003632148789,36027.812827772
0.090625,9.9373986212466,0.64999623872136,0.05000376127864,1172.5166880019,0.68774116016163,50.00376127864,36027.817126155
0.09375,9.9352501063938,0.64999610963214,0.050003890367858,1171.7789069561,0.68752475290674,50.003890367858,36027.821423184
0.096875,9.9331022677468,0.64999598058355,0.050004019416447,1171.0414309122,0.68730836701939,50.004019416447,36027.825718862
0.1,9.930955105239,0.64999585157559,0.050004148424412,1170.30425986,0.68709200251678,50.004148424412,36027.830013187
0.103125,9.9288086188033,0.64999572260824,0.050004277391756,1169.5673937893,0.68687565941611,50.004277391756,36027.83430616
0.10625,9.9266628083729,0.64999559368152,0.050004406318485,1168.8308326898,0.68665933773459,50.004406318485,36027.83859778
0.109375,9.9245176738807,0.6499954647954,0.0500045352046,1168.094576551,0.68644303748941,50.0045352046,36027.842888049
0.1125,9.9223732152598,0.64999533594989,0.050004664050108,1167.3586253627,0.68622675869779,50.004664050108,36027.847176967
0.115625,9.920229432443,0.64999520714499,0.050004792855011,1166.6229791142,0.68601050137692,50.004792855011,36027.851464532
0.11875,9.9180863253632,0.64999507838069,0.050004921619313,1165.887637795,0.685794265544,50.004921619313,36027.855750746
0.121875,9.9159438939532,0.64999494965698,0.05000505034302,1165.1526013944,0.68557805121624,50.00505034302,36027.860035609
0.125,9.9138021381456,0.64999482097387,0.050005179026134,1164.4178699018,0.68536185841083,50.005179026134,36027.864319121
0.128125,9.9116610578733,0.64999469233134,0.05000530766866,1163.6834433063,0.68514568714499,50.00530766866,36027.868601281
0.13125,9.9095206530688,0.6499945637294,0.050005436270602,1162.9493215972,0.6849295374359,50.005436270602,36027.872882091
0.134375,9.9073809236647,0.64999443516804,0.050005564831963,1162.2155047634,0.68471340930078,50.005564831963,36027.87716155
0.1375,9.9052418695936,0.64999430664725,0.050005693352749,1161.4819927941,0.68449730275682,50.005693352749,36027.881439658
0.140625,9.9031034907879,0.64999417816704,0.050005821832963,1160.7487856782,0.68428121782123,50.005821832963,36027.885716416
0.14375,9.9009657871801,0.64999404972739,0.050005950272609,1160.0158834046,0.6840651545112,50.005950272609,36027.889991823
0.146875,9.8988287587024,0.64999392132831,0.050006078671691,1159.2832859621,0.68384911284395,50.006078671691,36027.89426588
0.15,9.8966924052873,0.64999379296979,0.050006207030213,1158.5509933394,0.68363309283665,50.006207030213,36027.898538587
0.153125,9.894556726867,0.64999366465182,0.05000633534818,1157.8190055253,0.68341709450653,50.00633534818,36027.902809943
0.15625,9.8924217233737,0.64999353637441,0.050006463625595,1157.0873225084,0.68320111787077,50.006463625595,36027.90707995
0.159375,9.8902873947395,0.64999340813754,0.050006591862462,1156.3559442771,0.68298516294659,50.006591862462,36027.911348608
0.1625,9.8881537408965,0.64999327994121,0.050006720058786,1155.6248708201,0.68276922975116,50.006720058786,36027.915615915
0.165625,9.8860207617768,0.64999315178543,0.05000684821457,1154.8941021256,0.68255331830171,50.00684821457,36027.919881874
0.16875,9.8838884573123,0.64999302367018,0.050006976329819,1154.1636381821,0.68233742861542,50.006976329819,36027.924146483
0.171875,9.8817568274351,0.64999289559546,0.050007104404537,1153.4334789779,0.6821215607095,50.007104404537,36027.928409742
0.175,9.879625872077,0.64999276756127,0.050007232438728,1152.7036245012,0.68190571460115,50.007232438728,36027.932671653
0.178125,9.8774955911698,0.6499926395676,0.050007360432396,1151.97407474,0.68168989030755,50.007360432396,36027.936932215
0.18125,9.8753659846453,0.64999251161446,0.050007488385545,1151.2448296825,0.68147408784592,50.007488385545,36027.941191428
0.184375,9.8732370524352,0.64999238370182,0.050007616298178,1150.5158893168,0.68125830723345,50.007616298178,36027.945449292
0.1875,9.8711087944711,0.6499922558297,0.050007744170302,1149.7872536306,0.68104254848733,50.007744170302,36027.949705808
0.190625,9.8689812106848,0.64999212799808,0.050007872001918,1149.058922612,0.68082681162478,50.007872001918,36027.953960976
0.19375,9.8668543010077,0.64999200020697,0.050007999793032,1148.3308962488,0.68061109666297,50.007999793032,36027.958214795
0.196875,9.8647280653714,0.64999187245635,0.050008127543648,1147.6031745286,0.68039540361911,50.008127543648,36027.962467266
0.2,9.8626025037073,0.64999174474623,0.05000825525377,1146.8757574392,0.6801797325104,50.00825525377,36027.96671839
0.203125,9.8604776159468,0.6499916170766,0.050008382923401,1146.1486449681,0.67996408335403,50.008382923401,36027.970968165
0.20625,9.8583534020213,0.64999148944745,0.050008510552546,1145.4218371029,0.6797484561672,50.008510552546,36027.975216593
0.209375,9.8562298618621,0.64999136185879,0.05000863814121,1144.6953338311,0.67953285096711,50.00863814121,36027.979463673
0.2125,9.8541069954003,0.6499912343106,0.050008765689395,1143.9691351401,0.67931726777094,50.008765689395,36027.983709406
0.215625,9.8519848025672,0.64999110680289,0.050008893197107,1143.2432410172,0.6791017065959,50.008893197107,36027.987953792
0.21875,9.8498632832939,0.64999097933565,0.05000902066435,1142.5176514497,0.67888616745917,50.00902066435,36027.992196831
0.221875,9.8477424375114,0.64999085190887,0.050009148091127,1141.7923664248,0.67867065037797,50.009148091127,36027.996438522
0.225,9.8456222651509,0.64999072452256,0.050009275477443,1141.0673859296,0.67845515536946,50.009275477443,36028.000678867
0.228125,9.8435027661433,0.6499905971767,0.050009402823302,1140.3427099512,0.67823968245086,50.009402823302,36028.004917865
0.23125,9.8413839404194,0.64999046987129,0.050009530128708,1139.6183384766,0.67802423163935,50.009530128708,36028.009155516
0.234375,9.8392657879102,0.64999034260634,0.050009657393665,1138.8942714928,0.67780880295213,50.009657393665,36028.013391821
0.2375,9.8371483085464,0.64999021538182,0.050009784618178,1138.1705089865,0.67759339640639,50.009784618178,36028.01762678
0.240625,9.8350315022589,0.64999008819775,0.05000991180225,1137.4470509446,0.67737801201932,50.00991180225,36028.021860393
0.24375,9.8329153689782,0.64998996105411,0.050010038945886,1136.7238973539,0.67716264980811,50.010038945886,36028.026092659
0.246875,9.8307999086351,0.64998983395091,0.050010166049089,1136.0010482009,0.67694730978995,50.010166049089,36028.03032358
0.25,9.8286851211602,0.64998970688813,0.050010293111865,1135.2785034723,0.67673199198204,50.010293111865,36028.034553155
0.253125,9.826571006484,0.64998957986578,0.050010420134217,1134.5562631546,0.67651669640157,50.010420134217,36028.038781384
0.25625,9.8244575645369,0.64998945288385,0.05001054711615,1133.8343272343,0.67630142306571,50.01054711615,36028.043008268
0.259375,9.8223447952494,0.64998932594233,0.050010674057667,1133.1126956978,0.67608617199168,50.010674057667,36028.047233807
0.2625,9.8202326985519,0.64998919904123,0.050010800958773,1132.3913685313,0.67587094319664,50.010800958773,36028.051458
0.265625,9.8181212743748,0.64998907218053,0.050010927819472,1131.6703457212,0.6756557366978,50.010927819472,36028.055680848
0.26875,9.8160105226481,0.64998894536023,0.050011054639768,1130.9496272537,0.67544055251233,50.011054639768,36028.059902352
0.271875,9.8139004433023,0.64998881858033,0.050011181419665,1130.2292131147,0.67522539065743,50.011181419665,36028.064122511
0.275,9.8117910362675,0.64998869184083,0.050011308159168,1129.5091032905,0.67501025115029,50.011308159168,36028.068341325
0.278125,9.8096823014737,0.64998856514172,0.050011434858281,1128.789297767,0.67479513400808,50.011434858281,36028.072558794
0.28125,9.8075742388511,0.64998843848299,0.050011561517007,1128.0697965302,0.674580039248,50.011561517007,36028.076774919
0.284375,9.8054668483295,0.64998831186465,0.050011688135352,1127.3505995657,0.67436496688723,50.011688135352,36028.080989701
0.2875,9.8033601298391,0.64998818528668,0.050011814713319,1126.6317068596,0.67414991694296,50.011814713319,36028.085203137
0.290625,9.8012540833096,0.64998805874909,0.050011941250912,1125.9131183974,0.67393488943237,50.011941250912,36028.089415231
0.29375,9.7991487086709,0.64998793225186,0.050012067748137,1125.1948341649,0.67371988437265,50.012067748137,36028.09362598
0.296875,9.7970440058528,0.649987805795,0.050012194204996,1124.4768541475,0.67350490178097,50.012194204996,36028.097835385
0.3,9.7949399747851,0.6499876793785,0.050012320621495,1123.7591783309,0.67328994167452,50.012320621495,36028.102043448
0.303125,9.7928366153974,0.64998755300236,0.050012446997637,1123.0418067005,0.67307500407049,50.012446997637,36028.106250166
0.30625,9.7907339276193,0.64998742666657,0.050012573333427,1122.3247392416,0.67286008898605,50.012573333427,36028.110455542
0.309375,9.7886319113805,0.64998730037113,0.050012699628868,1121.6079759395,0.67264519643838,50.012699628868,36028.114659574
0.3125,9.7865305666103,0.64998717411603,0.050012825883966,1120.8915167796,0.67243032644468,50.012825883966,36028.118862264
0.315625,9.7844298932384,0.64998704790128,0.050012952098725,1120.1753617469,0.67221547902211,50.012952098725,36028.123063611
0.31875,9.7823298911941,0.64998692172685,0.050013078273147,1119.4595108266,0.67200065418785,50.013078273147,36028.127263615
0.321875,9.7802305604067,0.64998679559276,0.050013204407239,1118.7439640038,0.67178585195908,50.013204407239,36028.131462276
0.325,9.7781319008056,0.649986669499,0.050013330501004,1118.0287212633,0.67157107235299,50.013330501004,36028.135659596
0.328125,9.77603391232,0.64998654344555,0.050013456554446,1117.3137825902,0.67135631538675,50.013456554446,36028.139855573
0.33125,9.7739365948791,0.64998641743243,0.05001358256757,1116.5991479692,0.67114158107753,50.01358256757,36028.144050207
0.334375,9.7718399484122,0.64998629145962,0.05001370854038,1115.8848173851,0.67092686944252,50.01370854038,36028.1482435
0.3375,9.7697439728481,0.64998616552712,0.050013834472879,1115.1707908226,0.67071218049889,50.013834472879,36028.152435451
0.340625,9.767648668116,0.64998603963493,0.050013960365074,1114.4570682664,0.6704975142638,50.013960365074,36028.156626061
0.34375,9.7655540341449,0.64998591378303,0.050014086216966,1113.743649701,0.67028287075444,50.014086216966,36028.160815329
0.346875,9.7634600708637,0.64998578797144,0.050014212028562,1113.0305351109,0.67006824998798,50.014212028562,36028.165003255
0.35,9.7613667782013,0.64998566220013,0.050014337799865,1112.3177244805,0.6698536519816,50.014337799865,36028.169189841
0.353125,9.7592741560864,0.64998553646912,0.05001446353088,1111.6052177943,0.66963907675246,50.01446353088,36028.173375085
0.35625,9.7571822044479,0.64998541077839,0.05001458922161,1110.8930150365,0.66942452431773,50.01458922161,36028.177558988
0.359375,9.7550909232145,0.64998528512794,0.05001471487206,1110.1811161913,0.66920999469459,50.01471487206,36028.181741551
0.3625,9.7530003123148,0.64998515951776,0.050014840482235,1109.4695212429,0.66899548790021,50.014840482235,36028.185922773
0.365625,9.7509103716775,0.64998503394786,0.050014966052138,1108.7582301755,0.66878100395175,50.014966052138,36028.190102654
0.36875,9.748821101231,0.64998490841823,0.050015091581775,1108.0472429729,0.66856654286639,50.015091581775,36028.194281195
0.371875,9.7467325009039,0.64998478292885,0.050015217071148,1107.3365596192,0.66835210466129,50.015217071148,36028.198458395
0.375,9.7446445706247,0.64998465747974,0.050015342520263,1106.6261800983,0.66813768935362,50.015342520263,36028.202634256
0.378125,9.7425573103218,0.64998453207088,0.050015467929124,1105.916104394,0.66792329696055,50.015467929124,36028.206808777
0.38125,9.7404707199233,0.64998440670227,0.050015593297735,1105.20633249,0.66770892749924,50.015593297735,36028.210981957
0.384375,9.7383847993577,0.6499842813739,0.0500157186261,1104.4968643701,0.66749458098685,50.0157186261,36028.215153798
0.3875,9.7362995485532,0.64998415608578,0.050015843914224,1103.7877000178,0.66728025744055,50.015843914224,36028.2193243
0.390625,9.734214967438,0.64998403083789,0.050015969162111,1103.0788394167,0.6670659568775,50.015969162111,36028.223493462
0.39375,9.7321310559401,0.64998390563023,0.050016094369766,1102.3702825503,0.66685167931487,50.016094369766,36028.227661285
0.396875,9.7300478139877,0.64998378046281,0.050016219537192,1101.662029402,0.66663742476982,50.016219537192,36028.231827769
0.4,9.7279652415088,0.64998365533561,0.050016344664394,1100.9540799552,0.6664231932595,50.016344664394,36028.235992914
0.403125,9.7258833384313,0.64998353024862,0.050016469751377,1100.2464341931,0.66620898480109,50.016469751377,36028.24015672
0.40625,9.7238021046831,0.64998340520186,0.050016594798144,1099.5390920989,0.66599479941172,50.016594798144,36028.244319188
0.409375,9.7217215401921,0.6499832801953,0.050016719804701,1098.8320536559,0.66578063710858,50.016719804701,36028.248480317
0.4125,9.7196416448862,0.64998315522895,0.05001684477105,1098.125318847,0.6655664979088,50.01684477105,36028.252640107
0.415625,9.7175624186929,0.6499830303028,0.050016969697198,1097.4188876553,0.66535238182956,50.016969697198,36028.25679856
0.41875,9.7154838615402,0.64998290541685,0.050017094583147,1096.7127600637,0.665138288888,50.017094583147,36028.260955674
0.421875,9.7134059733555,0.6499827805711,0.050017219428903,1096.0069360551,0.66492421910128,50.017219428903,36028.26511145
0.425,9.7113287540665,0.64998265576553,0.050017344234469,1095.3014156123,0.66471017248655,50.017344234469,36028.269265889
0.428125,9.7092522036007,0.64998253100015,0.050017468999851,1094.5961987181,0.66449614906097,50.017468999851,36028.27341899
0.43125,9.7071763218855,0.64998240627495,0.050017593725052,1093.8912853551,0.66428214884169,50.017593725052,36028.277570753
0.434375,9.7051011088485,0.64998228158992,0.050017718410077,1093.1866755059,0.66406817184586,50.017718410077,36028.281721179
0.4375,9.703026564417,0.64998215694507,0.05001784305493,1092.482369153,0.66385421809063,50.01784305493,36028.285870268
0.440625,9.7009526885183,0.64998203234038,0.050017967659616,1091.778366279,0.66364028759314,50.017967659616,36028.29001802
0.44375,9.6988794810796,0.64998190777586,0.050018092224138,1091.0746668662,0.66342638037056,50.018092224138,36028.294164435
0.446875,9.6968069420282,0.6499817832515,0.050018216748502,1090.371270897,0.66321249644002,50.018216748502,36028.298309513
0.45,9.6947350712913,0.64998165876729,0.050018341232712,1089.6681783536,0.66299863581868,50.018341232712,36028.302453255
0.453125,9.6926638687959,0.64998153432323,0.050018465676771,1088.9653892182,0.66278479852368,50.018465676771,36028.30659566
0.45625,9.6905933344691,0.64998140991931,0.050018590080685,1088.2629034729,0.66257098457216,50.018590080685,36028.310736728
0.459375,9.6885234682379,0.64998128555554,0.050018714444458,1087.5607210999,0.66235719398126,50.018714444458,36028.314876461
0.4625,9.6864542700293,0.64998116123191,0.050018838768094,1086.858842081,0.66214342676814,50.018838768094,36028.319014857
0.465625,9.6843857397701,0.6499810369484,0.050018963051597,1086.1572663983,0.66192968294993,50.018963051597,36028.323151918
0.46875,9.6823178773871,0.64998091270503,0.050019087294973,1085.4559940336,0.66171596254377,50.019087294973,36028.327287642
0.471875,9.6802506828072,0.64998078850178,0.050019211498225,1084.7550249686,0.6615022655668,50.019211498225,36028.331422032
0.475,9.6781841559571,0.64998066433864,0.050019335661358,1084.0543591852,0.66128859203617,50.019335661358,36028.335555085
0.478125,9.6761182967635,0.64998054021562,0.050019459784375,1083.3539966649,0.66107494196901,50.019459784375,36028.339686804
0.48125,9.6740531051529,0.64998041613272,0.050019583867283,1082.6539373893,0.66086131538245,50.019583867283,36028.343817187
0.484375,9.671988581052,0.64998029208992,0.050019707910085,1081.95418134,0.66064771229363,50.019707910085,36028.347946235
0.4875,9.6699247243872,0.64998016808722,0.050019831912785,1081.2547284984,0.66043413271969,50.019831912785,36028.352073948
0.490625,9.6678615350851,0.64998004412461,0.050019955875387,1080.5555788459,0.66022057667776,50.019955875387,36028.356200327
0.49375,9.665799013072,0.6499799202021,0.050020079797898,1079.8567323639,0.66000704418498,50.020079797898,36028.360325371
0.496875,9.6637371582743,0.64997979631968,0.050020203680319,1079.1581890335,0.65979353525847,50.020203680319,36028.364449081
0.5,9.6616759706183,0.64997967247734,0.050020327522657,1078.4599488359,0.65958004991536,50.020327522657,36028.368571456
0.503125,9.6596154500303,0.64997954867508,0.050020451324916,1077.7620117523,0.6593665881728,50.020451324916,36028.372692497
0.50625,9.6575555964364,0.6499794249129,0.050020575087099,1077.0643777637,0.65915315004789,50.020575087099,36028.376812204
0.509375,9.6554964097628,0.64997930119079,0.050020698809212,1076.367046851,0.65893973555778,50.020698809212,36028.380930578
0.5125,9.6534378899356,0.64997917750874,0.050020822491259,1075.6700189953,0.65872634471958,50.020822491259,36028.385047617
0.515625,9.6513800368807,0.64997905386676,0.050020946133244,1074.9732941773,0.65851297755043,50.020946133244,36028.389163323
0.51875,9.6493228505243,0.64997893026483,0.050021069735172,1074.2768723777,0.65829963406744,50.021069735172,36028.393277696
0.521875,9.6472663307921,0.64997880670295,0.050021193297047,1073.5807535774,0.65808631428775,50.021193297047,36028.397390736
0.525,9.6452104776101,0.64997868318113,0.050021316818874,1072.8849377569,0.65787301822845,50.021316818874,36028.401502442
0.528125,9.6431552909042,0.64997855969934,0.050021440300657,1072.1894248969,0.6576597459067,50.021440300657,36028.405612815
0.53125,9.6411007706,0.6499784362576,0.0500215637424,1071.4942149777,0.65744649733959,50.0215637424,36028.409721856
0.534375,9.6390469166233,0.64997831285589,0.050021687144108,1070.79930798,0.65723327254426,50.021687144108,36028.413829564
0.5375,9.6369937288998,0.64997818949421,0.050021810505786,1070.1047038839,0.65702007153781,50.021810505786,36028.417935939
0.540625,9.634941207355,0.64997806617256,0.050021933827438,1069.4104026699,0.65680689433736,50.021933827438,36028.422040982
0.54375,9.6328893519145,0.64997794289093,0.050022057109069,1068.7164043181,0.65659374096003,50.022057109069,36028.426144693
0.546875,9.6308381625038,0.64997781964932,0.050022180350682,1068.0227088087,0.65638061142293,50.022180350682,36028.430247072
0.55,9.6287876390483,0.64997769644772,0.050022303552283,1067.3293161218,0.65616750574316,50.022303552283,36028.434348119
0.553125,9.6267377814735,0.64997757328612,0.050022426713876,1066.6362262375,0.65595442393786,50.022426713876,36028.438447834
0.55625,9.6246885897047,0.64997745016454,0.050022549835465,1065.9434391357,0.65574136602412,50.022549835465,36028.442546218
0.559375,9.6226400636671,0.64997732708295,0.050022672917055,1065.2509547962,0.65552833201905,50.022672917055,36028.44664327
0.5625,9.6205922032861,0.64997720404135,0.05002279595865,1064.558773199,0.65531532193976,50.02279595865,36028.450738991
0.565625,9.6185450084867,0.64997708103974,0.050022918960255,1063.8668943238,0.65510233580336,50.022918960255,36028.45483338
0.56875,9.6164984791941,0.64997695807813,0.050023041921874,1063.1753181502,0.65488937362695,50.023041921874,36028.458926439
0.571875,9.6144526153334,0.64997683515649,0.050023164843513,1062.4840446579,0.65467643542763,50.023164843513,36028.463018166
0.575,9.6124074168296,0.64997671227483,0.050023287725175,1061.7930738264,0.65446352122251,50.023287725175,36028.467108564
0.578125,9.6103628836076,0.64997658943314,0.050023410566864,1061.1024056353,0.65425063102869,50.023410566864,36028.47119763
0.58125,9.6083190155924,0.64997646663141,0.050023533368586,1060.4120400639,0.65403776486327,50.023533368586,36028.475285366
0.584375,9.6062758127088,0.64997634386965,0.050023656130345,1059.7219770916,0.65382492274335,50.023656130345,36028.479371772
0.5875,9.6042332748817,0.64997622114785,0.050023778852145,1059.0322166977,0.65361210468602,50.023778852145,36028.483456847
0.590625,9.6021914020357,0.64997609846601,0.050023901533991,1058.3427588614,0.65339931070837,50.023901533991,36028.487540593
0.59375,9.6001501940957,0.64997597582411,0.050024024175888,1057.6536035618,0.65318654082752,50.024024175888,36028.491623009
0.596875,9.5981096509861,0.64997585322216,0.05002414677784,1056.964750778,0.65297379506055,50.02414677784,36028.495704095
0.6,9.5960697726317,0.64997573066015,0.050024269339851,1056.276200489,0.65276107342454,50.024269339851,36028.499783852
0.603125,9.5940305589569,0.64997560813807,0.050024391861926,1055.5879526738,0.6525483759366,50.024391861926,36028.503862279
0.60625,9.5919920098862,0.64997548565593,0.05002451434407,1054.9000073113,0.6523357026138,50.02451434407,36028.507939377
0.609375,9.5899541253441,0.64997536321371,0.050024636786287,1054.2123643802,0.65212305347325,50.024636786287,36028.512015146
0.6125,9.5879169052549,0.64997524081142,0.050024759188581,1053.5250238593,0.65191042853202,50.024759188581,36028.516089587
0.615625,9.585880349543,0.64997511844904,0.050024881550958,1052.8379857273,0.6516978278072,50.024881550958,36028.520162698
0.61875,9.5838444581327,0.64997499612658,0.050025003873422,1052.1512499628,0.65148525131588,50.025003873422,36028.524234481
0.621875,9.5818092309481,0.64997487384402,0.050025126155977,1051.4648165442,0.65127269907513,50.025126155977,36028.528304935
0.625,9.5797746679134,0.64997475160137,0.050025248398628,1050.7786854502,0.65106017110204,50.025248398628,36028.532374061
0.628125,9.5777407689527,0.64997462939862,0.050025370601379,1050.092856659,0.65084766741369,50.025370601379,36028.536441859
0.63125,9.5757075339901,0.64997450723576,0.050025492764235,1049.407330149,0.65063518802715,50.025492764235,36028.540508329
0.634375,9.5736749629496,0.6499743851128,0.050025614887201,1048.7221058985,0.6504227329595,50.025614887201,36028.544573471
0.6375,9.5716430557552,0.64997426302972,0.050025736970281,1048.0371838857,0.65021030222783,50.025736970281,36028.548637286
0.640625,9.5696118123307,0.64997414098652,0.05002585901348,1047.3525640887,0.6499978958492,50.02585901348,36028.552699773
0.64375,9.5675812325999,0.6499740189832,0.050025981016802,1046.6682464856,0.64978551384068,50.025981016802,36028.556760932
0.646875,9.5655513164867,0.64997389701975,0.050026102980251,1045.9842310543,0.64957315621935,50.026102980251,36028.560820764
0.65,9.5635220639148,0.64997377509617,0.050026224903834,1045.3005177729,0.64936082300228,50.026224903834,36028.564879269
0.653125,9.5614934748079,0.64997365321245,0.050026346787553,1044.6171066191,0.64914851420652,50.026346787553,36028.568936448
0.65625,9.5594655490897,0.64997353136859,0.050026468631414,1043.9339975707,0.64893622984916,50.026468631414,36028.572992299
0.659375,9.5574382866836,0.64997340956458,0.050026590435421,1043.2511906055,0.64872396994725,50.026590435421,36028.577046824
0.6625,9.5554116875132,0.64997328780042,0.050026712199579,1042.5686857011,0.64851173451787,50.026712199579,36028.581100022
0.665625,9.553385751502,0.64997316607611,0.050026833923892,1041.8864828351,0.64829952357806,50.026833923892,36028.585151894
0.66875,9.5513604785735,0.64997304439163,0.050026955608366,1041.2045819851,0.6480873371449,50.026955608366,36028.58920244
0.671875,9.5493358686508,0.649972922747,0.050027077253004,1040.5229831284,0.64787517523544,50.027077253004,36028.59325166
0.675,9.5473119216575,0.64997280114219,0.050027198857811,1039.8416862425,0.64766303786674,50.027198857811,36028.597299554
0.678125,9.5452886375167,0.64997267957721,0.050027320422792,1039.1606913047,0.64745092505585,50.027320422792,36028.601346122
0.68125,9.5432660161517,0.64997255805205,0.050027441947952,1038.4799982922,0.64723883681983,50.027441947952,36028.605391365
0.684375,9.5412440574855,0.64997243656671,0.050027563433294,1037.7996071823,0.64702677317574,50.027563433294,36028.609435282
0.6875,9.5392227614413,0.64997231512118,0.050027684878824,1037.119517952,0.64681473414062,50.027684878824,36028.613477874
0.690625,9.5372021279421,0.64997219371545,0.050027806284547,1036.4397305783,0.64660271973152,50.027806284547,36028.617519141
0.69375,9.535182156911,0.64997207234953,0.050027927650466,1035.7602450384,0.6463907299655,50.027927650466,36028.621559083
0.696875,9.5331628482708,0.64997195102341,0.050028048976587,1035.081061309,0.64617876485959,50.028048976587,36028.625597701
0.7,9.5311442019444,0.64997182973709,0.050028170262915,1034.402179367,0.64596682443085,50.028170262915,36028.629634993
0.703125,9.5291262178548,0.64997170849055,0.050028291509453,1033.7235991892,0.64575490869632,50.028291509453,36028.633670961
0.70625,9.5271088959245,0.64997158728379,0.050028412716206,1033.0453207522,0.64554301767304,50.028412716206,36028.637705605
0.709375,9.5250922360765,0.64997146611682,0.05002853388318,1032.3673440329,0.64533115137804,50.02853388318,36028.641738925
0.7125,9.5230762382333,0.64997134498962,0.050028655010378,1031.6896690076,0.64511930982838,50.028655010378,36028.645770921
0.715625,9.5210609023175,0.64997122390219,0.050028776097806,1031.0122956529,0.64490749304108,50.028776097806,36028.649801593
0.71875,9.5190462282518,0.64997110285453,0.050028897145468,1030.3352239453,0.64469570103318,50.028897145468,36028.653830941
0.721875,9.5170322159586,0.64997098184663,0.050029018153368,1029.6584538611,0.64448393382171,50.029018153368,36028.657858965
0.725,9.5150188653604,0.64997086087849,0.050029139121512,1028.9819853766,0.64427219142372,50.029139121512,36028.661885666
0.728125,9.5130061763796,0.6499707399501,0.050029260049905,1028.3058184681,0.64406047385621,50.029260049905,36028.665911044
0.73125,9.5109941489386,0.64997061906145,0.050029380938549,1027.6299531117,0.64384878113624,50.029380938549,36028.669935099
0.734375,9.5089827829596,0.64997049821255,0.050029501787451,1026.9543892835,0.64363711328082,50.029501787451,36028.673957831
0.7375,9.5069720783649,0.64997037740338,0.050029622596616,1026.2791269596,0.64342547030697,50.029622596616,36028.67797924
0.740625,9.5049620350766,0.64997025663395,0.050029743366046,1025.6041661158,0.64321385223173,50.029743366046,36028.681999327
0.74375,9.502952653017,0.64997013590425,0.050029864095749,1024.9295067282,0.64300225907211,50.029864095749,36028.686018091
0.746875,9.5009439321082,0.64997001521427,0.050029984785727,1024.2551487725,0.64279069084514,50.029984785727,36028.690035533
0.75,9.498935872272,0.64996989456401,0.050030105435986,1023.5810922245,0.64257914756782,50.030105435986,36028.694051653
0.753125,9.4969284734306,0.64996977395347,0.050030226046531,1022.9073370599,0.64236762925719,50.030226046531,36028.69806645
0.75625,9.4949217355058,0.64996965338263,0.050030346617366,1022.2338832543,0.64215613593025,50.030346617366,36028.702079926
0.759375,9.4929156584195,0.6499695328515,0.050030467148495,1021.5607307833,0.64194466760401,50.030467148495,36028.70609208
0.7625,9.4909102420936,0.64996941236008,0.050030587639924,1020.8878796223,0.6417332242955,50.030587639924,36028.710102913
0.765625,9.4889054864498,0.64996929190834,0.050030708091658,1020.2153297468,0.64152180602171,50.030708091658,36028.714112424
0.76875,9.4869013914098,0.6499691714963,0.0500308285037,1019.5430811322,0.64131041279966,50.0308285037,36028.718120614
0.771875,9.4848979568953,0.64996905112394,0.050030948876056,1018.8711337536,0.64109904464635,50.030948876056,36028.722127483
0.775,9.4828951828278,0.64996893079127,0.05003106920873,1018.1994875864,0.64088770157878,50.03106920873,36028.726133032
0.778125,9.480893069129,0.64996881049827,0.050031189501727,1017.5281426057,0.64067638361397,50.031189501727,36028.730137259
0.78125,9.4788916157204,0.64996869024495,0.050031309755053,1016.8570987866,0.6404650907689,50.031309755053,36028.734140166
0.784375,9.4768908225233,0.64996857003129,0.05003142996871,1016.186356104,0.64025382306059,50.03142996871,36028.738141752
0.7875,9.4748906894593,0.64996844985729,0.050031550142705,1015.515914533,0.64004258050602,50.031550142705,36028.742142018
0.790625,9.4728912164495,0.64996832972296,0.050031670277042,1014.8457740484,0.63983136312219,50.031670277042,36028.746140964
0.79375,9.4708924034153,0.64996820962827,0.050031790371726,1014.175934625,0.63962017092609,50.031790371726,36028.75013859
0.796875,9.468894250278,0.64996808957324,0.050031910426761,1013.5063962376,0.63940900393472,50.031910426761,36028.754134897
0.8,9.4668967569588,0.64996796955785,0.050032030442152,1012.8371588608,0.63919786216507,50.032030442152,36028.758129883
0.803125,9.4648999233787,0.6499678495821,0.050032150417904,1012.1682224693,0.63898674563412,50.032150417904,36028.76212355
0.80625,9.4629037494588,0.64996772964598,0.050032270354021,1011.4995870376,0.63877565435885,50.032270354021,36028.766115898
0.809375,9.4609082351202,0.64996760974949,0.050032390250509,1010.8312525402,0.63856458835627,50.032390250509,36028.770106927
0.8125,9.4589133802838,0.64996748989263,0.050032510107372,1010.1632189515,0.63835354764333,50.032510107372,36028.774096637
0.815625,9.4569191848705,0.64996737007538,0.050032629924615,1009.4954862458,0.63814253223703,50.032629924615,36028.778085027
0.81875,9.4549256488013,0.64996725029776,0.050032749702243,1008.8280543974,0.63793154215435,50.032749702243,36028.7820721
0.821875,9.4529327719969,0.64996713055974,0.05003286944026,1008.1609233805,0.63772057741225,50.03286944026,36028.786057853
0.825,9.4509405543781,0.64996701086133,0.050032989138671,1007.4940931693,0.63750963802772,50.032989138671,36028.790042288
0.828125,9.4489489958655,0.64996689120252,0.050033108797481,1006.8275637377,0.63729872401773,50.033108797481,36028.794025405
0.83125,9.4469580963799,0.6499667715833,0.050033228416695,1006.1613350599,0.63708783539924,50.033228416695,36028.798007204
0.834375,9.4449678558418,0.64996665200368,0.050033347996317,1005.4954071097,0.63687697218923,50.033347996317,36028.801987685
0.8375,9.4429782741718,0.64996653246365,0.050033467536353,1004.829779861,0.63666613440467,50.033467536353,36028.805966849
0.840625,9.4409893512903,0.64996641296319,0.050033587036806,1004.1644532876,0.63645532206251,50.033587036806,36028.809944695
0.84375,9.4390010871179,0.64996629350232,0.050033706497683,1003.4994273633,0.63624453517972,50.033706497683,36028.813921223
0.846875,9.4370134815749,0.64996617408101,0.050033825918987,1002.8347020616,0.63603377377326,50.033825918987,36028.817896434
0.85,9.4350265345816,0.64996605469928,0.050033945300723,1002.1702773563,0.63582303786009,50.033945300723,36028.821870328
0.853125,9.4330402460583,0.6499659353571,0.050034064642896,1001.5061532208,0.63561232745717,50.034064642896,36028.825842905
0.85625,9.4310546159252,0.64996581605449,0.050034183945511,1000.8423296286,0.63540164258144,50.034183945511,36028.829814165
0.859375,9.4290696441025,0.64996569679143,0.050034303208573,1000.1788065531,0.63519098324987,50.034303208573,36028.833784109
0.8625,9.4270853305104,0.64996557756791,0.050034422432087,999.51558396753,0.63498034947941,50.034422432087,36028.837752736
0.865625,9.4251016750689,0.64996545838394,0.050034541616057,998.85266184529,0.63476974128699,50.034541616057,36028.841720047
0.86875,9.423118677698,0.64996533923951,0.050034660760488,998.19004015951,0.63455915868959,50.034660760488,36028.845686042
0.871875,9.4211363383177,0.64996522013462,0.050034779865385,997.52771888332,0.63434860170412,50.034779865385,36028.849650721
0.875,9.4191546568478,0.64996510106925,0.050034898930753,996.86569798977,0.63413807034754,50.034898930753,36028.853614083
0.878125,9.4171736332084,0.6499649820434,0.050035017956596,996.20397745185,0.63392756463678,50.035017956596,36028.857576131
0.88125,9.415193267319,0.64996486305708,0.05003513694292,995.54255724248,0.63371708458879,50.03513694292,36028.861536863
0.884375,9.4132135590996,0.64996474411027,0.050035255889729,994.88143733451,0.6335066302205,50.035255889729,36028.865496279
0.8875,9.4112345084697,0.64996462520297,0.050035374797028,994.22061770072,0.63329620154884,50.035374797028,36028.86945438
0.890625,9.4092561153491,0.64996450633518,0.050035493664821,993.56009831385,0.63308579859075,50.035493664821,36028.873411166
0.89375,9.4072783796574,0.64996438750688,0.050035612493115,992.89987914655,0.63287542136316,50.035612493115,36028.877366638
0.896875,9.405301301314,0.64996426871809,0.050035731281913,992.2399601714,0.632665069883,50.035731281913,36028.881320795
0.9,9.4033248802385,0.64996414996878,0.050035850031221,991.5803413609,0.63245474416718,50.035850031221,36028.885273637
0.903125,9.4013491163503,0.64996403125896,0.050035968741042,990.92102268751,0.63224444423263,50.035968741042,36028.889225164
0.90625,9.3993740095687,0.64996391258862,0.050036087411383,990.26200412362,0.63203417009629,50.036087411383,36028.893175378
0.909375,9.3973995598132,0.64996379395775,0.050036206042248,989.60328564154,0.63182392177505,50.036206042248,36028.897124278
0.9125,9.3954257670029,0.64996367536636,0.050036324633641,988.9448672135,0.63161369928585,50.036324633641,36028.901071863
0.915625,9.3934526310572,0.64996355681443,0.050036443185568,988.28674881171,0.63140350264559,50.036443185568,36028.905018135
0.91875,9.3914801518951,0.64996343830197,0.050036561698034,987.62893040825,0.63119333187119,50.036561698034,36028.908963093
0.921875,9.3895083294358,0.64996331982896,0.050036680171042,986.97141197518,0.63098318697956,50.036680171042,36028.912906738
0.925,9.3875371635983,0.6499632013954,0.0500367986046,986.31419348449,0.6307730679876,50.0367986046,36028.91684907
0.928125,9.3855666543017,0.64996308300129,0.05003691699871,985.65727490806,0.63056297491223,50.03691699871,36028.920790089
0.93125,9.3835968014649,0.64996296464662,0.050037035353378,985.00065621776,0.63035290777035,50.037035353378,36028.924729794
0.934375,9.3816276050068,0.64996284633139,0.050037153668608,984.34433738535,0.63014286657885,50.037153668608,36028.928668187
0.9375,9.3796590648464,0.64996272805559,0.050037271944407,983.68831838254,0.62993285135464,50.037271944407,36028.932605267
0.940625,9.3776911809022,0.64996260981922,0.050037390180778,983.03259918097,0.62972286211462,50.037390180778,36028.936541035
0.94375,9.3757239530933,0.64996249162227,0.050037508377726,982.37717975222,0.62951289887567,50.037508377726,36028.940475491
0.94687500000001,9.3737573813381,0.64996237346474,0.050037626535257,981.72206006778,0.6293029616547,50.037626535257,36028.944408635
0.95000000000001,9.3717914655554,0.64996225534662,0.050037744653375,981.06724009912,0.62909305046859,50.037744653375,36028.948340466
0.95312500000001,9.3698262056637,0.64996213726791,0.050037862732085,980.41271981757,0.62888316533423,50.037862732085,36028.952270986
0.95625000000001,9.3678616015816,0.64996201922861,0.050037980771392,979.75849919446,0.6286733062685,50.037980771392,36028.956200194
0.95937500000001,9.3658976532276,0.6499619012287,0.050038098771301,979.10457820103,0.6284634732883,50.038098771301,36028.960128091
0.96250000000001,9.3639343605201,0.64996178326818,0.050038216731817,978.45095680843,0.6282536664105,50.038216731817,36028.964054676
0.96562500000001,9.3619717233774,0.64996166534706,0.050038334652944,977.79763498776,0.62804388565197,50.038334652944,36028.96797995
0.96875000000001,9.360009741718,0.64996154746531,0.050038452534688,977.14461271007,0.62783413102961,50.038452534688,36028.971903914
0.97187500000001,9.35804841546,0.64996142962295,0.050038570377054,976.49188994631,0.62762440256027,50.038570377054,36028.975826566
0.97500000000001,9.3560877445217,0.64996131181995,0.050038688180046,975.8394666674,0.62741470026083,50.038688180046,36028.979747908
0.97812500000001,9.3541277288212,0.64996119405633,0.050038805943669,975.18734284416,0.62720502414817,50.038805943669,36028.98366794
0.98125000000001,9.3521683682767,0.64996107633207,0.050038923667929,974.53551844736,0.62699537423914,50.038923667929,36028.987586661
0.98437500000001,9.3502096628062,0.64996095864717,0.05003904135283,973.8839934477,0.62678575055062,50.03904135283,36028.991504072
0.98750000000001,9.3482516123278,0.64996084100162,0.050039158998376,973.2327678158,0.62657615309947,50.039158998377,36028.995420173
0.99062500000001,9.3462942167594,0.64996072339543,0.050039276604574,972.58184152223,0.62636658190254,50.039276604574,36028.999334964
0.99375000000001,9.3443374760188,0.64996060582857,0.050039394171428,971.93121453749,0.62615703697669,50.039394171428,36029.003248445
0.99687500000001,9.342381390024,0.64996048830106,0.050039511698943,971.280886832,0.62594751833878,50.039511698943,36029.007160617
1,9.3404259586927,0.64996037081288,0.050039629187124,970.63085837612,0.62573802600566,50.039629187124,36029.01107148
1.003125,9.3384711819427,0.64996025336402,0.050039746635975,969.98112914016,0.62552855999419,50.039746635975,36029.014981033
1.00625,9.3365170596917,0.6499601359545,0.050039864045503,969.33169909433,0.6253191203212,50.039864045503,36029.018889278
1.009375,9.3345635918573,0.64996001858429,0.05003998141571,968.68256820881,0.62510970700355,50.03998141571,36029.022796213
1.0125,9.3326107783572,0.6499599012534,0.050040098746604,968.03373645367,0.62490032005809,50.040098746604,36029.02670184
1.015625,9.3306586191087,0.64995978396181,0.050040216038188,967.38520379896,0.62469095950163,50.040216038188,36029.030606159
1.01875,9.3287071140295,0.64995966670953,0.050040333290468,966.73697021463,0.62448162535105,50.040333290468,36029.034509169
1.021875,9.326756263037,0.64995954949655,0.050040450503448,966.08903567055,0.62427231762315,50.040450503448,36029.038410871
1.025,9.3248060660484,0.64995943232287,0.050040567677134,965.44140013657,0.62406303633477,50.040567677134,36029.042311265
1.028125,9.3228565229812,0.64995931518847,0.05004068481153,964.79406358244,0.62385378150276,50.04068481153,36029.046210351
1.03125,9.3209076337527,0.64995919809336,0.050040801906641,964.14702597785,0.62364455314393,50.040801906641,36029.05010813
1.034375,9.3189593982799,0.64995908103753,0.050040918962473,963.50028729241,0.62343535127511,50.040918962473,36029.054004601
1.0375,9.3170118164802,0.64995896402097,0.05004103597903,962.85384749568,0.62322617591313,50.04103597903,36029.057899764
1.040625,9.3150648882706,0.64995884704368,0.050041152956318,962.20770655716,0.6230170270748,50.041152956318,36029.061793621
1.04375,9.3131186135682,0.64995873010566,0.050041269894341,961.56186444627,0.62280790477695,50.041269894341,36029.06568617
1.046875,9.3111729922899,0.6499586132069,0.050041386793104,960.91632113236,0.62259880903638,50.041386793104,36029.069577413
1.05,9.3092280243528,0.64995849634739,0.050041503652613,960.27107658472,0.62238973986992,50.041503652613,36029.073467348
1.053125,9.3072837096738,0.64995837952713,0.050041620472872,959.62613077256,0.62218069729437,50.041620472872,36029.077355978
1.05625,9.3053400481697,0.64995826274611,0.050041737253886,958.98148366505,0.62197168132655,50.041737253886,36029.081243301
1.059375,9.3033970397572,0.64995814600434,0.05004185399566,958.33713523126,0.62176269198325,50.04185399566,36029.085129318
1.0625,9.3014546843532,0.6499580293018,0.0500419706982,957.69308544021,0.62155372928128,50.0419706982,36029.089014028
1.065625,9.2995129818743,0.64995791263849,0.05004208736151,957.04933426086,0.62134479323743,50.04208736151,36029.092897433
1.06875,9.2975719322372,0.6499577960144,0.050042203985595,956.4058816621,0.62113588386852,50.042203985595,36029.096779533
1.071875,9.2956315353585,0.64995767942954,0.050042320570461,955.76272761273,0.62092700119133,50.042320570461,36029.100660326
1.075,9.2936917911547,0.64995756288389,0.050042437116112,955.11987208153,0.62071814522266,50.042437116112,36029.104539815
1.078125,9.2917526995422,0.64995744637745,0.050042553622553,954.47731503716,0.6205093159793,50.042553622553,36029.108417998
1.08125,9.2898142604376,0.64995732991021,0.05004267008979,953.83505644823,0.62030051347802,50.04267008979,36029.112294876
1.084375,9.2878764737572,0.64995721348217,0.050042786517827,953.1930962833,0.62009173773562,50.042786517827,36029.11617045
1.0875,9.2859393394173,0.64995709709333,0.05004290290667,952.55143451087,0.61988298876889,50.04290290667,36029.120044718
1.090625,9.2840028573342,0.64995698074368,0.050043019256323,951.91007109933,0.61967426659459,50.043019256323,36029.123917683
1.09375,9.2820670274241,0.64995686443321,0.050043135566791,951.26900601705,0.61946557122951,50.043135566791,36029.127789342
1.096875,9.2801318496032,0.64995674816192,0.05004325183808,950.62823923229,0.61925690269041,50.04325183808,36029.131659698
1.1,9.2781973237875,0.64995663192981,0.050043368070195,949.98777071327,0.61904826099408,50.043368070195,36029.13552875
1.103125,9.2762634498933,0.64995651573686,0.05004348426314,949.34760042816,0.61883964615728,50.04348426314,36029.139396497
1.10625,9.2743302278364,0.64995639958308,0.050043600416921,948.707728345,0.61863105819677,50.043600416921,36029.143262941
1.109375,9.2723976575329,0.64995628346846,0.050043716531542,948.06815443185,0.61842249712932,50.043716531542,36029.147128082
1.1125,9.2704657388986,0.64995616739299,0.05004383260701,947.42887865664,0.61821396297169,50.04383260701,36029.150991919
1.115625,9.2685344718494,0.64995605135667,0.050043948643328,946.78990098724,0.61800545574063,50.043948643328,36029.154854453
1.11875,9.2666038563011,0.6499559353595,0.050044064640502,946.15122139148,0.61779697545291,50.044064640502,36029.158715685
1.121875,9.2646738921695,0.64995581940146,0.050044180598537,945.51283983709,0.61758852212528,50.044180598537,36029.162575613
1.125,9.2627445793702,0.64995570348256,0.050044296517438,944.87475629175,0.61738009577447,50.044296517438,36029.166434238
1.128125,9.2608159178189,0.64995558760279,0.05004441239721,944.2369707231,0.61717169641725,50.04441239721,36029.170291562
1.13125,9.2588879074311,0.64995547176214,0.050044528237858,943.59948309866,0.61696332407036,50.044528237858,36029.174147582
1.134375,9.2569605481226,0.64995535596061,0.050044644039387,942.96229338591,0.61675497875053,50.044644039387,36029.178002301
1.1375,9.2550338398086,0.6499552401982,0.050044759801803,942.32540155228,0.6165466604745,50.044759801803,36029.181855718
1.140625,9.2531077824046,0.64995512447489,0.05004487552511,941.68880756509,0.61633836925902,50.04487552511,36029.185707832
1.14375,9.2511823758261,0.64995500879069,0.050044991209313,941.05251139164,0.6161301051208,50.044991209313,36029.189558646
1.146875,9.2492576199884,0.64995489314558,0.050045106854418,940.41651299913,0.61592186807659,50.045106854418,36029.193408157
1.15,9.2473335148067,0.64995477753957,0.05004522246043,939.78081235472,0.61571365814311,50.04522246043,36029.197256368
1.153125,9.2454100601963,0.64995466197265,0.050045338027353,939.14540942548,0.61550547533709,50.045338027353,36029.201103277
1.15625,9.2434872560723,0.64995454644481,0.050045453555193,938.51030417842,0.61529731967525,50.045453555193,36029.204948885
1.159375,9.2415651023499,0.64995443095604,0.050045569043955,937.87549658048,0.6150891911743,50.045569043955,36029.208793192
1.1625,9.2396435989441,0.64995431550636,0.050045684493645,937.24098659855,0.61488108985096,50.045684493645,36029.212636199
1.165625,9.23772274577,0.64995420009573,0.050045799904266,936.60677419943,0.61467301572194,50.045799904266,36029.216477906
1.16875,9.2358025427425,0.64995408472418,0.050045915275824,935.97285934988,0.61446496880396,50.045915275824,36029.220318312
1.171875,9.2338829897765,0.64995396939167,0.050046030608325,935.33924201656,0.61425694911372,50.046030608325,36029.224157418
1.175,9.2319640867869,0.64995385409823,0.050046145901774,934.7059221661,0.61404895666793,50.046145901774,36029.227995224
1.178125,9.2300458336886,0.64995373884383,0.050046261156174,934.07289976502,0.61384099148328,50.046261156174,36029.23183173
1.18125,9.2281282303961,0.64995362362847,0.050046376371533,933.44017477982,0.61363305357648,50.046376371533,36029.235666936
1.184375,9.2262112768244,0.64995350845215,0.050046491547855,932.80774717691,0.61342514296423,50.046491547855,36029.239500844
1.1875,9.2242949728879,0.64995339331486,0.050046606685144,932.17561692262,0.6132172596632,50.046606685144,36029.243333451
1.190625,9.2223793185014,0.64995327821659,0.050046721783406,931.54378398324,0.61300940369011,50.046721783406,36029.24716476
1.19375,9.2204643135793,0.64995316315735,0.050046836842647,930.91224832498,0.61280157506162,50.046836842647,36029.25099477
1.196875,9.2185499580362,0.64995304813713,0.050046951862871,930.28100991399,0.61259377379443,50.046951862871,36029.254823481
1.2,9.2166362517865,0.64995293315592,0.050047066844084,929.65006871633,0.61238599990522,50.047066844084,36029.258650894
1.203125,9.2147231947446,0.64995281821371,0.05004718178629,929.01942469803,0.61217825341066,50.04718178629,36029.262477008
1.20625,9.2128107868248,0.6499527033105,0.050047296689495,928.38907782504,0.61197053432743,50.047296689495,36029.266301824
1.209375,9.2108990279415,0.6499525884463,0.050047411553704,927.75902806321,0.6117628426722,50.047411553704,36029.270125341
1.2125,9.2089879180088,0.64995247362108,0.050047526378922,927.12927537839,0.61155517846164,50.047526378922,36029.273947561
1.215625,9.2070774569409,0.64995235883485,0.050047641165155,926.49981973628,0.61134754171242,50.047641165155,36029.277768483
1.21875,9.2051676446521,0.64995224408759,0.050047755912406,925.87066110262,0.6111399324412,50.047755912406,36029.281588108
1.221875,9.2032584810563,0.64995212937932,0.050047870620683,925.24179944296,0.61093235066465,50.047870620683,36029.285406435
1.225,9.2013499660675,0.64995201471001,0.050047985289989,924.61323472288,0.6107247963994,50.047985289989,36029.289223465
1.228125,9.1994420995998,0.64995190007967,0.05004809992033,923.98496690784,0.61051726966213,50.04809992033,36029.293039198
1.23125,9.1975348815671,0.64995178548829,0.050048214511711,923.35699596328,0.61030977046948,50.048214511711,36029.296853634
1.234375,9.1956283118832,0.64995167093586,0.050048329064137,922.72932185452,0.6101022988381,50.048329064137,36029.300666773
1.2375,9.193722390462,0.64995155642239,0.050048443577614,922.10194454688,0.60989485478464,50.048443577614,36029.304478616
1.240625,9.1918171172173,0.64995144194785,0.050048558052146,921.47486400553,0.60968743832573,50.048558052146,36029.308289163
1.24375,9.1899124920626,0.64995132751226,0.050048672487739,920.84808019562,0.60948004947802,50.048672487739,36029.312098413
1.246875,9.1880085149118,0.6499512131156,0.050048786884398,920.22159308226,0.60927268825814,50.048786884398,36029.315906367
1.25,9.1861051856785,0.64995109875787,0.050048901242129,919.59540263044,0.60906535468272,50.048901242129,36029.319713026
1.253125,9.1842025042761,0.64995098443906,0.050049015560936,918.96950880511,0.60885804876839,50.049015560936,36029.323518389
1.25625,9.1823004706182,0.64995087015918,0.050049129840824,918.34391157118,0.60865077053179,50.049129840824,36029.327322456
1.259375,9.1803990846182,0.6499507559182,0.050049244081799,917.71861089343,0.60844351998953,50.049244081799,36029.331125228
1.2625,9.1784983461896,0.64995064171613,0.050049358283866,917.09360673661,0.60823629715822,50.049358283866,36029.334926705
1.265625,9.1765982552457,0.64995052755297,0.05004947244703,916.46889906543,0.6080291020545,50.04947244703,36029.338726887
1.26875,9.1746988116998,0.6499504134287,0.050049586571297,915.84448784448,0.60782193469498,50.049586571297,36029.342525774
1.271875,9.1728000154651,0.64995029934333,0.050049700656671,915.22037303832,0.60761479509625,50.049700656671,36029.346323366
1.275,9.1709018664548,0.64995018529684,0.050049814703158,914.59655461143,0.60740768327494,50.049814703158,36029.350119664
1.278125,9.1690043645822,0.64995007128924,0.050049928710763,913.97303252823,0.60720059924764,50.049928710763,36029.353914668
1.28125,9.1671075097602,0.64994995732051,0.050050042679491,913.34980675307,0.60699354303095,50.050042679491,36029.357708378
1.284375,9.165211301902,0.64994984339065,0.050050156609348,912.72687725024,0.60678651464149,50.050156609348,36029.361500793
1.2875,9.1633157409204,0.64994972949966,0.050050270500338,912.10424398397,0.60657951409583,50.050270500338,36029.365291915
1.290625,9.1614208267285,0.64994961564753,0.050050384352468,911.48190691837,0.60637254141057,50.050384352468,36029.369081744
1.29375,9.1595265592391,0.64994950183426,0.050050498165741,910.85986601757,0.6061655966023,50.050498165741,36029.372870279
1.296875,9.1576329383651,0.64994938805984,0.050050611940164,910.23812124557,0.60595867968761,50.050611940164,36029.37665752
1.3,9.1557399640192,0.64994927432426,0.050050725675742,909.61667256633,0.60575179068307,50.050725675742,36029.380443469
1.303125,9.1538476361142,0.64994916062752,0.050050839372479,908.99551994372,0.60554492960527,50.050839372479,36029.384228125
1.30625,9.1519559545627,0.64994904696962,0.050050953030382,908.37466334157,0.60533809647077,50.050953030382,36029.388011488
1.309375,9.1500649192775,0.64994893335054,0.050051066649455,907.75410272366,0.60513129129616,50.051066649455,36029.391793559
1.3125,9.1481745301709,0.6499488197703,0.050051180229704,907.13383805364,0.60492451409799,50.051180229704,36029.395574337
1.315625,9.1462847871556,0.64994870622887,0.050051293771133,906.51386929517,0.60471776489285,50.051293771133,36029.399353823
1.31875,9.1443956901441,0.64994859272625,0.050051407273749,905.89419641177,0.60451104369728,50.051407273749,36029.403132017
1.321875,9.1425072390487,0.64994847926244,0.050051520737556,905.27481936696,0.60430435052785,50.051520737556,36029.406908919
1.325,9.1406194337818,0.64994836583744,0.05005163416256,904.65573812416,0.60409768540112,50.05163416256,36029.41068453
1.328125,9.1387322742558,0.64994825245123,0.050051747548766,904.0369526467,0.60389104833362,50.051747548766,36029.414458849
1.33125,9.1368457603828,0.64994813910382,0.050051860896179,903.4184628979,0.60368443934192,50.051860896179,36029.418231876
1.334375,9.1349598920752,0.6499480257952,0.050051974204804,902.80026884097,0.60347785844256,50.051974204804,36029.422003613
1.3375,9.133074669245,0.64994791252535,0.050052087474648,902.18237043909,0.60327130565208,50.052087474648,36029.425774059
1.340625,9.1311900918044,0.64994779929429,0.050052200705714,901.56476765533,0.60306478098703,50.052200705714,36029.429543214
1.34375,9.1293061596655,0.64994768610199,0.050052313898009,900.94746045274,0.60285828446393,50.052313898009,36029.433311078
1.346875,9.1274228727402,0.64994757294846,0.050052427051537,900.33044879427,0.60265181609931,50.052427051537,36029.437077652
1.35,9.1255402309404,0.6499474598337,0.050052540166304,899.71373264282,0.60244537590972,50.052540166304,36029.440842935
1.353125,9.1236582341782,0.64994734675768,0.050052653242316,899.09731196123,0.60223896391167,50.052653242316,36029.444606929
1.35625,9.1217768823653,0.64994723372042,0.050052766279577,898.48118671224,0.60203258012168,50.052766279577,36029.448369632
1.359375,9.1198961754136,0.64994712072191,0.050052879278093,897.86535685857,0.60182622455628,50.052879278093,36029.452131046
1.3625,9.1180161132347,0.64994700776213,0.050052992237868,897.24982236285,0.60161989723198,50.052992237868,36029.455891171
1.365625,9.1161366957405,0.64994689484109,0.05005310515891,896.63458318763,0.60141359816529,50.05310515891,36029.459650006
1.36875,9.1142579228424,0.64994678195878,0.050053218041222,896.01963929543,0.60120732737272,50.053218041222,36029.463407551
1.371875,9.1123797944522,0.64994666911519,0.05005333088481,895.40499064867,0.60100108487078,50.05333088481,36029.467163808
1.375,9.1105023104814,0.64994655631032,0.050053443689679,894.79063720973,0.60079487067596,50.053443689679,36029.470918776
1.378125,9.1086254708414,0.64994644354416,0.050053556455835,894.1765789409,0.60058868480476,50.053556455835,36029.474672455
1.38125,9.1067492754436,0.64994633081672,0.050053669183283,893.56281580444,0.60038252727369,50.053669183283,36029.478424846
1.384375,9.1048737241996,0.64994621812797,0.050053781872029,892.94934776249,0.60017639809922,50.053781872029,36029.482175949
1.3875,9.1029988170205,0.64994610547792,0.050053894522077,892.33617477718,0.59997029729785,50.053894522077,36029.485925763
1.390625,9.1011245538177,0.64994599286657,0.050054007133433,891.72329681054,0.59976422488607,50.054007133433,36029.48967429
1.39375,9.0992509345025,0.6499458802939,0.050054119706102,891.11071382454,0.59955818088035,50.054119706102,36029.493421528
1.396875,9.0973779589859,0.64994576775991,0.05005423224009,890.49842578111,0.59935216529716,50.05423224009,36029.497167479
1.4,9.0955056271792,0.6499456552646,0.050054344735402,889.88643264206,0.599146178153,50.054344735402,36029.500912143
1.403125,9.0936339389934,0.64994554280796,0.050054457192043,889.27473436919,0.59894021946431,50.054457192043,36029.504655519
1.40625,9.0917628943395,0.64994543038998,0.050054569610019,888.6633309242,0.59873428924758,50.054569610019,36029.508397608
1.409375,9.0898924931285,0.64994531801066,0.050054681989335,888.05222226874,0.59852838751926,50.054681989335,36029.512138411
1.4125,9.0880227352713,0.64994520567,0.050054794329997,887.44140836439,0.59832251429581,50.054794329997,36029.515877927
1.415625,9.0861536206788,0.64994509336799,0.050054906632009,886.83088917266,0.59811666959369,50.054906632009,36029.519616156
1.41875,9.0842851492619,0.64994498110462,0.050055018895377,886.220664655,0.59791085342936,50.055018895377,36029.523353099
1.421875,9.0824173209312,0.64994486887989,0.050055131120106,885.61073477279,0.59770506581925,50.055131120106,36029.527088755
1.425,9.0805501355975,0.6499447566938,0.050055243306203,885.00109948736,0.59749930677983,50.055243306203,36029.530823126
1.428125,9.0786835931715,0.64994464454633,0.050055355453671,884.39175875995,0.59729357632751,50.055355453671,36029.534556211
1.43125,9.0768176935637,0.64994453243748,0.050055467562518,883.78271255175,0.59708787447876,50.055467562518,36029.53828801
1.434375,9.0749524366848,0.64994442036725,0.050055579632747,883.17396082388,0.59688220125,50.055579632747,36029.542018524
1.4375,9.0730878224453,0.64994430833564,0.050055691664364,882.56550353738,0.59667655665765,50.055691664364,36029.545747752
1.440625,9.0712238507555,0.64994419634262,0.050055803657375,881.95734065326,0.59647094071816,50.055803657375,36029.549475696
1.44375,9.069360521526,0.64994408438821,0.050055915611785,881.34947213243,0.59626535344794,50.055915611785,36029.553202354
1.446875,9.0674978346671,0.6499439724724,0.0500560275276,880.74189793575,0.5960597948634,50.0560275276,36029.556927728
1.45,9.065635790089,0.64994386059518,0.050056139404824,880.13461802403,0.59585426498098,50.056139404824,36029.560651817
1.453125,9.0637743877021,0.64994374875654,0.050056251243464,879.52763235797,0.59564876381708,50.056251243464,36029.564374622
1.45625,9.0619136274165,0.64994363695648,0.050056363043524,878.92094089825,0.59544329138811,50.056363043524,36029.568096142
1.459375,9.0600535091424,0.64994352519499,0.05005647480501,878.31454360546,0.59523784771047,50.05647480501,36029.571816379
1.4625,9.0581940327899,0.64994341347207,0.050056586527928,877.70844044013,0.59503243280057,50.056586527928,36029.575535332
1.465625,9.056335198269,0.64994330178772,0.050056698212282,877.10263136273,0.5948270466748,50.056698212282,36029.579253001
1.46875,9.0544770054898,0.64994319014192,0.050056809858079,876.49711633366,0.59462168934957,50.056809858079,36029.582969386
1.471875,9.0526194543622,0.64994307853468,0.050056921465324,875.89189531324,0.59441636084125,50.056921465324,36029.586684488
1.475,9.0507625447961,0.64994296696598,0.050057033034021,875.28696826176,0.59421106116624,50.057033034021,36029.590398308
1.478125,9.0489062767012,0.64994285543582,0.050057144564177,874.68233513941,0.59400579034092,50.057144564177,36029.594110844
1.48125,9.0470506499876,0.6499427439442,0.050057256055797,874.07799590635,0.59380054838167,50.057256055797,36029.597822097
1.484375,9.0451956645648,0.64994263249111,0.050057367508886,873.47395052262,0.59359533530486,50.057367508886,36029.601532068
1.4875,9.0433413203425,0.64994252107655,0.05005747892345,872.87019894825,0.59339015112687,50.05747892345,36029.605240756
1.490625,9.0414876172304,0.64994240970051,0.050057590299494,872.26674114318,0.59318499586406,50.057590299494,36029.608948163
1.49375,9.0396345551381,0.64994229836298,0.050057701637024,871.66357706727,0.59297986953279,50.057701637024,36029.612654287
1.496875,9.0377821339752,0.64994218706396,0.050057812936044,871.06070668036,0.59277477214944,50.057812936044,36029.616359129
1.5,9.035930353651,0.64994207580344,0.050057924196562,870.45812994217,0.59256970373035,50.057924196562,36029.62006269
1.503125,9.0340792140751,0.64994196458142,0.050058035418581,869.8558468124,0.59236466429188,50.058035418581,36029.623764969
1.50625,9.0322287151568,0.64994185339789,0.050058146602107,869.25385725066,0.59215965385038,50.058146602107,36029.627465967
1.509375,9.0303788568055,0.64994174225285,0.050058257747147,868.6521612165,0.59195467242218,50.058257747147,36029.631165684
1.5125,9.0285296389304,0.6499416311463,0.050058368853704,868.05075866942,0.59174972002365,50.058368853704,36029.634864119
1.515625,9.0266810614408,0.64994152007821,0.050058479921785,867.44964956881,0.5915447966711,50.058479921785,36029.638561274
1.51875,9.0248331242459,0.6499414090486,0.050058590951396,866.84883387407,0.59133990238088,50.058590951396,36029.642257149
1.521875,9.0229858272547,0.64994129805746,0.050058701942541,866.24831154446,0.59113503716931,50.058701942541,36029.645951743
1.525,9.0211391703764,0.64994118710477,0.050058812895226,865.64808253921,0.59093020105273,50.058812895226,36029.649645056
1.528125,9.01929315352,0.64994107619054,0.050058923809457,865.04814681748,0.59072539404745,50.058923809457,36029.65333709
1.53125,9.0174477765945,0.64994096531476,0.050059034685239,864.44850433838,0.59052061616979,50.059034685239,36029.657027844
1.534375,9.0156030395088,0.64994085447742,0.050059145522577,863.84915506091,0.59031586743606,50.059145522577,36029.660717318
1.5375,9.0137589421717,0.64994074367852,0.050059256321477,863.25009894407,0.59011114786258,50.059256321477,36029.664405513
1.540625,9.0119154844921,0.64994063291805,0.050059367081945,862.65133594675,0.58990645746566,50.059367081945,36029.668092428
1.54375,9.0100726663788,0.64994052219601,0.050059477803986,862.05286602776,0.58970179626158,50.059477803986,36029.671778064
1.546875,9.0082304877405,0.64994041151239,0.050059588487605,861.45468914591,0.58949716426667,50.059588487605,36029.675462422
1.55,9.0063889484858,0.64994030086719,0.050059699132808,860.85680525987,0.5892925614972,50.059699132808,36029.6791455
1.553125,9.0045480485234,0.6499401902604,0.050059809739601,860.25921432831,0.58908798796947,50.059809739601,36029.6828273
1.55625,9.0027077877618,0.64994007969201,0.050059920307988,859.66191630979,0.58888344369977,50.059920307988,36029.686507822
1.559375,9.0008681661096,0.64993996916202,0.050060030837976,859.06491116281,0.58867892870437,50.060030837976,36029.690187065
1.5625,8.9990291834752,0.64993985867043,0.050060141329569,858.46819884584,0.58847444299956,50.060141329569,36029.69386503
1.565625,8.9971908397671,0.64993974821723,0.050060251782774,857.87177931725,0.58826998660162,50.060251782774,36029.697541718
1.56875,8.9953531348936,0.6499396378024,0.050060362197596,857.27565253536,0.58806555952681,50.060362197596,36029.701217127
1.571875,8.993516068763,0.64993952742596,0.05006047257404,856.67981845842,0.58786116179141,50.06047257404,36029.70489126
1.575,8.9916796412836,0.64993941708789,0.050060582912113,856.08427704462,0.58765679341167,50.060582912113,36029.708564115
1.578125,8.9898438523636,0.64993930678818,0.050060693211818,855.48902825207,0.58745245440385,50.060693211818,36029.712235692
1.58125,8.9880087019111,0.64993919652684,0.050060803473163,854.89407203883,0.58724814478421,50.060803473163,36029.715905993
1.584375,8.9861741898344,0.64993908630385,0.050060913696152,854.2994083629,0.587043864569,50.060913696152,36029.719575018
1.5875,8.9843403160413,0.64993897611921,0.050061023880791,853.7050371822,0.58683961377446,50.061023880791,36029.723242765
1.590625,8.98250708044,0.64993886597291,0.050061134027086,853.11095845461,0.58663539241685,50.061134027086,36029.726909236
1.59375,8.9806744829384,0.64993875586496,0.050061244135042,852.51717213791,0.58643120051239,50.061244135042,36029.730574431
1.596875,8.9788425234445,0.64993864579534,0.050061354204664,851.92367818984,0.58622703807732,50.061354204664,36029.73423835
1.6,8.9770112018659,0.64993853576404,0.050061464235958,851.33047656806,0.58602290512788,50.061464235958,36029.737900993
1.603125,8.9751805181107,0.64993842577107,0.05006157422893,850.73756723017,0.58581880168028,50.06157422893,36029.741562361
1.60625,8.9733504720865,0.64993831581641,0.050061684183586,850.14495013374,0.58561472775076,50.061684183586,36029.745222453
1.609375,8.971521063701,0.64993820590007,0.05006179409993,849.55262523622,0.58541068335553,50.06179409993,36029.74888127
1.6125,8.9696922928619,0.64993809602203,0.050061903977968,848.96059249503,0.5852066685108,50.061903977968,36029.752538811
1.615625,8.9678641594768,0.64993798618229,0.050062013817706,848.3688518675,0.58500268323279,50.062013817706,36029.756195078
1.61875,8.9660366634532,0.64993787638085,0.05006212361915,847.77740331094,0.5847987275377,50.06212361915,36029.75985007
1.621875,8.9642098046987,0.6499377666177,0.050062233382304,847.18624678254,0.58459480144173,50.062233382304,36029.763503788
1.625,8.9623835831207,0.64993765689282,0.050062343107175,846.59538223946,0.58439090496108,50.062343107175,36029.767156231
1.628125,8.9605579986266,0.64993754720623,0.050062452793768,846.0048096388,0.58418703811195,50.062452793768,36029.7708074
1.63125,8.9587330511238,0.64993743755791,0.050062562442089,845.41452893757,0.58398320091052,50.062562442089,36029.774457295
1.634375,8.9569087405195,0.64993732794786,0.050062672052143,844.82454009274,0.58377939337298,50.062672052143,36029.778105916
1.6375,8.955085066721,0.64993721837606,0.050062781623936,844.23484306119,0.58357561551551,50.062781623936,36029.781753264
1.640625,8.9532620296355,0.64993710884253,0.050062891157473,843.64543779976,0.58337186735428,50.062891157473,36029.785399338
1.64375,8.9514396291702,0.64993699934724,0.050063000652761,843.05632426521,0.58316814890548,50.063000652761,36029.789044139
1.646875,8.9496178652321,0.6499368898902,0.050063110109803,842.46750241424,0.58296446018526,50.063110109803,36029.792687667
1.65,8.9477967377283,0.64993678047139,0.050063219528607,841.8789722035,0.58276080120979,50.063219528607,36029.796329922
1.653125,8.9459762465658,0.64993667109082,0.050063328909178,841.29073358955,0.58255717199524,50.063328909178,36029.799970904
1.65625,8.9441563916516,0.64993656174848,0.05006343825152,840.7027865289,0.58235357255775,50.06343825152,36029.803610614
1.659375,8.9423371728925,0.64993645244436,0.050063547555641,840.11513097799,0.58215000291349,50.063547555641,36029.807249051
1.6625,8.9405185901954,0.64993634317845,0.050063656821545,839.52776689322,0.58194646307859,50.063656821545,36029.810886217
1.665625,8.938700643467,0.64993623395076,0.050063766049239,838.94069423088,0.5817429530692,50.063766049239,36029.81452211
1.66875,8.9368833326142,0.64993612476127,0.050063875238727,838.35391294724,0.58153947290146,50.063875238727,36029.818156732
1.671875,8.9350666575436,0.64993601560999,0.050063984390015,837.76742299847,0.5813360225915,50.063984390015,36029.821790082
1.675,8.9332506181618,0.64993590649689,0.050064093503109,837.18122434071,0.58113260215546,50.064093503109,36029.825422161
1.678125,8.9314352143756,0.64993579742199,0.050064202578015,836.59531693001,0.58092921160946,50.064202578015,36029.829052968
1.68125,8.9296204460913,0.64993568838526,0.050064311614737,836.00970072237,0.58072585096962,50.064311614737,36029.832682505
1.684375,8.9278063132155,0.64993557938672,0.050064420613283,835.42437567371,0.58052252025205,50.064420613283,36029.836310771
1.6875,8.9259928156546,0.64993547042634,0.050064529573657,834.8393417399,0.58031921947288,50.064529573657,36029.839937766
1.690625,8.9241799533151,0.64993536150414,0.050064638495865,834.25459887676,0.58011594864821,50.064638495865,36029.843563491
1.69375,8.9223677261032,0.64993525262009,0.050064747379913,833.67014704,0.57991270779414,50.064747379913,36029.847187945
1.696875,8.9205561339253,0.64993514377419,0.050064856225805,833.08598618532,0.57970949692678,50.064856225805,36029.850811129
1.7,8.9187451766876,0.64993503496645,0.050064965033549,832.50211626831,0.57950631606222,50.064965033549,36029.854433044
1.703125,8.9169348542963,0.64993492619685,0.050065073803149,831.91853724452,0.57930316521655,50.065073803149,36029.858053689
1.70625,8.9151251666576,0.64993481746539,0.050065182534612,831.33524906944,0.57910004440586,50.065182534612,36029.861673064
1.709375,8.9133161136774,0.64993470877206,0.050065291227942,830.75225169849,0.57889695364623,50.065291227942,36029.86529117
1.7125,8.9115076952619,0.64993460011685,0.050065399883146,830.16954508701,0.57869389295374,50.065399883146,36029.868908007
1.715625,8.9096999113171,0.64993449149977,0.050065508500228,829.58712919031,0.57849086234446,50.065508500228,36029.872523575
1.71875,8.9078927617489,0.6499343829208,0.050065617079196,829.00500396359,0.57828786183447,50.065617079196,36029.876137874
1.721875,8.9060862464632,0.64993427437995,0.050065725620054,828.42316936204,0.57808489143982,50.065725620054,36029.879750904
1.725,8.9042803653657,0.64993416587719,0.050065834122808,827.84162534074,0.57788195117658,50.065834122808,36029.883362666
1.728125,8.9024751183624,0.64993405741254,0.050065942587463,827.26037185473,0.57767904106081,50.065942587463,36029.88697316
1.73125,8.900670505359,0.64993394898597,0.050066051014026,826.67940885899,0.57747616110855,50.066051014026,36029.890582386
1.734375,8.8988665262611,0.6499338405975,0.050066159402503,826.09873630841,0.57727331133585,50.066159402503,36029.894190345
1.7375,8.8970631809743,0.6499337322471,0.050066267752898,825.51835415785,0.57707049175876,50.066267752898,36029.897797035
1.740625,8.8952604694043,0.64993362393478,0.050066376065217,824.93826236208,0.57686770239331,50.066376065217,36029.901402458
1.74375,8.8934583914567,0.64993351566053,0.050066484339466,824.35846087582,0.57666494325554,50.066484339466,36029.905006614
1.746875,8.8916569470368,0.64993340742435,0.050066592575651,823.77894965371,0.57646221436147,50.066592575651,36029.908609503
1.75,8.8898561360502,0.64993329922622,0.050066700773778,823.19972865036,0.57625951572714,50.066700773778,36029.912211125
1.753125,8.8880559584022,0.64993319106615,0.050066808933851,822.62079782028,0.57605684736856,50.066808933851,36029.91581148
1.75625,8.8862564139981,0.64993308294412,0.050066917055878,822.04215711793,0.57585420930175,50.066917055878,36029.919410569
1.759375,8.8844575027433,0.64993297486014,0.050067025139863,821.46380649772,0.57565160154271,50.067025139863,36029.923008392
1.7625,8.882659224543,0.64993286681419,0.050067133185812,820.88574591398,0.57544902410746,50.067133185812,36029.926604948
1.765625,8.8808615793023,0.64993275880627,0.050067241193731,820.30797532097,0.575246477012,50.067241193731,36029.930200239
1.76875,8.8790645669264,0.64993265083637,0.050067349163625,819.73049467291,0.57504396027233,50.067349163625,36029.933794263
1.771875,8.8772681873205,0.6499325429045,0.050067457095501,819.15330392393,0.57484147390443,50.067457095501,36029.937387023
1.775,8.8754724403895,0.64993243501064,0.050067564989364,818.57640302812,0.57463901792429,50.067564989364,36029.940978516
1.778125,8.8736773260384,0.64993232715478,0.05006767284522,817.9997919395,0.57443659234792,50.06767284522,36029.944568745
1.78125,8.8718828441722,0.64993221933693,0.050067780663074,817.42347061201,0.57423419719127,50.067780663074,36029.948157709
1.784375,8.8700889946957,0.64993211155707,0.050067888442932,816.84743899955,0.57403183247032,50.067888442932,36029.951745408
1.7875,8.8682957775138,0.6499320038152,0.0500679961848,816.27169705594,0.57382949820105,50.0679961848,36029.955331842
1.790625,8.8665031925313,0.64993189611132,0.050068103888683,815.69624473494,0.57362719439942,50.068103888683,36029.958917012
1.79375,8.864711239653,0.64993178844541,0.050068211554588,815.12108199027,0.5734249210814,50.068211554588,36029.962500918
1.796875,8.8629199187834,0.64993168081748,0.05006831918252,814.54620877554,0.57322267826293,50.06831918252,36029.96608356
1.8,8.8611292298273,0.64993157322752,0.050068426772484,813.97162504433,0.57302046595997,50.068426772484,36029.969664938
1.803125,8.8593391726892,0.64993146567551,0.050068534324487,813.39733075015,0.57281828418846,50.068534324487,36029.973245052
1.80625,8.8575497472737,0.64993135816147,0.050068641838535,812.82332584646,0.57261613296436,50.068641838535,36029.976823903
1.809375,8.8557609534852,0.64993125068537,0.050068749314632,812.24961028662,0.57241401230359,50.068749314632,36029.98040149
1.8125,8.8539727912283,0.64993114324722,0.050068856752785,811.67618402396,0.57221192222209,50.068856752785,36029.983977815
1.815625,8.8521852604072,0.649931035847,0.050068964152999,811.10304701174,0.5720098627358,50.068964152999,36029.987552876
1.81875,8.8503983609264,0.64993092848472,0.05006907151528,810.53019920315,0.57180783386062,50.06907151528,36029.991126675
1.821875,8.8486120926901,0.64993082116037,0.050069178839635,809.95764055131,0.57160583561248,50.069178839635,36029.994699212
1.825,8.8468264556026,0.64993071387393,0.050069286126068,809.38537100931,0.5714038680073,50.069286126068,36029.998270486
1.828125,8.845041449568,0.64993060662541,0.050069393374586,808.81339053013,0.57120193106099,50.069393374586,36030.001840498
1.83125,8.8432570744906,0.64993049941481,0.050069500585193,808.24169906672,0.57100002478944,50.069500585193,36030.005409248
1.834375,8.8414733302743,0.6499303922421,0.050069607757897,807.67029657196,0.57079814920856,50.069607757897,36030.008976737
1.8375,8.8396902168233,0.6499302851073,0.050069714892703,807.09918299867,0.57059630433425,50.069714892703,36030.012542964
1.840625,8.8379077340414,0.64993017801038,0.050069821989616,806.52835829958,0.5703944901824,50.069821989616,36030.016107929
1.84375,8.8361258818328,0.64993007095136,0.050069929048642,805.9578224274,0.57019270676888,50.069929048642,36030.019671634
1.846875,8.8343446601012,0.64992996393021,0.050070036069787,805.38757533474,0.56999095410959,50.070036069787,36030.023234077
1.85,8.8325640687505,0.64992985694694,0.050070143053057,804.81761697418,0.5697892322204,50.070143053057,36030.02679526
1.853125,8.8307841076845,0.64992975000154,0.050070249998458,804.24794729819,0.56958754111718,50.070249998458,36030.030355182
1.85625,8.829004776807,0.649929643094,0.050070356905995,803.67856625924,0.5693858808158,50.070356905995,36030.033913844
1.859375,8.8272260760216,0.64992953622433,0.050070463775674,803.10947380969,0.56918425133212,50.070463775674,36030.037471245
1.8625,8.8254480052319,0.6499294293925,0.050070570607502,802.54066990184,0.56898265268199,50.070570607502,36030.041027387
1.865625,8.8236705643417,0.64992932259852,0.050070677401483,801.97215448795,0.56878108488127,50.070677401483,36030.044582268
1.86875,8.8218937532544,0.64992921584238,0.050070784157623,801.4039275202,0.56857954794581,50.070784157623,36030.048135891
1.871875,8.8201175718734,0.64992910912407,0.050070890875929,800.83598895071,0.56837804189144,50.070890875929,36030.051688253
1.875,8.8183420201024,0.64992900244359,0.050070997556406,800.26833873155,0.56817656673402,50.070997556406,36030.055239357
1.878125,8.8165670978446,0.64992889580094,0.05007110419906,799.7009768147,0.56797512248936,50.07110419906,36030.058789201
1.88125,8.8147928050034,0.6499287891961,0.050071210803897,799.13390315211,0.5677737091733,50.071210803897,36030.062337787
1.884375,8.8130191414822,0.64992868262908,0.050071317370922,798.56711769565,0.56757232680167,50.071317370922,36030.065885114
1.8875,8.8112461071841,0.64992857609986,0.050071423900142,798.00062039711,0.56737097539026,50.071423900142,36030.069431183
1.890625,8.8094737020124,0.64992846960844,0.050071530391562,797.43441120826,0.56716965495492,50.071530391562,36030.072975993
1.89375,8.8077019258702,0.64992836315481,0.050071636845188,796.86849008078,0.56696836551144,50.071636845188,36030.076519545
1.896875,8.8059307786606,0.64992825673897,0.050071743261026,796.30285696627,0.56676710707562,50.071743261026,36030.08006184
1.9,8.8041602602866,0.64992815036092,0.050071849639081,795.7375118163,0.56656587966327,50.071849639081,36030.083602877
1.903125,8.8023903706513,0.64992804402064,0.05007195597936,795.17245458237,0.56636468329017,50.07195597936,36030.087142656
1.90625,8.8006211096577,0.64992793771813,0.050072062281868,794.60768521592,0.56616351797212,50.072062281868,36030.090681178
1.909375,8.7988524772085,0.64992783145339,0.050072168546612,794.0432036683,0.5659623837249,50.072168546612,36030.094218443
1.9125,8.7970844732068,0.6499277252264,0.050072274773596,793.47900989082,0.56576128056429,50.072274773596,36030.097754451
1.915625,8.7953170975552,0.64992761903717,0.050072380962828,792.91510383475,0.56556020850606,50.072380962828,36030.101289202
1.91875,8.7935503501565,0.64992751288569,0.050072487114312,792.35148545125,0.56535916756599,50.072487114312,36030.104822697
1.921875,8.7917842309135,0.64992740677195,0.050072593228054,791.78815469144,0.56515815775983,50.072593228054,36030.108354935
1.925,8.7900187397289,0.64992730069594,0.050072699304061,791.22511150639,0.56495717910335,50.072699304061,36030.111885918
1.928125,8.7882538765051,0.64992719465766,0.050072805342338,790.66235584709,0.5647562316123,50.072805342338,36030.115415644
1.93125,8.7864896411448,0.64992708865711,0.050072911342891,790.09988766448,0.56455531530243,50.072911342891,36030.118944115
1.934375,8.7847260335504,0.64992698269427,0.050073017305726,789.53770690942,0.56435443018948,50.073017305726,36030.12247133
1.9375,8.7829630536245,0.64992687676915,0.050073123230849,788.97581353273,0.56415357628919,50.073123230849,36030.12599729
1.940625,8.7812007012695,0.64992677088173,0.050073229118266,788.41420748515,0.5639527536173,50.073229118266,36030.129521995
1.94375,8.7794389763877,0.64992666503202,0.050073334967982,787.85288871737,0.56375196218954,50.073334967982,36030.133045444
1.946875,8.7776778788813,0.64992655922,0.050073440780003,787.29185718,0.56355120202162,50.073440780003,36030.136567639
1.95,8.7759174086528,0.64992645344566,0.050073546554336,786.7311128236,0.56335047312927,50.073546554336,36030.14008858
1.953125,8.7741575656043,0.64992634770901,0.050073652290986,786.17065559868,0.56314977552821,50.073652290986,36030.143608266
1.95625,8.7723983496379,0.64992624201004,0.050073757989959,785.61048545568,0.56294910923413,50.073757989959,36030.147126698
1.959375,8.7706397606559,0.64992613634874,0.050073863651261,785.05060234496,0.56274847426275,50.073863651261,36030.150643876
1.9625,8.7688817985601,0.6499260307251,0.050073969274897,784.49100621684,0.56254787062977,50.073969274897,36030.1541598
1.965625,8.7671244632528,0.64992592513913,0.050074074860874,783.93169702156,0.56234729835086,50.074074860874,36030.157674471
1.96875,8.7653677546358,0.6499258195908,0.050074180409198,783.37267470932,0.56214675744174,50.074180409198,36030.161187888
1.971875,8.763611672611,0.64992571408013,0.050074285919875,782.81393923023,0.56194624791807,50.074285919875,36030.164700052
1.975,8.7618562170804,0.64992560860709,0.050074391392909,782.25549053436,0.56174576979554,50.074391392909,36030.168210963
1.978125,8.7601013879458,0.64992550317169,0.050074496828308,781.69732857172,0.56154532308982,50.074496828308,36030.171720621
1.98125,8.7583471851088,0.64992539777392,0.050074602226077,781.13945329223,0.56134490781657,50.074602226077,36030.175229027
1.984375,8.7565936084713,0.64992529241378,0.050074707586222,780.58186464579,0.56114452399146,50.074707586222,36030.17873618
1.9875,8.754840657935,0.64992518709125,0.050074812908749,780.0245625822,0.56094417163016,50.074812908749,36030.182242081
1.990625,8.7530883334014,0.64992508180634,0.050074918193664,779.46754705123,0.5607438507483,50.074918193664,36030.18574673
1.99375,8.7513366347722,0.64992497655903,0.050075023440973,778.91081800255,0.56054356136154,50.075023440973,36030.189250128
1.996875,8.7495855619488,0.64992487134932,0.050075128650681,778.35437538581,0.56034330348552,50.075128650681,36030.192752273
2,8.7478351148327,0.6499247661772,0.050075233822796,777.79821915056,0.56014307713587,50.075233822796,36030.196253168
2.003125,8.7460852933254,0.64992466104268,0.050075338957321,777.24234924632,0.55994288232823,50.075338957321,36030.199752811
2.00625,8.7443360973283,0.64992455594574,0.050075444054264,776.68676562253,0.55974271907823,50.075444054264,36030.203251203
2.009375,8.7425875267427,0.64992445088637,0.050075549113631,776.13146822858,0.55954258740149,50.075549113631,36030.206748344
2.0125,8.7408395814699,0.64992434586457,0.050075654135427,775.57645701379,0.55934248731361,50.075654135427,36030.210244234
2.015625,8.739092261411,0.64992424088034,0.050075759119658,775.02173192741,0.55914241883022,50.075759119658,36030.213738874
2.01875,8.7373455664674,0.64992413593367,0.05007586406633,774.46729291864,0.55894238196691,50.07586406633,36030.217232264
2.021875,8.7355994965401,0.64992403102455,0.050075968975449,773.91313993663,0.55874237673929,50.075968975449,36030.220724404
2.025,8.7338540515302,0.64992392615298,0.050076073847022,773.35927293044,0.55854240316296,50.076073847022,36030.224215294
2.028125,8.7321092313388,0.64992382131895,0.050076178681053,772.80569184908,0.5583424612535,50.076178681053,36030.227704934
2.03125,8.7303650358668,0.64992371652245,0.05007628347755,772.25239664152,0.55814255102649,50.07628347755,36030.231193325
2.034375,8.7286214650153,0.64992361176348,0.050076388236517,771.69938725664,0.55794267249752,50.076388236517,36030.234680467
2.0375,8.726878518685,0.64992350704204,0.050076492957962,771.14666364327,0.55774282568216,50.076492957962,36030.23816636
2.040625,8.7251361967769,0.64992340235811,0.050076597641889,770.59422575018,0.55754301059598,50.076597641889,36030.241651004
2.04375,8.7233944991917,0.64992329771169,0.050076702288305,770.04207352607,0.55734322725454,50.076702288305,36030.245134399
2.046875,8.7216534258302,0.64992319310278,0.050076806897216,769.49020691959,0.5571434756734,50.076806897216,36030.248616546
2.05,8.7199129765931,0.64992308853137,0.050076911468627,768.93862587932,0.55694375586811,50.076911468627,36030.252097444
2.053125,8.7181731513811,0.64992298399745,0.050077016002546,768.38733035379,0.55674406785423,50.077016002546,36030.255577094
2.05625,8.7164339500947,0.64992287950102,0.050077120498976,767.83632029144,0.55654441164728,50.077120498976,36030.259055497
2.059375,8.7146953726345,0.64992277504207,0.050077224957926,767.28559564071,0.55634478726281,50.077224957926,36030.262532652
2.0625,8.712957418901,0.6499226706206,0.0500773293794,766.73515634989,0.55614519471635,50.0773293794,36030.266008559
2.065625,8.7112200887947,0.64992256623659,0.050077433763405,766.18500236728,0.55594563402342,50.077433763405,36030.26948322
2.06875,8.709483382216,0.64992246189005,0.050077538109946,765.63513364111,0.55574610519955,50.077538109946,36030.272956633
2.071875,8.7077472990651,0.64992235758097,0.05007764241903,765.08555011951,0.55554660826025,50.07764241903,36030.276428799
2.075,8.7060118392426,0.64992225330934,0.050077746690663,764.53625175059,0.55534714322103,50.077746690663,36030.279899719
2.078125,8.7042770026485,0.64992214907515,0.05007785092485,763.98723848237,0.55514771009739,50.07785092485,36030.283369392
2.08125,8.7025427891832,0.6499220448784,0.050077955121598,763.43851026283,0.55494830890483,50.077955121598,36030.286837819
2.084375,8.7008091987468,0.64992194071909,0.050078059280912,762.89006703987,0.55474893965885,50.078059280912,36030.290305
2.0875,8.6990762312393,0.6499218365972,0.050078163402798,762.34190876136,0.55454960237494,50.078163402798,36030.293770935
2.090625,8.697343886561,0.64992173251274,0.050078267487264,761.79403537506,0.55435029706856,50.078267487264,36030.297235624
2.09375,8.6956121646118,0.64992162846569,0.050078371534314,761.24644682872,0.55415102375522,50.078371534314,36030.300699068
2.096875,8.6938810652916,0.64992152445605,0.050078475543954,760.69914307001,0.55395178245037,50.078475543954,36030.304161267
2.1,8.6921505885005,0.64992142048381,0.050078579516191,760.15212404651,0.55375257316947,50.078579516191,36030.30762222
2.103125,8.6904207341382,0.64992131654897,0.050078683451031,759.60538970577,0.553553395928,50.078683451031,36030.311081929
2.10625,8.6886915021046,0.64992121265152,0.050078787348479,759.0589399953,0.55335425074141,50.078787348479,36030.314540393
2.109375,8.6869628922995,0.64992110879146,0.050078891208542,758.51277486249,0.55315513762513,50.078891208542,36030.317997613
2.1125,8.6852349046227,0.64992100496877,0.050078995031226,757.96689425471,0.55295605659463,50.078995031226,36030.321453588
2.115625,8.6835075389737,0.64992090118346,0.050079098816536,757.42129811928,0.55275700766534,50.079098816536,36030.324908319
2.11875,8.6817807952523,0.64992079743552,0.050079202564479,756.87598640342,0.55255799085269,50.079202564479,36030.328361807
2.121875,8.680054673358,0.64992069372494,0.050079306275061,756.33095905432,0.55235900617211,50.079306275061,36030.33181405
2.125,8.6783291731904,0.64992059005171,0.050079409948287,755.78621601909,0.55216005363901,50.079409948287,36030.335265051
2.128125,8.6766042946489,0.64992048641584,0.050079513584165,755.24175724481,0.55196113326883,50.079513584165,36030.338714808
2.13125,8.6748800376331,0.6499203828173,0.050079617182699,754.69758267845,0.55176224507696,50.079617182699,36030.342163322
2.134375,8.6731564020422,0.6499202792561,0.050079720743896,754.15369226697,0.55156338907882,50.079720743896,36030.345610593
2.1375,8.6714333877756,0.64992017573224,0.050079824267762,753.61008595722,0.5513645652898,50.079824267762,36030.349056622
2.140625,8.6697109947328,0.6499200722457,0.050079927754303,753.06676369604,0.55116577372529,50.079927754303,36030.352501408
2.14375,8.6679892228128,0.64991996879647,0.050080031203526,752.52372543017,0.55096701440069,50.080031203526,36030.355944952
2.146875,8.6662680719148,0.64991986538456,0.050080134615435,751.98097110632,0.55076828733139,50.080134615435,36030.359387253
2.15,8.6645475419382,0.64991976200996,0.050080237990038,751.43850067112,0.55056959253274,50.080237990038,36030.362828313
2.153125,8.6628276327819,0.64991965867266,0.05008034132734,750.89631407113,0.55037093002013,50.08034132734,36030.366268132
2.15625,8.661108344345,0.64991955537265,0.050080444627347,750.35441125288,0.55017229980893,50.080444627347,36030.369706708
2.159375,8.6593896765265,0.64991945210993,0.050080547890065,749.81279216281,0.54997370191449,50.080547890065,36030.373144044
2.1625,8.6576716292254,0.6499193488845,0.050080651115501,749.27145674732,0.54977513635217,50.080651115501,36030.376580139
2.165625,8.6559542023406,0.64991924569634,0.050080754303661,748.73040495274,0.54957660313731,50.080754303661,36030.380014992
2.16875,8.654237395771,0.64991914254545,0.05008085745455,748.18963672536,0.54937810228527,50.08085745455,36030.383448606
2.171875,8.6525212094153,0.64991903943183,0.050080960568175,747.64915201136,0.54917963381138,50.080960568175,36030.386880978
2.175,8.6508056431724,0.64991893635546,0.050081063644541,747.10895075691,0.54898119773097,50.081063644541,36030.390312111
2.178125,8.649090696941,0.64991883331634,0.050081166683656,746.5690329081,0.54878279405936,50.081166683656,36030.393742003
2.18125,8.6473763706197,0.64991873031448,0.050081269685524,746.02939841096,0.54858442281189,50.081269685524,36030.397170656
2.184375,8.6456626641072,0.64991862734985,0.050081372650152,745.49004721146,0.54838608400385,50.081372650152,36030.400598069
2.1875,8.643949577302,0.64991852442245,0.050081475577547,744.95097925551,0.54818777765057,50.081475577547,36030.404024243
2.190625,8.6422371101028,0.64991842153229,0.050081578467714,744.41219448896,0.54798950376734,50.081578467714,36030.407449177
2.19375,8.6405252624079,0.64991831867934,0.050081681320659,743.87369285761,0.54779126236947,50.081681320659,36030.410872872
2.196875,8.6388140341157,0.64991821586361,0.050081784136388,743.33547430718,0.54759305347224,50.081784136388,36030.414295329
2.2,8.6371034251248,0.64991811308509,0.050081886914908,742.79753878335,0.54739487709095,50.081886914908,36030.417716547
2.203125,8.6353934353335,0.64991801034378,0.050081989656225,742.25988623172,0.54719673324087,50.081989656225,36030.421136527
2.20625,8.6336840646399,0.64991790763966,0.050082092360344,741.72251659785,0.54699862193728,50.082092360344,36030.424555268
2.209375,8.6319753129424,0.64991780497273,0.050082195027272,741.18542982722,0.54680054319544,50.082195027272,36030.427972771
2.2125,8.6302671801392,0.64991770234298,0.050082297657016,740.64862586528,0.54660249703062,50.082297657016,36030.431389037
2.215625,8.6285596661284,0.64991759975042,0.05008240024958,740.11210465738,0.54640448345808,50.08240024958,36030.434804065
2.21875,8.6268527708081,0.64991749719503,0.050082502804972,739.57586614886,0.54620650249307,50.082502804972,36030.438217856
2.221875,8.6251464940764,0.6499173946768,0.050082605323196,739.03991028493,0.54600855415083,50.082605323196,36030.441630409
2.225,8.6234408358313,0.64991729219574,0.050082707804261,738.50423701081,0.54581063844661,50.082707804261,36030.445041726
2.228125,8.6217357959706,0.64991718975183,0.050082810248171,737.96884627162,0.54561275539563,50.082810248171,36030.448451805
2.23125,8.6200313743925,0.64991708734507,0.050082912654932,737.43373801245,0.54541490501314,50.082912654932,36030.451860648
2.234375,8.6183275709946,0.64991698497545,0.050083015024552,736.8989121783,0.54521708731435,50.083015024552,36030.455268255
2.2375,8.6166243856749,0.64991688264296,0.050083117357035,736.36436871412,0.54501930231446,50.083117357035,36030.458674626
2.240625,8.6149218183311,0.64991678034761,0.050083219652389,735.83010756481,0.54482155002871,50.083219652389,36030.462079761
2.24375,8.6132198688608,0.64991667808938,0.050083321910619,735.2961286752,0.5446238304723,50.083321910619,36030.465483659
2.246875,8.6115185371619,0.64991657586827,0.050083424131732,734.76243199007,0.54442614366041,50.083424131732,36030.468886323
2.25,8.6098178231319,0.64991647368427,0.050083526315733,734.22901745412,0.54422848960825,50.083526315733,36030.472287751
2.253125,8.6081177266683,0.64991637153737,0.050083628462629,733.69588501202,0.54403086833099,50.083628462629,36030.475687944
2.25625,8.6064182476688,0.64991626942757,0.050083730572425,733.16303460837,0.54383327984384,50.083730572425,36030.479086902
2.259375,8.6047193860308,0.64991616735487,0.050083832645129,732.63046618769,0.54363572416195,50.083832645129,36030.482484625
2.2625,8.6030211416518,0.64991606531925,0.050083934680746,732.09817969447,0.5434382013005,50.083934680746,36030.485881114
2.265625,8.6013235144291,0.64991596332072,0.050084036679283,731.56617507311,0.54324071127465,50.084036679283,36030.489276368
2.26875,8.59962650426,0.64991586135926,0.050084138640745,731.03445226799,0.54304325409957,50.084138640745,36030.492670389
2.271875,8.5979301110419,0.64991575943486,0.050084240565138,730.5030112234,0.54284582979039,50.084240565138,36030.496063175
2.275,8.596234334672,0.64991565754753,0.05008434245247,729.97185188357,0.54264843836227,50.08434245247,36030.499454728
2.278125,8.5945391750476,0.64991555569725,0.050084444302746,729.4409741927,0.54245107983035,50.084444302746,36030.502845047
2.28125,8.5928446320657,0.64991545388403,0.050084546115972,728.91037809488,0.54225375420975,50.084546115972,36030.506234133
2.284375,8.5911507056235,0.64991535210785,0.050084647892154,728.38006353421,0.54205646151562,50.084647892154,36030.509621986
2.2875,8.589457395618,0.6499152503687,0.050084749631299,727.85003045467,0.54185920176307,50.084749631299,36030.513008606
2.290625,8.5877647019462,0.64991514866659,0.050084851333413,727.32027880021,0.54166197496721,50.084851333413,36030.516393993
2.29375,8.5860726245051,0.6499150470015,0.050084952998502,726.7908085147,0.54146478114316,50.084952998502,36030.519778148
2.296875,8.5843811631917,0.64991494537343,0.050085054626572,726.26161954198,0.54126762030602,50.085054626572,36030.523161071
2.3,8.5826903179027,0.64991484378237,0.050085156217629,725.73271182582,0.54107049247089,50.085156217629,36030.526542761
2.303125,8.581000088535,0.64991474222832,0.050085257771681,725.20408530992,0.54087339765286,50.085257771681,36030.52992322
2.30625,8.5793104749854,0.64991464071127,0.050085359288731,724.67573993793,0.54067633586701,50.085359288731,36030.533302447
2.309375,8.5776214771507,0.64991453923121,0.050085460768788,724.14767565343,0.54047930712843,50.085460768788,36030.536680443
2.3125,8.5759330949274,0.64991443778814,0.050085562211857,723.61989239998,0.54028231145219,50.085562211857,36030.540057207
2.315625,8.5742453282122,0.64991433638205,0.050085663617945,723.09239012101,0.54008534885335,50.085663617945,36030.543432741
2.31875,8.5725581769018,0.64991423501294,0.050085764987057,722.56516875997,0.53988841934698,50.085764987057,36030.546807043
2.321875,8.5708716408926,0.6499141336808,0.0500858663192,722.03822826019,0.53969152294814,50.0858663192,36030.550180115
2.325,8.5691857200811,0.64991403238562,0.05008596761438,721.51156856497,0.53949465967186,50.08596761438,36030.553551957
2.328125,8.5675004143638,0.6499139311274,0.050086068872604,720.98518961755,0.5392978295332,50.086068872604,36030.556922568
2.33125,8.5658157236371,0.64991382990612,0.050086170093877,720.45909136112,0.5391010325472,50.086170093877,36030.56029195
2.334375,8.5641316477973,0.64991372872179,0.050086271278205,719.93327373877,0.53890426872888,50.086271278205,36030.563660102
2.3375,8.5624481867408,0.6499136275744,0.050086372425596,719.40773669359,0.53870753809327,50.086372425596,36030.567027024
2.340625,8.5607653403637,0.64991352646395,0.050086473536055,718.88248016857,0.53851084065539,50.086473536055,36030.570392716
2.34375,8.5590831085624,0.64991342539041,0.050086574609588,718.35750410665,0.53831417643024,50.086574609588,36030.57375718
2.346875,8.5574014912329,0.6499133243538,0.050086675646202,717.83280845072,0.53811754543285,50.086675646202,36030.577120415
2.35,8.5557204882714,0.6499132233541,0.050086776645903,717.30839314359,0.5379209476782,50.086776645903,36030.580482421
2.353125,8.554040099574,0.6499131223913,0.050086877608697,716.78425812805,0.53772438318129,50.086877608697,36030.583843198
2.35625,8.5523603250366,0.64991302146541,0.050086978534591,716.2604033468,0.53752785195711,50.086978534591,36030.587202747
2.359375,8.5506811645553,0.64991292057641,0.05008707942359,715.73682874249,0.53733135402064,50.08707942359,36030.590561068
2.3625,8.549002618026,0.6499128197243,0.050087180275701,715.21353425771,0.53713488938686,50.087180275701,36030.593918161
2.365625,8.5473246853445,0.64991271890907,0.05008728109093,714.69051983499,0.53693845807073,50.08728109093,36030.597274026
2.36875,8.5456473664067,0.64991261813072,0.050087381869284,714.16778541682,0.53674206008722,50.087381869284,36030.600628664
2.371875,8.5439706611084,0.64991251738923,0.050087482610769,713.6453309456,0.53654569545129,50.087482610769,36030.603982075
2.375,8.5422945693454,0.64991241668461,0.05008758331539,713.12315636371,0.53634936417788,50.08758331539,36030.607334258
2.378125,8.5406190910132,0.64991231601685,0.050087683983155,712.60126161343,0.53615306628195,50.087683983155,36030.610685215
2.38125,8.5389442260077,0.64991221538593,0.050087784614069,712.07964663702,0.53595680177842,50.087784614069,36030.614034945
2.384375,8.5372699742243,0.64991211479186,0.050087885208139,711.55831137665,0.53576057068224,50.087885208139,36030.617383449
2.3875,8.5355963355587,0.64991201423463,0.050087985765371,711.03725577446,0.53556437300832,50.087985765371,36030.620730726
2.390625,8.5339233099063,0.64991191371423,0.050088086285771,710.5164797725,0.53536820877158,50.088086285771,36030.624076777
2.39375,8.5322508971626,0.64991181323065,0.050088186769346,709.99598331279,0.53517207798695,50.088186769346,36030.627421603
2.396875,8.530579097223,0.6499117127839,0.050088287216102,709.47576633729,0.53497598066932,50.088287216102,36030.630765203
2.4,8.5289079099829,0.64991161237396,0.050088387626045,708.95582878788,0.5347799168336,50.088387626045,36030.634107577
2.403125,8.5272373353376,0.64991151200082,0.050088487999181,708.43617060641,0.53458388649468,50.088487999181,36030.637448726
2.40625,8.5255673731824,0.64991141166448,0.050088588335517,707.91679173464,0.53438788966745,50.088588335517,36030.640788651
2.409375,8.5238980234125,0.64991131136494,0.050088688635059,707.39769211431,0.53419192636679,50.088688635059,36030.64412735
2.4125,8.5222292859231,0.64991121110219,0.050088788897814,706.87887168706,0.53399599660757,50.088788897814,36030.647464825
2.415625,8.5205611606094,0.64991111087621,0.050088889123787,706.36033039451,0.53380010040467,50.088889123787,36030.650801076
2.41875,8.5188936473663,0.64991101068701,0.050088989312985,705.8420681782,0.53360423777295,50.088989312985,36030.654136102
2.421875,8.517226746089,0.64991091053459,0.050089089465415,705.32408497963,0.53340840872725,50.089089465415,36030.657469905
2.425,8.5155604566725,0.64991081041892,0.050089189581082,704.80638074023,0.53321261328245,50.089189581082,36030.660802484
2.428125,8.5138947790118,0.64991071034001,0.050089289659993,704.28895540136,0.53301685145337,50.089289659993,36030.664133839
2.43125,8.5122297130016,0.64991061029785,0.050089389702154,703.77180890434,0.53282112325485,50.089389702154,36030.667463971
2.434375,8.5105652585369,0.64991051029243,0.050089489707571,703.25494119043,0.53262542870173,50.089489707571,36030.67079288
2.4375,8.5089014155125,0.64991041032375,0.050089589676252,702.73835220083,0.53242976780883,50.089589676252,36030.674120566
2.440625,8.5072381838231,0.6499103103918,0.050089689608201,702.22204187668,0.53223414059096,50.089689608201,36030.67744703
2.44375,8.5055755633636,0.64991021049657,0.050089789503426,701.70601015908,0.53203854706294,50.089789503426,36030.68077227
2.446875,8.5039135540285,0.64991011063807,0.050089889361933,701.19025698904,0.53184298723958,50.089889361933,36030.684096289
2.45,8.5022521557124,0.64991001081627,0.050089989183728,700.67478230753,0.53164746113567,50.089989183728,36030.687419086
2.453125,8.50059136831,0.64990991103118,0.050090088968818,700.15958605548,0.531451968766,50.090088968818,36030.690740661
2.45625,8.4989311917158,0.64990981128279,0.050090188717208,699.64466817373,0.53125651014536,50.090188717208,36030.694061014
2.459375,8.4972716258243,0.64990971157109,0.050090288428906,699.13002860308,0.53106108528853,50.090288428906,36030.697380146
2.4625,8.4956126705299,0.64990961189608,0.050090388103917,698.61566728428,0.53086569421029,50.090388103917,36030.700698056
2.465625,8.493954325727,0.64990951225775,0.050090487742247,698.10158415801,0.53067033692539,50.090487742247,36030.704014746
2.46875,8.49229659131,0.6499094126561,0.050090587343904,697.58777916488,0.5304750134486,50.090587343904,36030.707330215
2.471875,8.4906394671731,0.64990931309111,0.050090686908894,697.07425224549,0.53027972379468,50.090686908894,36030.710644463
2.475,8.4889829532107,0.64990921356278,0.050090786437222,696.56100334031,0.53008446797836,50.090786437222,36030.713957491
2.478125,8.4873270493169,0.6499091140711,0.050090885928896,696.04803238984,0.52988924601439,50.090885928896,36030.717269299
2.48125,8.4856717553859,0.64990901461608,0.050090985383921,695.53533933445,0.5296940579175,50.090985383921,36030.720579886
2.484375,8.4840170713118,0.6499089151977,0.050091084802304,695.02292411448,0.52949890370243,50.091084802304,36030.723889255
2.4875,8.4823629969887,0.64990881581595,0.050091184184052,694.51078667022,0.52930378338388,50.091184184052,36030.727197403
2.490625,8.4807095323107,0.64990871647083,0.05009128352917,693.99892694189,0.52910869697658,50.09128352917,36030.730504333
2.49375,8.4790566771716,0.64990861716233,0.050091382837666,693.48734486967,0.52891364449523,50.091382837666,36030.733810043
2.496875,8.4774044314655,0.64990851789046,0.050091482109544,692.97604039367,0.52871862595454,50.091482109544,36030.737114534
2.5,8.4757527950863,0.64990841865519,0.050091581344813,692.46501345393,0.5285236413692,50.091581344813,36030.740417807
2.503125,8.4741017679276,0.64990831945652,0.050091680543478,691.95426399047,0.52832869075389,50.091680543478,36030.743719861
2.50625,8.4724513498835,0.64990822029445,0.050091779705545,691.44379194322,0.5281337741233,50.091779705545,36030.747020697
2.509375,8.4708015408476,0.64990812116898,0.050091878831021,690.93359725208,0.52793889149211,50.091878831021,36030.750320315
2.5125,8.4691523407136,0.64990802208009,0.050091977919913,690.42367985684,0.52774404287498,50.091977919913,36030.753618716
2.515625,8.4675037493753,0.64990792302777,0.050092076972226,689.91403969732,0.52754922828658,50.092076972226,36030.756915898
2.51875,8.4658557667261,0.64990782401203,0.050092175987968,689.40467671319,0.52735444774155,50.092175987968,36030.760211864
2.521875,8.4642083926597,0.64990772503286,0.050092274967144,688.89559084413,0.52715970125454,50.092274967144,36030.763506612
2.525,8.4625616270695,0.64990762609024,0.050092373909761,688.38678202973,0.5269649888402,50.092373909761,36030.766800143
2.528125,8.4609154698492,0.64990752718417,0.050092472815825,687.87825020955,0.52677031051317,50.092472815825,36030.770092457
2.53125,8.459269920892,0.64990742831466,0.050092571685343,687.36999532307,0.52657566628807,50.092571685343,36030.773383555
2.534375,8.4576249800915,0.64990732948168,0.050092670518321,686.86201730972,0.52638105617952,50.092670518321,36030.776673437
2.5375,8.4559806473408,0.64990723068523,0.050092769314766,686.35431610887,0.52618648020214,50.092769314766,36030.779962102
2.540625,8.4543369225334,0.64990713192532,0.050092868074683,685.84689165985,0.52599193837054,50.092868074683,36030.783249552
2.54375,8.4526938055625,0.64990703320192,0.05009296679808,685.33974390191,0.52579743069932,50.09296679808,36030.786535786
2.546875,8.4510512963212,0.64990693451504,0.050093065484963,684.83287277427,0.52560295720308,50.093065484963,36030.789820805
2.55,8.4494093947028,0.64990683586466,0.050093164135338,684.32627821607,0.52540851789639,50.093164135338,36030.793104608
2.553125,8.4477681006003,0.64990673725079,0.050093262749212,683.8199601664,0.52521411279385,50.093262749212,36030.796387196
2.55625,8.4461274139068,0.64990663867341,0.05009336132659,683.31391856429,0.52501974191003,50.09336132659,36030.799668569
2.559375,8.4444873345154,0.64990654013252,0.05009345986748,682.80815334874,0.5248254052595,50.09345986748,36030.802948728
2.5625,8.442847862319,0.64990644162811,0.050093558371888,682.30266445865,0.52463110285681,50.093558371888,36030.806227673
2.565625,8.4412089972105,0.64990634316018,0.050093656839821,681.7974518329,0.52443683471653,50.093656839821,36030.809505403
2.56875,8.4395707390828,0.64990624472872,0.050093755271284,681.29251541031,0.5242426008532,50.093755271284,36030.812781919
2.571875,8.4379330878288,0.64990614633372,0.050093853666284,680.78785512963,0.52404840128136,50.093853666284,36030.816057222
2.575,8.4362960433413,0.64990604797517,0.050093952024828,680.28347092955,0.52385423601555,50.093952024828,36030.81933131
2.578125,8.4346596055129,0.64990594965308,0.050094050346922,679.77936274873,0.5236601050703,50.094050346922,36030.822604186
2.58125,8.4330237742365,0.64990585136743,0.050094148632573,679.27553052574,0.52346600846012,50.094148632573,36030.825875849
2.584375,8.4313885494046,0.64990575311821,0.050094246881786,678.77197419911,0.52327194619953,50.094246881786,36030.829146298
2.5875,8.4297539309099,0.64990565490543,0.050094345094569,678.26869370733,0.52307791830304,50.094345094569,36030.832415535
2.590625,8.428119918645,0.64990555672907,0.050094443270928,677.76568898881,0.52288392478515,50.094443270928,36030.83568356
2.59375,8.4264865125023,0.64990545858913,0.050094541410869,677.26295998191,0.52268996566035,50.094541410869,36030.838950372
2.596875,8.4248537123743,0.6499053604856,0.050094639514399,676.76050662495,0.52249604094313,50.094639514399,36030.842215972
2.6,8.4232215181536,0.64990526241848,0.050094737581525,676.25832885618,0.52230215064797,50.094737581525,36030.845480361
2.603125,8.4215899297323,0.64990516438775,0.050094835612252,675.75642661377,0.52210829478934,50.094835612252,36030.848743538
2.60625,8.419958947003,0.64990506639341,0.050094933606587,675.2547998359,0.5219144733817,50.094933606587,36030.852005503
2.609375,8.4183285698579,0.64990496843546,0.050095031564537,674.75344846063,0.52172068643953,50.095031564537,36030.855266257
2.6125,8.4166987981892,0.64990487051389,0.050095129486108,674.25237242599,0.52152693397726,50.095129486108,36030.858525801
2.615625,8.4150696318892,0.64990477262869,0.050095227371307,673.75157166997,0.52133321600936,50.095227371307,36030.861784133
2.61875,8.41344107085,0.64990467477986,0.05009532522014,673.25104613046,0.52113953255024,50.09532522014,36030.865041255
2.621875,8.4118131149637,0.64990457696739,0.050095423032614,672.75079574535,0.52094588361436,50.095423032614,36030.868297167
2.625,8.4101857641224,0.64990447919127,0.050095520808734,672.25082045243,0.52075226921612,50.095520808734,36030.871551869
2.628125,8.4085590182181,0.64990438145149,0.050095618548508,671.75112018946,0.52055868936996,50.095618548508,36030.874805361
2.63125,8.4069328771428,0.64990428374806,0.050095716251943,671.25169489413,0.52036514409028,50.095716251943,36030.878057643
2.634375,8.4053073407885,0.64990418608096,0.050095813919043,670.75254450408,0.52017163339148,50.095813919043,36030.881308716
2.6375,8.403682409047,0.64990408845018,0.050095911549817,670.2536689569,0.51997815728797,50.095911549817,36030.884558579
2.640625,8.4020580818101,0.64990399085573,0.050096009144271,669.75506819011,0.51978471579413,50.096009144271,36030.887807234
2.64375,8.4004343589697,0.64990389329759,0.05009610670241,669.25674214118,0.51959130892435,50.09610670241,36030.891054679
2.646875,8.3988112404175,0.64990379577576,0.050096204224242,668.75869074755,0.519397936693,50.096204224242,36030.894300916
2.65,8.3971887260453,0.64990369829023,0.050096301709773,668.26091394658,0.51920459911446,50.096301709773,36030.897545945
2.653125,8.3955668157447,0.64990360084099,0.05009639915901,667.76341167557,0.51901129620308,50.09639915901,36030.900789766
2.65625,8.3939455094073,0.64990350342804,0.050096496571958,667.26618387175,0.51881802797322,50.096496571958,36030.904032378
2.659375,8.3923248069246,0.64990340605137,0.050096593948626,666.76923047237,0.51862479443924,50.096593948626,36030.907273783
2.6625,8.3907047081883,0.64990330871098,0.050096691289018,666.27255141454,0.51843159561546,50.096691289018,36030.910513981
2.665625,8.3890852130898,0.64990321140686,0.050096788593142,665.77614663535,0.51823843151623,50.096788593142,36030.913752971
2.66875,8.3874663215206,0.649903114139,0.050096885861004,665.28001607185,0.51804530215588,50.096885861004,36030.916990754
2.671875,8.385848033372,0.64990301690739,0.050096983092611,664.78415966099,0.51785220754872,50.096983092611,36030.92022733
2.675,8.3842303485355,0.64990291971203,0.050097080287969,664.28857733972,0.51765914770906,50.097080287969,36030.9234627
2.678125,8.3826132669022,0.64990282255292,0.050097177447085,663.79326904489,0.51746612265123,50.097177447085,36030.926696863
2.68125,8.3809967883634,0.64990272543004,0.050097274569965,663.29823471333,0.51727313238951,50.097274569965,36030.92992982
2.684375,8.3793809128105,0.64990262834338,0.050097371656616,662.80347428178,0.51708017693819,50.097371656616,36030.933161572
2.6875,8.3777656401345,0.64990253129296,0.050097468707044,662.30898768696,0.51688725631156,50.097468707044,36030.936392117
2.690625,8.3761509702267,0.64990243427874,0.050097565721256,661.81477486552,0.51669437052391,50.097565721256,36030.939621457
2.69375,8.3745369029779,0.64990233730074,0.050097662699258,661.32083575404,0.5165015195895,50.097662699258,36030.942849591
2.696875,8.3729234382794,0.64990224035894,0.050097759641058,660.82717028908,0.51630870352259,50.097759641058,36030.946076521
2.7,8.3713105760221,0.64990214345334,0.050097856546661,660.3337784071,0.51611592233745,50.097856546661,36030.949302245
2.703125,8.369698316097,0.64990204658393,0.050097953416074,659.84066004453,0.51592317604831,50.097953416074,36030.952526765
2.70625,8.3680866583949,0.6499019497507,0.050098050249304,659.34781513779,0.51573046466944,50.098050249304,36030.95575008
2.709375,8.3664756028067,0.64990185295364,0.050098147046357,658.85524362316,0.51553778821505,50.098147046357,36030.958972192
2.7125,8.3648651492233,0.64990175619276,0.050098243807239,658.36294543692,0.51534514669939,50.098243807239,36030.962193099
2.715625,8.3632552975354,0.64990165946804,0.050098340531958,657.87092051528,0.51515254013666,50.098340531958,36030.965412802
2.71875,8.3616460476337,0.64990156277948,0.05009843722052,657.3791687944,0.51495996854109,50.09843722052,36030.968631302
2.721875,8.3600373994089,0.64990146612707,0.050098533872931,656.88769021038,0.51476743192688,50.098533872931,36030.971848598
2.725,8.3584293527517,0.6499013695108,0.050098630489199,656.39648469927,0.51457493030823,50.098630489199,36030.975064692
2.728125,8.3568219075526,0.64990127293067,0.050098727069329,655.90555219707,0.51438246369934,50.098727069329,36030.978279582
2.73125,8.3552150637023,0.64990117638667,0.050098823613328,655.41489263973,0.51419003211439,50.098823613328,36030.98149327
2.734375,8.3536088210911,0.6499010798788,0.050098920121202,654.92450596311,0.51399763556755,50.098920121202,36030.984705755
2.7375,8.3520031796096,0.64990098340704,0.05009901659296,654.43439210308,0.51380527407301,50.09901659296,36030.987917038
2.740625,8.3503981391482,0.64990088697139,0.050099113028606,653.94455099539,0.51361294764492,50.099113028606,36030.991127119
2.74375,8.3487936995973,0.64990079057185,0.050099209428147,653.45498257577,0.51342065629744,50.099209428147,36030.994335998
2.746875,8.3471898608472,0.64990069420841,0.050099305791591,652.96568677988,0.51322840004472,50.099305791591,36030.997543675
2.75,8.3455866227881,0.64990059788106,0.050099402118943,652.47666354337,0.51303617890091,50.099402118943,36031.000750152
2.753125,8.3439839853104,0.64990050158979,0.050099498410211,651.98791280177,0.51284399288013,50.099498410211,36031.003955427
2.75625,8.3423819483041,0.6499004053346,0.0500995946654,651.4994344906,0.51265184199652,50.0995946654,36031.007159501
2.759375,8.3407805116595,0.64990030911548,0.050099690884518,651.01122854532,0.5124597262642,50.099690884518,36031.010362374
2.7625,8.3391796752667,0.64990021293243,0.050099787067571,650.52329490132,0.51226764569727,50.099787067571,36031.013564047
2.765625,8.3375794390158,0.64990011678543,0.050099883214566,650.03563349395,0.51207560030985,50.099883214566,36031.016764519
2.76875,8.3359798027967,0.64990002067449,0.050099979325509,649.5482442585,0.51188359011603,50.099979325509,36031.019963792
2.771875,8.3343807664994,0.64989992459959,0.050100075400406,649.06112713023,0.51169161512992,50.100075400406,36031.023161864
2.775,8.3327823300139,0.64989982856073,0.050100171439266,648.5742820443,0.51149967536558,50.100171439266,36031.026358737
2.778125,8.33118449323,0.64989973255791,0.050100267442093,648.08770893585,0.51130777083709,50.100267442093,36031.029554411
2.78125,8.3295872560376,0.6498996365911,0.050100363408896,647.60140773996,0.51111590155853,50.100363408896,36031.032748885
2.784375,8.3279906183266,0.64989954066032,0.050100459339679,647.11537839166,0.51092406754397,50.100459339679,36031.035942161
2.7875,8.3263945799865,0.64989944476555,0.050100555234451,646.62962082591,0.51073226880744,50.100555234451,36031.039134237
2.790625,8.3247991409073,0.64989934890678,0.050100651093217,646.14413497763,0.51054050536301,50.100651093217,36031.042325115
2.79375,8.3232043009784,0.64989925308402,0.050100746915984,645.6589207817,0.51034877722471,50.100746915984,36031.045514795
2.796875,8.3216100600897,0.64989915729724,0.05010084270276,645.1739781729,0.51015708440657,50.10084270276,36031.048703277
2.8,8.3200164181305,0.64989906154645,0.050100938453549,644.68930708602,0.50996542692263,50.100938453549,36031.051890561
2.803125,8.3184233749906,0.64989896583164,0.05010103416836,644.20490745575,0.50977380478689,50.10103416836,36031.055076647
2.80625,8.3168309305593,0.6498988701528,0.050101129847199,643.72077921674,0.50958221801337,50.101129847199,36031.058261536
2.809375,8.3152390847261,0.64989877450993,0.050101225490072,643.23692230358,0.50939066661608,50.101225490072,36031.061445228
2.8125,8.3136478373805,0.64989867890301,0.050101321096987,642.75333665083,0.50919915060901,50.101321096987,36031.064627722
2.815625,8.3120571884117,0.64989858333205,0.050101416667949,642.27002219296,0.50900767000613,50.101416667949,36031.06780902
2.81875,8.3104671377091,0.64989848779703,0.050101512202965,641.78697886443,0.50881622482146,50.101512202965,36031.070989122
2.821875,8.308877685162,0.64989839229796,0.050101607702042,641.3042065996,0.50862481506894,50.101607702042,36031.074168027
2.825,8.3072888306597,0.64989829683481,0.050101703165187,640.82170533282,0.50843344076255,50.101703165187,36031.077345736
2.828125,8.3057005740912,0.64989820140759,0.050101798592407,640.33947499838,0.50824210191625,50.101798592407,36031.080522249
2.83125,8.3041129153457,0.64989810601629,0.050101893983707,639.85751553048,0.50805079854399,50.101893983707,36031.083697566
2.834375,8.3025258543124,0.6498980106609,0.050101989339095,639.3758268633,0.50785953065971,50.101989339095,36031.086871689
2.8375,8.3009393908803,0.64989791534142,0.050102084658578,638.89440893096,0.50766829827736,50.102084658578,36031.090044615
2.840625,8.2993535249384,0.64989782005784,0.050102179942161,638.41326166754,0.50747710141085,50.102179942161,36031.093216347
2.84375,8.2977682563757,0.64989772481015,0.050102275189852,637.93238500703,0.50728594007411,50.102275189852,36031.096386884
2.846875,8.296183585081,0.64989762959834,0.050102370401658,637.45177888342,0.50709481428107,50.102370401658,36031.099556227
2.85,8.2945995109434,0.64989753442242,0.050102465577584,636.97144323059,0.50690372404561,50.102465577584,36031.102724375
2.853125,8.2930160338516,0.64989743928236,0.050102560717638,636.49137798241,0.50671266938164,50.102560717638,36031.105891329
2.85625,8.2914331536944,0.64989734417817,0.050102655821827,636.01158307268,0.50652165030306,50.102655821827,36031.10905709
2.859375,8.2898508703606,0.64989724910984,0.050102750890156,635.53205843515,0.50633066682375,50.102750890156,36031.112221656
2.8625,8.2882691837388,0.64989715407737,0.050102845922633,635.05280400351,0.50613971895758,50.102845922633,36031.11538503
2.865625,8.2866880937178,0.64989705908073,0.050102940919265,634.57381971142,0.50594880671842,50.102940919265,36031.11854721
2.86875,8.2851076001862,0.64989696411994,0.050103035880058,634.09510549246,0.50575793012014,50.103035880058,36031.121708197
2.871875,8.2835277030325,0.64989686919498,0.050103130805019,633.61666128017,0.50556708917658,50.103130805019,36031.124867991
2.875,8.2819484021453,0.64989677430585,0.050103225694154,633.13848700805,0.5053762839016,50.103225694154,36031.128026593
2.878125,8.2803696974131,0.64989667945253,0.05010332054747,632.66058260954,0.50518551430904,50.10332054747,36031.131184002
2.88125,8.2787915887243,0.64989658463503,0.050103415364975,632.182948018,0.50499478041273,50.103415364975,36031.13434022
2.884375,8.2772140759674,0.64989648985333,0.050103510146674,631.70558316678,0.50480408222649,50.103510146674,36031.137495245
2.8875,8.2756371590306,0.64989639510743,0.050103604892574,631.22848798914,0.50461341976413,50.103604892574,36031.140649079
2.890625,8.2740608378024,0.64989630039732,0.050103699602682,630.75166241831,0.50442279303946,50.103699602682,36031.143801722
2.89375,8.2724851121709,0.64989620572299,0.050103794277005,630.27510638748,0.5042322020663,50.103794277005,36031.146953173
2.896875,8.2709099820245,0.64989611108445,0.05010388891555,629.79881982975,0.50404164685842,50.10388891555,36031.150103433
2.9,8.2693354472512,0.64989601648168,0.050103983518323,629.32280267821,0.50385112742962,50.103983518323,36031.153252503
2.903125,8.2677615077394,0.64989592191467,0.050104078085331,628.84705486586,0.50366064379367,50.104078085331,36031.156400382
2.90625,8.266188163377,0.64989582738342,0.05010417261658,628.37157632567,0.50347019596435,50.10417261658,36031.15954707
2.909375,8.2646154140522,0.64989573288792,0.050104267112078,627.89636699057,0.50327978395542,50.104267112078,36031.162692569
2.9125,8.2630432596528,0.64989563842817,0.05010436157183,627.42142679339,0.50308940778062,50.10436157183,36031.165836878
2.915625,8.2614717000671,0.64989554400416,0.050104455995845,626.94675566697,0.50289906745372,50.104455995845,36031.168979997
2.91875,8.2599007351827,0.64989544961587,0.050104550384128,626.47235354405,0.50270876298846,50.104550384128,36031.172121927
2.921875,8.2583303648877,0.64989535526331,0.050104644736686,625.99822035733,0.50251849439855,50.104644736686,36031.175262667
2.925,8.2567605890699,0.64989526094647,0.050104739053527,625.52435603948,0.50232826169773,50.104739053527,36031.178402219
2.928125,8.2551914076171,0.64989516666534,0.050104833334656,625.05076052309,0.50213806489971,50.104833334656,36031.181540582
2.93125,8.253622820417,0.64989507241992,0.050104927580081,624.57743374072,0.50194790401821,50.104927580081,36031.184677756
2.934375,8.2520548273574,0.64989497821019,0.050105021789808,624.10437562486,0.50175777906693,50.105021789808,36031.187813742
2.9375,8.250487428326,0.64989488403616,0.050105115963844,623.63158610797,0.50156769005955,50.105115963844,36031.190948541
2.940625,8.2489206232104,0.6498947898978,0.050105210102196,623.15906512243,0.50137763700977,50.105210102196,36031.194082151
2.94375,8.2473544118981,0.64989469579513,0.05010530420487,622.6868126006,0.50118761993127,50.10530420487,36031.197214573
2.946875,8.2457887942767,0.64989460172813,0.050105398271874,622.21482847475,0.50099763883771,50.105398271874,36031.200345809
2.95,8.2442237702337,0.64989450769679,0.050105492303213,621.74311267715,0.50080769374276,50.105492303213,36031.203475857
2.953125,8.2426593396567,0.6498944137011,0.050105586298895,621.27166513997,0.50061778466007,50.105586298895,36031.206604718
2.95625,8.2410955024329,0.64989431974107,0.050105680258927,620.80048579535,0.5004279116033,50.105680258927,36031.209732392
2.959375,8.2395322584498,0.64989422581668,0.050105774183316,620.32957457538,0.50023807458607,50.105774183316,36031.21285888
2.9625,8.2379696075948,0.64989413192793,0.050105868072067,619.85893141208,0.50004827362203,50.105868072067,36031.215984182
2.965625,8.236407549755,0.64989403807481,0.050105961925188,619.38855623747,0.49985850872479,50.105961925188,36031.219108298
2.96875,8.2348460848178,0.64989394425731,0.050106055742686,618.91844898345,0.49966877990798,50.106055742686,36031.222231228
2.971875,8.2332852126703,0.64989385047543,0.050106149524567,618.44860958191,0.4994790871852,50.106149524567,36031.225352972
2.975,8.2317249331998,0.64989375672916,0.050106243270839,617.9790379647,0.49928943057005,50.106243270839,36031.228473531
2.978125,8.2301652462933,0.64989366301849,0.050106336981507,617.50973406357,0.49909981007612,50.106336981507,36031.231592905
2.98125,8.228606151838,0.64989356934342,0.050106430656579,617.04069781027,0.49891022571701,50.106430656579,36031.234711093
2.984375,8.2270476497208,0.64989347570394,0.050106524296062,616.57192913646,0.49872067750628,50.106524296062,36031.237828098
2.9875,8.2254897398287,0.64989338210004,0.050106617899962,616.10342797379,0.49853116545752,50.106617899962,36031.240943918
2.990625,8.2239324220488,0.64989328853171,0.050106711468286,615.63519425381,0.49834168958427,50.106711468286,36031.244058553
2.99375,8.2223756962678,0.64989319499896,0.050106805001041,615.16722790806,0.49815224990009,50.106805001041,36031.247172005
2.996875,8.2208195623728,0.64989310150177,0.050106898498234,614.69952886801,0.49796284641853,50.106898498234,36031.250284272
3,8.2192640202504,0.64989300804013,0.050106991959871,614.23209706509,0.49777347915313,50.106991959871,36031.253395357
3.003125,8.2177090697875,0.64989291461404,0.05010708538596,613.76493243066,0.49758414811742,50.10708538596,36031.256505258
3.00625,8.2161547108709,0.64989282122349,0.050107178776507,613.29803489604,0.49739485332491,50.107178776507,36031.259613975
3.009375,8.2146009433872,0.64989272786848,0.050107272131519,612.83140439252,0.49720559478914,50.107272131519,36031.26272151
3.0125,8.213047767223,0.649892634549,0.050107365451002,612.36504085131,0.49701637252359,50.107365451002,36031.265827863
3.015625,8.2114951822651,0.64989254126504,0.050107458734964,611.89894420357,0.49682718654176,50.107458734964,36031.268933033
3.01875,8.2099431883999,0.64989244801659,0.050107551983411,611.43311438043,0.49663803685716,50.107551983411,36031.27203702
3.021875,8.208391785514,0.64989235480365,0.050107645196351,610.96755131296,0.49644892348327,50.107645196351,36031.275139826
3.025,8.2068409734939,0.64989226162621,0.05010773837379,610.50225493217,0.49625984643355,50.10773837379,36031.27824145
3.028125,8.2052907522261,0.64989216848427,0.050107831515734,610.03722516904,0.49607080572147,50.107831515734,36031.281341893
3.03125,8.2037411215968,0.64989207537781,0.050107924622191,609.57246195448,0.4958818013605,50.107924622191,36031.284441154
3.034375,8.2021920814926,0.64989198230683,0.050108017693168,609.10796521935,0.49569283336408,50.108017693168,36031.287539234
3.0375,8.2006436317996,0.64989188927133,0.050108110728671,608.64373489447,0.49550390174566,50.108110728671,36031.290636134
3.040625,8.1990957724043,0.64989179627129,0.050108203728707,608.17977091061,0.49531500651867,50.108203728707,36031.293731852
3.04375,8.1975485031927,0.64989170330672,0.050108296693283,607.71607319849,0.49512614769654,50.108296693283,36031.296826391
3.046875,8.1960018240512,0.64989161037759,0.050108389622406,607.25264168877,0.49493732529269,50.108389622406,36031.299919749
3.05,8.1944557348658,0.64989151748392,0.050108482516082,606.78947631207,0.49474853932053,50.108482516082,36031.303011927
3.053125,8.1929102355227,0.64989142462568,0.050108575374319,606.32657699894,0.49455978979347,50.108575374319,36031.306102926
3.05625,8.1913653259079,0.64989133180288,0.050108668197124,605.86394367993,0.49437107672489,50.108668197124,36031.309192745
3.059375,8.1898210059075,0.6498912390155,0.050108760984502,605.40157628548,0.49418240012819,50.108760984502,36031.312281385
3.0625,8.1882772754075,0.64989114626354,0.050108853736462,604.93947474601,0.49399376001674,50.108853736462,36031.315368846
3.065625,8.1867341342937,0.64989105354699,0.050108946453009,604.47763899188,0.49380515640392,50.108946453009,36031.318455129
3.06875,8.1851915824521,0.64989096086585,0.050109039134152,604.01606895342,0.49361658930308,50.109039134152,36031.321540232
3.071875,8.1836496197686,0.6498908682201,0.050109131779895,603.55476456089,0.49342805872759,50.109131779895,36031.324624158
3.075,8.1821082461289,0.64989077560975,0.050109224390248,603.09372574451,0.4932395646908,50.109224390248,36031.327706905
3.078125,8.1805674614189,0.64989068303478,0.050109316965216,602.63295243443,0.49305110720603,50.109316965216,36031.330788474
3.08125,8.1790272655243,0.64989059049519,0.050109409504806,602.17244456079,0.49286268628662,50.109409504806,36031.333868866
3.084375,8.1774876583307,0.64989049799098,0.050109502009025,601.71220205365,0.4926743019459,50.109502009025,36031.336948081
3.0875,8.1759486397239,0.64989040552212,0.05010959447788,601.25222484302,0.49248595419717,50.10959447788,36031.340026118
3.090625,8.1744102095893,0.64989031308862,0.050109686911377,600.79251285888,0.49229764305375,50.109686911377,36031.343102978
3.09375,8.1728723678127,0.64989022069048,0.050109779309525,600.33306603114,0.49210936852893,50.109779309525,36031.346178662
3.096875,8.1713351142794,0.64989012832767,0.050109871672329,599.87388428966,0.49192113063601,50.109871672329,36031.349253169
3.1,8.1697984488751,0.6498900360002,0.050109963999796,599.41496756428,0.49173292938826,50.109963999796,36031.352326499
3.103125,8.1682623714851,0.64988994370807,0.050110056291934,598.95631578476,0.49154476479896,50.110056291934,36031.355398654
3.10625,8.1667268819948,0.64988985145125,0.050110148548749,598.49792888082,0.49135663688138,50.110148548749,36031.358469633
3.109375,8.1651919802897,0.64988975922975,0.050110240770248,598.03980678215,0.49116854564878,50.110240770248,36031.361539437
3.1125,8.163657666255,0.64988966704356,0.050110332956438,597.58194941834,0.49098049111439,50.110332956438,36031.364608065
3.115625,8.1621239397759,0.64988957489267,0.050110425107326,597.12435671898,0.49079247329147,50.110425107326,36031.367675518
3.11875,8.1605908007378,0.64988948277708,0.050110517222919,596.6670286136,0.49060449219325,50.110517222919,36031.370741796
3.121875,8.1590582490258,0.64988939069678,0.050110609303224,596.20996503166,0.49041654783295,50.110609303224,36031.373806899
3.125,8.1575262845251,0.64988929865175,0.050110701348247,595.7531659026,0.4902286402238,50.110701348247,36031.376870828
3.128125,8.1559949071208,0.649889206642,0.050110793357996,595.29663115579,0.49004076937899,50.110793357996,36031.379933583
3.13125,8.154464116698,0.64988911466752,0.050110885332476,594.84036072055,0.48985293531174,50.110885332476,36031.382995164
3.134375,8.1529339131416,0.6498890227283,0.050110977271697,594.38435452618,0.48966513803523,50.110977271697,36031.386055571
3.1375,8.1514042963367,0.64988893082434,0.050111069175663,593.9286125019,0.48947737756265,50.111069175663,36031.389114804
3.140625,8.1498752661683,0.64988883895562,0.050111161044383,593.47313457688,0.48928965390717,50.111161044383,36031.392172865
3.14375,8.1483468225211,0.64988874712214,0.050111252877863,593.01792068027,0.48910196708196,50.111252877863,36031.395229752
3.146875,8.1468189652802,0.64988865532389,0.050111344676109,592.56297074114,0.48891431710018,50.111344676109,36031.398285467
3.15,8.1452916943303,0.64988856356087,0.05011143643913,592.10828468853,0.48872670397499,50.11143643913,36031.401340009
3.153125,8.1437650095562,0.64988847183307,0.050111528166931,591.65386245143,0.48853912771953,50.111528166931,36031.404393378
3.15625,8.1422389108426,0.64988838014048,0.05011161985952,591.19970395877,0.48835158834692,50.11161985952,36031.407445575
3.159375,8.1407133980743,0.6498882884831,0.050111711516904,590.74580913944,0.48816408587031,50.111711516904,36031.410496601
3.1625,8.1391884711358,0.64988819686091,0.050111803139089,590.29217792229,0.4879766203028,50.111803139089,36031.413546455
3.165625,8.1376641299119,0.64988810527392,0.050111894726083,589.83881023609,0.48778919165751,50.111894726083,36031.416595137
3.16875,8.1361403742871,0.64988801372211,0.050111986277892,589.3857060096,0.48760179994753,50.111986277892,36031.419642649
3.171875,8.1346172041459,0.64988792220548,0.050112077794523,588.93286517151,0.48741444518597,50.112077794523,36031.422688989
3.175,8.1330946193728,0.64988783072402,0.050112169275984,588.48028765047,0.4872271273859,50.112169275984,36031.425734158
3.178125,8.1315726198523,0.64988773927772,0.050112260722281,588.02797337506,0.48703984656041,50.112260722281,36031.428778157
3.18125,8.1300512054688,0.64988764786658,0.050112352133422,587.57592227386,0.48685260272256,50.112352133422,36031.431820986
3.184375,8.1285303761066,0.64988755649059,0.050112443509412,587.12413427535,0.48666539588541,50.112443509412,36031.434862645
3.1875,8.1270101316502,0.64988746514974,0.05011253485026,586.672609308,0.48647822606202,50.11253485026,36031.437903134
3.190625,8.1254904719837,0.64988737384403,0.050112626155972,586.22134730019,0.48629109326542,50.112626155972,36031.440942453
3.19375,8.1239713969915,0.64988728257345,0.050112717426555,585.7703481803,0.48610399750867,50.112717426555,36031.443980603
3.196875,8.1224529065577,0.64988719133798,0.050112808662015,585.31961187664,0.48591693880477,50.112808662015,36031.447017584
3.2,8.1209350005666,0.64988710013764,0.050112899862361,584.86913831745,0.48572991716675,50.112899862361,36031.450053396
3.203125,8.1194176789022,0.6498870089724,0.050112991027599,584.41892743096,0.48554293260763,50.112991027599,36031.453088039
3.20625,8.1179009414487,0.64988691784226,0.050113082157735,583.96897914533,0.4853559851404,50.113082157735,36031.456121514
3.209375,8.11638478809,0.64988682674722,0.050113173252777,583.51929338866,0.48516907477805,50.113173252777,36031.459153821
3.2125,8.1148692187102,0.64988673568727,0.050113264312732,583.06987008905,0.48498220153357,50.113264312732,36031.46218496
3.215625,8.1133542331932,0.64988664466239,0.050113355337607,582.6207091745,0.48479536541994,50.113355337607,36031.465214931
3.21875,8.1118398314231,0.64988655367259,0.050113446327409,582.171810573,0.48460856645013,50.113446327409,36031.468243734
3.221875,8.1103260132836,0.64988646271786,0.050113537282144,581.72317421246,0.48442180463709,50.113537282144,36031.471271371
3.225,8.1088127786586,0.64988637179818,0.05011362820182,581.27480002077,0.48423507999378,50.11362820182,36031.47429784
3.228125,8.107300127432,0.64988628091356,0.050113719086444,580.82668792574,0.48404839253315,50.113719086444,36031.477323142
3.2312499999999,8.1057880594874,0.64988619006398,0.050113809936022,580.37883785519,0.48386174226811,50.113809936022,36031.480347278
3.2343749999999,8.1042765747086,0.64988609924944,0.050113900750562,579.93124973682,0.48367512921161,50.113900750562,36031.483370248
3.2374999999999,8.1027656729793,0.64988600846993,0.05011399153007,579.48392349833,0.48348855337656,50.11399153007,36031.486392051
3.2406249999999,8.1012553541831,0.64988591772545,0.050114082274555,579.03685906737,0.48330201477587,50.114082274555,36031.489412689
3.2437499999999,8.0997456182037,0.64988582701598,0.050114172984022,578.59005637152,0.48311551342244,50.114172984022,36031.492432161
3.2468749999999,8.0982364649245,0.64988573634152,0.050114263658478,578.14351533833,0.48292904932916,50.114263658478,36031.495450467
3.2499999999999,8.0967278942292,0.64988564570207,0.050114354297931,577.6972358953,0.48274262250892,50.114354297931,36031.498467609
3.2531249999999,8.0952199060011,0.64988555509761,0.050114444902388,577.25121796988,0.48255623297459,50.114444902388,36031.501483585
3.2562499999999,8.0937125001238,0.64988546452814,0.050114535471855,576.80546148947,0.48236988073903,50.114535471855,36031.504498397
3.2593749999999,8.0922056764807,0.64988537399366,0.05011462600634,576.35996638144,0.48218356581512,50.11462600634,36031.507512044
3.2624999999999,8.090699434955,0.64988528349415,0.05011471650585,575.91473257309,0.48199728821569,50.11471650585,36031.510524527
3.2656249999999,8.0891937754301,0.64988519302961,0.050114806970391,575.46975999168,0.4818110479536,50.114806970391,36031.513535846
3.2687499999999,8.0876886977894,0.64988510260003,0.050114897399971,575.02504856443,0.48162484504166,50.114897399971,36031.516546002
3.2718749999999,8.086184201916,0.6498850122054,0.050114987794596,574.58059821851,0.48143867949271,50.114987794596,36031.519554993
3.2749999999999,8.0846802876931,0.64988492184573,0.050115078154275,574.13640888103,0.48125255131956,50.115078154275,36031.522562822
3.2781249999999,8.0831769550039,0.64988483152099,0.050115168479013,573.69248047909,0.48106646053502,50.115168479013,36031.525569487
3.2812499999999,8.0816742037316,0.64988474123118,0.050115258768817,573.24881293969,0.4808804071519,50.115258768817,36031.52857499
3.2843749999999,8.0801720337591,0.6498846509763,0.050115349023696,572.80540618983,0.48069439118296,50.115349023696,36031.53157933
3.2874999999999,8.0786704449696,0.64988456075634,0.050115439243655,572.36226015644,0.48050841264102,50.115439243655,36031.534582507
3.2906249999999,8.0771694372461,0.6498844705713,0.050115529428702,571.91937476639,0.48032247153882,50.115529428702,36031.537584523
3.2937499999999,8.0756690104714,0.64988438042116,0.050115619578844,571.47674994655,0.48013656788914,50.115619578844,36031.540585376
3.2968749999999,8.0741691645286,0.64988429030591,0.050115709694088,571.03438562369,0.47995070170474,50.115709694088,36031.543585068
3.2999999999999,8.0726698993005,0.64988420022556,0.05011579977444,570.59228172457,0.47976487299836,50.11579977444,36031.546583599
3.3031249999999,8.0711712146699,0.64988411018009,0.050115889819909,570.1504381759,0.47957908178274,50.115889819909,36031.549580968
3.3062499999999,8.0696731105197,0.6498840201695,0.050115979830501,569.70885490431,0.47939332807061,50.115979830501,36031.552577176
3.3093749999999,8.0681755867326,0.64988393019378,0.050116069806222,569.26753183643,0.47920761187469,50.116069806222,36031.555572224
3.3124999999999,8.0666786431913,0.64988384025292,0.050116159747081,568.82646889881,0.4790219332077,50.116159747081,36031.558566111
3.3156249999999,8.0651822797786,0.64988375034692,0.050116249653084,568.38566601797,0.47883629208233,50.116249653084,36031.561558838
3.3187499999999,8.063686496377,0.64988366047576,0.050116339524238,567.94512312037,0.47865068851129,50.116339524238,36031.564550404
3.3218749999999,8.0621912928691,0.64988357063945,0.050116429360551,567.50484013245,0.47846512250727,50.116429360551,36031.567540811
3.3249999999999,8.0606966691376,0.64988348083797,0.050116519162028,567.06481698057,0.47827959408293,50.116519162028,36031.570530059
3.3281249999999,8.059202625065,0.64988339107132,0.050116608928678,566.62505359107,0.47809410325096,50.116608928678,36031.573518147
3.3312499999999,8.0577091605336,0.64988330133949,0.050116698660508,566.18554989023,0.477908650024,50.116698660508,36031.576505076
3.3343749999999,8.0562162754261,0.64988321164248,0.050116788357524,565.7463058043,0.47772323441472,50.116788357524,36031.579490846
3.3374999999999,8.0547239696247,0.64988312198027,0.050116878019733,565.30732125945,0.47753785643576,50.116878019733,36031.582475458
3.3406249999999,8.0532322430119,0.64988303235286,0.050116967647143,564.86859618185,0.47735251609975,50.116967647143,36031.585458911
3.3437499999999,8.05174109547,0.64988294276024,0.050117057239761,564.43013049759,0.47716721341932,50.117057239761,36031.588441206
3.3468749999999,8.0502505268812,0.64988285320241,0.050117146797593,563.99192413272,0.47698194840709,50.117146797593,36031.591422343
3.3499999999999,8.0487605371279,0.64988276367935,0.050117236320648,563.55397701325,0.47679672107566,50.117236320648,36031.594402323
3.3531249999999,8.0472711260922,0.64988267419107,0.050117325808931,563.11628906516,0.47661153143764,50.117325808931,36031.597381145
3.3562499999999,8.0457822936562,0.64988258473755,0.05011741526245,562.67886021433,0.47642637950562,50.11741526245,36031.60035881
3.3593749999999,8.0442940397022,0.64988249531879,0.050117504681213,562.24169038666,0.47624126529217,50.117504681213,36031.603335318
3.3624999999999,8.0428063641121,0.64988240593477,0.050117594065225,561.80477950798,0.47605618880988,50.117594065225,36031.606310669
3.3656249999999,8.0413192667681,0.64988231658551,0.050117683414495,561.36812750405,0.47587115007131,50.117683414495,36031.609284864
3.3687499999999,8.0398327475522,0.64988222727097,0.050117772729029,560.93173430062,0.47568614908901,50.117772729029,36031.612257902
3.3718749999999,8.0383468063464,0.64988213799117,0.050117862008834,560.49559982336,0.47550118587554,50.117862008834,36031.615229784
3.3749999999999,8.0368614430325,0.64988204874608,0.050117951253918,560.05972399794,0.47531626044344,50.117951253918,36031.618200511
3.3781249999999,8.0353766574925,0.64988195953571,0.050118040464288,559.62410674994,0.47513137280522,50.118040464288,36031.621170082
3.3812499999999,8.0338924496082,0.64988187036005,0.05011812963995,559.18874800492,0.47494652297342,50.11812963995,36031.624138498
3.3843749999999,8.0324088192614,0.64988178121909,0.050118218780912,558.75364768839,0.47476171096054,50.118218780912,36031.627105759
3.3874999999999,8.030925766334,0.64988169211282,0.050118307887181,558.3188057258,0.4745769367791,50.118307887181,36031.630071864
3.3906249999999,8.0294432907076,0.64988160304124,0.050118396958764,557.88422204258,0.47439220044159,50.118396958764,36031.633036816
3.3937499999999,8.027961392264,0.64988151400433,0.050118485995669,557.44989656409,0.47420750196048,50.118485995669,36031.636000613
3.3968749999999,8.0264800708848,0.6498814250021,0.050118574997901,557.01582921567,0.47402284134827,50.118574997901,36031.638963255
3.3999999999999,8.0249993264516,0.64988133603453,0.050118663965469,556.58201992258,0.47383821861742,50.118663965469,36031.641924744
3.4031249999999,8.0235191588461,0.64988124710162,0.050118752898379,556.14846861008,0.47365363378038,50.118752898379,36031.644885079
3.4062499999999,8.0220395679496,0.64988115820336,0.050118841796639,555.71517520335,0.47346908684961,50.118841796639,36031.647844261
3.4093749999999,8.0205605536439,0.64988106933974,0.050118930660255,555.28213962754,0.47328457783756,50.118930660255,36031.65080229
3.4124999999999,8.0190821158103,0.64988098051076,0.050119019489236,554.84936180775,0.47310010675665,50.119019489236,36031.653759166
3.4156249999999,8.0176042543302,0.64988089171641,0.050119108283587,554.41684166903,0.47291567361931,50.119108283587,36031.656714889
3.4187499999999,8.0161269690851,0.64988080295668,0.050119197043317,553.98457913641,0.47273127843795,50.119197043317,36031.659669459
3.4218749999999,8.0146502599563,0.64988071423157,0.050119285768431,553.55257413483,0.47254692122499,50.119285768431,36031.662622877
3.4249999999999,8.0131741268251,0.64988062554106,0.050119374458938,553.12082658924,0.47236260199281,50.119374458938,36031.665575144
3.4281249999999,8.0116985695727,0.64988053688516,0.050119463114844,552.68933642451,0.47217832075382,50.119463114844,36031.668526258
3.4312499999999,8.0102235880805,0.64988044826384,0.050119551736157,552.25810356545,0.47199407752037,50.119551736157,36031.671476221
3.4343749999999,8.0087491822295,0.64988035967712,0.050119640322884,551.82712793688,0.47180987230487,50.119640322884,36031.674425033
3.4374999999999,8.007275351901,0.64988027112497,0.050119728875032,551.39640946352,0.47162570511965,50.119728875032,36031.677372693
3.4406249999999,8.0058020969761,0.64988018260739,0.050119817392607,550.9659480701,0.47144157597707,50.119817392607,36031.680319203
3.4437499999999,8.0043294173358,0.64988009412438,0.050119905875618,550.53574368124,0.47125748488949,50.119905875618,36031.683264562
3.4468749999999,8.0028573128612,0.64988000567593,0.050119994324071,550.10579622158,0.47107343186923,50.119994324071,36031.686208771
3.4499999999999,8.0013857834333,0.64987991726203,0.050120082737974,549.67610561566,0.47088941692863,50.120082737974,36031.68915183
3.4531249999999,7.999914828933,0.64987982888267,0.050120171117333,549.24667178802,0.47070544007999,50.120171117333,36031.692093739
3.4562499999999,7.9984444492414,0.64987974053784,0.050120259462156,548.81749466313,0.47052150133563,50.120259462156,36031.695034499
3.4593749999999,7.9969746442391,0.64987965222755,0.05012034777245,548.38857416543,0.47033760070784,50.12034777245,36031.697974109
3.4624999999999,7.9955054138072,0.64987956395178,0.050120436048222,547.95991021931,0.47015373820892,50.120436048222,36031.70091257
3.4656249999999,7.9940367578264,0.64987947571052,0.05012052428948,547.5315027491,0.46996991385116,50.12052428948,36031.703849882
3.4687499999999,7.9925686761775,0.64987938750377,0.050120612496229,547.10335167912,0.46978612764681,50.120612496229,36031.706786045
3.4718749999999,7.9911011687413,0.64987929933152,0.050120700668479,546.67545693363,0.46960237960816,50.120700668479,36031.70972106
3.4749999999999,7.9896342353983,0.64987921119377,0.050120788806235,546.24781843682,0.46941866974744,50.120788806235,36031.712654926
3.4781249999999,7.9881678760293,0.6498791230905,0.050120876909505,545.82043611288,0.46923499807691,50.120876909505,36031.715587645
3.4812499999999,7.9867020905149,0.6498790350217,0.050120964978296,545.39330988593,0.46905136460881,50.120964978296,36031.718519216
3.4843749999999,7.9852368787357,0.64987894698739,0.050121053012615,544.96643968005,0.46886776935535,50.121053012615,36031.72144964
3.4874999999999,7.9837722405721,0.64987885898753,0.05012114101247,544.53982541928,0.46868421232877,50.12114101247,36031.724378916
3.4906249999999,7.9823081759048,0.64987877102213,0.050121228977867,544.1134670276,0.46850069354126,50.121228977867,36031.727307045
3.4937499999999,7.9808446846142,0.64987868309119,0.050121316908814,543.68736442899,0.46831721300504,50.121316908814,36031.730234028
3.4968749999999,7.9793817665806,0.64987859519468,0.050121404805319,543.26151754734,0.46813377073229,50.121404805319,36031.733159864
3.4999999999999,7.9779194216846,0.64987850733261,0.050121492667387,542.83592630651,0.46795036673519,50.121492667387,36031.736084554
3.5031249999999,7.9764576498064,0.64987841950497,0.050121580495027,542.41059063033,0.46776700102592,50.121580495027,36031.739008098
3.5062499999999,7.9749964508263,0.64987833171175,0.050121668288245,541.98551044256,0.46758367361665,50.121668288245,36031.741930496
3.5093749999999,7.9735358246247,0.64987824395295,0.050121756047049,541.56068566694,0.46740038451952,50.121756047049,36031.744851748
3.5124999999999,7.9720757710818,0.64987815622855,0.050121843771446,541.13611622718,0.46721713374668,50.121843771446,36031.747771855
3.5156249999999,7.9706162900777,0.64987806853856,0.050121931461443,540.71180204691,0.46703392131029,50.121931461443,36031.750690817
3.5187499999999,7.9691573814926,0.64987798088295,0.050122019117048,540.28774304972,0.46685074722244,50.122019117048,36031.753608634
3.5218749999999,7.9676990452067,0.64987789326173,0.050122106738267,539.86393915919,0.46666761149528,50.122106738267,36031.756525307
3.5249999999999,7.9662412811,0.64987780567489,0.050122194325108,539.44039029883,0.46648451414091,50.122194325108,36031.759440835
3.5281249999999,7.9647840890526,0.64987771812242,0.050122281877578,539.01709639211,0.46630145517143,50.122281877578,36031.762355219
3.5312499999999,7.9633274689444,0.64987763060432,0.050122369395683,538.59405736247,0.46611843459893,50.122369395683,36031.765268459
3.5343749999999,7.9618714206556,0.64987754312057,0.050122456879433,538.17127313328,0.46593545243549,50.122456879433,36031.768180556
3.5374999999999,7.9604159440659,0.64987745567117,0.050122544328833,537.74874362791,0.46575250869319,50.122544328833,36031.771091509
3.5406249999999,7.9589610390554,0.64987736825611,0.05012263174389,537.32646876964,0.4655696033841,50.122631743891,36031.774001319
3.5437499999999,7.9575067055037,0.64987728087539,0.050122719124613,536.90444848173,0.46538673652026,50.122719124613,36031.776909986
3.5468749999999,7.9560529432909,0.64987719352899,0.050122806471008,536.48268268741,0.46520390811372,50.122806471008,36031.779817511
3.5499999999999,7.9545997522966,0.64987710621692,0.050122893783083,536.06117130983,0.46502111817652,50.122893783083,36031.782723893
3.5531249999999,7.9531471324006,0.64987701893916,0.050122981060844,535.63991427215,0.4648383667207,50.122981060844,36031.785629132
3.5562499999999,7.9516950834826,0.6498769316957,0.050123068304299,535.21891149743,0.46465565375826,50.123068304299,36031.78853323
3.5593749999999,7.9502436054222,0.64987684448654,0.050123155513455,534.79816290873,0.46447297930121,50.123155513455,36031.791436186
3.5624999999999,7.9487926980992,0.64987675731168,0.05012324268832,534.37766842906,0.46429034336157,50.12324268832,36031.794338001
3.5656249999999,7.9473423613931,0.6498766701711,0.0501233298289,533.95742798136,0.46410774595131,50.1233298289,36031.797238674
3.5687499999999,7.9458925951835,0.6498765830648,0.050123416935204,533.53744148855,0.46392518708242,50.123416935204,36031.800138207
3.5718749999999,7.9444433993499,0.64987649599276,0.050123504007237,533.11770887352,0.46374266676687,50.123504007237,36031.803036598
3.5749999999999,7.9429947737717,0.64987640895499,0.050123591045008,532.69823005909,0.46356018501662,50.123591045008,36031.80593385
3.5781249999999,7.9415467183284,0.64987632195148,0.050123678048523,532.27900496805,0.46337774184364,50.123678048523,36031.808829961
3.5812499999999,7.9400992328995,0.64987623498221,0.05012376501779,531.86003352316,0.46319533725986,50.12376501779,36031.811724931
3.5843749999999,7.9386523173642,0.64987614804718,0.050123851952816,531.4413156471,0.46301297127722,50.123851952816,36031.814618762
3.5874999999999,7.937205971602,0.64987606114639,0.050123938853608,531.02285126256,0.46283064390765,50.123938853608,36031.817511454
3.5906249999999,7.9357601954921,0.64987597427983,0.050124025720174,530.60464029215,0.46264835516306,50.124025720174,36031.820403006
3.5937499999999,7.9343149889138,0.64987588744748,0.050124112552521,530.18668265845,0.46246610505536,50.124112552521,36031.823293419
3.5968749999999,7.9328703517463,0.64987580064934,0.050124199350656,529.76897828399,0.46228389359646,50.124199350656,36031.826182694
3.5999999999999,7.9314262838689,0.64987571388541,0.050124286114586,529.35152709128,0.46210172079823,50.124286114586,36031.829070829
3.6031249999999,7.9299827851605,0.64987562715568,0.050124372844319,528.93432900276,0.46191958667257,50.124372844319,36031.831957827
3.6062499999999,7.9285398555004,0.64987554046014,0.050124459539862,528.51738394084,0.46173749123133,50.124459539862,36031.834843686
3.6093749999999,7.9270974947676,0.64987545379878,0.050124546201222,528.1006918279,0.46155543448639,50.124546201222,36031.837728408
3.6124999999999,7.9256557028412,0.64987536717159,0.050124632828406,527.68425258625,0.46137341644959,50.124632828406,36031.840611991
3.6156249999999,7.9242144796002,0.64987528057858,0.050124719421422,527.26806613819,0.46119143713278,50.124719421422,36031.843494438
3.6187499999999,7.9227738249234,0.64987519401972,0.050124805980277,526.85213240597,0.4610094965478,50.124805980277,36031.846375747
3.6218749999999,7.92133373869,0.64987510749502,0.050124892504978,526.43645131177,0.46082759470646,50.124892504978,36031.84925592
3.6249999999999,7.9198942207787,0.64987502100447,0.050124978995533,526.02102277778,0.46064573162058,50.124978995533,36031.852134956
3.6281249999999,7.9184552710683,0.64987493454805,0.050125065451948,525.60584672609,0.46046390730197,50.125065451948,36031.855012855
3.6312499999999,7.9170168894378,0.64987484812577,0.050125151874232,525.1909230788,0.46028212176243,50.125151874232,36031.857889618
3.6343749999999,7.9155790757659,0.64987476173761,0.050125238262391,524.77625175792,0.46010037501373,50.125238262391,36031.860765246
3.6374999999999,7.9141418299313,0.64987467538357,0.050125324616432,524.36183268547,0.45991866706766,50.125324616432,36031.863639737
3.6406249999999,7.9127051518128,0.64987458906364,0.050125410936364,523.94766578339,0.45973699793599,50.125410936364,36031.866513094
3.6437499999999,7.9112690412889,0.64987450277781,0.050125497222192,523.53375097361,0.45955536763048,50.125497222192,36031.869385315
3.6468749999999,7.9098334982384,0.64987441652607,0.050125583473925,523.12008817797,0.45937377616287,50.125583473925,36031.872256401
3.6499999999999,7.9083985225398,0.64987433030843,0.05012566969157,522.70667731832,0.45919222354491,50.12566969157,36031.875126352
3.6531249999999,7.9069641140718,0.64987424412487,0.050125755875134,522.29351831645,0.45901070978833,50.125755875134,36031.877995169
3.6562499999999,7.9055302727127,0.64987415797538,0.050125842024625,521.88061109409,0.45882923490485,50.125842024625,36031.880862852
3.6593749999999,7.9040969983411,0.64987407185995,0.050125928140049,521.46795557297,0.45864779890617,50.125928140049,36031.8837294
3.6624999999999,7.9026642908355,0.64987398577859,0.050126014221414,521.05555167473,0.45846640180401,50.126014221414,36031.886594815
3.6656249999999,7.9012321500742,0.64987389973127,0.050126100268727,520.643399321,0.45828504361006,50.126100268727,36031.889459097
3.6687499999999,7.8998005759356,0.649873813718,0.050126186281996,520.23149843339,0.458103724336,50.126186281996,36031.892322245
3.6718749999999,7.8983695682982,0.64987372773877,0.050126272261228,519.81984893341,0.4579224439935,50.126272261228,36031.895184261
3.6749999999999,7.8969391270401,0.64987364179357,0.05012635820643,519.40845074257,0.45774120259423,50.12635820643,36031.898045143
3.6781249999999,7.8955092520396,0.64987355588239,0.05012644411761,518.99730378234,0.45756000014985,50.12644411761,36031.900904893
3.6812499999999,7.894079943175,0.64987347000523,0.050126529994774,518.58640797413,0.45737883667201,50.126529994774,36031.903763511
3.6843749999999,7.8926512003245,0.64987338416207,0.050126615837931,518.17576323932,0.45719771217233,50.126615837931,36031.906620997
3.6874999999999,7.8912230233662,0.64987329835291,0.050126701647087,517.76536949926,0.45701662666245,50.126701647087,36031.90947735
3.6906249999999,7.8897954121782,0.64987321257775,0.05012678742225,517.35522667522,0.45683558015398,50.12678742225,36031.912332573
3.6937499999999,7.8883683666386,0.64987312683657,0.050126873163427,516.94533468849,0.45665457265854,50.126873163427,36031.915186664
3.6968749999999,7.8869418866255,0.64987304112937,0.050126958870626,516.53569346027,0.45647360418771,50.126958870626,36031.918039624
3.6999999999999,7.8855159720169,0.64987295545615,0.050127044543853,516.12630291174,0.4562926747531,50.127044543853,36031.920891453
3.7031249999999,7.8840906226908,0.64987286981688,0.050127130183117,515.71716296404,0.45611178436628,50.127130183117,36031.923742152
3.7062499999999,7.882665838525,0.64987278421158,0.050127215788424,515.30827353827,0.45593093303883,50.127215788424,36031.92659172
3.7093749999999,7.8812416193976,0.64987269864022,0.050127301359782,514.89963455546,0.45575012078229,50.127301359782,36031.929440158
3.7124999999999,7.8798179651863,0.6498726131028,0.050127386897198,514.49124593666,0.45556934760823,50.127386897198,36031.932287467
3.7156249999999,7.878394875769,0.64987252759932,0.050127472400679,514.08310760282,0.45538861352819,50.127472400679,36031.935133646
3.7187499999999,7.8769723510236,0.64987244212977,0.050127557870234,513.6752194749,0.45520791855369,50.127557870234,36031.937978695
3.7218749999999,7.8755503908277,0.64987235669413,0.050127643305868,513.26758147376,0.45502726269627,50.127643305868,36031.940822616
3.7249999999999,7.874128995059,0.64987227129241,0.05012772870759,512.86019352028,0.45484664596743,50.12772870759,36031.943665407
3.7281249999999,7.8727081635953,0.64987218592459,0.050127814075407,512.45305553528,0.45466606837868,50.127814075407,36031.94650707
3.7312499999999,7.8712878963143,0.64987210059067,0.050127899409326,512.04616743952,0.45448552994152,50.127899409326,36031.949347605
3.7343749999999,7.8698681930934,0.64987201529065,0.050127984709354,511.63952915374,0.45430503066742,50.127984709354,36031.952187011
3.7374999999999,7.8684490538104,0.6498719300245,0.0501280699755,511.23314059863,0.45412457056786,50.1280699755,36031.95502529
3.7406249999999,7.8670304783427,0.64987184479223,0.05012815520777,510.82700169485,0.45394414965432,50.12815520777,36031.95786244
3.7437499999999,7.8656124665679,0.64987175959383,0.050128240406171,510.42111236301,0.45376376793823,50.128240406171,36031.960698464
3.7468749999999,7.8641950183634,0.64987167442929,0.050128325570712,510.01547252371,0.45358342543106,50.128325570712,36031.96353336
3.7499999999999,7.8627781336067,0.6498715892986,0.050128410701399,509.61008209748,0.45340312214425,50.128410701399,36031.96636713
3.7531249999999,7.8613618121752,0.64987150420176,0.050128495798239,509.20494100479,0.4532228580892,50.128495798239,36031.969199773
3.7562499999999,7.8599460539462,0.64987141913876,0.050128580861241,508.80004916612,0.45304263327735,50.128580861241,36031.972031289
3.7593749999999,7.8585308587971,0.64987133410959,0.050128665890411,508.39540650188,0.4528624477201,50.128665890411,36031.97486168
3.7624999999999,7.8571162266051,0.64987124911424,0.050128750885757,507.99101293246,0.45268230142885,50.128750885757,36031.977690944
3.7656249999999,7.8557021572476,0.64987116415271,0.050128835847286,507.58686837819,0.452502194415,50.128835847286,36031.980519083
3.7687499999999,7.8542886506017,0.64987107922499,0.050128920775006,507.18297275937,0.4523221266899,50.128920775006,36031.983346096
3.7718749999999,7.8528757065446,0.64987099433108,0.050129005668924,506.77932599628,0.45214209826496,50.129005668924,36031.986171984
3.7749999999999,7.8514633249535,0.64987090947095,0.050129090529047,506.37592800911,0.4519621091515,50.129090529047,36031.988996747
3.7781249999999,7.8500515057055,0.64987082464462,0.050129175355383,505.97277871806,0.4517821593609,50.129175355383,36031.991820386
3.7812499999999,7.8486402486777,0.64987073985206,0.050129260147939,505.56987804327,0.45160224890449,50.129260147939,36031.9946429
3.7843749999999,7.8472295537471,0.64987065509328,0.050129344906722,505.16722590485,0.45142237779359,50.129344906722,36031.99746429
3.7874999999999,7.8458194207907,0.64987057036826,0.050129429631741,504.76482222285,0.45124254603954,50.129429631741,36032.000284556
3.7906249999999,7.8444098496856,0.649870485677,0.050129514323001,504.36266691732,0.45106275365365,50.129514323001,36032.003103698
3.7937499999999,7.8430008403085,0.64987040101949,0.050129598980512,503.96075990823,0.45088300064721,50.129598980512,36032.005921717
3.7968749999999,7.8415923925366,0.64987031639572,0.050129683604279,503.55910111554,0.45070328703152,50.129683604279,36032.008738612
3.7999999999999,7.8401845062465,0.64987023180569,0.050129768194311,503.15769045915,0.45052361281786,50.129768194311,36032.011554385
3.8031249999999,7.8387771813152,0.64987014724938,0.050129852750615,502.75652785893,0.45034397801751,50.129852750615,36032.014369035
3.8062499999999,7.8373704176194,0.6498700627268,0.050129937273198,502.35561323472,0.45016438264172,50.129937273198,36032.017182562
3.8093749999999,7.835964215036,0.64986997823793,0.050130021762068,501.9549465063,0.44998482670176,50.130021762068,36032.019994967
3.8124999999999,7.8345585734416,0.64986989378277,0.050130106217232,501.55452759345,0.44980531020886,50.130106217232,36032.02280625
3.8156249999999,7.8331534927129,0.6498698093613,0.050130190638697,501.15435641587,0.44962583317426,50.130190638697,36032.025616412
3.8187499999999,7.8317489727266,0.64986972497353,0.050130275026472,500.75443289324,0.44944639560919,50.130275026472,36032.028425452
3.8218749999999,7.8303450133594,0.64986964061944,0.050130359380562,500.3547569452,0.44926699752486,50.130359380562,36032.03123337
3.8249999999999,7.8289416144877,0.64986955629902,0.050130443700977,499.95532849135,0.44908763893247,50.130443700977,36032.034040168
3.8281249999999,7.8275387759882,0.64986947201228,0.050130527987722,499.55614745126,0.44890831984322,50.130527987722,36032.036845845
3.8312499999999,7.8261364977374,0.64986938775919,0.050130612240806,499.15721374445,0.4487290402683,50.130612240806,36032.039650402
3.8343749999999,7.8247347796117,0.64986930353976,0.050130696460237,498.7585272904,0.44854980021888,50.130696460237,36032.042453838
3.8374999999999,7.8233336214876,0.64986921935398,0.05013078064602,498.36008800858,0.44837059970613,50.13078064602,36032.045256154
3.8406249999999,7.8219330232415,0.64986913520184,0.050130864798165,497.96189581837,0.4481914387412,50.130864798165,36032.048057351
3.8437499999999,7.8205329847499,0.64986905108332,0.050130948916677,497.56395063916,0.44801231733525,50.130948916677,36032.050857428
3.8468749999999,7.8191335058889,0.64986896699843,0.050131033001566,497.16625239028,0.4478332354994,50.131033001566,36032.053656385
3.8499999999999,7.817734586535,0.64986888294716,0.050131117052837,496.76880099103,0.44765419324479,50.131117052837,36032.056454224
3.8531249999999,7.8163362265645,0.6498687989295,0.050131201070499,496.37159636067,0.44747519058253,50.131201070499,36032.059250944
3.8562499999999,7.8149384258535,0.64986871494544,0.05013128505456,495.9746384184,0.44729622752372,50.131285054559,36032.062046545
3.8593749999999,7.8135411842782,0.64986863099497,0.050131369005025,495.57792708343,0.44711730407948,50.131369005025,36032.064841029
3.8624999999999,7.8121445017149,0.6498685470781,0.050131452921904,495.18146227489,0.44693842026088,50.131452921904,36032.067634394
3.8656249999999,7.8107483780397,0.6498684631948,0.050131536805202,494.78524391189,0.446759576079,50.131536805202,36032.070426641
3.8687499999999,7.8093528131286,0.64986837934507,0.050131620654929,494.3892719135,0.44658077154491,50.131620654929,36032.073217771
3.8718749999999,7.8079578068578,0.64986829552891,0.050131704471091,493.99354619874,0.44640200666968,50.131704471091,36032.076007783
3.8749999999999,7.8065633591032,0.6498682117463,0.050131788253695,493.59806668662,0.44622328146434,50.131788253695,36032.078796679
3.8781249999999,7.8051694697409,0.64986812799725,0.05013187200275,493.2028332961,0.44604459593994,50.13187200275,36032.081584458
3.8812499999999,7.8037761386468,0.64986804428174,0.050131955718262,492.80784594609,0.4458659501075,50.131955718262,36032.08437112
3.8843749999999,7.8023833656968,0.64986796059976,0.050132039400239,492.41310455546,0.44568734397805,50.132039400239,36032.087156666
3.8874999999999,7.800991150767,0.64986787695131,0.050132123048689,492.01860904308,0.44550877756259,50.132123048689,36032.089941096
3.8906249999999,7.799599493733,0.64986779333638,0.050132206663618,491.62435932773,0.44533025087213,50.132206663618,36032.09272441
3.8937499999999,7.7982083944707,0.64986770975496,0.050132290245035,491.2303553282,0.44515176391765,50.132290245035,36032.095506608
3.8968749999999,7.796817852856,0.64986762620705,0.050132373792947,490.83659696322,0.44497331671013,50.132373792947,36032.098287691
3.8999999999999,7.7954278687645,0.64986754269264,0.050132457307361,490.44308415147,0.44479490926054,50.132457307361,36032.10106766
3.9031249999999,7.7940384420721,0.64986745921171,0.050132540788285,490.04981681163,0.44461654157985,50.132540788285,36032.103846513
3.9062499999999,7.7926495726544,0.64986737576427,0.050132624235726,489.65679486231,0.444438213679,50.132624235726,36032.106624252
3.9093749999999,7.791261260387,0.64986729235031,0.050132707649692,489.2640182221,0.44425992556893,50.132707649692,36032.109400876
3.9124999999999,7.7898735051455,0.64986720896981,0.05013279103019,488.87148680954,0.44408167726057,50.13279103019,36032.112176387
3.9156249999999,7.7884863068056,0.64986712562277,0.050132874377228,488.47920054315,0.44390346876484,50.132874377228,36032.114950784
3.9187499999999,7.7870996652428,0.64986704230919,0.050132957690813,488.08715934139,0.44372530009266,50.132957690813,36032.117724067
3.9218749999999,7.7857135803327,0.64986695902905,0.050133040970953,487.6953631227,0.44354717125492,50.133040970953,36032.120496237
3.9249999999999,7.7843280519506,0.64986687578235,0.050133124217655,487.30381180549,0.44336908226251,50.133124217655,36032.123267293
3.9281249999999,7.7829430799721,0.64986679256907,0.050133207430926,486.91250530811,0.44319103312631,50.133207430926,36032.126037237
3.9312499999999,7.7815586642725,0.64986670938923,0.050133290610775,486.52144354891,0.44301302385721,50.133290610775,36032.128806069
3.9343749999999,7.7801748047273,0.64986662624279,0.050133373757208,486.13062644615,0.44283505446604,50.133373757208,36032.131573788
3.9374999999999,7.7787915012118,0.64986654312977,0.050133456870233,485.74005391811,0.44265712496368,50.133456870233,36032.134340395
3.9406249999999,7.7774087536013,0.64986646005014,0.050133539949857,485.34972588299,0.44247923536094,50.133539949857,36032.13710589
3.9437499999999,7.7760265617711,0.64986637700391,0.050133622996089,484.95964225899,0.44230138566868,50.133622996089,36032.139870274
3.9468749999999,7.7746449255964,0.64986629399106,0.050133706008935,484.56980296423,0.44212357589771,50.133706008935,36032.142633546
3.9499999999999,7.7732638449525,0.6498662110116,0.050133788988404,484.18020791684,0.44194580605883,50.133788988404,36032.145395707
3.9531249999999,7.7718833197145,0.6498661280655,0.050133871934502,483.79085703488,0.44176807616286,50.133871934502,36032.148156758
3.9562499999999,7.7705033497575,0.64986604515276,0.050133954847237,483.40175023638,0.44159038622057,50.133954847237,36032.150916698
3.9593749999999,7.7691239349568,0.64986596227338,0.050134037726616,483.01288743935,0.44141273624275,50.134037726616,36032.153675527
3.9624999999999,7.7677450751873,0.64986587942735,0.050134120572648,482.62426856175,0.44123512624018,50.134120572648,36032.156433247
3.9656249999999,7.7663667703241,0.64986579661466,0.050134203385339,482.23589352151,0.44105755622361,50.134203385339,36032.159189857
3.9687499999999,7.7649890202422,0.6498657138353,0.050134286164697,481.84776223651,0.4408800262038,50.134286164697,36032.161945357
3.9718749999999,7.7636118248166,0.64986563108927,0.05013436891073,481.45987462462,0.44070253619148,50.13436891073,36032.164699748
3.9749999999999,7.7622351839222,0.64986554837656,0.050134451623444,481.07223060366,0.44052508619738,50.134451623444,36032.167453029
3.9781249999999,7.760859097434,0.64986546569715,0.050134534302849,480.6848300914,0.44034767623223,50.134534302849,36032.170205202
3.9812499999999,7.7594835652268,0.64986538305105,0.050134616948951,480.2976730056,0.44017030630674,50.134616948951,36032.172956267
3.9843749999999,7.7581085871754,0.64986530043824,0.050134699561757,479.91075926397,0.4399929764316,50.134699561757,36032.175706223
3.9874999999999,7.7567341631548,0.64986521785872,0.050134782141275,479.52408878419,0.43981568661752,50.134782141275,36032.178455071
3.9906249999999,7.7553602930395,0.64986513531249,0.050134864687513,479.13766148389,0.43963843687516,50.134864687513,36032.181202811
3.9937499999999,7.7539869767045,0.64986505279952,0.050134947200479,478.75147728068,0.43946122721521,50.134947200479,36032.183949444
3.9968749999999,7.7526142140244,0.64986497031982,0.050135029680179,478.36553609214,0.43928405764831,50.135029680179,36032.186694969
3.9999999999999,7.7512420048738,0.64986488787338,0.050135112126621,477.97983783579,0.43910692818513,50.135112126621,36032.189439387
4.0031249999999,7.7498703491274,0.64986480546019,0.050135194539813,477.59438242913,0.43892983883629,50.135194539813,36032.192182699
4.0062499999999,7.7484992466599,0.64986472308024,0.050135276919763,477.20916978962,0.43875278961244,50.135276919763,36032.194924904
4.0093749999999,7.7471286973457,0.64986464073352,0.050135359266477,476.82419983471,0.43857578052418,50.135359266477,36032.197666002
4.0124999999999,7.7457587010596,0.64986455842004,0.050135441579964,476.43947248178,0.43839881158214,50.135441579964,36032.200405995
4.0156249999999,7.7443892576758,0.64986447613977,0.050135523860231,476.05498764818,0.43822188279692,50.135523860231,36032.203144882
4.0187499999999,7.743020367069,0.64986439389271,0.050135606107285,475.67074525124,0.43804499417909,50.135606107285,36032.205882663
4.0218749999999,7.7416520291136,0.64986431167887,0.050135688321135,475.28674520825,0.43786814573924,50.135688321135,36032.208619339
4.0249999999999,7.7402842436839,0.64986422949821,0.050135770501787,474.90298743646,0.43769133748795,50.135770501787,36032.21135491
4.0281249999999,7.7389170106545,0.64986414735075,0.050135852649249,474.51947185308,0.43751456943576,50.135852649249,36032.214089376
4.0312499999999,7.7375503298995,0.64986406523647,0.050135934763529,474.1361983753,0.43733784159323,50.135934763529,36032.216822737
4.0343749999999,7.7361842012933,0.64986398315537,0.050136016844634,473.75316692027,0.4371611539709,50.136016844634,36032.219554995
4.0374999999999,7.7348186247102,0.64986390110743,0.050136098892572,473.3703774051,0.4369845065793,50.136098892572,36032.222286148
4.0406249999999,7.7334536000245,0.64986381909265,0.05013618090735,472.98782974686,0.43680789942895,50.13618090735,36032.225016197
4.0437499999999,7.7320891271104,0.64986373711102,0.050136262888976,472.60552386261,0.43663133253036,50.136262888976,36032.227745143
4.0468749999999,7.730725205842,0.64986365516254,0.050136344837457,472.22345966934,0.43645480589401,50.136344837457,36032.230472985
4.0499999999999,7.7293618360934,0.6498635732472,0.050136426752802,471.84163708405,0.43627831953041,50.136426752802,36032.233199725
4.0531249999999,7.7279990177389,0.64986349136498,0.050136508635017,471.46005602365,0.43610187345003,50.136508635017,36032.235925362
4.0562499999999,7.7266367506525,0.64986340951589,0.050136590484111,471.07871640506,0.43592546766335,50.136590484111,36032.238649896
4.0593749999999,7.7252750347081,0.64986332769991,0.05013667230009,470.69761814515,0.43574910218081,50.13667230009,36032.241373328
4.0624999999999,7.72391386978,0.64986324591704,0.050136754082962,470.31676116075,0.43557277701286,50.136754082962,36032.244095658
4.0656249999999,7.7225532557419,0.64986316416726,0.050136835832735,469.93614536867,0.43539649216995,50.136835832735,36032.246816886
4.0687499999999,7.721193192468,0.64986308245058,0.050136917549417,469.55577068567,0.4352202476625,50.136917549417,36032.249537012
4.0718749999999,7.7198336798321,0.64986300076699,0.050136999233015,469.17563702849,0.43504404350093,50.136999233015,36032.252256038
4.0749999999999,7.718474717708,0.64986291911646,0.050137080883536,468.79574431382,0.43486787969564,50.137080883536,36032.254973962
4.0781249999999,7.7171163059697,0.64986283749901,0.050137162500988,468.41609245833,0.43469175625703,50.137162500988,36032.257690785
4.0812499999999,7.715758444491,0.64986275591462,0.05013724408538,468.03668137865,0.43451567319549,50.13724408538,36032.260406508
4.0843749999999,7.7144011331456,0.64986267436328,0.050137325636717,467.65751099138,0.4343396305214,50.137325636717,36032.263121131
4.0874999999999,7.7130443718073,0.64986259284499,0.050137407155009,467.27858121308,0.43416362824512,50.137407155009,36032.265834654
4.0906249999999,7.7116881603499,0.64986251135974,0.050137488640262,466.89989196028,0.433987666377,50.137488640262,36032.268547076
4.0937499999999,7.710332498647,0.64986242990752,0.050137570092484,466.52144314946,0.43381174492739,50.137570092484,36032.2712584
4.0968749999999,7.7089773865723,0.64986234848832,0.050137651511683,466.14323469711,0.43363586390664,50.137651511683,36032.273968624
4.0999999999999,7.7076228239994,0.64986226710213,0.050137732897866,465.76526651963,0.43346002332506,50.137732897866,36032.276677749
4.1031249999999,7.7062688108019,0.64986218574896,0.050137814251041,465.38753853342,0.43328422319296,50.137814251041,36032.279385776
4.1062499999999,7.7049153468534,0.64986210442878,0.050137895571215,465.01005065485,0.43310846352066,50.137895571215,36032.282092703
4.1093749999999,7.7035624320274,0.6498620231416,0.050137976858397,464.63280280025,0.43293274431844,50.137976858397,36032.284798533
4.1124999999999,7.7022100661974,0.64986194188741,0.050138058112593,464.25579488589,0.4327570655966,50.138058112593,36032.287503265
4.1156249999999,7.7008582492369,0.64986186066619,0.050138139333811,463.87902682805,0.4325814273654,50.138139333811,36032.290206899
4.1187499999999,7.6995069810193,0.64986177947794,0.050138220522059,463.50249854295,0.43240582963511,50.138220522059,36032.292909435
4.1218749999999,7.698156261418,0.64986169832265,0.050138301677345,463.12620994677,0.43223027241598,50.138301677345,36032.295610874
4.1249999999999,7.6968060903064,0.64986161720032,0.050138382799676,462.75016095568,0.43205475571825,50.138382799676,36032.298311217
4.1281249999999,7.6954564675578,0.64986153611094,0.05013846388906,462.37435148581,0.43187927955216,50.13846388906,36032.301010462
4.1312499999999,7.6941073930455,0.6498614550545,0.050138544945504,461.99878145324,0.43170384392793,50.138544945504,36032.303708611
4.1343749999999,7.6927588666428,0.64986137403098,0.050138625969016,461.62345077405,0.43152844885578,50.138625969016,36032.306405664
4.1374999999999,7.691410888223,0.6498612930404,0.050138706959603,461.24835936424,0.4313530943459,50.138706959603,36032.309101621
4.1406249999999,7.6900634576592,0.64986121208273,0.050138787917274,460.87350713982,0.43117778040848,50.138787917274,36032.311796482
4.1437499999999,7.6887165748247,0.64986113115797,0.050138868842035,460.49889401675,0.43100250705371,50.138868842035,36032.314490248
4.1468749999999,7.6873702395925,0.64986105026611,0.050138949733895,460.12451991094,0.43082727429175,50.138949733895,36032.317182918
4.1499999999999,7.6860244518358,0.64986096940714,0.05013903059286,459.7503847383,0.43065208213278,50.13903059286,36032.319874493
4.1531249999999,7.6846792114278,0.64986088858106,0.05013911141894,459.37648841469,0.43047693058693,50.13911141894,36032.322564974
4.1562499999999,7.6833345182413,0.64986080778786,0.050139192212141,459.00283085594,0.43030181966435,50.139192212141,36032.325254361
4.1593749999999,7.6819903721495,0.64986072702753,0.05013927297247,458.62941197784,0.43012674937516,50.13927297247,36032.327942653
4.1624999999999,7.6806467730254,0.64986064630006,0.050139353699936,458.25623169615,0.42995171972949,50.139353699936,36032.330629851
4.1656249999999,7.6793037207418,0.64986056560545,0.050139434394547,457.88328992662,0.42977673073744,50.139434394547,36032.333315956
4.1687499999999,7.6779612151718,0.64986048494369,0.050139515056309,457.51058658492,0.42960178240912,50.139515056309,36032.336000967
4.1718749999999,7.6766192561882,0.64986040431477,0.050139595685231,457.13812158674,0.42942687475461,50.139595685231,36032.338684885
4.1749999999999,7.6752778436639,0.64986032371868,0.050139676281319,456.76589484769,0.42925200778398,50.139676281319,36032.34136771
4.1781249999999,7.6739369774717,0.64986024315542,0.050139756844583,456.39390628338,0.42907718150732,50.139756844583,36032.344049442
4.1812499999999,7.6725966574844,0.64986016262497,0.050139837375028,456.02215580939,0.42890239593466,50.139837375028,36032.346730082
4.1843749999999,7.6712568835748,0.64986008212734,0.050139917872664,455.65064334123,0.42872765107606,50.139917872664,36032.34940963
4.1874999999999,7.6699176556156,0.6498600016625,0.050139998337498,455.27936879443,0.42855294694155,50.139998337498,36032.352088086
4.1906249999999,7.6685789734795,0.64985992123046,0.050140078769537,454.90833208444,0.42837828354116,50.140078769537,36032.35476545
4.1937499999999,7.6672408370392,0.64985984083121,0.050140159168788,454.5375331267,0.42820366088491,50.140159168788,36032.357441723
4.1968749999999,7.6659032461674,0.64985976046474,0.050140239535261,454.16697183663,0.42802907898279,50.140239535261,36032.360116905
4.1999999999999,7.6645662007366,0.64985968013104,0.050140319868961,453.7966481296,0.42785453784481,50.140319868961,36032.362790996
4.2031249999999,7.6632297006195,0.6498595998301,0.050140400169898,453.42656192096,0.42768003748095,50.140400169898,36032.365463996
4.2062499999999,7.6618937456885,0.64985951956192,0.050140480438078,453.05671312601,0.42750557790117,50.140480438078,36032.368135906
4.2093749999999,7.6605583358163,0.64985943932649,0.050140560673509,452.68710166004,0.42733115911546,50.140560673509,36032.370806726
4.2124999999999,7.6592234708753,0.6498593591238,0.050140640876199,452.31772743828,0.42715678113374,50.140640876199,36032.373476455
4.2156249999999,7.6578891507379,0.64985927895384,0.050140721046156,451.94859037595,0.42698244396598,50.140721046156,36032.376145096
4.2187499999999,7.6565553752765,0.64985919881661,0.050140801183387,451.57969038824,0.42680814762209,50.140801183387,36032.378812647
4.2218749999999,7.6552221443637,0.6498591187121,0.0501408812879,451.2110273903,0.42663389211201,50.1408812879,36032.381479108
4.2249999999999,7.6538894578717,0.6498590386403,0.050140961359703,450.84260129726,0.42645967744564,50.140961359703,36032.384144481
4.2281249999999,7.6525573156728,0.6498589586012,0.050141041398803,450.47441202419,0.42628550363288,50.141041398803,36032.386808766
4.2312499999999,7.6512257176394,0.64985887859479,0.050141121405207,450.10645948616,0.42611137068362,50.141121405207,36032.389471962
4.2343749999999,7.6498946636438,0.64985879862108,0.050141201378924,449.73874359819,0.42593727860774,50.141201378924,36032.39213407
4.2374999999999,7.6485641535581,0.64985871868004,0.050141281319962,449.37126427528,0.42576322741511,50.141281319962,36032.39479509
4.2406249999999,7.6472341872546,0.64985863877167,0.050141361228327,449.00402143239,0.4255892171156,50.141361228327,36032.397455023
4.2437499999999,7.6459047646055,0.64985855889597,0.050141441104028,448.63701498445,0.42541524771903,50.141441104028,36032.400113868
4.2468749999999,7.6445758854829,0.64985847905293,0.050141520947073,448.27024484636,0.42524131923526,50.141520947073,36032.402771626
4.2499999999999,7.6432475497589,0.64985839924253,0.050141600757468,447.903710933,0.42506743167411,50.141600757468,36032.405428298
4.2531249999999,7.6419197573057,0.64985831946478,0.050141680535222,447.53741315919,0.4248935850454,50.141680535222,36032.408083883
4.2562499999999,7.6405925079952,0.64985823971966,0.050141760280342,447.17135143974,0.42471977935892,50.141760280342,36032.410738381
4.2593749999999,7.6392658016995,0.64985816000716,0.050141839992837,446.80552568944,0.42454601462448,50.141839992837,36032.413391794
4.2624999999999,7.6379396382906,0.64985808032729,0.050141919672713,446.43993582303,0.42437229085187,50.141919672713,36032.416044121
4.2656249999999,7.6366140176404,0.64985800068002,0.050141999319978,446.07458175522,0.42419860805085,50.141999319978,36032.418695362
4.2687499999999,7.6352889396209,0.64985792106536,0.050142078934641,445.70946340069,0.42402496623119,50.142078934641,36032.421345518
4.2718749999999,7.6339644041041,0.64985784148329,0.050142158516708,445.34458067409,0.42385136540263,50.142158516708,36032.423994589
4.2749999999999,7.6326404109616,0.64985776193381,0.050142238066188,444.97993349007,0.42367780557494,50.142238066188,36032.426642575
4.2781249999999,7.6313169600655,0.64985768241691,0.050142317583088,444.61552176319,0.42350428675783,50.142317583088,36032.429289477
4.2812499999999,7.6299940512875,0.64985760293258,0.050142397067417,444.25134540802,0.42333080896104,50.142397067417,36032.431935295
4.2843749999999,7.6286716844994,0.64985752348082,0.05014247651918,443.88740433909,0.42315737219425,50.14247651918,36032.434580028
4.2874999999999,7.627349859573,0.64985744406161,0.050142555938387,443.52369847091,0.42298397646719,50.142555938387,36032.437223678
4.2906249999999,7.6260285763799,0.64985736467495,0.050142635325045,443.16022771792,0.42281062178954,50.142635325045,36032.439866244
4.2937499999999,7.6247078347918,0.64985728532084,0.050142714679162,442.7969919946,0.42263730817098,50.142714679162,36032.442507728
4.2968749999999,7.6233876346805,0.64985720599925,0.050142794000746,442.43399121532,0.42246403562117,50.142794000746,36032.445148128
4.2999999999999,7.6220679759176,0.6498571267102,0.050142873289803,442.07122529447,0.42229080414977,50.142873289803,36032.447787445
4.3031249999999,7.6207488583745,0.64985704745366,0.050142952546342,441.70869414641,0.42211761376644,50.142952546342,36032.45042568
4.3062499999999,7.619430281923,0.64985696822963,0.050143031770371,441.34639768545,0.42194446448081,50.143031770371,36032.453062833
4.3093749999999,7.6181122464346,0.6498568890381,0.050143110961898,440.98433582587,0.4217713563025,50.143110961898,36032.455698904
4.3124999999999,7.6167947517807,0.64985680987907,0.050143190120929,440.62250848193,0.42159828924113,50.143190120929,36032.458333894
4.3156249999999,7.6154777978329,0.64985673075253,0.050143269247473,440.26091556786,0.4214252633063,50.143269247473,36032.460967801
4.3187499999999,7.6141613844626,0.64985665165846,0.050143348341537,439.89955699785,0.42125227850762,50.143348341537,36032.463600628
4.3218749999999,7.6128455115411,0.64985657259687,0.05014342740313,439.53843268608,0.42107933485465,50.14342740313,36032.466232374
4.3249999999999,7.61153017894,0.64985649356774,0.050143506432259,439.17754254669,0.42090643235699,50.143506432259,36032.468863039
4.3281249999999,7.6102153865306,0.64985641457107,0.050143585428931,438.81688649376,0.42073357102418,50.143585428931,36032.471492624
4.3312499999999,7.6089011341841,0.64985633560685,0.050143664393155,438.4564644414,0.42056075086578,50.143664393155,36032.474121129
4.3343749999999,7.607587421772,0.64985625667506,0.050143743324938,438.09627630364,0.42038797189133,50.143743324938,36032.476748554
4.3374999999999,7.6062742491654,0.64985617777571,0.050143822224287,437.73632199449,0.42021523411037,50.143822224287,36032.479374899
4.3406249999999,7.6049616162356,0.64985609890879,0.050143901091212,437.37660142796,0.4200425375324,50.143901091212,36032.482000165
4.3437499999999,7.6036495228538,0.64985602007428,0.050143979925718,437.01711451799,0.41986988216694,50.143979925718,36032.484624351
4.3468749999999,7.6023379688913,0.64985594127218,0.050144058727815,436.65786117854,0.4196972680235,50.144058727815,36032.487247459
4.3499999999999,7.601026954219,0.64985586250249,0.05014413749751,436.29884132347,0.41952469511155,50.14413749751,36032.489869489
4.3531249999999,7.5997164787083,0.64985578376519,0.05014421623481,435.94005486668,0.41935216344058,50.14421623481,36032.49249044
4.3562499999999,7.5984065422301,0.64985570506028,0.050144294939723,435.581501722,0.41917967302004,50.144294939723,36032.495110313
4.3593749999999,7.5970971446555,0.64985562638774,0.050144373612258,435.22318180323,0.4190072238594,50.144373612258,36032.497729108
4.3624999999999,7.5957882858556,0.64985554774758,0.050144452252421,434.86509502418,0.41883481596811,50.144452252421,36032.500346825
4.3656249999999,7.5944799657014,0.64985546913978,0.050144530860221,434.50724129859,0.41866244935558,50.144530860221,36032.502963466
4.3687499999999,7.5931721840638,0.64985539056433,0.050144609435665,434.14962054018,0.41849012403126,50.144609435665,36032.505579029
4.3718749999999,7.5918649408138,0.64985531202124,0.050144687978761,433.79223266265,0.41831784000455,50.144687978761,36032.508193516
4.3749999999999,7.5905582358223,0.64985523351048,0.050144766489517,433.43507757967,0.41814559728485,50.144766489517,36032.510806926
4.3781249999999,7.5892520689601,0.64985515503206,0.050144844967941,433.07815520488,0.41797339588156,50.144844967941,36032.513419259
4.3812499999999,7.5879464400983,0.64985507658596,0.05014492341404,432.72146545188,0.41780123580406,50.14492341404,36032.516030517
4.3843749999999,7.5866413491074,0.64985499817218,0.050145001827822,432.36500823425,0.41762911706171,50.145001827822,36032.518640699
4.3874999999999,7.5853367958585,0.64985491979071,0.050145080209295,432.00878346554,0.41745703966388,50.145080209295,36032.521249805
4.3906249999999,7.5840327802222,0.64985484144153,0.050145158558466,431.65279105929,0.41728500361991,50.145158558466,36032.523857837
4.3937499999999,7.5827293020692,0.64985476312466,0.050145236875344,431.29703092897,0.41711300893915,50.145236875344,36032.526464793
4.3968749999999,7.5814263612704,0.64985468484006,0.050145315159936,430.94150298806,0.41694105563091,50.145315159936,36032.529070675
4.3999999999999,7.5801239576963,0.64985460658775,0.05014539341225,430.58620715,0.41676914370453,50.14539341225,36032.531675482
4.4031249999999,7.5788220912176,0.64985452836771,0.050145471632293,430.23114332818,0.41659727316929,50.145471632293,36032.534279215
4.4062499999999,7.577520761705,0.64985445017993,0.050145549820075,429.876311436,0.41642544403451,50.145549820075,36032.536881874
4.4093749999999,7.5762199690291,0.6498543720244,0.050145627975601,429.52171138681,0.41625365630945,50.145627975601,36032.539483459
4.4124999999999,7.5749197130603,0.64985429390112,0.05014570609888,429.16734309391,0.4160819100034,50.14570609888,36032.542083971
4.4156249999999,7.5736199936693,0.64985421581008,0.05014578418992,428.81320647063,0.41591020512562,50.14578418992,36032.54468341
4.4187499999999,7.5723208107266,0.64985413775127,0.050145862248729,428.4593014302,0.41573854168536,50.145862248729,36032.547281776
4.4218749999999,7.5710221641025,0.64985405972469,0.050145940275314,428.10562788587,0.41556691969185,50.145940275314,36032.549879069
4.4249999999999,7.5697240536677,0.64985398173032,0.050146018269684,427.75218575086,0.41539533915434,50.146018269684,36032.55247529
4.4281249999999,7.5684264792924,0.64985390376816,0.050146096231845,427.39897493835,0.41522380008203,50.146096231845,36032.555070439
4.4312499999999,7.5671294408472,0.64985382583819,0.050146174161806,427.04599536149,0.41505230248415,50.146174161806,36032.557664515
4.4343749999999,7.5658329382023,0.64985374794043,0.050146252059574,426.69324693341,0.41488084636988,50.146252059574,36032.560257521
4.4374999999999,7.564536971228,0.64985367007484,0.050146329925158,426.3407295672,0.41470943174841,50.146329925158,36032.562849455
4.4406249999999,7.5632415397948,0.64985359224144,0.050146407758565,425.98844317594,0.41453805862892,50.146407758565,36032.565440318
4.4437499999999,7.5619466437729,0.6498535144402,0.050146485559802,425.63638767267,0.41436672702058,50.146485559802,36032.56803011
4.4468749999999,7.5606522830325,0.64985343667112,0.050146563328879,425.2845629704,0.41419543693254,50.146563328879,36032.570618831
4.4499999999999,7.5593584574438,0.6498533589342,0.050146641065801,424.93296898212,0.41402418837395,50.146641065801,36032.573206482
4.4531249999999,7.5580651668771,0.64985328122942,0.050146718770579,424.58160562079,0.41385298135392,50.146718770579,36032.575793063
4.4562499999999,7.5567724112025,0.64985320355678,0.050146796443218,424.23047279935,0.4136818158816,50.146796443218,36032.578378575
4.4593749999999,7.5554801902901,0.64985312591627,0.050146874083727,423.87957043069,0.41351069196609,50.146874083727,36032.580963017
4.4624999999999,7.55418850401,0.64985304830789,0.050146951692114,423.52889842769,0.41333960961649,50.146951692114,36032.583546389
4.4656249999999,7.5528973522324,0.64985297073161,0.050147029268386,423.17845670321,0.41316856884189,50.147029268386,36032.586128693
4.4687499999999,7.5516067348272,0.64985289318745,0.050147106812551,422.82824517006,0.41299756965137,50.147106812551,36032.588709928
4.4718749999999,7.5503166516646,0.64985281567538,0.050147184324618,422.47826374104,0.412826612054,50.147184324618,36032.591290094
4.4749999999999,7.5490271026144,0.64985273819541,0.050147261804594,422.12851232892,0.41265569605883,50.147261804594,36032.593869192
4.4781249999999,7.5477380875467,0.64985266074751,0.050147339252486,421.77899084645,0.41248482167491,50.147339252486,36032.596447222
4.4812499999999,7.5464496063313,0.6498525833317,0.050147416668303,421.42969920632,0.41231398891127,50.147416668303,36032.599024184
4.4843749999999,7.5451616588382,0.64985250594795,0.050147494052052,421.08063732123,0.41214319777695,50.147494052052,36032.601600079
4.4874999999999,7.5438742449374,0.64985242859626,0.050147571403742,420.73180510385,0.41197244828095,50.147571403742,36032.604174907
4.4906249999999,7.5425873644985,0.64985235127662,0.050147648723379,420.38320246679,0.41180174043228,50.147648723379,36032.606748668
4.4937499999999,7.5413010173915,0.64985227398903,0.050147726010972,420.03482932267,0.41163107423993,50.147726010972,36032.609321362
4.4968749999999,7.5400152034862,0.64985219673347,0.050147803266529,419.68668558407,0.41146044971287,50.147803266529,36032.61189299
4.4999999999999,7.5387299226522,0.64985211950994,0.050147880490057,419.33877116353,0.41128986686009,50.147880490057,36032.614463552
4.5031249999999,7.5374451747594,0.64985204231843,0.050147957681565,418.99108597359,0.41111932569053,50.147957681565,36032.617033048
4.5062499999999,7.5361609596775,0.64985196515894,0.05014803484106,418.64362992673,0.41094882621315,50.14803484106,36032.619601478
4.5093749999999,7.5348772772762,0.64985188803145,0.050148111968549,418.29640293545,0.41077836843689,50.148111968549,36032.622168843
4.5124999999999,7.533594127425,0.64985181093596,0.050148189064042,417.94940491217,0.41060795237067,50.148189064042,36032.624735142
4.5156249999999,7.5323115099937,0.64985173387245,0.050148266127545,417.60263576932,0.4104375780234,50.148266127545,36032.627300377
4.5187499999999,7.5310294248518,0.64985165684093,0.050148343159067,417.25609541929,0.410267245404,50.148343159067,36032.629864547
4.5218749999999,7.5297478718689,0.64985157984139,0.050148420158615,416.90978377443,0.41009695452134,50.148420158615,36032.632427653
4.5249999999999,7.5284668509146,0.6498515028738,0.050148497126197,416.56370074712,0.40992670538433,50.148497126197,36032.634989695
4.5281249999999,7.5271863618583,0.64985142593818,0.050148574061821,416.21784624963,0.40975649800182,50.148574061821,36032.637550673
4.5312499999999,7.5259064045696,0.64985134903451,0.050148650965494,415.87222019427,0.40958633238269,50.148650965494,36032.640110588
4.5343749999999,7.524626978918,0.64985127216277,0.050148727837226,415.52682249331,0.40941620853577,50.148727837226,36032.642669439
4.5374999999999,7.5233480847728,0.64985119532298,0.050148804677023,415.18165305896,0.40924612646992,50.148804677023,36032.645227228
4.5406249999999,7.5220697220034,0.64985111851511,0.050148881484893,414.83671180344,0.40907608619395,50.148881484893,36032.647783953
4.5437499999999,7.5207918904793,0.64985104173916,0.050148958260844,414.49199863894,0.40890608771669,50.148958260844,36032.650339616
4.5468749999999,7.5195145900698,0.64985096499512,0.050149035004885,414.14751347761,0.40873613104693,50.149035004885,36032.652894217
4.5499999999999,7.5182378206442,0.64985088828298,0.050149111717022,413.80325623158,0.40856621619348,50.149111717022,36032.655447756
4.5531249999999,7.5169615820718,0.64985081160274,0.050149188397264,413.45922681295,0.40839634316512,50.149188397264,36032.658000233
4.5562499999999,7.5156858742219,0.64985073495438,0.050149265045619,413.11542513381,0.40822651197062,50.149265045619,36032.660551649
4.5593749999999,7.5144106969637,0.64985065833791,0.050149341662094,412.77185110621,0.40805672261875,50.149341662094,36032.663102003
4.5624999999999,7.5131360501665,0.6498505817533,0.050149418246698,412.42850464217,0.40788697511825,50.149418246698,36032.665651297
4.5656249999999,7.5118619336994,0.64985050520056,0.050149494799438,412.0853856537,0.40771726947787,50.149494799438,36032.66819953
4.5687499999999,7.5105883474315,0.64985042867968,0.050149571320321,411.74249405278,0.40754760570633,50.149571320321,36032.670746702
4.5718749999999,7.5093152912321,0.64985035219064,0.050149647809357,411.39982975135,0.40737798381236,50.149647809357,36032.673292815
4.5749999999999,7.5080427649702,0.64985027573345,0.050149724266552,411.05739266135,0.40720840380466,50.149724266552,36032.675837867
4.5781249999999,7.5067707685149,0.64985019930808,0.050149800691915,410.71518269466,0.40703886569193,50.149800691915,36032.67838186
4.5812499999999,7.5054993017353,0.64985012291455,0.050149877085454,410.37319976318,0.40686936948284,50.149877085454,36032.680924794
4.5843749999999,7.5042283645004,0.64985004655282,0.050149953447176,410.03144377875,0.40669991518609,50.149953447176,36032.683466668
4.5874999999999,7.5029579566791,0.64984997022291,0.050150029777089,409.68991465318,0.40653050281033,50.150029777089,36032.686007484
4.5906249999999,7.5016880781404,0.6498498939248,0.050150106075201,409.34861229829,0.4063611323642,50.150106075201,36032.688547241
4.5937499999999,7.5004187287534,0.64984981765848,0.05015018234152,409.00753662584,0.40619180385636,50.15018234152,36032.69108594
4.5968749999999,7.4991499083869,0.64984974142395,0.050150258576054,408.66668754759,0.40602251729544,50.150258576054,36032.69362358
4.5999999999999,7.4978816169097,0.64984966522119,0.050150334778811,408.32606497525,0.40585327269005,50.150334778811,36032.696160163
4.6031249999999,7.4966138541908,0.6498495890502,0.050150410949799,407.98566882054,0.4056840700488,50.150410949799,36032.698695689
4.6062499999999,7.495346620099,0.64984951291098,0.050150487089025,407.64549899511,0.40551490938028,50.150487089025,36032.701230157
4.6093749999999,7.4940799145031,0.6498494368035,0.050150563196497,407.30555541062,0.40534579069309,50.150563196497,36032.703763568
4.6124999999999,7.4928137372718,0.64984936072778,0.050150639272224,406.9658379787,0.40517671399579,50.150639272224,36032.706295923
4.6156249999999,7.491548088274,0.64984928468379,0.050150715316212,406.62634661094,0.40500767929696,50.150715316212,36032.708827221
4.6187499999999,7.4902829673784,0.64984920867153,0.050150791328471,406.28708121893,0.40483868660515,50.150791328471,36032.711357462
4.6218749999999,7.4890183744536,0.64984913269099,0.050150867309008,405.94804171421,0.40466973592889,50.150867309008,36032.713886648
4.6249999999999,7.4877543093684,0.64984905674217,0.05015094325783,405.6092280083,0.40450082727672,50.15094325783,36032.716414778
4.6281249999999,7.4864907719913,0.64984898082505,0.050151019174947,405.27064001272,0.40433196065716,50.151019174947,36032.718941853
4.6312499999999,7.4852277621911,0.64984890493964,0.050151095060364,404.93227763892,0.40416313607871,50.151095060364,36032.721467873
4.6343749999999,7.4839652798362,0.64984882908591,0.050151170914092,404.59414079838,0.40399435354988,50.151170914092,36032.723992837
4.6374999999999,7.4827033247953,0.64984875326386,0.050151246736136,404.25622940251,0.40382561307914,50.151246736136,36032.726516748
4.6406249999999,7.481441896937,0.64984867747349,0.050151322526506,403.91854336272,0.40365691467498,50.151322526506,36032.729039603
4.6437499999999,7.4801809961297,0.64984860171479,0.05015139828521,403.5810825904,0.40348825834586,50.15139828521,36032.731561405
4.6468749999999,7.4789206222419,0.64984852598775,0.050151474012254,403.24384699689,0.40331964410023,50.151474012254,36032.734082153
4.6499999999999,7.477660775142,0.64984845029235,0.050151549707647,402.90683649353,0.40315107194654,50.151549707647,36032.736601847
4.6531249999999,7.4764014546986,0.6498483746286,0.050151625371397,402.57005099163,0.40298254189321,50.151625371397,36032.739120488
4.6562499999999,7.47514266078,0.64984829899649,0.050151701003512,402.23349040247,0.40281405394867,50.151701003512,36032.741638076
4.6593749999999,7.4738843932547,0.649848223396,0.050151776604,401.8971546373,0.40264560812132,50.151776604,36032.744154611
4.6624999999999,7.4726266519908,0.64984814782713,0.050151852172869,401.56104360736,0.40247720441956,50.151852172869,36032.746670093
4.6656249999999,7.4713694368569,0.64984807228987,0.050151927710125,401.22515722387,0.40230884285178,50.151927710125,36032.749184523
4.6687499999999,7.4701127477212,0.64984799678422,0.050152003215779,400.88949539802,0.40214052342635,50.152003215779,36032.751697902
4.6718749999999,7.468856584452,0.64984792131016,0.050152078689836,400.55405804096,0.40197224615164,50.152078689836,36032.754210228
4.6749999999999,7.4676009469175,0.64984784586769,0.050152154132306,400.21884506384,0.401804011036,50.152154132306,36032.756721503
4.6781249999999,7.466345834986,0.6498477704568,0.050152229543197,399.88385637777,0.40163581808777,50.152229543197,36032.759231727
4.6812499999999,7.4650912485256,0.64984769507749,0.050152304922515,399.54909189386,0.40146766731528,50.152304922515,36032.7617409
4.6843749999999,7.4638371874046,0.64984761972973,0.050152380270269,399.21455152317,0.40129955872685,50.152380270269,36032.764249022
4.6874999999999,7.462583651491,0.64984754441353,0.050152455586468,398.88023517674,0.4011314923308,50.152455586468,36032.766756094
4.6906249999999,7.4613306406531,0.64984746912888,0.050152530871118,398.5461427656,0.40096346813542,50.152530871118,36032.769262116
4.6937499999999,7.4600781547589,0.64984739387577,0.050152606124228,398.21227420075,0.40079548614899,50.152606124228,36032.771767088
4.6968749999999,7.4588261936764,0.64984731865419,0.050152681345805,397.87862939316,0.40062754637979,50.152681345805,36032.77427101
4.6999999999999,7.4575747572738,0.64984724346414,0.050152756535859,397.5452082538,0.40045964883608,50.152756535859,36032.776773883
4.7031249999999,7.4563238454191,0.6498471683056,0.050152831694396,397.21201069358,0.40029179352612,50.152831694396,36032.779275706
4.7062499999999,7.4550734579801,0.64984709317858,0.050152906821424,396.87903662342,0.40012398045815,50.152906821424,36032.781776481
4.7093749999999,7.453823594825,0.64984701808305,0.050152981916952,396.5462859542,0.3999562096404,50.152981916952,36032.784276208
4.7124999999999,7.4525742558216,0.64984694301901,0.050153056980988,396.21375859678,0.39978848108108,50.153056980988,36032.786774886
4.7156249999999,7.4513254408379,0.64984686798646,0.050153132013538,395.881454462,0.3996207947884,50.153132013538,36032.789272515
4.7187499999999,7.4500771497418,0.64984679298539,0.050153207014612,395.54937346067,0.39945315077057,50.153207014612,36032.791769098
4.7218749999999,7.448829382401,0.64984671801578,0.050153281984217,395.21751550359,0.39928554903577,50.153281984217,36032.794264632
4.7249999999999,7.4475821386836,0.64984664307764,0.050153356922362,394.88588050152,0.39911798959217,50.153356922362,36032.79675912
4.7281249999999,7.4463354184572,0.64984656817095,0.050153431829053,394.55446836522,0.39895047244793,50.153431829053,36032.79925256
4.7312499999999,7.4450892215896,0.6498464932957,0.050153506704299,394.2232790054,0.39878299761121,50.153506704299,36032.801744954
4.7343749999999,7.4438435479487,0.64984641845189,0.050153581548109,393.89231233278,0.39861556509015,50.153581548109,36032.804236301
4.7374999999999,7.4425983974022,0.64984634363951,0.050153656360489,393.56156825802,0.39844817489288,50.153656360489,36032.806726602
4.7406249999999,7.4413537698177,0.64984626885855,0.050153731141448,393.23104669178,0.39828082702751,50.153731141448,36032.809215858
4.7437499999999,7.440109665063,0.64984619410901,0.050153805890994,392.90074754471,0.39811352150216,50.153805890994,36032.811704067
4.7468749999999,7.4388660830058,0.64984611939087,0.050153880609135,392.5706707274,0.39794625832491,50.153880609135,36032.814191231
4.7499999999999,7.4376230235136,0.64984604470412,0.050153955295878,392.24081615045,0.39777903750386,50.153955295878,36032.81667735
4.7531249999999,7.436380486454,0.64984597004877,0.050154029951232,391.91118372443,0.39761185904708,50.154029951232,36032.819162424
4.7562499999999,7.4351384716948,0.64984589542479,0.050154104575205,391.58177335989,0.39744472296262,50.154104575205,36032.821646454
4.7593749999999,7.4338969791034,0.6498458208322,0.050154179167805,391.25258496733,0.39727762925855,50.154179167805,36032.824129439
4.7624999999999,7.4326560085473,0.64984574627096,0.050154253729039,390.92361845728,0.39711057794289,50.154253729039,36032.82661138
4.7656249999999,7.4314155598941,0.64984567174108,0.050154328258915,390.59487374019,0.39694356902369,50.154328258915,36032.829092277
4.7687499999999,7.4301756330112,0.64984559724256,0.050154402757442,390.26635072654,0.39677660250895,50.154402757442,36032.831572131
4.7718749999999,7.4289362277662,0.64984552277537,0.050154477224627,389.93804932675,0.39660967840669,50.154477224627,36032.834050942
4.7749999999999,7.4276973440265,0.64984544833952,0.050154551660479,389.60996945124,0.39644279672488,50.154551660479,36032.836528709
4.7781249999999,7.4264589816594,0.64984537393499,0.050154626065005,389.2821110104,0.39627595747154,50.154626065005,36032.839005434
4.7812499999999,7.4252211405323,0.64984529956179,0.050154700438213,388.95447391461,0.39610916065461,50.154700438213,36032.841481116
4.7843749999999,7.4239838205127,0.64984522521989,0.050154774780112,388.62705807419,0.39594240628207,50.154774780112,36032.843955756
4.7874999999999,7.4227470214678,0.64984515090929,0.050154849090709,388.29986339949,0.39577569436186,50.154849090709,36032.846429354
4.7906249999999,7.421510743265,0.64984507662999,0.050154923370013,387.9728898008,0.39560902490192,50.154923370013,36032.848901911
4.7937499999999,7.4202749857715,0.64984500238197,0.05015499761803,387.64613718841,0.39544239791018,50.15499761803,36032.851373426
4.7968749999999,7.4190397488547,0.64984492816523,0.05015507183477,387.3196054726,0.39527581339456,50.15507183477,36032.853843899
4.7999999999999,7.4178050323817,0.64984485397976,0.05015514602024,386.99329456357,0.39510927136296,50.15514602024,36032.856313332
4.8031249999999,7.4165708362197,0.64984477982555,0.050155220174448,386.66720437157,0.39494277182327,50.155220174448,36032.858781725
4.8062499999999,7.415337160236,0.6498447057026,0.050155294297402,386.34133480678,0.39477631478338,50.155294297402,36032.861249077
4.8093749999999,7.4141040042978,0.64984463161089,0.05015536838911,386.01568577939,0.39460990025115,50.15536838911,36032.863715389
4.8124999999999,7.412871368272,0.64984455755042,0.05015544244958,385.69025719954,0.39444352823444,50.15544244958,36032.866180661
4.8156249999999,7.411639252026,0.64984448352118,0.050155516478821,385.36504897738,0.39427719874111,50.155516478821,36032.868644893
4.8187499999999,7.4104076554267,0.64984440952316,0.050155590476839,385.040061023,0.39411091177899,50.155590476839,36032.871108086
4.8218749999999,7.4091765783412,0.64984433555636,0.050155664443644,384.71529324651,0.39394466735591,50.155664443644,36032.87357024
4.8249999999999,7.4079460206365,0.64984426162076,0.050155738379242,384.39074555798,0.39377846547967,50.155738379242,36032.876031356
4.8281249999999,7.4067159821798,0.64984418771636,0.050155812283643,384.06641786746,0.39361230615809,50.155812283643,36032.878491433
4.8312499999999,7.4054864628379,0.64984411384315,0.050155886156853,383.74231008497,0.39344618939896,50.155886156853,36032.880950471
4.8343749999999,7.4042574624779,0.64984404000112,0.050155959998882,383.41842212052,0.39328011521004,50.155959998882,36032.883408472
4.8374999999999,7.4030289809667,0.64984396619026,0.050156033809737,383.0947538841,0.39311408359912,50.156033809737,36032.885865435
4.8406249999999,7.4018010181711,0.64984389241057,0.050156107589425,382.77130528568,0.39294809457396,50.156107589425,36032.888321361
4.8437499999999,7.4005735739582,0.64984381866204,0.050156181337956,382.44807623519,0.39278214814228,50.156181337956,36032.890776249
4.8468749999999,7.3993466481947,0.64984374494466,0.050156255055337,382.12506664258,0.39261624431185,50.156255055337,36032.893230101
4.8499999999999,7.3981202407475,0.64984367125842,0.050156328741575,381.80227641774,0.39245038309037,50.156328741575,36032.895682916
4.8531249999999,7.3968943514835,0.64984359760332,0.05015640239668,381.47970547055,0.39228456448555,50.15640239668,36032.898134694
4.8562499999999,7.3956689802694,0.64984352397934,0.050156476020659,381.15735371089,0.39211878850511,50.156476020659,36032.900585437
4.8593749999999,7.3944441269721,0.64984345038648,0.050156549613519,380.83522104859,0.39195305515672,50.156549613519,36032.903035143
4.8624999999999,7.3932197914582,0.64984337682473,0.05015662317527,380.51330739347,0.39178736444808,50.15662317527,36032.905483814
4.8656249999999,7.3919959735945,0.64984330329408,0.050156696705919,380.19161265535,0.39162171638683,50.156696705919,36032.90793145
4.8687499999999,7.3907726732477,0.64984322979453,0.050156770205473,379.870136744,0.39145611098064,50.156770205473,36032.910378051
4.8718749999999,7.3895498902844,0.64984315632606,0.050156843673942,379.54887956918,0.39129054823716,50.156843673942,36032.912823617
4.8749999999999,7.3883276245714,0.64984308288867,0.050156917111333,379.22784104064,0.39112502816402,50.156917111333,36032.915268148
4.8781249999999,7.3871058759752,0.64984300948235,0.050156990517654,378.90702106811,0.39095955076883,50.156990517654,36032.917711645
4.8812499999999,7.3858846443626,0.64984293610709,0.050157063892913,378.58641956128,0.39079411605921,50.157063892913,36032.920154108
4.8843749999999,7.3846639295999,0.64984286276288,0.050157137237118,378.26603642984,0.39062872404276,50.157137237118,36032.922595538
4.8874999999999,7.3834437315539,0.64984278944972,0.050157210550277,377.94587158344,0.39046337472705,50.157210550277,36032.925035934
4.8906249999999,7.382224050091,0.6498427161676,0.050157283832398,377.62592493174,0.39029806811968,50.157283832398,36032.927475297
4.8937499999999,7.3810048850778,0.64984264291651,0.05015735708349,377.30619638435,0.39013280422821,50.15735708349,36032.929913627
4.8968749999999,7.3797862363808,0.64984256969644,0.05015743030356,376.98668585089,0.38996758306018,50.15743030356,36032.932350924
4.8999999999999,7.3785681038663,0.64984249650738,0.050157503492615,376.66739324092,0.38980240462313,50.157503492615,36032.934787189
4.9031249999999,7.377350487401,0.64984242334933,0.050157576650666,376.34831846403,0.38963726892461,50.157576650666,36032.937222422
4.9062499999999,7.376133386851,0.64984235022228,0.050157649777718,376.02946142975,0.38947217597212,50.157649777718,36032.939656623
4.9093749999999,7.374916802083,0.64984227712622,0.050157722873781,375.71082204761,0.38930712577318,50.157722873781,36032.942089793
4.9124999999999,7.3737007329632,0.64984220406114,0.050157795938861,375.39240022711,0.38914211833528,50.157795938861,36032.944521931
4.9156249999999,7.372485179358,0.64984213102703,0.050157868972969,375.07419587774,0.38897715366591,50.157868972969,36032.946953038
4.9187499999999,7.3712701411337,0.64984205802389,0.05015794197611,374.75620890897,0.38881223177253,50.15794197611,36032.949383115
4.9218749999999,7.3700556181566,0.64984198505171,0.050158014948294,374.43843923025,0.38864735266262,50.158014948294,36032.951812161
4.9249999999999,7.368841610293,0.64984191211047,0.050158087889529,374.120886751,0.38848251634361,50.158087889529,36032.954240177
4.9281249999999,7.3676281174092,0.64984183920018,0.050158160799822,373.80355138065,0.38831772282296,50.158160799822,36032.956667162
4.9312499999999,7.3664151393714,0.64984176632082,0.050158233679181,373.48643302857,0.38815297210809,50.158233679181,36032.959093118
4.9343749999999,7.3652026760457,0.64984169347238,0.050158306527615,373.16953160413,0.3879882642064,50.158306527615,36032.961518045
4.9374999999999,7.3639907272985,0.64984162065487,0.050158379345132,372.85284701671,0.38782359912532,50.158379345132,36032.963941943
4.9406249999999,7.3627792929957,0.64984154786826,0.050158452131739,372.53637917561,0.38765897687223,50.158452131739,36032.966364811
4.9437499999999,7.3615683730037,0.64984147511256,0.050158524887445,372.22012799017,0.38749439745451,50.158524887445,36032.968786651
4.9468749999999,7.3603579671884,0.64984140238774,0.050158597612258,371.90409336968,0.38732986087954,50.158597612258,36032.971207463
4.9499999999999,7.3591480754161,0.64984132969382,0.050158670306185,371.58827522342,0.38716536715468,50.158670306185,36032.973627246
4.9531249999999,7.3579386975527,0.64984125703076,0.050158742969235,371.27267346064,0.38700091628726,50.158742969235,36032.976046002
4.9562499999999,7.3567298334643,0.64984118439858,0.050158815601416,370.95728799058,0.38683650828463,50.158815601416,36032.97846373
4.9593749999999,7.3555214830169,0.64984111179726,0.050158888202736,370.64211872248,0.38667214315411,50.158888202736,36032.980880431
4.9624999999999,7.3543136460766,0.6498410392268,0.050158960773203,370.32716556553,0.38650782090301,50.158960773203,36032.983296105
4.9656249999999,7.3531063225093,0.64984096668718,0.050159033312825,370.0124284289,0.38634354153864,50.159033312825,36032.985710752
4.9687499999999,7.351899512181,0.64984089417839,0.05015910582161,369.69790722179,0.38617930506829,50.15910582161,36032.988124373
4.9718749999999,7.3506932149575,0.64984082170043,0.050159178299566,369.38360185332,0.38601511149923,50.159178299566,36032.990536967
4.9749999999999,7.3494874307049,0.6498407492533,0.050159250746701,369.06951223264,0.38585096083874,50.159250746701,36032.992948536
4.9781249999999,7.348282159289,0.64984067683698,0.050159323163024,368.75563826885,0.38568685309406,50.159323163024,36032.995359079
4.9812499999999,7.3470774005756,0.64984060445146,0.050159395548541,368.44197987104,0.38552278827244,50.159395548541,36032.997768596
4.9843749999999,7.3458731544307,0.64984053209674,0.050159467903262,368.12853694829,0.38535876638112,50.159467903262,36033.000177088
4.9874999999999,7.34466942072,0.6498404597728,0.050159540227195,367.81530940966,0.38519478742731,50.159540227195,36033.002584556
4.9906249999999,7.3434661993093,0.64984038747965,0.050159612520347,367.5022971642,0.38503085141824,50.159612520347,36033.004990999
4.9937499999999,7.3422634900644,0.64984031521727,0.050159684782727,367.18950012091,0.38486695836109,50.159684782727,36033.007396417
4.9968749999999,7.3410612928511,0.64984024298566,0.050159757014342,366.87691818881,0.38470310826304,50.159757014342,36033.009800811
4.9999999999998,7.3398596075351,0.6498401707848,0.050159829215201,366.56455127687,0.38453930113129,50.159829215201,36033.012204182
