time,aq_si,fluid_min,phi_min,power,rate,solid_mass,water
0,10,0.65,0.05,1194.0450574454,0.69402618810621,50,36027.691923397
0.0125,9.9913355169674,0.64999947941187,0.050000520588134,1191.061766841,0.69315864266784,50.000520588134,36027.709252363
0.025,9.9826782637069,0.64999895925812,0.050001040741882,1188.0821143737,0.69229107002836,50.001040741882,36027.72656687
0.0375,9.9740306483508,0.64999843968344,0.050001560316555,1185.1069307314,0.69142371240836,50.001560316555,36027.7438621
0.05,9.9653934711378,0.64999792073593,0.050002079264074,1182.1364924397,0.69055665138569,50.002079264074,36027.761136455
0.0625,9.9567669961099,0.64999740243143,0.050002597568573,1179.170891286,0.68968991492184,50.002597568573,36027.778389405
0.075,9.9481513084922,0.64999688477507,0.050003115224932,1176.2101574639,0.68882351308321,50.003115224932,36027.79562078
0.0875,9.9395464338707,0.64999636776839,0.050003632231614,1173.2543006244,0.6879574499635,50.003632231614,36027.812830529
0.1,9.9309523779336,0.64999585141172,0.050004148588277,1170.3033235587,0.68709172766293,50.004148588277,36027.830018641
0.1125,9.9223691397252,0.64999533570502,0.050004664294978,1167.3572267601,0.68622634761639,50.004664294978,36027.847185118
0.125,9.9137967160644,0.64999482064809,0.050005179351909,1164.4160099442,0.68536131103667,50.005179351909,36027.864329965
0.1375,9.9052351030193,0.64999430624069,0.050005693759306,1161.4796725562,0.68449661906245,50.005693759306,36027.881453191
0.15,9.8966842963982,0.64999379248258,0.05000620751742,1158.5482139394,0.68363227280758,50.00620751742,36027.898554804
0.1625,9.8881442919137,0.64999327937349,0.05000672062651,1155.6216333918,0.68276827337768,50.00672062651,36027.915634813
0.175,9.8796150852372,0.64999276691317,0.050007233086835,1152.6999301846,0.68190462187552,50.007233086835,36027.932693227
0.1875,9.8710966720174,0.64999225510134,0.050007744898656,1149.7831035688,0.6810413194029,50.007744898656,36027.949730053
0.2,9.8625890478859,0.64999174393776,0.050008256062237,1146.871152777,0.68017836706126,50.008256062237,36027.966745301
0.2125,9.8540922084599,0.64999123342216,0.05000876657784,1143.9640770241,0.67931576595187,50.00876657784,36027.98373898
0.225,9.845606149342,0.64999072355427,0.05000927644573,1141.0618755078,0.67845351717585,50.00927644573,36028.000711098
0.2375,9.8371308661215,0.64999021433383,0.050009785666172,1138.1645474083,0.67759162183426,50.009785666172,36028.017661665
0.25,9.8286663543734,0.64998970576057,0.050010294239431,1135.2720918885,0.67673008102804,50.010294239431,36028.034590688
0.2625,9.8202126096592,0.64998919783422,0.050010802165775,1132.3845080941,0.67586889585801,50.010802165775,36028.051498178
0.275,9.8117696275266,0.64998869055453,0.050011309445471,1129.5017951535,0.67500806742492,50.011309445471,36028.068384142
0.2875,9.8033374035095,0.64998818392121,0.050011816078786,1126.6239521777,0.67414759682935,50.011816078786,36028.08524859
0.3,9.794915933128,0.64998767793401,0.050012322065991,1123.7509782605,0.67328748517177,50.012322065991,36028.102091531
0.3125,9.7865052118886,0.64998717259264,0.050012827407356,1120.8828724782,0.67242773355254,50.012827407356,36028.118912973
0.325,9.7781052352838,0.64998666789685,0.05001333210315,1118.0196338899,0.67156834307182,50.01333210315,36028.135712927
0.3375,9.7697159987926,0.64998616384635,0.050013836153646,1115.1612615375,0.67070931482966,50.013836153646,36028.152491399
0.35,9.7613374978802,0.64998566044088,0.050014339559117,1112.3077544453,0.66985064992593,50.014339559117,36028.169248401
0.3625,9.7529697279979,0.64998515768017,0.050014842319834,1109.4591116205,0.66899234946033,50.014842319834,36028.185983941
0.375,9.7446126845833,0.64998465556393,0.050015344436074,1106.6153320528,0.6681344145324,50.015344436074,36028.202698028
0.3875,9.7362663630604,0.64998415409189,0.05001584590811,1103.7764147148,0.66727684624148,50.01584590811,36028.219390671
0.4,9.7279307588394,0.64998365326378,0.050016346736219,1100.9423585613,0.6664196456867,50.016346736219,36028.236061879
0.4125,9.7196058673166,0.64998315307932,0.050016846920676,1098.1131625303,0.66556281396702,50.016846920676,36028.252711662
0.425,9.7112916838749,0.64998265353824,0.05001734646176,1095.2888255421,0.66470635218116,50.01734646176,36028.269340029
0.4375,9.702988203883,0.64998215464025,0.050017845359748,1092.4693464997,0.66385026142765,50.017845359748,36028.285946989
0.45,9.6946954226963,0.64998165638508,0.05001834361492,1089.6547242889,0.66299454280476,50.01834361492,36028.302532552
0.4625,9.6864133356563,0.64998115877244,0.050018841227556,1086.8449577779,0.66213919741055,50.018841227556,36028.319096726
0.475,9.6781419380908,0.64998066180206,0.050019338197936,1084.0400458178,0.66128422634284,50.019338197936,36028.335639521
0.4875,9.6698812253137,0.64998016547366,0.050019834526342,1081.2399872422,0.66042963069917,50.019834526342,36028.352160946
0.5,9.6616311926255,0.64997966978694,0.050020330213056,1078.4447808673,0.65957541157684,50.020330213056,36028.368661012
0.5125,9.6533918353128,0.64997917474164,0.050020825258361,1075.654425492,0.65872157007288,50.020825258361,36028.385139726
0.525,9.6451631486485,0.64997868033746,0.050021319662542,1072.8689198979,0.65786810728403,50.021319662542,36028.4015971
0.5375,9.6369451278919,0.64997818657412,0.050021813425883,1070.0882628491,0.65701502430678,50.021813425883,36028.418033141
0.55,9.6287377682883,0.64997769345133,0.050022306548671,1067.3124530925,0.65616232223728,50.022306548671,36028.43444786
0.5625,9.6205410650697,0.64997720096881,0.05002279903119,1064.5414893575,0.65531000217141,50.02279903119,36028.450841267
0.575,9.612355013454,0.64997670912627,0.050023290873729,1061.7753703562,0.65445806520473,50.023290873729,36028.46721337
0.5875,9.6041796086458,0.64997621792342,0.050023782076577,1059.0140947832,0.65360651243248,50.023782076577,36028.48356418
0.6,9.5960148458358,0.64997572735998,0.050024272640021,1056.257661316,0.65275534494956,50.024272640021,36028.499893705
0.6125,9.587860720201,0.64997523743565,0.050024762564351,1053.5060686146,0.65190456385057,50.024762564351,36028.516201957
0.625,9.5797172269048,0.64997474815014,0.050025251849859,1050.7593153215,0.65105417022973,50.025251849859,36028.532488943
0.6375,9.5715843610968,0.64997425950316,0.050025740496835,1048.017400062,0.65020416518093,50.025740496835,36028.548754675
0.65,9.5634621179131,0.64997377149443,0.050026228505573,1045.2803214441,0.64935454979769,50.026228505573,36028.564999161
0.6625,9.5553504924761,0.64997328412364,0.050026715876364,1042.5480780583,0.64850532517316,50.026715876364,36028.581222412
0.675,9.5472494798944,0.6499727973905,0.050027202609503,1039.8206684779,0.64765649240012,50.027202609503,36028.597424437
0.6875,9.539159075263,0.64997231129472,0.050027688705284,1037.0980912585,0.64680805257094,50.027688705284,36028.613605246
0.7,9.5310792736633,0.649971825836,0.050028174164004,1034.3803449388,0.64596000677764,50.028174164004,36028.62976485
0.7125,9.5230100701631,0.64997134101404,0.050028658985958,1031.6674280398,0.64511235611179,50.028658985958,36028.645903257
0.725,9.5149514598164,0.64997085682856,0.050029143171443,1028.9593390653,0.64426510166457,50.029143171443,36028.662020477
0.7375,9.5069034376637,0.64997037327924,0.050029626720758,1026.2560765019,0.64341824452675,50.029626720758,36028.678116522
0.75,9.4988659987318,0.6499698903658,0.050030109634202,1023.5576388186,0.64257178578865,50.030109634202,36028.6941914
0.7625,9.490839138034,0.64996940808793,0.050030591912073,1020.8640244671,0.64172572654016,50.030591912073,36028.710245121
0.775,9.4828228505697,0.64996892644533,0.050031073554673,1018.175231882,0.64088006787073,50.031073554673,36028.726277696
0.7875,9.4748171313249,0.6499684454377,0.050031554562302,1015.4912594802,0.64003481086934,50.031554562302,36028.742289134
0.8,9.466821975272,0.64996796506474,0.050032034935264,1012.8121056616,0.63918995662454,50.032034935264,36028.758279446
0.8125,9.4588373773698,0.64996748532614,0.050032514673859,1010.1377688086,0.63834550622437,50.032514673859,36028.774248642
0.825,9.4508633325633,0.64996700622161,0.050032993778393,1007.4682472864,0.63750146075641,50.032993778393,36028.790196732
0.8375,9.4428998357842,0.64996652775083,0.050033472249171,1004.8035394427,0.63665782130774,50.033472249171,36028.806123725
0.85,9.4349468819504,0.6499660499135,0.050033950086496,1002.1436436082,0.63581458896496,50.033950086496,36028.822029633
0.8625,9.4270044659662,0.64996557270932,0.050034427290675,999.48855809587,0.63497176481414,50.034427290675,36028.837914465
0.875,9.4190725827226,0.64996509613798,0.050034903862016,996.83828120177,0.63412934994086,50.034903862016,36028.853778231
0.8875,9.4111512270967,0.64996462019917,0.050035379800827,994.19281120447,0.63328734543015,50.035379800827,36028.869620943
0.9,9.4032403939523,0.64996414489259,0.050035855107414,991.5521463653,0.63244575236654,50.035855107414,36028.885442609
0.9125,9.3953400781395,0.64996367021791,0.050036329782089,988.91628492829,0.63160457183399,50.036329782089,36028.901243241
0.925,9.3874502744948,0.64996319617484,0.050036803825162,986.28522512022,0.63076380491591,50.036803825162,36028.917022848
0.9375,9.3795709778414,0.64996272276306,0.050037277236943,983.65896515059,0.62992345269518,50.037277236943,36028.932781441
0.95,9.3717021829887,0.64996224998226,0.050037750017744,981.03750321165,0.62908351625409,50.037750017744,36028.948519031
0.9625,9.3638438847328,0.64996177783212,0.050038222167878,978.42083747837,0.62824399667436,50.038222167878,36028.964235627
0.975,9.355996077856,0.64996130631234,0.050038693687659,975.8089661085,0.62740489503712,50.038693687659,36028.979931241
0.9875,9.3481587571275,0.6499608354226,0.0500391645774,973.20188724252,0.62656621242292,50.0391645774,36028.995605883
1,9.3403319173027,0.64996036516258,0.050039634837417,970.5995990037,0.62572794991169,50.039634837417,36029.011259562
1.0125,9.3325155531234,0.64995989553197,0.050040104468026,968.00209949809,0.62489010858277,50.040104468026,36029.026892291
1.025,9.3247096593183,0.64995942653046,0.050040573469544,965.4093868145,0.62405268951487,50.040573469544,36029.042504078
1.0375,9.3169142306022,0.64995895815771,0.050041041842288,962.82145902455,0.62321569378606,50.041041842288,36029.058094936
1.05,9.3091292616768,0.64995849041342,0.050041509586576,960.23831418265,0.62237912247379,50.041509586576,36029.073664874
1.0625,9.3013547472301,0.64995802329727,0.050041976702727,957.65995032603,0.62154297665486,50.041976702727,36029.089213902
1.075,9.2935906819368,0.64995755680894,0.050042443191062,955.08636547472,0.62070725740541,50.042443191062,36029.104742033
1.0875,9.2858370604578,0.6499570909481,0.050042909051902,952.5175576316,0.61987196580093,50.042909051902,36029.120249276
1.1,9.2780938774411,0.64995662571443,0.050043374285567,949.95352478237,0.61903710291621,50.043374285567,36029.135735642
1.1125,9.2703611275209,0.64995616110762,0.05004383889238,947.39426489557,0.6182026698254,50.04383889238,36029.151201142
1.125,9.262638805318,0.64995569712733,0.050044302872665,944.83977592263,0.61736866760191,50.044302872665,36029.166645786
1.1375,9.25492690544,0.64995523377325,0.050044766226746,942.29005579781,0.61653509731851,50.044766226746,36029.182069586
1.15,9.2472254224808,0.64995477104505,0.050045228954946,939.74510243828,0.6157019600472,50.045228954946,36029.197472552
1.1625,9.2395343510211,0.64995430894241,0.050045691057593,937.20491374404,0.61486925685931,50.045691057593,36029.212854695
1.175,9.2318536856282,0.64995384746499,0.050046152535012,934.66948759806,0.61403698882543,50.046152535012,36029.228216026
1.1875,9.224183420856,0.64995338661247,0.05004661338753,932.13882186618,0.61320515701541,50.04661338753,36029.243556555
1.2,9.216523551245,0.64995292638452,0.050047073615476,929.61291439715,0.61237376249836,50.047073615476,36029.258876294
1.2125,9.2088740713223,0.64995246678082,0.050047533219178,927.0917630227,0.61154280634265,50.047533219178,36029.274175254
1.225,9.2012349756018,0.64995200780103,0.050047992198966,924.57536555746,0.61071228961587,50.047992198966,36029.289453446
1.2375,9.193606258584,0.64995154944483,0.050048450555171,922.06371979902,0.60988221338485,50.048450555171,36029.30471088
1.25,9.185987914756,0.64995109171188,0.050048908288123,919.55682352796,0.60905257871564,50.048908288123,36029.319947567
1.2625,9.1783799385915,0.64995063460184,0.050049365398155,917.05467450783,0.6082233866735,50.049365398155,36029.33516352
1.275,9.1707823245512,0.6499501781144,0.0500498218856,914.55727048516,0.60739463832291,50.0498218856,36029.350358748
1.2875,9.1631950670823,0.64994972224921,0.05005027775079,912.06460918952,0.60656633472752,50.05027775079,36029.365533263
1.3,9.1556181606185,0.64994926700594,0.050050732994061,909.57668833347,0.60573847695018,50.050732994061,36029.380687076
1.3125,9.1480515995807,0.64994881238425,0.050051187615748,907.09350561263,0.60491106605292,50.051187615748,36029.395820198
1.325,9.1404953783761,0.64994835838381,0.050051641616187,904.61505870564,0.60408410309693,50.051641616187,36029.41093264
1.3375,9.1329494913989,0.64994790500429,0.050052094995714,902.14134527421,0.60325758914256,50.052094995714,36029.426024414
1.35,9.12541393303,0.64994745224533,0.050052547754668,899.67236296314,0.60243152524932,50.052547754668,36029.441095531
1.3625,9.1178886976369,0.64994700010661,0.050052999893386,897.2081094003,0.60160591247585,50.052999893386,36029.456146002
1.375,9.1103737795741,0.64994654858779,0.050053451412208,894.74858219667,0.60078075187991,50.053451412208,36029.471175838
1.3875,9.1028691731827,0.64994609768853,0.050053902311474,892.29377894633,0.59995604451841,50.053902311474,36029.48618505
1.4,9.0953748727907,0.64994564740848,0.050054352591524,889.84369722656,0.59913179144738,50.054352591524,36029.501173651
1.4125,9.0878908727128,0.6499451977473,0.050054802252701,887.39833459771,0.59830799372191,50.054802252701,36029.516141651
1.425,9.0804171672508,0.64994474870465,0.050055251295346,884.95768860334,0.59748465239623,50.055251295346,36029.531089062
1.4375,9.0729537506929,0.6499443002802,0.050055699719803,882.52175677017,0.59666176852364,50.055699719803,36029.546015895
1.45,9.0655006173145,0.64994385247358,0.050056147526416,880.09053660815,0.59583934315652,50.056147526416,36029.560922162
1.4625,9.0580577613776,0.64994340528447,0.05005659471553,877.6640256104,0.59501737734632,50.05659471553,36029.575807874
1.475,9.0506251771313,0.64994295871251,0.050057041287489,875.2422212533,0.59419587214356,50.057041287489,36029.590673043
1.4875,9.0432028588114,0.64994251275736,0.050057487242641,872.82512099646,0.5933748285978,50.057487242641,36029.605517679
1.5,9.0357908006406,0.64994206741867,0.050057932581332,870.41272228276,0.59255424775765,50.057932581332,36029.620341796
1.5125,9.0283889968286,0.64994162269609,0.05005837730391,868.00502253836,0.59173413067073,50.05837730391,36029.635145403
1.525,9.020997441572,0.64994117858928,0.050058821410725,865.60201917271,0.59091447838373,50.058821410725,36029.649928514
1.5375,9.013616129054,0.64994073509788,0.050059264902125,863.2037095786,0.59009529194231,50.059264902125,36029.664691139
1.55,9.0062450534453,0.64994029222154,0.050059707778461,860.81009113211,0.58927657239117,50.059707778461,36029.67943329
1.5625,8.9988842089031,0.64993984995992,0.050060150040083,858.42116119272,0.58845832077399,50.060150040083,36029.694154979
1.575,8.9915335895718,0.64993940831266,0.050060591687345,856.03691710324,0.58764053813344,50.060591687345,36029.708856218
1.5875,8.9841931895825,0.6499389672794,0.050061032720597,853.65735618989,0.58682322551118,50.061032720597,36029.723537018
1.6,8.9768630030537,0.64993852685981,0.050061473140194,851.28247576229,0.58600638394783,50.061473140194,36029.738197391
1.6125,8.9695430240906,0.64993808705351,0.050061912946491,848.9122731135,0.58519001448298,50.061912946491,36029.752837349
1.625,8.9622332467854,0.64993764786016,0.05006235213984,846.54674552002,0.58437411815517,50.06235213984,36029.767456903
1.6375,8.9549336652175,0.6499372092794,0.0500627907206,844.1858902418,0.58355869600189,50.0627907206,36029.782056066
1.65,8.9476442734532,0.64993677131087,0.050063228689125,841.82970452227,0.58274374905954,50.063228689125,36029.79663485
1.6625,8.9403650655458,0.64993633395423,0.050063666045774,839.47818558839,0.58192927836348,50.063666045774,36029.811193266
1.675,8.933096035536,0.6499358972091,0.050064102790904,837.13133065065,0.58111528494796,50.064102790904,36029.825731326
1.6875,8.9258371774511,0.64993546107513,0.050064538924874,834.78913690305,0.58030176984616,50.064538924874,36029.840249042
1.7,8.9185884853059,0.64993502555196,0.050064974448045,832.45160152318,0.57948873409013,50.064974448045,36029.854746426
1.7125,8.911349953102,0.64993459063922,0.050065409360775,830.11872167221,0.57867617871085,50.065409360775,36029.869223491
1.725,8.9041215748284,0.64993415633657,0.050065843663427,827.79049449494,0.57786410473815,50.065843663427,36029.883680247
1.7375,8.896903344461,0.64993372264364,0.050066277356362,825.46691711975,0.57705251320073,50.066277356362,36029.898116708
1.75,8.889695255963,0.64993328956006,0.050066710439943,823.14798665872,0.57624140512618,50.066710439943,36029.912532885
1.7625,8.8824973032846,0.64993285708547,0.050067142914534,820.83370020758,0.57543078154092,50.067142914534,36029.92692879
1.775,8.8753094803634,0.6499324252195,0.050067574780499,818.52405484576,0.57462064347022,50.067574780499,36029.941304436
1.7875,8.8681317811239,0.6499319939618,0.050068006038202,816.21904763641,0.5738109919382,50.068006038202,36029.955659834
1.8,8.8609641994782,0.64993156331199,0.05006843668801,813.91867562641,0.57300182796778,50.06843668801,36029.969994998
1.8125,8.8538067293252,0.64993113326971,0.05006886673029,811.62293584642,0.57219315258073,50.06886673029,36029.984309938
1.825,8.8466593645514,0.64993070383459,0.050069296165407,809.33182531087,0.5713849667976,50.069296165407,36029.998604668
1.8375,8.8395220990303,0.64993027500627,0.050069724993732,807.04534101801,0.57057727163776,50.069724993732,36030.012879199
1.85,8.8323949266227,0.64992984678437,0.050070153215632,804.7634799499,0.56977006811937,50.070153215632,36030.027133543
1.8625,8.8252778411768,0.64992941916852,0.050070580831476,802.48623907249,0.56896335725935,50.070580831476,36030.041367714
1.875,8.818170836528,0.64992899215836,0.050071007841637,800.21361533558,0.56815714007343,50.071007841637,36030.055581724
1.8875,8.8110739064991,0.64992856575352,0.050071434246484,797.94560567288,0.56735141757606,50.071434246484,36030.069775584
1.9,8.8039870449,0.64992813995361,0.050071860046389,795.68220700206,0.56654619078049,50.071860046389,36030.083949307
1.9125,8.7969102455283,0.64992771475827,0.050072285241726,793.42341622471,0.56574146069869,50.072285241726,36030.098102906
1.925,8.7898435021687,0.64992729016713,0.050072709832867,791.16923022639,0.56493722834136,50.072709832867,36030.112236392
1.9375,8.7827868085933,0.64992686617981,0.050073133820187,788.91964587669,0.56413349471796,50.073133820187,36030.12634978
1.95,8.7757401585616,0.64992644279594,0.050073557204061,786.67466002922,0.56333026083664,50.073557204061,36030.14044308
1.9625,8.7687035458207,0.64992602001514,0.050073979984865,784.43426952164,0.56252752770427,50.073979984865,36030.154516305
1.975,8.7616769641048,0.64992559783703,0.050074402162974,782.19847117568,0.56172529632643,50.074402162974,36030.168569469
1.9875,8.7546604071357,0.64992517626123,0.050074823738766,779.96726179719,0.56092356770738,50.074823738766,36030.182602582
2,8.7476538686227,0.64992475528738,0.05007524471262,777.74063817615,0.56012234285006,50.07524471262,36030.196615659
2.0125,8.7406573422625,0.64992433491509,0.050075665084913,775.51859708668,0.55932162275611,50.075665084913,36030.210608712
2.025,8.7336708217394,0.64992391514397,0.050076084856026,773.30113528711,0.55852140842581,50.076084856026,36030.224581753
2.0375,8.7266943007249,0.64992349597366,0.050076504026338,771.08824951997,0.5577217008581,50.076504026338,36030.238534795
2.05,8.7197277728785,0.64992307740377,0.050076922596231,768.87993651202,0.55692250105058,50.076922596231,36030.252467851
2.0625,8.7127712318467,0.64992265943391,0.050077340566086,766.67619297431,0.55612380999948,50.077340566086,36030.266380933
2.075,8.7058246712641,0.64992224206371,0.050077757936285,764.47701560216,0.55532562869967,50.077757936285,36030.280274054
2.0875,8.6988880847524,0.64992182529279,0.050078174707212,762.28240107521,0.55452795814462,50.078174707212,36030.294147227
2.1,8.6919614659213,0.64992140912075,0.050078590879252,760.09234605748,0.55373079932644,50.078590879252,36030.308000465
2.1125,8.6850448083677,0.64992099354721,0.050079006452788,757.90684719733,0.55293415323583,50.079006452788,36030.32183378
2.125,8.6781381056764,0.64992057857179,0.050079421428205,755.72590112755,0.55213802086208,50.079421428205,36030.335647185
2.1375,8.6712413514198,0.64992016419411,0.050079835805891,753.54950446534,0.55134240319306,50.079835805891,36030.349440694
2.15,8.6643545391579,0.64991975041377,0.050080249586233,751.37765381239,0.55054730121523,50.080249586233,36030.363214318
2.1625,8.6574776624384,0.64991933723038,0.050080662769617,749.21034575486,0.54975271591363,50.080662769617,36030.376968072
2.175,8.6506107147967,0.64991892464357,0.050081075356432,747.04757686346,0.54895864827182,50.081075356432,36030.390701967
2.1875,8.643753689756,0.64991851265293,0.050081487347067,744.88934369342,0.54816509927195,50.081487347067,36030.404416017
2.2,8.636906580827,0.64991810125809,0.050081898741913,742.73564278458,0.54737206989469,50.081898741913,36030.418110235
2.2125,8.6300693815085,0.64991769045864,0.05008230954136,740.58647066136,0.54657956111925,50.08230954136,36030.431784634
2.225,8.6232420852867,0.6499172802542,0.050082719745799,738.44182383283,0.54578757392335,50.082719745799,36030.445439226
2.2375,8.6164246856358,0.64991687064438,0.050083129355622,736.30169879276,0.54499610928325,50.083129355622,36030.459074025
2.25,8.6096171760178,0.64991646162878,0.050083538371222,734.1660920196,0.54420516817369,50.083538371222,36030.472689045
2.2625,8.6028195498825,0.64991605320701,0.050083946792994,732.03499997651,0.54341475156792,50.083946792994,36030.486284297
2.275,8.5960318006675,0.64991564537867,0.05008435462133,729.90841911145,0.54262486043768,50.08435462133,36030.499859795
2.2875,8.5892539217983,0.64991523814337,0.050084761856626,727.78634585717,0.54183549575318,50.084761856626,36030.513415553
2.3,8.5824859066883,0.64991483150072,0.050085168499278,725.66877663123,0.54104665848312,50.085168499278,36030.526951583
2.3125,8.5757277487388,0.64991442545032,0.050085574549682,723.55570783606,0.54025834959464,50.085574549682,36030.540467899
2.325,8.5689794413389,0.64991401999176,0.050085980008235,721.44713585897,0.53947057005334,50.085980008235,36030.553964514
2.3375,8.5622409778658,0.64991361512466,0.050086384875336,719.34305707221,0.53868332082327,50.086384875336,36030.567441441
2.35,8.5555123516846,0.64991321084862,0.050086789151383,717.24346783297,0.53789660286691,50.086789151383,36030.580898693
2.3625,8.5487935561484,0.64991280716322,0.050087192836775,715.14836448345,0.53711041714517,50.087192836775,36030.594336284
2.375,8.5420845845983,0.64991240406809,0.050087595931913,713.05774335083,0.53632476461739,50.087595931913,36030.607754227
2.3875,8.5353854303633,0.6499120015628,0.050087998437197,710.97160074738,0.53553964624128,50.087998437197,36030.621152536
2.4,8.5286960867606,0.64991159964697,0.050088400353029,708.88993297045,0.53475506297301,50.088400353029,36030.634531223
2.4125,8.5220165470954,0.64991119832019,0.050088801679811,706.81273630248,0.53397101576708,50.088801679811,36030.647890302
2.425,8.5153468046609,0.64991079758205,0.050089202417945,704.74000701111,0.53318750557643,50.089202417945,36030.661229787
2.4375,8.5086868527385,0.64991039743216,0.050089602567837,702.67174134912,0.53240453335232,50.089602567837,36030.674549691
2.45,8.5020366845977,0.64990999787011,0.050090002129889,700.60793555457,0.53162210004442,50.090002129889,36030.687850027
2.4625,8.4953962934962,0.64990959889549,0.050090401104508,698.54858585071,0.53084020660075,50.090401104508,36030.70113081
2.475,8.4887656726797,0.6499092005079,0.050090799492098,696.49368844615,0.53005885396766,50.090799492098,36030.714392051
2.4875,8.4821448153822,0.64990880270693,0.050091197293067,694.44323953474,0.52927804308984,50.091197293067,36030.727633766
2.5,8.4755337148258,0.64990840549218,0.050091594507822,692.39723529576,0.52849777491033,50.091594507822,36030.740855967
2.5125,8.468932364221,0.64990800886323,0.05009199113677,690.35567189387,0.52771805037049,50.09199113677,36030.754058668
2.525,8.4623407567663,0.64990761281968,0.050092387180321,688.31854547913,0.52693887040998,50.092387180321,36030.767241883
2.5375,8.4557588856487,0.64990721736112,0.050092782638884,686.28585218711,0.52616023596678,50.092782638884,36030.780405625
2.55,8.4491867440435,0.64990682248713,0.050093177512868,684.25758813884,0.52538214797716,50.093177512868,36030.793549909
2.5625,8.4426243251139,0.64990642819732,0.050093571802684,682.23374944092,0.52460460737568,50.093571802684,36030.806674746
2.575,8.436071622012,0.64990603449126,0.050093965508745,680.21433218551,0.52382761509517,50.093965508745,36030.819780153
2.5875,8.4295286278779,0.64990564136854,0.050094358631461,678.19933245037,0.52305117206675,50.094358631461,36030.832866141
2.6,8.42299533584,0.64990524882875,0.050094751171247,676.18874629893,0.5222752792198,50.094751171247,36030.845932725
2.6125,8.4164717390154,0.64990485687149,0.050095143128515,674.18256978028,0.52149993748194,50.095143128515,36030.858979919
2.625,8.4099578305095,0.64990446549632,0.05009553450368,672.18079892923,0.52072514777904,50.09553450368,36030.872007736
2.6375,8.4034536034159,0.64990407470284,0.050095925297156,670.18342976637,0.51995091103521,50.095925297156,36030.88501619
2.65,8.396959050817,0.64990368449064,0.05009631550936,668.19045829808,0.5191772281728,50.09631550936,36030.898005295
2.6625,8.3904741657834,0.64990329485929,0.050096705140708,666.20188051653,0.51840410011236,50.096705140708,36030.910975065
2.675,8.3839989413745,0.64990290580838,0.050097094191616,664.21769239982,0.51763152777266,50.097094191616,36030.923925514
2.6875,8.377533370638,0.6499025173375,0.050097482662502,662.23788991193,0.51685951207069,50.097482662502,36030.936856655
2.7,8.3710774466101,0.64990212944621,0.050097870553786,660.26246900278,0.51608805392162,50.097870553786,36030.949768503
2.7125,8.3646311623159,0.64990174213411,0.050098257865885,658.29142560828,0.51531715423879,50.098257865885,36030.962661072
2.725,8.3581945107688,0.64990135540078,0.05009864459922,656.32475565036,0.51454681393374,50.09864459922,36030.975534375
2.7375,8.3517674849708,0.64990096924579,0.050099030754211,654.36245503703,0.51377703391619,50.099030754211,36030.988388427
2.75,8.3453500779127,0.64990058366872,0.050099416331279,652.40451966236,0.51300781509399,50.099416331279,36031.001223241
2.7625,8.3389422825739,0.64990019866915,0.050099801330847,650.45094540661,0.51223915837317,50.099801330847,36031.014038831
2.775,8.3325440919225,0.64989981424666,0.050100185753336,648.50172813618,0.51147106465789,50.100185753336,36031.026835213
2.7875,8.3261554989153,0.64989943040083,0.050100569599169,646.55686370371,0.51070353485046,50.100569599169,36031.039612399
2.8,8.3197764964979,0.64989904713123,0.050100952868772,644.61634794808,0.50993656985129,50.100952868772,36031.052370404
2.8125,8.3134070776044,0.64989866443743,0.050101335562567,642.68017669449,0.50917017055894,50.101335562567,36031.065109241
2.825,8.307047235158,0.64989828231902,0.050101717680981,640.74834575445,0.50840433787008,50.101717680981,36031.077828926
2.8375,8.3006969620706,0.64989790077556,0.050102099224439,638.82085092587,0.50763907267946,50.102099224439,36031.090529472
2.85,8.2943562512428,0.64989751980663,0.050102480193367,636.89768799309,0.50687437587994,50.102480193367,36031.103210894
2.8625,8.2880250955641,0.64989713941181,0.050102860588194,634.97885272686,0.50611024836248,50.102860588194,36031.115873205
2.875,8.2817034879132,0.64989675959065,0.050103240409347,633.0643408845,0.50534669101609,50.103240409347,36031.128516421
2.8875,8.2753914211571,0.64989638034275,0.050103619657253,631.15414820981,0.50458370472787,50.103619657253,36031.141140554
2.9,8.2690888881523,0.64989600166766,0.050103998332344,629.2482704332,0.50382129038298,50.103998332344,36031.15374562
2.9125,8.2627958817438,0.64989562356495,0.050104376435048,627.34670327168,0.50305944886463,50.104376435048,36031.166331633
2.925,8.2565123947658,0.6498952460342,0.050104753965796,625.44944242898,0.50229818105408,50.104753965796,36031.178898607
2.9375,8.2502384200416,0.64989486907498,0.05010513092502,623.55648359549,0.50153748783062,50.10513092502,36031.191446556
2.95,8.2439739503833,0.64989449268685,0.05010550731315,621.66782244834,0.50077737007157,50.10550731315,36031.203975496
2.9625,8.2377189785921,0.64989411686938,0.05010588313062,619.7834546515,0.5000178286523,50.10588313062,36031.216485439
2.975,8.2314734974583,0.64989374162214,0.050106258377863,617.90337585574,0.49925886444615,50.106258377863,36031.228976402
2.9875,8.2252374997614,0.64989336694469,0.050106633055313,616.02758169869,0.49850047832449,50.106633055313,36031.241448397
3,8.2190109782698,0.6498929928366,0.050107007163404,614.15606780493,0.49774267115668,50.107007163404,36031.25390144
3.0125,8.2127939257411,0.64989261929743,0.050107380702571,612.288829786,0.49698544381008,50.107380702571,36031.266335545
3.025,8.2065863349223,0.64989224632675,0.05010775367325,610.42586324043,0.49622879715003,50.10775367325,36031.278750727
3.0375,8.2003881985494,0.64989187392412,0.050108126075878,608.5671637538,0.49547273203983,50.108126075878,36031.291146999
3.05,8.1941995093476,0.64989150208911,0.050108497910891,606.71272689879,0.49471724934075,50.108497910891,36031.303524378
3.0625,8.1880202600314,0.64989113082127,0.050108869178728,604.86254823521,0.49396234991203,50.108869178728,36031.315882876
3.075,8.1818504433045,0.64989076012017,0.050109239879826,603.01662331003,0.49320803461085,50.109239879826,36031.32822251
3.0875,8.1756900518602,0.64989038998537,0.050109610014625,601.17494765749,0.49245430429233,50.109610014625,36031.340543293
3.1,8.1695390783806,0.64989002041643,0.050109979583565,599.33751679904,0.49170115980953,50.109979583565,36031.35284524
3.1125,8.1633975155377,0.64988965141291,0.050110348587085,597.50432624348,0.49094860201344,50.110348587085,36031.365128365
3.125,8.1572653559924,0.64988928297437,0.050110717025627,595.67537148693,0.49019663175295,50.110717025627,36031.377392685
3.1375,8.1511425923953,0.64988891510037,0.050111084899633,593.85064801295,0.48944524987487,50.111084899633,36031.389638212
3.15,8.1450292173864,0.64988854779046,0.050111452209543,592.03015129251,0.48869445722393,50.111452209543,36031.401864962
3.1625,8.1389252235951,0.6498881810442,0.050111818955802,590.2138767841,0.48794425464272,50.111818955802,36031.414072949
3.175,8.1328306036402,0.64988781486115,0.050112185138853,588.40181993371,0.48719464297176,50.112185138853,36031.426262189
3.1875,8.1267453501301,0.64988744924086,0.05011255075914,586.59397617493,0.4864456230494,50.11255075914,36031.438432696
3.2,8.1206694556628,0.64988708418289,0.050112915817107,584.79034092898,0.48569719571191,50.112915817107,36031.450584485
3.2125,8.1146029128258,0.6498867196868,0.0501132803132,582.99090960473,0.48494936179339,50.1132803132,36031.462717571
3.225,8.108545714196,0.64988635575213,0.050113644247866,581.19567759879,0.48420212212581,50.113644247866,36031.474831968
3.2375,8.1024978523402,0.64988599237845,0.05011400762155,579.40464029551,0.48345547753899,50.11400762155,36031.486927692
3.25,8.0964593198148,0.6498856295653,0.050114370434699,577.61779306706,0.48270942886058,50.114370434699,36031.499004757
3.2625,8.0904301091657,0.64988526731224,0.050114732687763,575.83513127347,0.48196397691608,50.114732687763,36031.511063178
3.275,8.0844102129285,0.64988490561881,0.050115094381188,574.05665026266,0.48121912252881,50.115094381188,36031.523102971
3.2875,8.0783996236288,0.64988454448457,0.050115455515425,572.28234537048,0.4804748665199,50.115455515425,36031.535124149
3.3,8.0723983337816,0.64988418390908,0.050115816090923,570.51221192081,0.47973120970828,50.115816090923,36031.547126729
3.3125,8.0664063358919,0.64988382389187,0.050116176108132,568.74624522556,0.47898815291073,50.116176108132,36031.559110725
3.325,8.0604236224545,0.6498834644325,0.050116535567504,566.98444058471,0.47824569694177,50.116535567504,36031.571076152
3.3375,8.0544501859538,0.64988310553051,0.050116894469489,565.2267932864,0.47750384261375,50.116894469489,36031.583023025
3.35,8.0484860188645,0.64988274718546,0.050117252814541,563.47329860694,0.47676259073678,50.117252814541,36031.594951359
3.3625,8.0425311136506,0.64988238939689,0.050117610603111,561.72395181085,0.47602194211874,50.117610603111,36031.606861169
3.375,8.0365854627666,0.64988203216435,0.050117967835653,559.97874815098,0.47528189756529,50.117967835653,36031.618752471
3.3875,8.0306490586566,0.64988167548738,0.050118324512621,558.23768286843,0.47454245787984,50.118324512621,36031.630625279
3.4,8.0247218937547,0.64988131936553,0.05011868063447,556.50075119275,0.47380362386356,50.11868063447,36031.642479609
3.4125,8.018803960485,0.64988096379835,0.050119036201654,554.76794834187,0.47306539631535,50.119036201654,36031.654315476
3.425,8.0128952512619,0.64988060878537,0.050119391214631,553.03926952218,0.47232777603186,50.119391214631,36031.666132894
3.4375,8.0069957584894,0.64988025432615,0.050119745673855,551.31470992861,0.47159076380746,50.119745673855,36031.67793188
3.45,8.0011054745619,0.64987990042022,0.050120099579784,549.59426474465,0.47085436043425,50.120099579784,36031.689712447
3.4625,7.9952243918638,0.64987954706712,0.050120452932876,547.8779291424,0.47011856670203,50.120452932876,36031.701474613
3.475,7.9893525027698,0.64987919426641,0.050120805733588,546.16569828265,0.46938338339833,50.120805733588,36031.713218391
3.4875,7.9834897996445,0.64987884201762,0.05012115798238,544.45756731485,0.46864881130836,50.12115798238,36031.724943797
3.5,7.9776362748428,0.64987849032029,0.050121509679711,542.75353137727,0.46791485121504,50.121509679711,36031.736650847
3.5125,7.9717919207101,0.64987813917396,0.05012186082604,541.05358559694,0.46718150389896,50.12186082604,36031.748339555
3.525,7.9659567295816,0.64987778857817,0.050122211421829,539.3577250898,0.46644877013841,50.122211421829,36031.760009937
3.5375,7.9601306937832,0.64987743853246,0.050122561467538,537.66594496065,0.46571665070933,50.122561467538,36031.771662009
3.55,7.9543138056308,0.64987708903637,0.050122910963629,535.97824030329,0.46498514638533,50.122910963629,36031.783295785
3.5625,7.9485060574308,0.64987674008944,0.050123259910564,534.29460620051,0.4642542579377,50.123259910564,36031.794911282
3.575,7.9427074414799,0.64987639169119,0.050123608308806,532.61503772416,0.46352398613535,50.123608308806,36031.806508514
3.5875,7.9369179500654,0.64987604384118,0.050123956158819,530.9395299352,0.46279433174486,50.123956158819,36031.818087496
3.6,7.9311375754647,0.64987569653893,0.050124303461066,529.26807788375,0.46206529553041,50.124303461066,36031.829648246
3.6125,7.925366309946,0.64987534978399,0.050124650216012,527.60067660914,0.46133687825386,50.124650216012,36031.841190777
3.625,7.9196041457677,0.64987500357588,0.050124996424122,525.93732113996,0.46060908067465,50.124996424122,36031.852715105
3.6375,7.913851075179,0.64987465791414,0.050125342085863,524.27800649412,0.45988190354987,50.125342085863,36031.864221246
3.65,7.9081070904194,0.6498743127983,0.050125687201699,522.62272767888,0.4591553476342,50.125687201699,36031.875709216
3.6625,7.9023721837191,0.6498739682279,0.050126031772098,520.97147969091,0.45842941367992,50.126031772098,36031.887179029
3.675,7.896646347299,0.64987362420247,0.050126375797528,519.32425751635,0.45770410243691,50.126375797528,36031.898630702
3.6875,7.8909295733704,0.64987328072154,0.050126719278456,517.68105613087,0.45697941465266,50.126719278456,36031.91006425
3.7,7.8852218541356,0.64987293778465,0.050127062215351,516.04187049967,0.4562553510722,50.127062215351,36031.921479688
3.7125,7.8795231817872,0.64987259539132,0.050127404608681,514.4066955776,0.45553191243818,50.127404608681,36031.932877033
3.725,7.873833548509,0.64987225354108,0.050127746458918,512.77552630915,0.45480909949079,50.127746458918,36031.944256299
3.7375,7.8681529464751,0.64987191223347,0.05012808776653,511.14835762856,0.4540869129678,50.12808776653,36031.955617504
3.75,7.8624813678507,0.64987157146801,0.050128428531988,509.52518445982,0.45336535360451,50.128428531988,36031.966960661
3.7625,7.8568188047917,0.64987123124424,0.050128768755765,507.90600171675,0.4526444221338,50.128768755765,36031.978285787
3.775,7.8511652494449,0.64987089156167,0.05012910843833,506.29080430303,0.45192411928607,50.12910843833,36031.989592898
3.7875,7.845520693948,0.64987055241984,0.050129447580158,504.67958711231,0.45120444578928,50.129447580158,36032.000882009
3.8,7.8398851304295,0.64987021381828,0.050129786181721,503.07234502818,0.45048540236889,50.129786181721,36032.012153136
3.8125,7.834258551009,0.64986987575651,0.050130124243493,501.46907292427,0.44976698974791,50.130124243493,36032.023406294
3.825,7.8286409477971,0.64986953823405,0.050130461765946,499.86976566431,0.44904920864684,50.130461765946,36032.034641501
3.8375,7.8230323128951,0.64986920125044,0.050130798749557,498.27441810215,0.44833205978372,50.130798749557,36032.045858771
3.85,7.8174326383958,0.6498688648052,0.0501311351948,496.68302508184,0.44761554387408,50.1311351948,36032.05705812
3.8625,7.8118419163827,0.64986852889785,0.050131471102151,495.09558143767,0.44689966163094,50.131471102151,36032.068239564
3.875,7.8062601389305,0.64986819352791,0.050131806472086,493.51208199422,0.44618441376481,50.131806472086,36032.079403119
3.8875,7.8006872981052,0.64986785869492,0.050132141305081,491.93252156642,0.4454698009837,50.132141305081,36032.0905488
3.9,7.7951233859637,0.64986752439839,0.050132475601614,490.35689495959,0.4447558239931,50.132475601614,36032.101676625
3.9125,7.7895683945544,0.64986719063784,0.050132809362163,488.78519696954,0.44404248349595,50.132809362163,36032.112786607
3.925,7.7840223159165,0.64986685741279,0.050133142587206,487.21742238256,0.44332978019268,50.133142587206,36032.123878765
3.9375,7.778485142081,0.64986652472278,0.050133475277222,485.6535659755,0.44261771478117,50.133475277222,36032.134953112
3.95,7.7729568650698,0.64986619256731,0.050133807432689,484.09362251582,0.44190628795675,50.133807432689,36032.146009666
3.9625,7.7674374768962,0.64986586094591,0.050134139054089,482.53758676168,0.4411955004122,50.134139054089,36032.157048443
3.975,7.7619269695649,0.6498655298581,0.050134470141901,480.98545346191,0.44048535283774,50.134470141901,36032.168069457
3.9875,7.756425335072,0.64986519930339,0.050134800696606,479.43721735617,0.43977584592104,50.134800696606,36032.179072726
4,7.7509325654051,0.64986486928131,0.050135130718686,477.89287317491,0.43906698034719,50.135130718686,36032.190058266
4.0125,7.745448652543,0.64986453979138,0.050135460208623,476.35241563949,0.43835875679869,50.135460208623,36032.201026091
4.025,7.7399735884562,0.6498642108331,0.050135789166898,474.81583946219,0.43765117595548,50.135789166898,36032.21197622
4.0375,7.7345073651068,0.649863882406,0.050136117593996,473.28313934629,0.43694423849491,50.136117593996,36032.222908666
4.05,7.7290499744481,0.6498635545096,0.050136445490399,471.7543099861,0.4362379450917,50.136445490399,36032.233823448
4.0625,7.7236014084253,0.64986322714341,0.050136772856591,470.22934606706,0.43553229641803,50.136772856591,36032.24472058
4.075,7.7181616589751,0.64986290030694,0.050137099693057,468.70824226572,0.43482729314342,50.137099693057,36032.255600078
4.0875,7.7127307180258,0.64986257399972,0.050137426000282,467.19099324989,0.43412293593481,50.137426000282,36032.26646196
4.1,7.7073085774975,0.64986224822125,0.050137751778752,465.67759367861,0.43341922545652,50.137751778752,36032.277306241
4.1125,7.7018952293018,0.64986192297105,0.050138077028951,464.16803820226,0.43271616237022,50.138077028951,36032.288132938
4.125,7.6964906653424,0.64986159824863,0.050138401751368,462.66232146255,0.43201374733499,50.138401751368,36032.298942066
4.1375,7.6910948775144,0.64986127405351,0.050138725946488,461.16043809268,0.43131198100725,50.138725946488,36032.309733641
4.15,7.685707857705,0.6498609503852,0.050139049614799,459.66238271728,0.43061086404078,50.139049614799,36032.320507681
4.1625,7.680329597793,0.64986062724321,0.050139372756789,458.16814995256,0.42991039708673,50.139372756789,36032.331264201
4.175,7.6749600896493,0.64986030462705,0.050139695372947,456.67773440628,0.42921058079359,50.139695372947,36032.342003217
4.1875,7.6695993251366,0.64985998253624,0.050140017463761,455.19113067789,0.42851141580718,50.140017463761,36032.352724746
4.2,7.6642472961095,0.64985966097028,0.050140339029721,453.7083333585,0.42781290277069,50.140339029721,36032.363428804
4.2125,7.6589039944146,0.64985933992868,0.050140660071317,452.22933703103,0.42711504232461,50.140660071317,36032.374115408
4.225,7.6535694118907,0.64985901941096,0.050140980589039,450.75413627017,0.42641783510677,50.140980589039,36032.384784573
4.2375,7.6482435403683,0.64985869941662,0.050141300583378,449.28272564249,0.42572128175232,50.141300583378,36032.395436316
4.25,7.6429263716703,0.64985837994518,0.050141620054825,447.81509970652,0.42502538289373,50.141620054825,36032.406070653
4.2625,7.6376178976115,0.64985806099613,0.050141939003872,446.35125301272,0.42433013916078,50.141939003872,36032.416687601
4.275,7.6323181099989,0.64985774256899,0.050142257431011,444.89118010362,0.42363555118055,50.142257431011,36032.427287176
4.2875,7.6270270006318,0.64985742466327,0.050142575336735,443.43487551382,0.42294161957742,50.142575336735,36032.437869395
4.3,7.6217445613015,0.64985710727846,0.050142892721537,441.98233377009,0.42224834497307,50.142892721537,36032.448434274
4.3125,7.6164707837918,0.64985679041409,0.050143209585911,440.5335493914,0.42155572798647,50.143209585911,36032.458981829
4.325,7.6112056598785,0.64985647406965,0.050143525930351,439.08851688896,0.42086376923387,50.143525930351,36032.469512077
4.3375,7.6059491813298,0.64985615824465,0.050143841755352,437.64723076632,0.4201724693288,50.143841755352,36032.480025034
4.35,7.6007013399065,0.64985584293859,0.050144157061408,436.20968551938,0.41948182888207,50.144157061408,36032.490520717
4.3625,7.5954621273614,0.64985552815098,0.050144471849016,434.7758756365,0.41879184850175,50.144471849016,36032.500999142
4.375,7.59023153544,0.64985521388133,0.05014478611867,433.34579559849,0.41810252879317,50.14478611867,36032.511460326
4.3875,7.58500955588,0.64985490012913,0.050145099870868,431.91943987873,0.41741387035895,50.145099870868,36032.521904285
4.4,7.5797961804119,0.64985458689389,0.050145413106106,430.49680294317,0.41672587379892,50.145413106106,36032.532331036
4.4125,7.5745914007585,0.64985427417512,0.050145725824882,429.07787925043,0.41603853971019,50.145725824882,36032.542740595
4.425,7.5693952086352,0.64985396197231,0.050146038027694,427.66266325184,0.41535186868712,50.146038027694,36032.553132979
4.4375,7.56420759575,0.64985365028496,0.050146349715039,426.25114939151,0.41466586132127,50.146349715039,36032.563508205
4.45,7.5590285538034,0.64985333911258,0.050146660887416,424.84333210632,0.41398051820148,50.146660887416,36032.573866289
4.4625,7.5538580744888,0.64985302845468,0.050146971545325,423.43920582611,0.41329583991379,50.146971545325,36032.584207247
4.475,7.5486961494921,0.64985271831074,0.050147281689264,422.03876497357,0.41261182704148,50.147281689264,36032.594531097
4.4875,7.5435427704921,0.64985240868027,0.050147591319735,420.64200396446,0.41192848016504,50.147591319735,36032.604837855
4.5,7.5383979291601,0.64985209956276,0.050147900437236,419.24891720756,0.41124579986219,50.147900437236,36032.615127538
4.5125,7.5332616171604,0.64985179095773,0.05014820904227,417.85949910473,0.41056378670786,50.14820904227,36032.625400162
4.525,7.5281338261501,0.64985148286466,0.050148517135338,416.47374405103,0.40988244127416,50.148517135338,36032.635655744
4.5375,7.5230145477791,0.64985117528306,0.05014882471694,415.09164643472,0.40920176413043,50.14882471694,36032.645894301
4.55,7.5179037736903,0.64985086821242,0.05014913178758,413.71320063735,0.4085217558432,50.14913178758,36032.656115849
4.5625,7.5128014955194,0.64985056165224,0.050149438347759,412.3384010338,0.40784241697619,50.149438347759,36032.666320405
4.575,7.5077077048952,0.64985025560202,0.050149744397981,410.96724199234,0.40716374809032,50.149744397981,36032.676507987
4.5875,7.5026223934395,0.64984995006125,0.050150049938749,409.59971787469,0.40648574974368,50.150049938749,36032.686678609
4.6,7.497545552767,0.64984964502943,0.050150354970567,408.23582303609,0.40580842249154,50.150354970567,36032.696832291
4.6125,7.4924771744857,0.64984934050606,0.05015065949394,406.8755518253,0.40513176688635,50.15065949394,36032.706969047
4.625,7.4874172501965,0.64984903649063,0.050150963509371,405.51889858475,0.40445578347774,50.150963509371,36032.717088896
4.6375,7.4823657714935,0.64984873298263,0.050151267017366,404.1658576505,0.40378047281249,50.151267017366,36032.727191853
4.65,7.477322729964,0.64984842998157,0.05015157001843,402.8164233524,0.40310583543456,50.15157001843,36032.737277936
4.6625,7.4722881171887,0.64984812748693,0.050151872513069,401.47059001404,0.40243187188505,50.151872513069,36032.747347162
4.675,7.4672619247413,0.64984782549821,0.05015217450179,400.12835195289,0.40175858270223,50.15217450179,36032.757399547
4.6875,7.4622441441888,0.6498475240149,0.050152475985099,398.78970348032,0.40108596842152,50.152475985099,36032.767435108
4.7,7.4572347670917,0.6498472230365,0.050152776963503,397.45463890165,0.40041402957546,50.152776963503,36032.777453862
4.7125,7.4522337850038,0.64984692256249,0.05015307743751,396.12315251624,0.39974276669377,50.15307743751,36032.787455826
4.725,7.4472411894721,0.64984662259237,0.050153377407627,394.79523861752,0.39907218030328,50.153377407627,36032.797441017
4.7375,7.4422569720374,0.64984632312564,0.050153676874363,393.47089149305,0.39840227092797,50.153676874363,36032.807409452
4.75,7.4372811242336,0.64984602416177,0.050153975838227,392.1501054246,0.39773303908894,50.153975838227,36032.817361148
4.7625,7.4323136375883,0.64984572570027,0.050154274299727,390.83287468816,0.39706448530442,50.154274299727,36032.827296121
4.775,7.4273545036226,0.64984542774063,0.050154572259373,389.51919355407,0.39639661008978,50.154572259373,36032.837214389
4.7875,7.4224037138513,0.64984513028232,0.050154869717675,388.20905628701,0.39572941395746,50.154869717675,36032.847115969
4.8,7.4174612597825,0.64984483332486,0.050155166675143,386.9024571461,0.39506289741708,50.155166675143,36032.857000877
4.8125,7.4125271329183,0.64984453686771,0.050155463132287,385.5993903849,0.39439706097531,50.155463132287,36032.866869131
4.825,7.4076013247543,0.64984424091038,0.050155759089619,384.29985025156,0.39373190513596,50.155759089619,36032.876720747
4.8375,7.4026838267798,0.64984394545235,0.05015605454765,383.00383098881,0.39306743039995,50.15605454765,36032.886555743
4.85,7.3977746304779,0.64984365049311,0.050156349506892,381.71132683401,0.39240363726529,50.156349506892,36032.896374135
4.8625,7.3928737273256,0.64984335603214,0.050156643967856,380.42233201927,0.39174052622707,50.156643967856,36032.906175942
4.875,7.3879811087935,0.64984306206894,0.050156937931055,379.13684077144,0.39107809777749,50.156937931055,36032.915961179
4.8875,7.3830967663463,0.649842768603,0.050157231397002,377.8548473122,0.39041635240585,50.157231397002,36032.925729864
4.9,7.3782206914424,0.64984247563379,0.050157524366211,376.57634585814,0.38975529059851,50.157524366211,36032.935482013
4.9125,7.3733528755343,0.64984218316081,0.050157816839194,375.30133062076,0.38909491283894,50.157816839194,36032.945217645
4.925,7.3684933100684,0.64984189118353,0.050158108816466,374.02979580656,0.38843521960765,50.158108816466,36032.954936776
4.9375,7.3636419864851,0.64984159970146,0.050158400298541,372.76173561714,0.38777621138228,50.158400298541,36032.964639423
4.95,7.3587988962188,0.64984130871407,0.050158691285933,371.49714424916,0.38711788863749,50.158691285933,36032.974325604
4.9625,7.3539640306982,0.64984101822084,0.050158981779158,370.23601589448,0.38646025184504,50.158981779158,36032.983995335
4.975,7.3491373813458,0.64984072822127,0.050159271778731,368.97834474019,0.38580330147374,50.159271778731,36032.993648634
4.9875,7.3443189395786,0.64984043871483,0.050159561285168,367.72412496869,0.38514703798949,50.159561285168,36033.003285517
5,7.3395086968076,0.64984014970102,0.050159850298984,366.47335075768,0.38449146185521,50.159850298984,36033.012906003
5.0125,7.334706644438,0.6498398611793,0.050160138820697,365.22601628028,0.38383657353091,50.160138820697,36033.022510107
5.025,7.3299127738693,0.64983957314918,0.050160426850822,363.9821157051,0.38318237347364,50.160426850822,36033.032097849
5.0375,7.3251270764955,0.64983928561012,0.050160714389878,362.74164319623,0.38252886213749,50.160714389878,36033.041669243
5.05,7.3203495437045,0.64983899856162,0.05016100143838,361.50459291336,0.38187603997361,50.16100143838,36033.051224309
5.0625,7.3155801668792,0.64983871200315,0.050161287996848,360.27095901181,0.3812239074302,50.161287996848,36033.060763063
5.075,7.3108189373963,0.6498384259342,0.050161574065799,359.04073564257,0.38057246495248,50.161574065799,36033.070285522
5.0875,7.3060658466272,0.64983814035425,0.050161859645752,357.81391695241,0.37992171298274,50.161859645752,36033.079791703
5.1,7.3013208859381,0.64983785526277,0.050162144737225,356.5904970839,0.37927165196027,50.162144737225,36033.089281624
5.1125,7.2965840466891,0.64983757065926,0.050162429340738,355.37047017547,0.37862228232142,50.162429340738,36033.098755303
5.125,7.2918553202355,0.64983728654319,0.050162713456809,354.15383036146,0.37797360449956,50.162713456809,36033.108212756
5.1375,7.2871346979267,0.64983700291404,0.050162997085959,352.9405717722,0.37732561892508,50.162997085959,36033.117654
5.15,7.2824221711071,0.64983671977129,0.050163280228708,351.73068853407,0.37667832602541,50.163280228708,36033.127079054
5.1625,7.2777177311155,0.64983643711442,0.050163562885576,350.52417476953,0.376031726225,50.163562885576,36033.136487934
5.175,7.2730213692856,0.64983615494292,0.050163845057084,349.32102459719,0.3753858199453,50.163845057084,36033.145880658
5.1875,7.2683330769457,0.64983587325625,0.050164126743753,348.12123213187,0.3747406076048,50.164126743753,36033.155257242
5.2,7.2636528454191,0.6498355920539,0.050164407946104,346.92479148468,0.37409608961899,50.164407946104,36033.164617706
5.2125,7.2589806660237,0.64983531133534,0.050164688664658,345.73169676302,0.37345226640038,50.164688664658,36033.173962064
5.225,7.2543165300724,0.64983503110006,0.050164968899939,344.54194207071,0.37280913835849,50.164968899939,36033.183290336
5.2375,7.249660428873,0.64983475134753,0.050165248652467,343.35552150797,0.37216670589983,50.165248652467,36033.192602539
5.25,7.2450123537281,0.64983447207723,0.050165527922766,342.17242917154,0.37152496942795,50.165527922766,36033.201898689
5.2625,7.2403722959354,0.64983419328864,0.050165806711358,340.99265915471,0.37088392934336,50.165806711358,36033.211178804
5.275,7.2357402467876,0.64983391498123,0.050166085018767,339.81620554738,0.37024358604361,50.166085018767,36033.220442903
5.2875,7.2311161975725,0.64983363715448,0.050166362845516,338.64306243614,0.36960393992321,50.166362845516,36033.229691001
5.3,7.2265001395728,0.64983335980787,0.050166640192129,337.47322390427,0.36896499137369,50.166640192129,36033.238923117
5.3125,7.2218920640666,0.64983308294087,0.05016691705913,336.30668403184,0.36832674078358,50.16691705913,36033.248139268
5.325,7.2172919623268,0.64983280655296,0.050167193447043,335.1434368958,0.36768918853837,50.167193447043,36033.257339472
5.3375,7.2126998256219,0.64983253064361,0.050167469356392,333.98347656995,0.36705233502057,50.167469356392,36033.266523745
5.35,7.2081156452153,0.6498322552123,0.050167744787704,332.82679712507,0.36641618060967,50.167744787704,36033.275692106
5.3625,7.2035394123659,0.6498319802585,0.050168019741502,331.67339262893,0.36578072568212,50.168019741502,36033.284844572
5.375,7.1989711183278,0.64983170578169,0.050168294218313,330.5232571464,0.36514597061139,50.168294218313,36033.29398116
5.3875,7.1944107543505,0.64983143178134,0.050168568218662,329.37638473946,0.36451191576791,50.168568218662,36033.303101888
5.4,7.1898583116789,0.64983115825693,0.050168841743075,328.23276946727,0.36387856151909,50.168841743075,36033.312206773
5.4125,7.1853137815532,0.64983088520792,0.050169114792078,327.09240538624,0.36324590822934,50.169114792078,36033.321295833
5.425,7.1807771552094,0.6498306126338,0.050169387366199,325.95528655007,0.36261395626001,50.169387366199,36033.330369086
5.4375,7.1762484238785,0.64983034053404,0.050169659465963,324.8214070098,0.36198270596945,50.169659465963,36033.339426549
5.45,7.1717275787873,0.6498300689081,0.050169931091899,323.6907608139,0.36135215771297,50.169931091899,36033.348468239
5.4625,7.1672146111584,0.64982979775547,0.050170202244533,322.56334200831,0.36072231184285,50.170202244533,36033.357494174
5.475,7.1627095122097,0.64982952707561,0.050170472924393,321.43914463649,0.36009316870836,50.170472924393,36033.366504372
5.4875,7.1582122731548,0.64982925686799,0.050170743132007,320.31816273945,0.35946472865571,50.170743132007,36033.37549885
5.5,7.153722885203,0.6498289871321,0.050171012867904,319.20039035589,0.35883699202808,50.171012867904,36033.384477626
5.5125,7.1492413395595,0.64982871786739,0.050171282132611,318.08582152216,0.35820995916564,50.171282132611,36033.393440717
5.525,7.1447676274251,0.64982844907334,0.050171550926657,316.97445027239,0.35758363040549,50.171550926657,36033.402388141
5.5375,7.1403017399965,0.64982818074943,0.050171819250571,315.8662706385,0.35695800608172,50.171819250571,36033.411319916
5.55,7.135843668466,0.64982791289512,0.050172087104883,314.76127665026,0.35633308652535,50.172087104883,36033.420236059
5.5625,7.1313934040221,0.64982764550988,0.050172354490121,313.6594623354,0.35570887206439,50.172354490121,36033.429136588
5.575,7.1269509378491,0.64982737859318,0.050172621406817,312.56082171959,0.35508536302377,50.172621406817,36033.438021521
5.5875,7.1225162611272,0.6498271121445,0.050172887855498,311.46534882654,0.35446255972542,50.172887855498,36033.446890874
5.6,7.1180893650326,0.6498268461633,0.050173153836696,310.37303767805,0.3538404624882,50.173153836696,36033.455744666
5.6125,7.1136702407376,0.64982658064906,0.050173419350941,309.28388229408,0.35321907162791,50.173419350941,36033.464582915
5.625,7.1092588794106,0.64982631560124,0.050173684398764,308.19787669276,0.35259838745734,50.173684398764,36033.473405637
5.6375,7.104855272216,0.64982605101931,0.050173948980695,307.1150148905,0.35197841028621,50.173948980695,36033.482212852
5.65,7.1004594103144,0.64982578690273,0.050174213097265,306.03529090201,0.35135914042117,50.174213097265,36033.491004576
5.6625,7.0960712848627,0.64982552325099,0.050174476749007,304.95869874037,0.35074057816587,50.174476749007,36033.499780827
5.675,7.0916908870137,0.64982526006355,0.050174739936451,303.88523241708,0.35012272382085,50.174739936451,36033.508541622
5.6875,7.0873182079168,0.64982499733987,0.050175002660129,302.81488594214,0.34950557768365,50.175002660129,36033.51728698
5.7,7.0829532387175,0.64982473507943,0.050175264920574,301.74765332406,0.34888914004872,50.175264920574,36033.526016919
5.7125,7.0785959705579,0.64982447328168,0.050175526718316,300.68352856994,0.34827341120748,50.175526718316,36033.534731455
5.725,7.074246394576,0.64982421194611,0.05017578805389,299.62250568555,0.34765839144827,50.17578805389,36033.543430607
5.7375,7.0699045019067,0.64982395107217,0.050176048927827,298.56457867534,0.3470440810564,50.176048927827,36033.552114392
5.75,7.0655702836811,0.64982369065934,0.050176309340661,297.50974154252,0.34643048031411,50.176309340661,36033.560782829
5.7625,7.0612437310269,0.64982343070708,0.050176569292924,296.45798828913,0.34581758950058,50.176569292924,36033.569435934
5.775,7.0569248350681,0.64982317121485,0.05017682878515,295.40931291605,0.34520540889194,50.17682878515,36033.578073726
5.7875,7.0526135869257,0.64982291218213,0.050177087817872,294.36370942311,0.34459393876125,50.177087817872,36033.586696222
5.8,7.0483099777168,0.64982265360838,0.050177346391624,293.32117180908,0.34398317937852,50.177346391624,36033.595303441
5.8125,7.0440139985556,0.64982239549306,0.05017760450694,292.28169407181,0.34337313101071,50.17760450694,36033.603895399
5.825,7.0397256405526,0.64982213783565,0.050177862164354,291.24527020821,0.3427637939217,50.177862164354,36033.612472115
5.8375,7.0354448948153,0.6498218806356,0.0501781193644,290.21189421431,0.34215516837232,50.1781193644,36033.621033607
5.85,7.0311717524478,0.64982162389239,0.050178376107613,289.1815600854,0.34154725462034,50.178376107613,36033.629579891
5.8625,7.0269062045511,0.64982136760547,0.050178632394528,288.15426181595,0.34094005292046,50.178632394528,36033.638110987
5.875,7.0226482422229,0.64982111177432,0.050178888225678,287.12999339979,0.34033356352432,50.178888225678,36033.646626912
5.8875,7.018397856558,0.6498208563984,0.0501791436016,286.10874883009,0.33972778668051,50.1791436016,36033.655127683
5.9000000000001,7.0141550386478,0.64982060147717,0.050179398522829,285.09052209943,0.33912272263455,50.179398522829,36033.663613319
5.9125000000001,7.009919779581,0.6498203470101,0.050179652989899,284.07530719987,0.3385183716289,50.179652989899,36033.672083837
5.9250000000001,7.0056920704429,0.64982009299665,0.050179907003347,283.06309812298,0.33791473390295,50.179907003347,36033.680539255
5.9375000000001,7.0014719023163,0.64981983943629,0.050180160563709,282.05388885993,0.33731180969303,50.180160563709,36033.688979592
5.9500000000001,6.9972592662806,0.64981958632848,0.05018041367152,281.0476734015,0.33670959923241,50.18041367152,36033.697404864
5.9625000000001,6.9930541534125,0.64981933367268,0.050180666327316,280.04444573817,0.3361081027513,50.180666327316,36033.705815089
5.9750000000001,6.988856554786,0.64981908146837,0.050180918531634,279.04419986015,0.33550732047685,50.180918531634,36033.714210287
5.9875000000001,6.984666461472,0.64981882971499,0.050181170285011,278.04692975744,0.33490725263312,50.181170285011,36033.722590473
6.0000000000001,6.9804838645387,0.64981857841202,0.050181421587983,277.05262941991,0.33430789944114,50.181421587983,36033.730955667
6.0125000000001,6.9763087550518,0.64981832755891,0.050181672441086,276.06129283731,0.33370926111888,50.181672441086,36033.739305886
6.0250000000001,6.9721411240739,0.64981807715514,0.050181922844858,275.07291399934,0.33311133788121,50.181922844858,36033.747641148
6.0375000000001,6.9679809626652,0.64981782720016,0.050182172799836,274.08748689573,0.33251412993997,50.182172799836,36033.755961471
6.0500000000001,6.9638282618832,0.64981757769344,0.050182422306557,273.10500551625,0.33191763750392,50.182422306557,36033.764266873
6.0625000000001,6.9596830127828,0.64981732863444,0.050182671365559,272.1254638508,0.33132186077878,50.182671365559,36033.772557371
6.0750000000001,6.9555452064164,0.64981708002262,0.050182919977379,271.14885588942,0.3307267999672,50.182919977379,36033.780832983
6.0875000000001,6.9514148338338,0.64981683185745,0.050183168142554,270.17517562242,0.33013245526875,50.183168142554,36033.789093729
6.1000000000001,6.9472918860824,0.64981658413838,0.050183415861624,269.20441704034,0.32953882687996,50.183415861624,36033.797339624
6.1125000000001,6.9431763542071,0.64981633686487,0.050183663135126,268.23657413404,0.32894591499428,50.183663135126,36033.805570688
6.1250000000001,6.9390682292504,0.6498160900364,0.050183909963598,267.2716408948,0.32835371980214,50.183909963598,36033.813786938
6.1375000000001,6.9349675022525,0.64981584365242,0.050184156347578,266.3096113143,0.32776224149087,50.184156347578,36033.821988392
6.1500000000001,6.9308741642513,0.64981559771239,0.050184402287605,265.3504793847,0.32717148024475,50.184402287605,36033.830175068
6.1625000000001,6.9267882062823,0.64981535221578,0.050184647784218,264.39423909874,0.32658143624503,50.184647784218,36033.838346984
6.1750000000001,6.9227096193788,0.64981510716205,0.050184892837955,263.44088444969,0.32599210966986,50.184892837955,36033.846504158
6.1875000000001,6.918638394572,0.64981486255065,0.050185137449355,262.49040943149,0.32540350069436,50.185137449355,36033.854646607
6.2000000000001,6.9145745228907,0.64981461838104,0.050185381618957,261.54280803877,0.32481560949059,50.185381618957,36033.862774351
6.2125000000001,6.9105179953618,0.6498143746527,0.0501856253473,260.59807426692,0.32422843622756,50.1856253473,36033.870887406
6.2250000000001,6.90646880301,0.64981413136508,0.050185868634925,259.65620211209,0.32364198107121,50.185868634925,36033.87898579
6.2375000000001,6.902426936858,0.64981388851763,0.050186111482369,258.71718557131,0.32305624418443,50.186111482369,36033.887069523
6.2500000000001,6.8983923879263,0.64981364610983,0.050186353890172,257.78101864249,0.32247122572707,50.186353890172,36033.89513862
6.2625000000001,6.8943651472338,0.64981340414113,0.050186595858875,256.8476953245,0.32188692585592,50.186595858875,36033.903193102
6.2750000000001,6.890345205797,0.64981316261098,0.050186837389016,255.91720961722,0.32130334472473,50.186837389016,36033.911232985
6.2875000000001,6.8863325546308,0.64981292151886,0.050187078481136,254.98955552157,0.32072048248417,50.187078481136,36033.919258287
6.3000000000001,6.8823271847481,0.64981268086423,0.050187319135775,254.06472703957,0.3201383392819,50.187319135775,36033.927269027
6.3125000000001,6.8783290871601,0.64981244064653,0.050187559353472,253.14271817443,0.3195569152625,50.187559353472,36033.935265222
6.3250000000001,6.8743382528762,0.64981220086523,0.050187799134768,252.22352293052,0.31897621056753,50.187799134768,36033.943246891
6.3375000000001,6.8703546729038,0.6498119615198,0.050188038480204,251.3071353135,0.31839622533549,50.188038480204,36033.95121405
6.3500000000001,6.8663783382489,0.64981172260968,0.050188277390319,250.39354933033,0.31781695970182,50.188277390319,36033.95916672
6.3625000000001,6.8624092399157,0.64981148413435,0.050188515865654,249.48275898933,0.31723841379896,50.188515865654,36033.967104916
6.3750000000001,6.8584473689068,0.64981124609325,0.05018875390675,248.57475830022,0.31666058775627,50.18875390675,36033.975028658
6.3875000000001,6.8544927162231,0.64981100848585,0.050188991514147,247.6695412742,0.31608348170009,50.188991514147,36033.982937964
6.4000000000001,6.850545272864,0.64981077131161,0.050189228688386,246.76710192395,0.31550709575371,50.189228688386,36033.990832851
6.4125000000001,6.8466050298274,0.64981053456999,0.050189465430009,245.86743426373,0.31493143003739,50.189465430009,36033.998713337
6.4250000000001,6.8426719781098,0.64981029826044,0.050189701739555,244.97053230942,0.31435648466834,50.189701739555,36034.00657944
6.4375000000001,6.838746108706,0.64981006238243,0.050189937617567,244.07639007853,0.31378225976077,50.189937617567,36034.014431179
6.4500000000001,6.8348274126096,0.64980982693542,0.050190173064584,243.1850015903,0.3132087554258,50.190173064584,36034.022268571
6.4625000000001,6.8309158808128,0.64980959191885,0.050190408081149,242.29636086572,0.31263597177157,50.190408081149,36034.030091635
6.4750000000001,6.8270115043064,0.6498093573322,0.050190642667803,241.4104619276,0.31206390890318,50.190642667803,36034.037900388
6.4875000000001,6.82311427408,0.64980912317491,0.050190876825086,240.52729880061,0.31149256692268,50.190876825086,36034.045694848
6.5000000000001,6.8192241811219,0.64980888944646,0.050191110553542,239.64686551129,0.3109219459291,50.191110553542,36034.053475034
6.5125000000001,6.8153412164191,0.64980865614629,0.05019134385371,238.76915608818,0.31035204601847,50.19134385371,36034.061240963
6.5250000000001,6.8114653709576,0.64980842327387,0.050191576726133,237.89416456181,0.30978286728377,50.191576726133,36034.068992654
6.5375000000001,6.807596635722,0.64980819082865,0.050191809171352,237.02188496474,0.30921440981496,50.191809171352,36034.076730125
6.5500000000001,6.8037350016961,0.64980795881009,0.050192041189909,236.15231133168,0.308646673699,50.192041189909,36034.084453393
6.5625000000001,6.7998804598624,0.64980772721765,0.050192272782346,235.28543769944,0.30807965901981,50.192272782346,36034.092162477
6.5750000000001,6.7960330012024,0.6498074960508,0.050192503949205,234.42125810707,0.30751336585831,50.192503949205,36034.099857394
6.5875000000001,6.7921926166967,0.64980726530897,0.050192734691027,233.55976659583,0.30694779429239,50.192734691027,36034.107538163
6.6000000000001,6.7883592973249,0.64980703499165,0.050192965008355,232.70095720931,0.30638294439694,50.192965008355,36034.115204802
6.6125000000001,6.7845330340657,0.64980680509827,0.05019319490173,231.84482399342,0.30581881624385,50.19319490173,36034.122857328
6.6250000000001,6.7807138178969,0.6498065756283,0.050193424371695,230.99136099648,0.30525540990199,50.193424371695,36034.13049576
6.6375000000001,6.7769016397954,0.64980634658121,0.050193653418792,230.14056226923,0.30469272543721,50.193653418792,36034.138120117
6.6500000000001,6.7730964907374,0.64980611795644,0.050193882043563,229.29242186489,0.30413076291237,50.193882043563,36034.145730415
6.6625000000001,6.7692983616982,0.64980588975345,0.05019411024655,228.44693383925,0.30356952238734,50.19411024655,36034.153326673
6.6750000000001,6.7655072436526,0.6498056619717,0.050194338028296,227.60409225066,0.30300900391898,50.194338028296,36034.160908909
6.6875000000001,6.7617231275744,0.64980543461066,0.050194565389342,226.76389116007,0.30244920756115,50.194565389342,36034.168477141
6.7000000000001,6.7579460044371,0.64980520766977,0.050194792330232,225.92632463116,0.30189013336471,50.194792330232,36034.176031387
6.7125000000001,6.7541758652132,0.64980498114849,0.050195018851507,225.09138673028,0.30133178137755,50.195018851507,36034.183571666
6.7250000000001,6.750412700875,0.64980475504629,0.050195244953709,224.25907152659,0.30077415164455,50.195244953709,36034.191097995
6.7375000000001,6.7466565023939,0.64980452936262,0.050195470637383,223.42937309205,0.3002172442076,50.195470637383,36034.198610391
6.7500000000001,6.7429072607411,0.64980430409693,0.050195695903069,222.60228550146,0.29966105910562,50.195695903069,36034.206108875
6.7625000000001,6.7391649668871,0.64980407924869,0.050195920751311,221.77780283257,0.29910559637455,50.195920751311,36034.213593462
6.7750000000001,6.7354296118021,0.64980385481735,0.05019614518265,220.95591916604,0.29855085604732,50.19614518265,36034.221064173
6.7875000000001,6.7317011864559,0.64980363080237,0.05019636919763,220.13662858557,0.29799683815392,50.19636919763,36034.228521023
6.8000000000001,6.7279796818179,0.64980340720321,0.050196592796794,219.31992517787,0.29744354272133,50.196592796794,36034.235964033
6.8125000000001,6.7242650888572,0.64980318401932,0.050196815980682,218.50580303277,0.29689096977358,50.196815980682,36034.243393219
6.8250000000001,6.7205573985426,0.64980296125016,0.05019703874984,217.69425624321,0.29633911933173,50.19703874984,36034.250808599
6.8375000000001,6.7168566018427,0.64980273889519,0.050197261104808,216.88527890534,0.29578799141386,50.197261104808,36034.258210193
6.8500000000001,6.7131626897259,0.64980251695387,0.050197483046129,216.07886511852,0.29523758603509,50.197483046129,36034.265598017
6.8625000000001,6.7094756531603,0.64980229542565,0.050197704574347,215.2750089854,0.2946879032076,50.197704574347,36034.27297209
6.8750000000001,6.705795483114,0.64980207431,0.050197925690004,214.47370461191,0.29413894294057,50.197925690004,36034.28033243
6.8875000000001,6.702122170555,0.64980185360636,0.050198146393643,213.67494610739,0.29359070524025,50.198146393643,36034.287679055
6.9000000000001,6.6984557064511,0.64980163331419,0.050198366685806,212.87872758455,0.29304319010993,50.198366685806,36034.295011983
6.9125000000001,6.6947960817703,0.64980141343296,0.050198586567035,212.08504315957,0.29249639754996,50.198586567035,36034.302331233
6.9250000000001,6.6911432874805,0.64980119396213,0.050198806037875,211.29388695212,0.29195032755774,50.198806037875,36034.309636821
6.9375000000001,6.6874973145496,0.64980097490113,0.050199025098866,210.50525308541,0.2914049801277,50.199025098866,36034.316928767
6.9500000000001,6.6838581539456,0.64980075624945,0.050199243750553,209.71913568624,0.29086035525136,50.199243750553,36034.324207088
6.9625000000001,6.6802257966367,0.64980053800652,0.050199461993477,208.93552888503,0.29031645291729,50.199461993477,36034.331471803
6.9750000000001,6.6766002335912,0.64980032017182,0.050199679828181,208.15442681586,0.28977327311112,50.199679828181,36034.338722929
6.9875000000001,6.6729814557776,0.64980010274479,0.050199897255209,207.37582361655,0.28923081581556,50.199897255209,36034.345960485
7.0000000000001,6.6693694541648,0.6497998857249,0.050200114275102,206.59971342868,0.28868908101038,50.200114275102,36034.353184488
7.0125000000001,6.6657642197216,0.6497996691116,0.050200330888403,205.82609039759,0.28814806867241,50.200330888403,36034.360394957
7.0250000000001,6.6621657434175,0.64979945290435,0.050200547095655,205.05494867251,0.2876077787756,50.200547095655,36034.367591909
7.0375000000001,6.6585740162221,0.6497992371026,0.0502007628974,204.28628240654,0.28706821129095,50.2007628974,36034.374775364
7.0500000000001,6.6549890291055,0.64979902170582,0.050200978294181,203.52008575671,0.28652936618654,50.200978294181,36034.381945338
7.0625000000001,6.6514107730381,0.64979880671346,0.05020119328654,202.75635288401,0.28599124342755,50.20119328654,36034.38910185
7.0750000000001,6.6478392389909,0.64979859212498,0.05020140787502,201.99507795348,0.28545384297625,50.20140787502,36034.396244918
7.0875000000001,6.6442744179353,0.64979837793984,0.050201622060164,201.23625513418,0.284917164792,50.201622060164,36034.40337456
7.1000000000001,6.6407163008433,0.64979816415749,0.050201835842513,200.47987859928,0.28438120883126,50.201835842513,36034.410490795
7.1125000000001,6.6371648786873,0.64979795077739,0.05020204922261,199.72594252611,0.28384597504757,50.20204922261,36034.417593639
7.1250000000001,6.6336201424404,0.649797737799,0.050202262200998,198.97444109616,0.28331146339162,50.202262200998,36034.424683111
7.1375000000001,6.6300820830764,0.64979752522178,0.050202474778219,198.22536849516,0.28277767381116,50.202474778219,36034.43175923
7.1500000000001,6.6265506915697,0.64979731304519,0.050202686954815,197.47871891309,0.28224460625109,50.202686954815,36034.438822013
7.1625000000001,6.6230259588955,0.64979710126867,0.050202898731328,196.73448654425,0.28171226065339,50.202898731328,36034.445871478
7.1750000000001,6.6195078760295,0.6497968898917,0.050203110108301,195.9926655873,0.28118063695719,50.203110108301,36034.452907644
7.1875000000001,6.6159964339484,0.64979667891372,0.050203321086275,195.25325024526,0.28064973509872,50.203321086275,36034.459930528
7.2000000000001,6.6124916236297,0.64979646833421,0.050203531665794,194.5162347256,0.28011955501135,50.203531665794,36034.466940149
7.2125000000001,6.6089934360516,0.6497962581526,0.050203741847398,193.78161324026,0.27959009662556,50.203741847398,36034.473936524
7.2250000000001,6.6055018621934,0.64979604836837,0.05020395163163,193.04938000568,0.27906135986899,50.20395163163,36034.480919672
7.2375000000001,6.6020168930352,0.64979583898097,0.050204161019032,192.31952924287,0.27853334466641,50.204161019032,36034.48788961
7.2500000000001,6.598538519558,0.64979562998985,0.050204370010146,191.59205517741,0.27800605093971,50.204370010146,36034.494846357
7.2625000000001,6.595066732744,0.64979542139449,0.050204578605513,190.86695203953,0.27747947860794,50.204578605513,36034.501789931
7.2750000000001,6.5916015235761,0.64979521319432,0.050204786805675,190.14421406412,0.27695362758731,50.204786805675,36034.508720349
7.2875000000001,6.5881428830386,0.64979500538883,0.050204994611175,189.42383549079,0.27642849779118,50.204994611175,36034.51563763
7.3000000000001,6.5846908021168,0.64979479797745,0.050205202022553,188.70581056389,0.27590408913004,50.205202022553,36034.522541792
7.3125000000001,6.581245271797,0.64979459095965,0.050205409040351,187.99013353257,0.27538040151157,50.205409040351,36034.529432853
7.3250000000001,6.5778062830667,0.64979438433489,0.050205615665111,187.2767986508,0.2748574348406,50.205615665111,36034.53631083
7.3375000000001,6.5743738269149,0.64979417810263,0.050205821897374,186.56580017743,0.27433518901913,50.205821897374,36034.543175742
7.3500000000001,6.5709478943315,0.64979397226232,0.050206027737681,185.8571323762,0.27381366394634,50.206027737681,36034.550027608
7.3625000000001,6.5675284763077,0.64979376681343,0.050206233186574,185.1507895158,0.27329285951858,50.206233186574,36034.556866444
7.3750000000001,6.5641155638363,0.64979356175541,0.050206438244595,184.44676586992,0.2727727756294,50.206438244595,36034.563692269
7.3875000000001,6.5607091479111,0.64979335708772,0.050206642912283,183.74505571725,0.2722534121695,50.206642912283,36034.5705051
7.4000000000001,6.5573092195275,0.64979315280982,0.05020684719018,183.04565334154,0.27173476902679,50.20684719018,36034.577304957
7.4125000000001,6.5539157696824,0.64979294892117,0.050207051078827,182.34855303166,0.27121684608638,50.207051078827,36034.584091857
7.4250000000001,6.5505287893738,0.64979274542124,0.050207254578765,181.6537490816,0.27069964323057,50.207254578765,36034.590865818
7.4375000000001,6.5471482696015,0.64979254230947,0.050207457690534,180.96123579051,0.27018316033887,50.207457690534,36034.597626857
7.4500000000001,6.5437742013667,0.64979233958532,0.050207660414676,180.27100746278,0.26966739728796,50.207660414676,36034.604374994
7.4625000000001,6.5404065756722,0.64979213724827,0.05020786275173,179.58305840802,0.2691523539518,50.20786275173,36034.611110245
7.4750000000001,6.5370453835224,0.64979193529776,0.050208064702238,178.89738294115,0.2686380302015,50.208064702238,36034.617832629
7.4875000000001,6.5336906159234,0.64979173373326,0.05020826626674,178.21397538238,0.26812442590543,50.20826626674,36034.624542164
7.5000000000001,6.5303422638826,0.64979153255422,0.050208467445776,177.5328300573,0.26761154092915,50.208467445776,36034.631238868
7.5125000000001,6.5270003184097,0.64979133176011,0.050208668239886,176.85394129689,0.26709937513549,50.208668239886,36034.637922759
7.5250000000001,6.5236647705155,0.64979113135039,0.05020886864961,176.17730343757,0.26658792838449,50.20886864961,36034.644593855
7.5375000000001,6.5203356112131,0.64979093132451,0.050209068675488,175.50291082121,0.26607720053343,50.209068675488,36034.651252174
7.5500000000001,6.517012831517,0.64979073168194,0.05020926831806,174.83075779519,0.26556719143682,50.20926831806,36034.657897733
7.5625000000001,6.5136964224438,0.64979053242213,0.050209467577867,174.16083871243,0.26505790094644,50.209467577867,36034.664530551
7.5750000000001,6.5103863750119,0.64979033354455,0.050209666455447,173.49314793142,0.26454932891132,50.209666455447,36034.671150646
7.5875000000001,6.5070826802415,0.64979013504866,0.05020986495134,172.82767981626,0.26404147517772,50.20986495134,36034.677758036
7.6000000000001,6.5037853291548,0.64978993693392,0.050210063066085,172.16442873671,0.26353433958919,50.210063066085,36034.684352738
7.6125000000001,6.5004943127761,0.64978973919978,0.050210260800222,171.50338906818,0.26302792198654,50.210260800222,36034.690934771
7.6250000000001,6.4972096221315,0.64978954184571,0.05021045815429,170.84455519183,0.26252222220783,50.21045815429,36034.697504152
7.6375000000001,6.4939312482493,0.64978934487117,0.050210655128828,170.18792149453,0.26201724008842,50.210655128828,36034.7040609
7.6500000000001,6.4906591821598,0.64978914827563,0.050210851724375,169.53348236898,0.26151297546094,50.210851724375,36034.710605032
7.6625000000001,6.4873934148954,0.64978895205853,0.050211047941469,168.88123221366,0.26100942815531,50.211047941469,36034.717136566
7.6750000000001,6.4841339374906,0.64978875621935,0.05021124378065,168.23116543292,0.26050659799873,50.21124378065,36034.723655521
7.6875000000001,6.4808807409823,0.64978856075754,0.050211439242456,167.583276437,0.26000448481571,50.211439242456,36034.730161914
7.7000000000001,6.4776338164094,0.64978836567257,0.050211634327425,166.93755964204,0.25950308842803,50.211634327425,36034.736655763
7.7125000000001,6.474393154813,0.6497881709639,0.050211829036096,166.29400947017,0.25900240865482,50.211829036096,36034.743137087
7.7250000000001,6.4711587472366,0.64978797663099,0.050212023369006,165.65262034946,0.25850244531247,50.212023369006,36034.749605902
7.7375000000001,6.4679305847261,0.64978778267331,0.050212217326695,165.01338671405,0.25800319821474,50.212217326694,36034.756062227
7.7500000000001,6.4647086583295,0.6497875890903,0.050212410909698,164.3763030041,0.25750466717265,50.212410909698,36034.76250608
7.7625000000001,6.4614929590974,0.64978739588144,0.050212604118555,163.74136366587,0.25700685199459,50.212604118555,36034.768937478
7.7750000000001,6.4582834780827,0.6497872030462,0.050212796953803,163.10856315173,0.25650975248625,50.212796953803,36034.77535644
7.7875000000001,6.4550802063408,0.64978701058402,0.050212989415979,162.47789592022,0.25601336845068,50.212989415979,36034.781762984
7.8000000000001,6.4518831349294,0.64978681849438,0.050213181505621,161.84935643605,0.25551769968826,50.213181505621,36034.788157126
7.8125000000001,6.4486922549091,0.64978662677674,0.050213373223265,161.22293917015,0.2550227459967,50.213373223265,36034.794538886
7.8250000000001,6.4455075573426,0.64978643543055,0.050213564569449,160.59863859971,0.25452850717109,50.213564569449,36034.800908282
7.8375000000001,6.4423290332954,0.64978624445529,0.050213755544709,159.97644920817,0.25403498300385,50.213755544709,36034.80726533
7.8500000000001,6.4391566738357,0.64978605385042,0.050213946149583,159.35636548531,0.25354217328478,50.213946149583,36034.813610049
7.8625000000001,6.4359904700342,0.64978586361539,0.050214136384606,158.73838192725,0.25305007780103,50.214136384606,36034.819942456
7.8750000000001,6.4328304129642,0.64978567374969,0.050214326250314,158.12249303649,0.25255869633712,50.214326250314,36034.82626257
7.8875000000001,6.429676493702,0.64978548425275,0.050214515747246,157.50869332191,0.25206802867498,50.214515747246,36034.832570409
7.9000000000001,6.4265287033264,0.64978529512407,0.050214704875935,156.89697729885,0.25157807459387,50.214704875935,36034.83886599
7.9125000000001,6.4233870329189,0.64978510636308,0.050214893636918,156.28733948911,0.25108883387048,50.214893636918,36034.84514933
7.9250000000001,6.4202514735642,0.64978491796927,0.05021508203073,155.67977442099,0.25060030627888,50.21508203073,36034.851420449
7.9375000000001,6.4171220163494,0.64978472994209,0.050215270057908,155.07427662932,0.25011249159054,50.215270057908,36034.857679364
7.9500000000001,6.4139986523647,0.64978454228101,0.050215457718987,154.47084065549,0.24962538957431,50.215457718987,36034.863926092
7.9625000000001,6.4108813727032,0.6497843549855,0.050215645014501,153.86946104747,0.24913899999649,50.215645014501,36034.870160651
7.9750000000001,6.4077701684609,0.64978416805501,0.050215831944985,153.27013235986,0.24865332262076,50.215831944985,36034.876383059
7.9875000000001,6.4046650307368,0.64978398148903,0.050216018510975,152.67284915389,0.24816835720825,50.216018510975,36034.882593335
8.0000000000001,6.4015659506328,0.649783795287,0.050216204713005,152.0776059975,0.24768410351749,50.216204713005,36034.888791495
8.0125000000001,6.398472919254,0.64978360944839,0.050216390551609,151.4843974653,0.24720056130446,50.216390551609,36034.894977558
8.0250000000001,6.3953859277084,0.64978342397268,0.050216576027322,150.89321813866,0.24671773032256,50.216576027322,36034.901151541
8.0375000000001,6.3923049671072,0.64978323885932,0.050216761140678,150.30406260571,0.24623561032266,50.216761140678,36034.907313462
8.0500000000001,6.3892300285648,0.64978305410779,0.05021694589221,149.71692546137,0.24575420105304,50.21694589221,36034.913463339
8.0625000000001,6.3861611031985,0.64978286971755,0.050217130282453,149.13180130738,0.24527350225946,50.217130282453,36034.91960119
8.0750000000001,6.3830981821291,0.64978268568806,0.05021731431194,148.54868475234,0.24479351368515,50.21731431194,36034.925727032
8.0875000000001,6.3800412564804,0.6497825020188,0.050217497981204,147.96757041172,0.24431423507078,50.217497981204,36034.931840883
8.1000000000001,6.3769903173796,0.64978231870922,0.050217681290778,147.38845290791,0.2438356661545,50.217681290778,36034.937942761
8.1125000000001,6.3739453559571,0.64978213575881,0.050217864241195,146.81132687021,0.24335780667194,50.217864241195,36034.944032684
8.1250000000001,6.3709063633466,0.64978195316701,0.050218046832988,146.2361869349,0.24288065635622,50.218046832988,36034.95011067
8.1375000000001,6.3678733306854,0.64978177093331,0.050218229066689,145.66302774525,0.24240421493792,50.218229066689,36034.956176735
8.1500000000001,6.3648462491138,0.64978158905717,0.050218410942831,145.09184395153,0.24192848214516,50.218410942831,36034.962230898
8.1625000000001,6.3618251097758,0.64978140753805,0.050218592461946,144.52263021109,0.24145345770351,50.218592461946,36034.968273177
8.1750000000001,6.3588099038187,0.64978122637543,0.050218773624566,143.9553811883,0.24097914133609,50.218773624566,36034.974303589
8.1875000000001,6.3558006223933,0.64978104556878,0.050218954431221,143.39009155467,0.24050553276351,50.218954431221,36034.980322151
8.2000000000001,6.3527972566541,0.64978086511755,0.050219134882445,142.82675598881,0.2400326317039,50.219134882445,36034.986328883
8.2125000000001,6.3497997977587,0.64978068502123,0.050219314978768,142.26536917649,0.23956043787291,50.219314978768,36034.992323801
8.2250000000001,6.3468082368688,0.64978050527928,0.050219494720721,141.70592581066,0.23908895098373,50.219494720721,36034.998306922
8.2375000000001,6.3438225651493,0.64978032589117,0.050219674108835,141.14842059146,0.23861817074709,50.219674108835,36035.004278266
8.2500000000001,6.3408427737689,0.64978014685636,0.05021985314364,140.59284822627,0.23814809687124,50.21985314364,36035.010237849
8.2625000000001,6.3378688539,0.64977996817433,0.050220031825668,140.0392034297,0.237678729062,50.220031825668,36035.016185688
8.2750000000001,6.3349007967185,0.64977978984455,0.050220210155448,139.48748092369,0.23721006702273,50.220210155448,36035.022121803
8.2875000000001,6.3319385934043,0.64977961186649,0.050220388133509,138.93767543742,0.23674211045436,50.220388133509,36035.028046209
8.3000000000001,6.3289822351408,0.64977943423962,0.050220565760383,138.38978170744,0.23627485905538,50.220565760383,36035.033958926
8.3125000000001,6.3260317131153,0.6497792569634,0.050220743036598,137.84379447765,0.23580831252186,50.220743036598,36035.03985997
8.3250000000001,6.3230870185189,0.64977908003732,0.050220919962683,137.29970849931,0.23534247054745,50.220919962683,36035.045749359
8.3375000000001,6.3201481425467,0.64977890346083,0.050221096539168,136.75751853112,0.23487733282336,50.221096539168,36035.051627111
8.3500000000001,6.3172150763973,0.64977872723342,0.050221272766582,136.21721933917,0.23441289903842,50.221272766582,36035.057493243
8.3625000000001,6.3142878112736,0.64977855135455,0.050221448645452,135.678805697,0.23394916887904,50.221448645452,36035.063347774
8.3750000000001,6.3113663383821,0.64977837582369,0.050221624176308,135.14227238565,0.23348614202924,50.221624176308,36035.069190719
8.3875000000001,6.3084506489336,0.64977820064032,0.050221799359677,134.60761419367,0.23302381817066,50.221799359677,36035.075022098
8.4000000000001,6.3055407341426,0.64977802580391,0.050221974196087,134.07482591709,0.23256219698253,50.221974196087,36035.080841928
8.4125000000001,6.3026365852278,0.64977785131393,0.050222148686067,133.54390235952,0.23210127814173,50.222148686067,36035.086650226
8.4250000000001,6.2997381934118,0.64977767716986,0.050222322830142,133.01483833212,0.23164106132275,50.222322830142,36035.092447009
8.4375000000001,6.2968455499216,0.64977750337116,0.050222496628841,132.48762865365,0.23118154619772,50.222496628841,36035.098232296
8.4500000000001,6.2939586459879,0.64977732991731,0.05022267008269,131.9622681505,0.23072273243641,50.22267008269,36035.104006104
8.4625000000001,6.2910774728458,0.64977715680778,0.050222843192216,131.43875165667,0.23026461970623,50.222843192216,36035.109768451
8.4750000000001,6.2882020217346,0.64977698404205,0.050223015957945,130.91707401383,0.22980720767227,50.223015957945,36035.115519353
8.4875000000001,6.2853322838975,0.6497768116196,0.050223188380403,130.39723007136,0.22935049599726,50.223188380403,36035.121258828
8.5000000000001,6.2824682505824,0.64977663953988,0.050223360460117,129.8792146863,0.22889448434159,50.223360460117,36035.126986895
8.5125000000001,6.279609913041,0.64977646780239,0.050223532197612,129.36302272345,0.22843917236334,50.223532197612,36035.13270357
8.5250000000001,6.2767572625296,0.64977629640659,0.050223703593412,128.84864905533,0.22798455971825,50.223703593412,36035.138408871
8.5375,6.2739102903086,0.64977612535196,0.050223874648044,128.33608856226,0.22753064605977,50.223874648044,36035.144102816
8.55,6.271068987643,0.64977595463797,0.050224045362032,127.82533613234,0.22707743103903,50.224045362032,36035.149785421
8.5625,6.268233345802,0.6497757842641,0.050224215735901,127.31638666147,0.22662491430486,50.224215735901,36035.155456705
8.575,6.2654033560591,0.64977561422983,0.050224385770175,126.8092350534,0.22617309550378,50.224385770175,36035.161116684
8.5875,6.2625790096925,0.64977544453462,0.050224555465378,126.30387621972,0.22572197428006,50.224555465378,36035.166765377
8.6,6.2597602979848,0.64977527517797,0.050224724822033,125.80030507992,0.22527155027564,50.224724822033,36035.1724028
8.6125,6.2569472122228,0.64977510615933,0.050224893840665,125.29851656134,0.22482182313023,50.224893840665,36035.178028972
8.625,6.2541397436981,0.6497749374782,0.050225062521796,124.79850559929,0.22437279248125,50.225062521796,36035.183643909
8.6375,6.2513378837069,0.64977476913405,0.05022523086595,124.30026713698,0.22392445796386,50.22523086595,36035.189247629
8.65,6.2485416235498,0.64977460112635,0.050225398873649,123.80379612558,0.22347681921095,50.225398873649,36035.194840149
8.6625,6.245750954532,0.64977443345458,0.050225566545416,123.30908752424,0.2230298758532,50.225566545416,36035.200421487
8.675,6.2429658679634,0.64977426611823,0.050225733881772,122.81613630011,0.22258362751901,50.225733881772,36035.20599166
8.6875,6.2401863551587,0.64977409911676,0.05022590088324,122.32493742835,0.22213807383456,50.22590088324,36035.211550686
8.7,6.2374124074369,0.64977393244966,0.050226067550341,121.83548589215,0.22169321442381,50.226067550341,36035.217098581
8.7125,6.2346440161221,0.6497737661164,0.050226233883596,121.34777668276,0.22124904890849,50.226233883596,36035.222635364
8.725,6.231881172543,0.64977360011647,0.050226399883527,120.86180479949,0.22080557690811,50.226399883527,36035.228161051
8.7375,6.229123868033,0.64977343444935,0.050226565550654,120.37756524975,0.22036279803998,50.226565550654,36035.23367566
8.75,6.2263720939303,0.6497732691145,0.050226730885497,119.89505304905,0.2199207119192,50.226730885497,36035.239179208
8.7625,6.2236258415782,0.64977310411142,0.050226895888577,119.41426322104,0.21947931815869,50.226895888577,36035.244671713
8.775,6.2208851023244,0.64977293943959,0.050227060560414,118.93519079751,0.21903861636916,50.227060560414,36035.250153192
8.7875,6.2181498675218,0.64977277509847,0.050227224901527,118.4578308184,0.21859860615916,50.227224901527,36035.255623661
8.8,6.2154201285282,0.64977261108757,0.050227388912435,117.98217833184,0.21815928713506,50.227388912435,36035.261083139
8.8125,6.2126958767062,0.64977244740634,0.050227552593657,117.50822839417,0.21772065890106,50.227552593657,36035.266531643
8.825,6.2099771034234,0.64977228405429,0.050227715945712,117.03597606992,0.21728272105918,50.227715945712,36035.271969189
8.8375,6.2072638000524,0.64977212103088,0.050227878969118,116.56541643188,0.21684547320933,50.227878969118,36035.277395796
8.85,6.2045559579709,0.64977195833561,0.050228041664394,116.09654456107,0.21640891494924,50.228041664394,36035.28281148
8.8625,6.2018535685614,0.64977179596794,0.050228204032057,115.62935554679,0.21597304587449,50.228204032057,36035.288216259
8.875,6.1991566232118,0.64977163392738,0.050228366072624,115.1638444866,0.21553786557857,50.228366072624,36035.29361015
8.8875,6.1964651133148,0.64977147221339,0.050228527786614,114.7000064864,0.21510337365281,50.228527786614,36035.29899317
8.9,6.1937790302685,0.64977131082546,0.050228689174541,114.23783666037,0.21466956968641,50.228689174541,36035.304365336
8.9125,6.1910983654759,0.64977114976308,0.050228850236924,113.77733013104,0.21423645326651,50.228850236924,36035.309726665
8.925,6.1884231103452,0.64977098902572,0.050229010974278,113.31848202928,0.21380402397808,50.229010974278,36035.315077176
8.9375,6.18575325629,0.64977082861288,0.050229171387119,112.86128749433,0.21337228140404,50.229171387119,36035.320416884
8.95,6.1830887947289,0.64977066852404,0.050229331475963,112.40574167382,0.2129412251252,50.229331475963,36035.325745807
8.9625,6.1804297170859,0.64977050875867,0.050229491241325,111.95183972374,0.21251085472027,50.229491241325,36035.331063962
8.975,6.1777760147902,0.64977034931628,0.05022965068372,111.49957680854,0.21208116976591,50.22965068372,36035.336371367
8.9875,6.1751276792764,0.64977019019634,0.050229809803663,111.04894810106,0.2116521698367,50.229809803663,36035.341668038
9,6.1724847019842,0.64977003139833,0.050229968601668,110.59994878258,0.21122385450515,50.229968601668,36035.346953992
9.0125,6.169847074359,0.64976987292175,0.050230127078248,110.15257404287,0.21079622334171,50.230127078248,36035.352229248
9.025,6.1672147878514,0.64976971476608,0.050230285233918,109.70681908013,0.21036927591479,50.230285233918,36035.357493821
9.0375,6.1645878339172,0.64976955693081,0.050230443069192,109.26267910106,0.20994301179075,50.230443069192,36035.362747728
9.05,6.1619662040181,0.64976939941542,0.050230600584581,108.82014932088,0.20951743053394,50.230600584581,36035.367990988
9.0625,6.1593498896209,0.6497692422194,0.050230757780599,108.37922496328,0.20909253170664,50.230757780599,36035.373223617
9.075,6.1567388821979,0.64976908534224,0.050230914657758,107.93990126052,0.20866831486914,50.230914657758,36035.378445632
9.0875,6.1541331732271,0.64976892878343,0.05023107121657,107.50217345337,0.2082447795797,50.23107121657,36035.38365705
9.1,6.1515327541919,0.64976877254245,0.050231227457547,107.06603679117,0.20782192539458,50.231227457547,36035.388857888
9.1125,6.1489376165813,0.6497686166188,0.0502313833812,106.63148653181,0.20739975186803,50.2313833812,36035.394048163
9.125,6.1463477518898,0.64976846101196,0.05023153898804,106.1985179418,0.20697825855233,50.23153898804,36035.399227892
9.1375,6.1437631516177,0.64976830572142,0.050231694278578,105.76712629619,0.20655744499775,50.231694278578,36035.404397093
9.15,6.1411838072708,0.64976815074668,0.050231849253325,105.33730687868,0.20613731075259,50.231849253325,36035.409555782
9.1625,6.1386097103604,0.64976799608721,0.050232003912789,104.90905498157,0.20571785536318,50.232003912789,36035.414703976
9.175,6.1360408524039,0.64976784174252,0.050232158257482,104.48236590579,0.20529907837389,50.232158257482,36035.419841691
9.1875,6.133477224924,0.64976768771209,0.050232312287912,104.05723496093,0.20488097932712,50.232312287912,36035.424968946
9.2,6.1309188194494,0.64976753399541,0.050232466004588,103.63365746521,0.20446355776333,50.232466004588,36035.430085757
9.2125,6.1283656275144,0.64976738059198,0.050232619408019,103.21162874556,0.20404681322103,50.232619408019,36035.435192141
9.225,6.1258176406591,0.64976722750129,0.050232772498713,102.79114413754,0.20363074523681,50.232772498713,36035.440288115
9.2375,6.1232748504295,0.64976707472282,0.050232925277179,102.37219898545,0.20321535334531,50.232925277179,36035.445373695
9.25,6.1207372483773,0.64976692225608,0.050233077743923,101.95478864226,0.20280063707927,50.233077743923,36035.450448899
9.2625,6.1182048260602,0.64976677010055,0.050233229899453,101.53890846966,0.2023865959695,50.233229899453,36035.455513744
9.275,6.1156775750416,0.64976661825572,0.050233381744276,101.12455383809,0.2019732295449,50.233381744276,36035.460568246
9.2875,6.113155486891,0.6497664667211,0.050233533278898,100.71172012669,0.20156053733249,50.233533278898,36035.465612422
9.3,6.1106385531837,0.64976631549617,0.050233684503826,100.30040272338,0.20114851885739,50.233684503826,36035.47064629
9.3125,6.1081267655009,0.64976616458043,0.050233835419565,99.89059702484,0.20073717364283,50.233835419565,36035.475669865
9.325,6.1056201154299,0.64976601397338,0.050233986026622,99.482298436491,0.20032650121016,50.233986026622,36035.480683165
9.3375,6.103118594564,0.6497658636745,0.0502341363255,99.075502372556,0.19991650107887,50.2341363255,36035.485686207
9.35,6.1006221945023,0.6497657136833,0.050234286316705,98.67020425604,0.19950717276657,50.234286316705,36035.490679007
9.3625,6.0981309068502,0.64976556399926,0.050234436000741,98.266399518752,0.19909851578904,50.234436000741,36035.495661583
9.375,6.095644723219,0.64976541462189,0.050234585378112,97.864083601308,0.19869052966019,50.234585378112,36035.50063395
9.3875,6.0931636352262,0.64976526555068,0.050234734449322,97.463251953148,0.1982832138921,50.234734449322,36035.505596126
9.4,6.0906876344953,0.64976511678513,0.050234883214874,97.063900032539,0.197876567995,50.234883214874,36035.510548127
9.4125,6.088216712656,0.64976496832473,0.05023503167527,96.666023306587,0.19747059147732,50.23503167527,36035.515489971
9.425,6.0857508613442,0.64976482016899,0.050235179831015,96.269617251245,0.19706528384564,50.235179831015,36035.520421674
9.4375,6.083290072202,0.64976467231739,0.050235327682609,95.874677351322,0.19666064460475,50.235327682609,36035.525343252
9.45,6.0808343368774,0.64976452476945,0.050235475230554,95.481199100502,0.19625667325765,50.235475230554,36035.530254722
9.4625,6.078383647025,0.64976437752465,0.050235622475353,95.089178001329,0.19585336930549,50.235622475353,36035.535156102
9.475,6.0759379943055,0.64976423058249,0.050235769417505,94.698609565243,0.19545073224767,50.235769417505,36035.540047408
9.4875,6.0734973703859,0.64976408394249,0.050235916057512,94.309489312574,0.19504876158182,50.235916057512,36035.544928655
9.5,6.0710617669393,0.64976393760413,0.050236062395874,93.92181277254,0.19464745680374,50.236062395874,36035.549799862
9.5125,6.0686311756454,0.64976379156691,0.050236208433091,93.535575483286,0.19424681740753,50.236208433091,36035.554661045
9.525,6.0662055881901,0.64976364583034,0.050236354169662,93.150772991861,0.19384684288548,50.236354169662,36035.55951222
9.5375,6.0637849962656,0.64976350039391,0.050236499606086,92.76740085424,0.19344753272814,50.236499606086,36035.564353404
9.55,6.0613693915706,0.64976335525714,0.050236644742863,92.38545463533,0.19304888642432,50.236644742863,36035.569184613
9.5625,6.0589587658101,0.64976321041951,0.050236789580491,92.004929908981,0.19265090346109,50.236789580491,36035.574005865
9.575,6.0565531106956,0.64976306588053,0.050236934119467,91.625822257989,0.19225358332379,50.236934119467,36035.578817175
9.5875,6.0541524179449,0.64976292163971,0.05023707836029,91.248127274095,0.19185692549603,50.23707836029,36035.58361856
9.6,6.0517566792826,0.64976277769654,0.050237222303456,90.871840558015,0.1914609294597,50.237222303456,36035.588410038
9.6125,6.0493658864394,0.64976263405054,0.050237365949462,90.496957719422,0.19106559469501,50.237365949462,36035.593191623
9.625,6.0469800311526,0.64976249070119,0.050237509298805,90.123474376966,0.19067092068044,50.237509298805,36035.597963334
9.6375,6.0445991051663,0.64976234764802,0.050237652351981,89.75138615828,0.19027690689277,50.237652351981,36035.602725186
9.65,6.0422231002308,0.64976220489051,0.050237795109486,89.380688699983,0.18988355280713,50.237795109486,36035.607477196
9.6625,6.0398520081032,0.64976206242819,0.050237937571814,89.011377647689,0.18949085789693,50.237937571814,36035.61221938
9.675,6.0374858205471,0.64976192026054,0.050238079739461,88.643448656008,0.18909882163393,50.238079739461,36035.616951755
9.6875,6.0351245293326,0.64976177838708,0.050238221612921,88.276897388566,0.18870744348823,50.238221612921,36035.621674338
9.7,6.0327681262368,0.64976163680731,0.050238363192688,87.911719517983,0.18831672292826,50.238363192688,36035.626387144
9.7125,6.030416603043,0.64976149552074,0.050238504479256,87.547910725912,0.18792665942081,50.238504479256,36035.63109019
9.725,6.0280699515415,0.64976135452688,0.050238645473119,87.185466703027,0.18753725243103,50.238645473119,36035.635783493
9.7375,6.0257281635292,0.64976121382523,0.050238786174768,86.824383149016,0.18714850142241,50.238786174768,36035.640467069
9.75,6.0233912308096,0.6497610734153,0.050238926584696,86.464655772622,0.18676040585685,50.238926584696,36035.645140935
9.7625,6.0210591451932,0.6497609332966,0.050239066703396,86.10628029161,0.1863729651946,50.239066703396,36035.649805106
9.775,6.0187318984969,0.64976079346864,0.05023920653136,85.749252432792,0.18598617889432,50.23920653136,36035.654459599
9.7875,6.0164094825448,0.64976065393092,0.050239346069077,85.393567932032,0.18560004641306,50.239346069077,36035.659104431
9.8,6.0140918891673,0.64976051468296,0.05023948531704,85.039222534245,0.18521456720626,50.23948531704,36035.663739618
9.8125,6.0117791102021,0.64976037572426,0.050239624275739,84.6862119934,0.18482974072779,50.239624275739,36035.668365176
9.825,6.0094711374935,0.64976023705434,0.050239762945663,84.334532072533,0.18444556642991,50.239762945663,36035.672981121
9.8375,6.0071679628926,0.6497600986727,0.050239901327303,83.984178543742,0.18406204376333,50.239901327303,36035.67758747
9.85,6.0048695782575,0.64975996057885,0.050240039421147,83.635147188195,0.18367917217719,50.240039421147,36035.68218424
9.8625,6.0025759754532,0.64975982277232,0.050240177227684,83.287433796136,0.18329695111905,50.240177227684,36035.686771445
9.875,6.0002871463514,0.6497596852526,0.050240314747403,82.941034166885,0.18291538003495,50.240314747403,36035.691349104
9.8875,5.9980030828311,0.64975954801921,0.050240451980791,82.595944108839,0.18253445836935,50.240451980791,36035.695917231
9.9,5.995723776778,0.64975941107166,0.050240588928337,82.252159439485,0.1821541855652,50.240588928337,36035.700475843
9.9125,5.9934492200848,0.64975927440947,0.050240725590527,81.909675985401,0.18177456106391,50.240725590527,36035.705024956
9.925,5.9911794046512,0.64975913803215,0.050240861967847,81.568489582244,0.18139558430536,50.240861967847,36035.709564587
9.9375,5.9889143223839,0.64975900193921,0.050240998060785,81.228596074773,0.18101725472792,50.240998060785,36035.714094751
9.95,5.9866539651968,0.64975886613017,0.050241133869826,80.889991316844,0.18063957176845,50.241133869826,36035.718615466
9.9625,5.9843983250106,0.64975873060454,0.050241269395455,80.552671171411,0.18026253486232,50.241269395455,36035.723126746
9.975,5.9821473937531,0.64975859536184,0.050241404638158,80.216631510528,0.17988614344339,50.241404638158,36035.727628609
9.9875,5.9799011633595,0.64975846040158,0.050241539598419,79.88186821536,0.17951039694406,50.241539598419,36035.73212107
10,5.9776596257716,0.64975832572328,0.050241674276722,79.548377176176,0.17913529479523,50.241674276722,36035.736604145
10.0125,5.9754227729388,0.64975819132645,0.050241808673551,79.216154292351,0.17876083642633,50.241808673551,36035.74107785
10.025,5.9731905968174,0.64975805721061,0.050241942789389,78.885195472373,0.17838702126534,50.241942789389,36035.745542203
10.0375,5.9709630893707,0.64975792337528,0.050242076624718,78.555496633847,0.17801384873878,50.242076624718,36035.749997217
10.05,5.9687402425696,0.64975778981998,0.050242210180023,78.227053703485,0.17764131827171,50.242210180023,36035.754442911
10.0625,5.9665220483919,0.64975765654422,0.050242343455784,77.899862617125,0.17726942928776,50.242343455784,36035.758879299
10.075,5.9643084988226,0.64975752354752,0.050242476452482,77.573919319717,0.17689818120913,50.242476452482,36035.763306399
10.0875,5.962099585854,0.6497573908294,0.0502426091706,77.249219765331,0.17652757345659,50.2426091706,36035.767724225
10.1,5.9598953014858,0.64975725838938,0.050242741610618,76.925759917159,0.17615760544949,50.242741610618,36035.772132793
10.1125,5.9576956377246,0.64975712622698,0.050242873773016,76.603535747514,0.17578827660577,50.242873773016,36035.776532121
10.125,5.9555005865848,0.64975699434173,0.050243005658273,76.282543237832,0.17541958634197,50.243005658273,36035.780922223
10.1375,5.9533101400875,0.64975686273313,0.05024313726687,75.962778378677,0.17505153407323,50.24313726687,36035.785303116
10.15,5.9511242902617,0.64975673140071,0.050243268599285,75.644237169729,0.17468411921331,50.243268599285,36035.789674816
10.1625,5.9489430291433,0.649756600344,0.050243399655997,75.326915619798,0.17431734117457,50.243399655997,36035.794037338
10.175,5.9467663487758,0.64975646956252,0.050243530437484,75.01080974682,0.17395119936801,50.243530437484,36035.798390699
10.1875,5.9445942412099,0.64975633905578,0.050243660944223,74.695915577857,0.17358569320328,50.243660944223,36035.802734914
10.2,5.9424266985039,0.64975620882331,0.050243791176691,74.382229149093,0.17322082208863,50.243791176691,36035.807069999
10.2125,5.9402637127233,0.64975607886463,0.050243921135366,74.069746505839,0.172856585431,50.243921135366,36035.811395971
10.225,5.9381052759412,0.64975594917928,0.050244050820723,73.758463702537,0.17249298263597,50.244050820723,36035.815712844
10.2375,5.9359513802379,0.64975581976676,0.050244180233238,73.448376802744,0.17213001310777,50.244180233238,36035.820020636
10.25,5.9338020177014,0.64975569062661,0.050244309373388,73.139481879155,0.17176767624933,50.244309373388,36035.824319361
10.2625,5.9316571804271,0.64975556175835,0.050244438241646,72.831775013579,0.17140597146223,50.244438241646,36035.828609035
10.275,5.9295168605178,0.64975543316151,0.050244566838487,72.525252296958,0.17104489814675,50.244566838487,36035.832889675
10.2875,5.9273810500838,0.64975530483561,0.050244695164385,72.21990982935,0.17068445570187,50.244695164385,36035.837161296
10.3,5.9252497412431,0.64975517678019,0.050244823219814,71.915743719939,0.17032464352525,50.244823219814,36035.841423914
10.3125,5.9231229261211,0.64975504899475,0.050244951005247,71.612750087029,0.16996546101328,50.244951005247,36035.845677544
10.325,5.9210005968508,0.64975492147884,0.050245078521157,71.31092505805,0.16960690756106,50.245078521157,36035.849922203
10.3375,5.9188827455727,0.64975479423199,0.050245205768015,71.010264769546,0.16924898256241,50.245205768015,36035.854157905
10.35,5.9167693644349,0.64975466725371,0.050245332746294,70.710765367176,0.16889168540986,50.245332746294,36035.858384667
10.3625,5.9146604455932,0.64975454054354,0.050245459456465,70.412423005726,0.16853501549472,50.245459456465,36035.862602505
10.375,5.9125559812109,0.649754414101,0.050245585898998,70.115233849089,0.16817897220702,50.245585898998,36035.866811434
10.3875,5.910455963459,0.64975428792564,0.050245712074365,69.819194070272,0.16782355493554,50.245712074365,36035.871011469
10.4,5.9083603845162,0.64975416201697,0.050245837983034,69.524299851393,0.16746876306782,50.245837983034,36035.875202627
10.4125,5.9062692365686,0.64975403637452,0.050245963625476,69.230547383683,0.16711459599019,50.245963625476,36035.879384923
10.425,5.9041825118104,0.64975391099784,0.05024608900216,68.937932867479,0.16676105308773,50.24608900216,36035.883558373
10.4375,5.9021002024432,0.64975378588645,0.050246214113554,68.646452512222,0.16640813374431,50.246214113554,36035.887722991
10.45,5.9000223006762,0.64975366103987,0.050246338960126,68.356102536457,0.1660558373426,50.246338960126,36035.891878795
10.4625,5.8979487987267,0.64975353645766,0.050246463542343,68.066879167826,0.16570416326404,50.246463542343,36035.896025799
10.475,5.8958796888195,0.64975341213933,0.050246587860674,67.778778643073,0.1653531108889,50.246587860674,36035.900164019
10.4875,5.8938149631871,0.64975328808442,0.050246711915584,67.491797208035,0.16500267959625,50.246711915584,36035.90429347
10.5,5.89175461407,0.64975316429246,0.05024683570754,67.205931117643,0.16465286876399,50.24683570754,36035.908414168
10.5125,5.8896986337162,0.64975304076299,0.050246959237008,66.921176635916,0.16430367776883,50.246959237008,36035.912526129
10.525,5.8876470143818,0.64975291749555,0.050247082504452,66.637530035962,0.16395510598633,50.247082504452,36035.916629367
10.5375,5.8855997483304,0.64975279448966,0.050247205510338,66.35498759997,0.16360715279088,50.247205510338,36035.9207239
10.55,5.8835568278336,0.64975267174487,0.05024732825513,66.073545619206,0.16325981755571,50.24732825513,36035.924809741
10.5625,5.8815182451709,0.64975254926071,0.050247450739293,65.79320039402,0.16291309965293,50.247450739293,36035.928886906
10.575,5.8794839926296,0.64975242703671,0.050247572963288,65.51394823383,0.1625669984535,50.247572963288,36035.932955411
10.5875,5.8774540625048,0.64975230507242,0.05024769492758,65.235785457127,0.16222151332725,50.24769492758,36035.937015271
10.6,5.8754284470995,0.64975218336737,0.05024781663263,64.958708391465,0.16187664364289,50.24781663263,36035.941066502
10.6125,5.8734071387247,0.6497520619211,0.050247938078901,64.682713373459,0.161532388768,50.247938078901,36035.945109119
10.625,5.8713901296992,0.64975194073315,0.050248059266854,64.407796748791,0.16118874806908,50.248059266854,36035.949143137
10.6375,5.8693774123498,0.64975181980305,0.050248180196951,64.133954872185,0.1608457209115,50.248180196951,36035.953168572
10.65,5.8673689790112,0.64975169913035,0.050248300869651,63.86118410742,0.16050330665957,50.248300869651,36035.957185438
10.6625,5.865364822026,0.64975157871458,0.050248421285415,63.58948082733,0.16016150467648,50.248421285415,36035.961193752
10.675,5.8633649337449,0.6497514585553,0.050248541444703,63.318841413773,0.15982031432437,50.248541444703,36035.965193529
10.6875,5.8613693065265,0.64975133865203,0.050248661347973,63.049262257657,0.15947973496429,50.248661347973,36035.969184783
10.7,5.8593779327374,0.64975121900432,0.050248780995685,62.78073975892,0.15913976595623,50.248780995685,36035.973167531
10.7125,5.8573908047523,0.6497510996117,0.050248900388295,62.513270326524,0.15880040665912,50.248900388295,36035.977141787
10.725,5.8554079149536,0.64975098047374,0.050249019526263,62.246850378457,0.15846165643085,50.249019526263,36035.981107566
10.7375,5.8534292557322,0.64975086158995,0.050249138410045,61.981476341722,0.15812351462827,50.249138410045,36035.985064885
10.75,5.8514548194866,0.6497507429599,0.050249257040098,61.717144652338,0.15778598060717,50.249257040098,36035.989013757
10.7625,5.8494845986238,0.64975062458312,0.050249375416878,61.453851755333,0.15744905372235,50.249375416878,36035.992954199
10.775,5.8475185855584,0.64975050645916,0.050249493540841,61.191594104736,0.15711273332755,50.249493540841,36035.996886225
10.7875,5.8455567727135,0.64975038858756,0.050249611412442,60.930368163573,0.15677701877553,50.249611412442,36036.000809851
10.8,5.8435991525201,0.64975027096786,0.050249729032136,60.670170403858,0.15644190941802,50.249729032136,36036.004725091
10.8125,5.8416457174172,0.64975015359962,0.050249846400378,60.410997306599,0.15610740460576,50.249846400378,36036.008631961
10.825,5.8396964598522,0.64975003648238,0.05024996351762,60.152845361778,0.1557735036885,50.24996351762,36036.012530477
10.8375,5.8377513722804,0.64974991961568,0.050250080384316,59.895711068359,0.155440206015,50.250080384316,36036.016420652
10.85,5.8358104471654,0.64974980299908,0.05025019700092,59.639590934272,0.15510751093304,50.25019700092,36036.020302502
10.8625,5.8338736769788,0.64974968663212,0.050250313367883,59.384481476406,0.15477541778945,50.250313367883,36036.024176042
10.875,5.8319410542006,0.64974957051434,0.050250429485658,59.130379220613,0.15444392593007,50.250429485658,36036.028041288
10.8875,5.8300125713186,0.64974945464531,0.050250545354695,58.877280701691,0.15411303469978,50.250545354695,36036.031898254
10.9,5.8280882208293,0.64974933902455,0.050250660975445,58.62518246339,0.15378274344256,50.250660975445,36036.035746955
10.9125,5.826167995237,0.64974922365164,0.050250776348359,58.374081058392,0.15345305150138,50.250776348359,36036.039587406
10.925,5.8242518870545,0.64974910852611,0.050250891473887,58.123973048314,0.15312395821833,50.250891473887,36036.043419622
10.9375,5.8223398888025,0.64974899364752,0.050251006352478,57.874855003702,0.15279546293454,50.251006352478,36036.047243619
10.95,5.8204319930103,0.64974887901542,0.050251120984581,57.626723504015,0.15246756499024,50.251120984581,36036.05105941
10.9625,5.8185281922152,0.64974876462936,0.050251235370644,57.379575137627,0.15214026372473,50.251235370644,36036.054867012
10.975,5.8166284789628,0.64974865048888,0.050251349511116,57.133406501815,0.15181355847641,50.251349511116,36036.058666438
10.9875,5.8147328458072,0.64974853659356,0.050251463406443,56.888214202759,0.15148744858277,50.251463406443,36036.062457705
11,5.8128412853105,0.64974842294293,0.050251577057072,56.643994855528,0.15116193338044,50.251577057072,36036.066240826
11.0125,5.8109537900432,0.64974830953655,0.05025169046345,56.40074508408,0.15083701220513,50.25169046345,36036.070015816
11.025,5.8090703525842,0.64974819637398,0.050251803626023,56.158461521241,0.15051268439168,50.251803626023,36036.073782691
11.0375,5.8071909655206,0.64974808345476,0.050251916545236,55.917140808716,0.15018894927408,50.251916545236,36036.077541465
11.05,5.8053156214479,0.64974797077847,0.050252029221534,55.676779597067,0.14986580618542,50.252029221534,36036.081292153
11.0625,5.8034443129698,0.64974785834464,0.050252141655361,55.437374545715,0.14954325445796,50.252141655361,36036.08503477
11.075,5.8015770326986,0.64974774615284,0.050252253847162,55.198922322924,0.1492212934231,50.252253847162,36036.088769331
11.0875,5.7997137732548,0.64974763420262,0.050252365797379,54.961419605805,0.14889992241139,50.252365797379,36036.09249585
11.1,5.7978545272672,0.64974752249354,0.050252477506455,54.724863080297,0.14857914075257,50.252477506455,36036.096214342
11.1125,5.7959992873733,0.64974741102517,0.050252588974834,54.489249441163,0.14825894777552,50.252588974834,36036.099924821
11.125,5.7941480462186,0.64974729979704,0.050252700202956,54.254575391986,0.1479393428083,50.252700202956,36036.103627304
11.1375,5.7923007964572,0.64974718880874,0.050252811191264,54.020837645157,0.14762032517819,50.252811191264,36036.107321803
11.15,5.7904575307516,0.6497470780598,0.050252921940197,53.788032921861,0.14730189421161,50.252921940197,36036.111008335
11.1625,5.7886182417728,0.6497469675498,0.050253032450197,53.556157952086,0.14698404923423,50.253032450197,36036.114686913
11.175,5.7867829222002,0.6497468572783,0.050253142721703,53.325209474595,0.14666678957087,50.253142721703,36036.118357552
11.1875,5.7849515647214,0.64974674724485,0.050253252755154,53.095184236931,0.14635011454561,50.253252755154,36036.122020267
11.2,5.7831241620328,0.64974663744901,0.05025336255099,52.866078995405,0.14603402348173,50.25336255099,36036.125675072
11.2125,5.7813007068391,0.64974652789035,0.050253472109648,52.637890515086,0.14571851570173,50.253472109648,36036.129321983
11.225,5.7794811918535,0.64974641856843,0.050253581431567,52.410615569794,0.14540359052735,50.253581431567,36036.132961013
11.2375,5.7776656097976,0.64974630948282,0.050253690517184,52.184250942089,0.14508924727958,50.253690517184,36036.136592177
11.25,5.7758539534016,0.64974620063306,0.050253799366935,51.958793423265,0.14477548527863,50.253799366935,36036.140215489
11.2625,5.7740462154043,0.64974609201874,0.050253907981257,51.734239813339,0.144462303844,50.253907981257,36036.143830965
11.275,5.7722423885527,0.64974598363941,0.050254016360586,51.510586921047,0.14414970229441,50.254016360586,36036.147438619
11.2875,5.7704424656027,0.64974587549464,0.050254124505356,51.287831563829,0.14383767994787,50.254124505356,36036.151038465
11.3,5.7686464393183,0.649745767584,0.050254232416004,51.065970567818,0.14352623612167,50.254232416004,36036.154630518
11.3125,5.7668543024724,0.64974565990704,0.050254340092962,50.84500076784,0.14321537013237,50.254340092962,36036.158214791
11.325,5.7650660478463,0.64974555246334,0.050254447536664,50.624919007398,0.14290508129581,50.254447536664,36036.161791301
11.3375,5.7632816682299,0.64974544525246,0.050254554747545,50.405722138665,0.14259536892713,50.254554747545,36036.16536006
11.35,5.7615011564216,0.64974533827396,0.050254661726036,50.187407022473,0.14228623234079,50.254661726036,36036.168921083
11.3625,5.7597245052284,0.64974523152743,0.05025476847257,49.969970528306,0.14197767085053,50.25476847257,36036.172474386
11.375,5.7579517074659,0.64974512501242,0.050254874987578,49.753409534287,0.14166968376941,50.254874987578,36036.176019981
11.3875,5.7561827559584,0.64974501872851,0.050254981271491,49.537720927171,0.14136227040983,50.254981271491,36036.179557884
11.4,5.7544176435385,0.64974491267526,0.05025508732474,49.32290160234,0.1410554300835,50.25508732474,36036.183088109
11.4125,5.7526563630477,0.64974480685224,0.050255193147756,49.108948463777,0.14074916210147,50.255193147756,36036.18661067
11.425,5.750898907336,0.64974470125903,0.050255298740968,48.895858424078,0.14044346577413,50.255298740968,36036.190125582
11.4375,5.749145269262,0.6497445958952,0.050255404104804,48.683628404425,0.14013834041122,50.255404104804,36036.193632858
11.45,5.747395441693,0.64974449076031,0.050255509239694,48.472255334581,0.13983378532183,50.255509239694,36036.197132513
11.4625,5.7456494175049,0.64974438585393,0.050255614146065,48.261736152886,0.13952979981442,50.255614146065,36036.200624561
11.475,5.7439071895822,0.64974428117565,0.050255718824346,48.05206780624,0.1392263831968,50.255718824346,36036.204109017
11.4875,5.7421687508182,0.64974417672504,0.050255823274962,47.843247250094,0.13892353477618,50.255823274962,36036.207585895
11.5,5.7404340941147,0.64974407250166,0.05025592749834,47.63527144844,0.13862125385913,50.25592749834,36036.211055208
11.5125,5.7387032123823,0.64974396850509,0.050256031494908,47.428137373803,0.13831953975162,50.256031494908,36036.214516971
11.525,5.7369760985402,0.64974386473491,0.050256135265089,47.221842007227,0.138018391759,50.256135265089,36036.217971199
11.5375,5.7352527455162,0.64974376119069,0.050256238809308,47.016382338266,0.13771780918605,50.256238809308,36036.221417905
11.55,5.7335331462471,0.64974365787201,0.050256342127991,46.811755364976,0.13741779133692,50.256342127991,36036.224857104
11.5625,5.7318172936781,0.64974355477844,0.050256445221561,46.607958093899,0.1371183375152,50.256445221561,36036.228288809
11.575,5.7301051807633,0.64974345190956,0.050256548090441,46.40498754006,0.13681944702389,50.256548090441,36036.231713035
11.5875,5.7283968004653,0.64974334926495,0.050256650735055,46.202840726945,0.13652111916542,50.256650735055,36036.235129795
11.6,5.7266921457556,0.64974324684418,0.050256753155824,46.0015146865,0.13622335324165,50.256753155824,36036.238539105
11.6125,5.7249912096145,0.64974314464683,0.05025685535317,45.801006459118,0.13592614855388,50.25685535317,36036.241940977
11.625,5.7232939850307,0.64974304267249,0.050256957327515,45.601313093628,0.13562950440287,50.256957327515,36036.245335426
11.6375,5.7216004650021,0.64974294092072,0.050257059079278,45.402431647277,0.13533342008882,50.257059079278,36036.248722466
11.65,5.7199106425349,0.64974283939112,0.050257160608882,45.204359185732,0.13503789491139,50.257160608882,36036.252102111
11.6625,5.7182245106445,0.64974273808326,0.050257261916744,45.007092783056,0.13474292816971,50.257261916744,36036.255474375
11.675,5.7165420623547,0.64974263699672,0.050257363003285,44.810629521702,0.13444851916237,50.257363003285,36036.258839272
11.6875,5.7148632906982,0.64974253613108,0.050257463868922,44.614966492509,0.13415466718746,50.257463868922,36036.262196815
11.7,5.7131881887165,0.64974243548593,0.050257564514075,44.420100794673,0.13386137154253,50.257564514075,36036.265547019
11.7125,5.7115167494599,0.64974233506084,0.050257664939159,44.22602953576,0.13356863152465,50.257664939159,36036.268889897
11.725,5.7098489659874,0.64974223485541,0.050257765144594,44.032749831668,0.13327644643037,50.257765144594,36036.272225464
11.7375,5.708184831367,0.64974213486921,0.050257865130794,43.840258806635,0.13298481555574,50.257865130794,36036.275553733
11.75,5.7065243386752,0.64974203510182,0.050257964898177,43.648553593222,0.13269373819633,50.257964898177,36036.278874719
11.7625,5.7048674809976,0.64974193555284,0.050258064447156,43.457631332294,0.13240321364723,50.258064447156,36036.282188434
11.775,5.7032142514283,0.64974183622185,0.050258163778149,43.26748917302,0.13211324120304,50.258163778149,36036.285494893
11.7875,5.7015646430706,0.64974173710843,0.050258262891568,43.07812427285,0.1318238201579,50.258262891568,36036.28879411
11.8,5.6999186490363,0.64974163821217,0.050258361787827,42.889533797515,0.13153494980548,50.258361787827,36036.292086098
11.8125,5.6982762624462,0.64974153953266,0.050258460467341,42.701714921006,0.131246629439,50.258460467341,36036.295370871
11.825,5.69663747643,0.64974144106948,0.050258558930521,42.514664825565,0.13095885835123,50.258558930521,36036.298648443
11.8375,5.6950022841259,0.64974134282222,0.05025865717778,42.328380701672,0.13067163583447,50.25865717778,36036.301918828
11.85,5.6933706786814,0.64974124479047,0.05025875520953,42.142859748035,0.1303849611806,50.25875520953,36036.305182039
11.8625,5.6917426532526,0.64974114697382,0.050258853026182,41.958099171579,0.13009883368109,50.258853026182,36036.30843809
11.875,5.6901182010044,0.64974104937185,0.050258950628146,41.774096187427,0.12981325262693,50.258950628146,36036.311686994
11.8875,5.6884973151108,0.64974095198417,0.050259048015833,41.590848018895,0.12952821730873,50.259048015833,36036.314928766
11.9,5.6868799887544,0.64974085481035,0.050259145189653,41.408351897476,0.12924372701667,50.259145189653,36036.318163419
11.9125,5.685266215127,0.64974075784999,0.050259242150014,41.226605062833,0.12895978104053,50.259242150014,36036.321390966
11.925,5.6836559874289,0.64974066110268,0.050259338897325,41.045604762774,0.12867637866968,50.259338897325,36036.324611421
11.9375,5.6820492988696,0.64974056456801,0.050259435431993,40.865348253255,0.12839351919309,50.259435431993,36036.327824798
11.95,5.6804461426674,0.64974046824557,0.050259531754427,40.685832798362,0.12811120189937,50.259531754427,36036.331031111
11.9625,5.6788465120493,0.64974037213497,0.050259627865034,40.507055670291,0.1278294260767,50.259627865034,36036.334230372
11.975,5.6772504002515,0.64974027623578,0.050259723764219,40.329014149343,0.12754819101291,50.259723764219,36036.337422596
11.9875,5.675657800519,0.64974018054761,0.050259819452389,40.151705523911,0.12726749599546,50.259819452389,36036.340607795
12,5.6740687061055,0.64974008507005,0.050259914929948,39.975127090467,0.12698734031143,50.259914929948,36036.343785984
12.0125,5.672483110274,0.6497399898027,0.050260010197303,39.799276153545,0.12670772324756,50.260010197303,36036.346957176
12.025,5.6709010062961,0.64973989474514,0.050260105254856,39.624150025734,0.12642864409022,50.260105254856,36036.350121384
12.0375,5.6693223874524,0.64973979989699,0.050260200103012,39.449746027663,0.12615010212543,50.260200103012,36036.353278621
12.05,5.6677472470325,0.64973970525783,0.050260294742174,39.276061487984,0.12587209663888,50.260294742174,36036.356428902
12.0625,5.6661755783349,0.64973961082726,0.050260389172744,39.103093743371,0.12559462691593,50.260389172744,36036.35957224
12.075,5.6646073746671,0.64973951660487,0.050260483395125,38.930840138489,0.12531769224159,50.260483395125,36036.362708647
12.0875,5.6630426293453,0.64973942259028,0.050260577409718,38.759298025999,0.12504129190056,50.260577409718,36036.365838138
12.1,5.6614813356949,0.64973932878308,0.050260671216925,38.588464766528,0.12476542517721,50.260671216925,36036.368960725
12.1125,5.6599234870501,0.64973923518286,0.050260764817145,38.418337728676,0.12449009135562,50.260764817145,36036.372076422
12.125,5.6583690767542,0.64973914178922,0.050260858210779,38.248914288982,0.12421528971955,50.260858210779,36036.375185243
12.1375,5.6568180981593,0.64973904860177,0.050260951398226,38.080191831924,0.12394101955245,50.260951398226,36036.3782872
12.15,5.6552705446265,0.64973895562012,0.050261044379884,37.912167749902,0.1236672801375,50.261044379884,36036.381382307
12.1625,5.6537264095259,0.64973886284385,0.050261137156154,37.744839443227,0.12339407075758,50.261137156154,36036.384470577
12.175,5.6521856862366,0.64973877027257,0.050261229727431,37.578204320102,0.12312139069528,50.261229727431,36036.387552024
12.1875,5.6506483681466,0.64973867790589,0.050261322094114,37.412259796612,0.12284923923292,50.261322094114,36036.39062666
12.2,5.6491144486528,0.6497385857434,0.050261414256599,37.247003296711,0.12257761565254,50.261414256599,36036.393694499
12.2125,5.6475839211612,0.64973849378472,0.050261506215282,37.082432252208,0.12230651923594,50.261506215282,36036.396755554
12.225,5.6460567790869,0.64973840202944,0.050261597970559,36.918544102761,0.12203594926464,50.261597970559,36036.399809838
12.2375,5.6445330158536,0.64973831047717,0.050261689522826,36.755336295842,0.12176590501991,50.261689522826,36036.402857365
12.25,5.6430126248943,0.64973821912752,0.050261780872476,36.592806286748,0.12149638578276,50.261780872476,36036.405898146
12.2625,5.6414955996509,0.6497381279801,0.050261872019903,36.430951538574,0.12122739083399,50.261872019903,36036.408932197
12.275,5.6399819335744,0.6497380370345,0.050261962965502,36.2697695222,0.12095891945414,50.261962965502,36036.411959529
12.2875,5.6384716201245,0.64973794629033,0.050262053709665,36.109257716286,0.12069097092351,50.262053709665,36036.414980156
12.3,5.6369646527702,0.64973785574722,0.050262144252785,35.949413607245,0.12042354452221,50.262144252785,36036.417994091
12.3125,5.6354610249893,0.64973776540475,0.050262234595253,35.790234689237,0.12015663953009,50.262234595253,36036.421001346
12.325,5.6339607302688,0.64973767526254,0.050262324737461,35.631718464159,0.11989025522682,50.262324737461,36036.424001936
12.3375,5.6324637621046,0.6497375853202,0.050262414679799,35.473862441622,0.11962439089185,50.262414679799,36036.426995872
12.35,5.6309701140015,0.64973749557734,0.050262504422658,35.31666413894,0.11935904580441,50.262504422658,36036.429983168
12.3625,5.6294797794734,0.64973740603357,0.050262593966427,35.160121081122,0.11909421924356,50.262593966427,36036.432963837
12.375,5.6279927520433,0.6497373166885,0.050262683311496,35.004230800853,0.11882991048816,50.262683311496,36036.435937892
12.3875,5.6265090252431,0.64973722754175,0.050262772458254,34.848990838477,0.11856611881687,50.262772458254,36036.438905346
12.4,5.6250285926139,0.64973713859291,0.050262861407087,34.694398741989,0.11830284350819,50.262861407087,36036.441866211
12.4125,5.6235514477054,0.64973704984162,0.050262950158385,34.540452067018,0.11804008384044,50.262950158385,36036.444820501
12.425,5.6220775840769,0.64973696128747,0.050263038712533,34.387148376811,0.11777783909177,50.263038712533,36036.447768228
12.4375,5.6206069952962,0.64973687293008,0.050263127069919,34.234485242227,0.11751610854015,50.263127069919,36036.450709406
12.45,5.6191396749404,0.64973678476907,0.050263215230928,34.082460241713,0.11725489146342,50.263215230928,36036.453644046
12.4625,5.6176756165957,0.64973669680405,0.050263303195945,33.931070961291,0.11699418713924,50.263303195945,36036.456572163
12.475,5.616214813857,0.64973660903464,0.050263390965356,33.780314994554,0.11673399484515,50.263390965356,36036.459493768
12.4875,5.6147572603287,0.64973652146046,0.050263478539545,33.630189942641,0.11647431385853,50.263478539545,36036.462408876
12.5,5.6133029496238,0.6497364340811,0.050263565918895,33.480693414222,0.11621514345664,50.263565918895,36036.465317497
12.5125,5.6118518753645,0.64973634689621,0.05026365310379,33.331823025495,0.11595648291658,50.26365310379,36036.468219645
12.525,5.6104040311821,0.64973625990539,0.050263740094612,33.183576400157,0.11569833151535,50.263740094612,36036.471115334
12.5375,5.6089594107169,0.64973617310826,0.050263826891743,33.035951169402,0.11544068852982,50.263826891743,36036.474004575
12.55,5.6075180076182,0.64973608650443,0.050263913495566,32.8889449719,0.11518355323675,50.263913495566,36036.476887381
12.5625,5.6060798155444,0.64973600009354,0.05026399990646,32.742555453786,0.11492692491279,50.26399990646,36036.479763765
12.575,5.6046448281628,0.64973591387519,0.050264086124807,32.596780268637,0.11467080283448,50.264086124807,36036.48263374
12.5875,5.60321303915,0.64973582784901,0.050264172150986,32.451617077475,0.11441518627827,50.264172150986,36036.485497318
12.6,5.6017844421914,0.64973574201462,0.050264257985377,32.307063548731,0.1141600745205,50.264257985377,36036.488354512
12.6125,5.6003590309815,0.64973565637164,0.050264343628359,32.163117358247,0.11390546683744,50.264343628359,36036.491205334
12.625,5.598936799224,0.64973557091969,0.050264429080309,32.019776189257,0.11365136250527,50.264429080309,36036.494049798
12.6375,5.5975177406315,0.64973548565839,0.050264514341607,31.877037732364,0.1133977608001,50.264514341607,36036.496887915
12.65,5.5961018489257,0.64973540058737,0.050264599412628,31.734899685541,0.11314466099795,50.264599412628,36036.499719698
12.6625,5.5946891178373,0.64973531570625,0.05026468429375,31.5933597541,0.11289206237479,50.26468429375,36036.502545161
12.675,5.5932795411061,0.64973523101465,0.050264768985349,31.452415650689,0.11263996420652,50.264768985349,36036.505364314
12.6875,5.591873112481,0.6497351465122,0.0502648534878,31.312065095271,0.11238836576897,50.2648534878,36036.508177171
12.7,5.5904698257198,0.64973506219852,0.050264937801479,31.172305815114,0.11213726633794,50.264937801479,36036.510983745
12.7125,5.5890696745895,0.64973497807324,0.050265021926759,31.033135544771,0.11188666518918,50.265021926759,36036.513784047
12.725,5.5876726528661,0.64973489413598,0.050265105864015,30.894552026069,0.11163656159839,50.265105864015,36036.51657809
12.7375,5.5862787543346,0.64973481038638,0.050265189613621,30.756553008095,0.11138695484124,50.265189613621,36036.519365888
12.75,5.5848879727891,0.64973472682405,0.050265273175948,30.619136247177,0.11113784419336,50.265273175948,36036.522147451
12.7625,5.5835003020329,0.64973464344863,0.05026535655137,30.48229950687,0.11088922893036,50.26535655137,36036.524922792
12.775,5.5821157358781,0.64973456025974,0.050265439740259,30.34604055795,0.11064110832783,50.265439740259,36036.527691924
12.7875,5.580734268146,0.64973447725702,0.050265522742984,30.210357178383,0.11039348166134,50.265522742984,36036.53045486
12.8,5.5793558926669,0.64973439444008,0.050265605559918,30.07524715332,0.11014634820645,50.265605559918,36036.533211611
12.8125,5.5779806032802,0.64973431180857,0.05026568819143,29.940708275087,0.10989970723871,50.26568819143,36036.53596219
12.825,5.5766083938344,0.64973422936211,0.050265770637891,29.806738343157,0.10965355803369,50.265770637891,36036.538706609
12.8375,5.5752392581869,0.64973414710033,0.050265852899668,29.673335164146,0.10940789986693,50.265852899668,36036.54144488
12.85,5.5738731902043,0.64973406502287,0.05026593497713,29.540496551795,0.109162732014,50.26593497713,36036.544177016
12.8625,5.5725101837622,0.64973398312935,0.050266016870646,29.408220326947,0.10891805375048,50.266016870646,36036.546903029
12.875,5.5711502327452,0.64973390141942,0.050266098580583,29.276504317546,0.10867386435197,50.266098580583,36036.549622931
12.8875,5.5697933310471,0.64973381989269,0.050266180107308,29.145346358613,0.10843016309409,50.266180107308,36036.552336734
12.9,5.5684394725706,0.64973373854881,0.050266261451187,29.014744292231,0.10818694925248,50.266261451187,36036.555044451
12.9125,5.5670886512276,0.64973365738741,0.050266342612586,28.884695967533,0.10794422210284,50.266342612586,36036.557746094
12.925,5.5657408609389,0.64973357640813,0.050266423591869,28.755199240686,0.10770198092088,50.266423591869,36036.560441674
12.9375,5.5643960956345,0.6497334956106,0.050266504389403,28.626251974875,0.10746022498237,50.266504389403,36036.563131205
12.95,5.5630543492533,0.64973341499445,0.050266585005551,28.497852040287,0.10721895356311,50.266585005551,36036.565814698
12.9625,5.5617156157435,0.64973333455932,0.050266665440677,28.369997314099,0.10697816593897,50.266665440677,36036.568492165
12.975,5.560379889062,0.64973325430486,0.050266745695143,28.242685680461,0.10673786138587,50.266745695143,36036.571163618
12.9875,5.559047163175,0.64973317423069,0.050266825769312,28.115915030478,0.1064980391798,50.266825769312,36036.57382907
13,5.5577174320577,0.64973309433645,0.050266905663547,27.989683262202,0.1062586985968,50.266905663547,36036.576488532
13.0125,5.5563906896943,0.64973301462179,0.050266985378208,27.863988280608,0.106019838913,50.266985378208,36036.579142017
13.025,5.5550669300781,0.64973293508634,0.050267064913657,27.738827997589,0.10578145940459,50.267064913657,36036.581789536
13.0375,5.5537461472115,0.64973285572975,0.050267144270254,27.614200331927,0.10554355934785,50.267144270254,36036.584431102
13.05,5.5524283351058,0.64973277655164,0.050267223448359,27.490103209294,0.10530613801915,50.267223448359,36036.587066726
13.0625,5.5511134877814,0.64973269755167,0.050267302448331,27.366534562223,0.10506919469494,50.267302448331,36036.589696421
13.075,5.5498015992679,0.64973261872947,0.050267381270528,27.243492330098,0.10483272865178,50.267381270528,36036.592320198
13.0875,5.5484926636036,0.64973254008469,0.05026745991531,27.120974459143,0.1045967391663,50.26745991531,36036.594938069
13.1,5.5471866748363,0.64973246161697,0.050267538383033,26.998978902399,0.10436122551526,50.267538383033,36036.597550047
13.1125,5.5458836270224,0.64973238332595,0.050267616674055,26.877503619712,0.10412618697552,50.267616674055,36036.600156142
13.125,5.5445835142275,0.64973230521127,0.050267694788732,26.756546577721,0.10389162282406,50.267694788732,36036.602756368
13.1375,5.5432863305264,0.64973222727258,0.05026777272742,26.636105749838,0.10365753233797,50.26777272742,36036.605350735
13.15,5.5419920700028,0.64973214950952,0.050267850490475,26.516179116234,0.10342391479447,50.267850490475,36036.607939256
13.1625,5.5407007267493,0.64973207192175,0.050267928078252,26.396764663822,0.1031907694709,50.267928078252,36036.610521943
13.175,5.5394122948678,0.6497319945089,0.050268005491105,26.277860386247,0.10295809564473,50.268005491105,36036.613098806
13.1875,5.538126768469,0.64973191727061,0.050268082729387,26.159464283866,0.10272589259357,50.268082729387,36036.615669859
13.2,5.5368441416728,0.64973184020655,0.050268159793453,26.041574363733,0.10249415959517,50.268159793453,36036.618235113
13.2125,5.535564408608,0.64973176331635,0.050268236683655,25.924188639585,0.10226289592743,50.268236683655,36036.620794579
13.225,5.5342875634125,0.64973168659966,0.050268313400345,25.807305131825,0.10203210086839,50.268313400345,36036.623348269
13.2375,5.5330136002332,0.64973161005613,0.050268389943874,25.690921867506,0.10180177369624,50.268389943874,36036.625896196
13.25,5.531742513226,0.6497315336854,0.050268466314595,25.575036880324,0.10157191368934,50.268466314595,36036.62843837
13.2625,5.5304742965559,0.64973145748714,0.050268542512857,25.459648210588,0.10134252012622,50.268542512857,36036.630974803
13.275,5.5292089443968,0.64973138146099,0.050268618539011,25.344753905216,0.10111359228555,50.268618539011,36036.633505507
13.2875,5.5279464509317,0.64973130560659,0.050268694393406,25.230352017714,0.1008851294462,50.268694393406,36036.636030494
13.3,5.5266868103527,0.64973122992361,0.050268770076391,25.116440608167,0.10065713088719,50.268770076391,36036.638549776
13.3125,5.5254300168606,0.64973115441169,0.050268845588314,25.003017743211,0.10042959588773,50.268845588314,36036.641063362
13.325,5.5241760646655,0.64973107907048,0.050268920929524,24.890081496033,0.10020252372723,50.268920929524,36036.643571267
13.3375,5.5229249479864,0.64973100389963,0.050268996100367,24.777629946343,0.099975913685258,50.268996100367,36036.6460735
13.35,5.5216766610514,0.64973092889881,0.050269071101191,24.665661180366,0.099749765041601,50.269071101191,36036.648570074
13.3625,5.5204311980974,0.64973085406766,0.050269145932342,24.554173290824,0.09952407707623,50.269145932342,36036.651061
13.375,5.5191885533705,0.64973077940583,0.050269220594165,24.443164376919,0.099298849069321,50.269220594165,36036.653546289
13.3875,5.5179487211257,0.64973070491299,0.050269295087006,24.332632544322,0.099074080301255,50.269295087006,36036.656025954
13.4,5.516711695627,0.64973063058879,0.050269369411209,24.222575905152,0.09884977005262,50.269369411209,36036.658500005
13.4125,5.5154774711474,0.64973055643288,0.050269443567118,24.112992577961,0.098625917604219,50.269443567118,36036.660968454
13.425,5.5142460419689,0.64973048244492,0.050269517555078,24.003880687728,0.098402522237077,50.269517555078,36036.663431312
13.4375,5.5130174023824,0.64973040862457,0.05026959137543,23.89523836583,0.098179583232437,50.26959137543,36036.665888591
13.45,5.511791546688,0.64973033497148,0.050269665028518,23.787063750032,0.097957099871765,50.269665028518,36036.668340303
13.4625,5.5105684691946,0.64973026148532,0.050269738514683,23.679354984477,0.097735071436766,50.269738514683,36036.670786458
13.475,5.50934816422,0.64973018816573,0.050269811834266,23.572110219661,0.097513497209372,50.269811834266,36036.673227068
13.4875,5.5081306260912,0.64973011501239,0.05026988498761,23.465327612425,0.097292376471756,50.26988498761,36036.675662144
13.5,5.5069158491441,0.64973004202495,0.050269957975053,23.359005325935,0.097071708506334,50.269957975053,36036.678091698
13.5125,5.5057038277234,0.64972996920306,0.050270030796936,23.253141529669,0.09685149259577,50.270030796936,36036.680515741
13.525,5.504494556183,0.6497298965464,0.050270103453598,23.147734399402,0.096631728022976,50.270103453598,36036.682934284
13.5375,5.5032880288856,0.64972982405462,0.050270175945378,23.042782117186,0.09641241407112,50.270175945378,36036.685347338
13.55,5.502084240203,0.64972975172739,0.050270248272613,22.938282871338,0.096193550023626,50.270248272613,36036.687754916
13.5625,5.5008831845157,0.64972967956436,0.050270320435642,22.834234856424,0.095975135164181,50.270320435642,36036.690157027
13.575,5.4996848562135,0.6497296075652,0.050270392434801,22.730636273245,0.095757168776743,50.270392434801,36036.692553684
13.5875,5.4984892496949,0.64972953572957,0.050270464270428,22.627485328822,0.095539650145538,50.270464270428,36036.694944897
13.6,5.4972963593674,0.64972946405714,0.050270535942857,22.524780236375,0.095322578555066,50.270535942857,36036.697330677
13.6125,5.4961061796475,0.64972939254757,0.050270607452425,22.42251921531,0.095105953290105,50.270607452425,36036.699711037
13.625,5.4949187049605,0.64972932120053,0.050270678799467,22.320700491207,0.094889773635712,50.270678799467,36036.702085986
13.6375,5.4937339297409,0.64972925001568,0.050270749984317,22.219322295801,0.094674038877233,50.270749984317,36036.704455537
13.65,5.4925518484319,0.64972917899269,0.050270821007308,22.118382866971,0.094458748300314,50.270821007308,36036.706819699
13.6625,5.4913724554856,0.64972910813123,0.050270891868774,22.017880448715,0.094243901190877,50.270891868774,36036.709178485
13.675,5.4901957453632,0.64972903743095,0.050270962569049,21.917813291144,0.094029496835152,50.270962569049,36036.711531905
13.6875,5.4890217125348,0.64972896689154,0.050271033108463,21.818179650462,0.093815534519665,50.271033108463,36036.713879971
13.7,5.4878503514792,0.64972889651265,0.050271103487349,21.718977788952,0.093602013531255,50.271103487349,36036.716222693
13.7125,5.4866816566843,0.64972882629396,0.050271173706039,21.620205974959,0.09338893315706,50.271173706039,36036.718560083
13.725,5.485515622647,0.64972875623514,0.050271243764862,21.521862482878,0.093176292684541,50.271243764862,36036.720892151
13.7375,5.4843522438729,0.64972868633585,0.050271313664149,21.423945593134,0.092964091401468,50.271313664149,36036.723218908
13.75,5.4831915148765,0.64972861659577,0.050271383404229,21.326453592168,0.092752328595934,50.271383404229,36036.725540366
13.7625,5.4820334301815,0.64972854701457,0.050271452985432,21.229384772424,0.092541003556354,50.271452985432,36036.727856536
13.775,5.48087798432,0.64972847759191,0.050271522408085,21.132737432329,0.092330115571473,50.271522408085,36036.730167428
13.7875,5.4797251718334,0.64972840832748,0.050271591672518,21.036509876285,0.092119663930369,50.271591672518,36036.732473053
13.8,5.4785749872719,0.64972833922094,0.050271660779057,20.940700414642,0.091909647922447,50.271660779057,36036.734773422
13.8125,5.4774274251944,0.64972827027197,0.050271729728029,20.845307363694,0.091700066837458,50.271729728029,36036.737068546
13.825,5.4762824801689,0.64972820148024,0.050271798519761,20.750329045658,0.091490919965493,50.271798519761,36036.739358436
13.8375,5.475140146772,0.64972813284542,0.050271867154579,20.655763788656,0.091282206596981,50.271867154579,36036.741643103
13.85,5.4740004195896,0.64972806436719,0.050271935632807,20.561609926709,0.091073926022716,50.271935632807,36036.743922557
13.8625,5.472863293216,0.64972799604523,0.050272003954771,20.467865799708,0.09086607753383,50.272003954771,36036.74619681
13.875,5.4717287622546,0.64972792787921,0.050272072120795,20.374529753414,0.090658660421822,50.272072120795,36036.748465872
13.8875,5.4705968213176,0.6497278598688,0.050272140131202,20.281600139428,0.09045167397854,50.272140131202,36036.750729754
13.9,5.4694674650262,0.64972779201368,0.050272207986316,20.189075315186,0.09024511749621,50.272207986316,36036.752988466
13.9125,5.4683406880102,0.64972772431354,0.05027227568646,20.096953643939,0.090038990267411,50.27227568646,36036.75524202
13.925,5.4672164849083,0.64972765676805,0.050272343231955,20.005233494737,0.089833291585101,50.272343231955,36036.757490426
13.9375,5.4660948503681,0.64972758937688,0.050272410623123,19.913913242419,0.089628020742611,50.272410623123,36036.759733695
13.95,5.4649757790461,0.64972752213972,0.050272477860285,19.822991267587,0.089423177033643,50.272477860285,36036.761971838
13.9625,5.4638592656075,0.64972745505624,0.050272544943762,19.732465956604,0.089218759752287,50.272544943762,36036.764204865
13.975,5.4627453047264,0.64972738812613,0.050272611873873,19.642335701567,0.089014768193012,50.272611873873,36036.766432787
13.9875,5.4616338910856,0.64972732134906,0.050272678650939,19.5525989003,0.088811201650682,50.272678650939,36036.768655614
14,5.4605250193768,0.64972725472472,0.050272745275278,19.463253956333,0.08860805942054,50.272745275278,36036.770873357
14.0125,5.4594186843006,0.64972718825279,0.050272811747208,19.374299278888,0.088405340798234,50.272811747208,36036.773086028
14.025,5.4583148805662,0.64972712193295,0.050272878067048,19.28573328287,0.088203045079807,50.272878067048,36036.775293635
14.0375,5.4572136028917,0.64972705576489,0.050272944235115,19.197554388839,0.0880011715617,50.272944235115,36036.77749619
14.05,5.456114846004,0.64972698974828,0.050273010251725,19.109761023006,0.08779971954076,50.273010251725,36036.779693704
14.0625,5.4550186046389,0.64972692388281,0.050273076117195,19.022351617215,0.087598688314245,50.273076117195,36036.781886187
14.075,5.4539248735406,0.64972685816816,0.05027314183184,18.935324608922,0.087398077179817,50.27314183184,36036.784073649
14.0875,5.4528336474626,0.64972679260402,0.050273207395977,18.848678441186,0.087197885435556,50.273207395977,36036.786256101
14.1,5.4517449211667,0.64972672719008,0.050273272809919,18.762411562655,0.086998112379964,50.273272809919,36036.788433554
14.1125,5.4506586894239,0.64972666192602,0.050273338073981,18.676522427542,0.086798757311955,50.273338073981,36036.790606017
14.125,5.4495749470135,0.64972659681152,0.050273403188476,18.591009495621,0.086599819530877,50.273403188476,36036.792773502
14.1375,5.4484936887239,0.64972653184628,0.050273468153718,18.505871232201,0.086401298336495,50.273468153718,36036.794936019
14.15,5.4474149093521,0.64972646702998,0.050273532970019,18.421106108118,0.086203193029007,50.273532970019,36036.797093577
14.1625,5.446338603704,0.64972640236231,0.050273597637691,18.336712599719,0.086005502909048,50.273597637691,36036.799246189
14.175,5.4452647665939,0.64972633784295,0.050273662157046,18.252689188841,0.085808227277685,50.273662157046,36036.801393863
14.1875,5.4441933928453,0.64972627347161,0.050273726528395,18.169034362807,0.08561136543643,50.273726528395,36036.803536611
14.2,5.44312447729,0.64972620924795,0.050273790752048,18.085746614398,0.085414916687233,50.273790752048,36036.805674442
14.2125,5.4420580147688,0.64972614517168,0.050273854828316,18.002824441847,0.085218880332494,50.273854828316,36036.807807367
14.225,5.4409940001311,0.64972608124249,0.050273918757507,17.920266348822,0.085023255675061,50.273918757507,36036.809935396
14.2375,5.4399324282351,0.64972601746007,0.050273982539932,17.838070844406,0.084828042018232,50.273982539932,36036.81205854
14.25,5.4388732939475,0.6497259538241,0.050274046175897,17.756236443088,0.084633238665761,50.274046175897,36036.814176808
14.2625,5.437816592144,0.64972589033429,0.050274109665711,17.674761664744,0.084438844921859,50.274109665711,36036.816290212
14.275,5.4367623177087,0.64972582699032,0.050274173009682,17.593645034625,0.084244860091204,50.274173009682,36036.818398761
14.2875,5.4357104655346,0.64972576379188,0.050274236208117,17.512885083341,0.084051283478933,50.274236208117,36036.820502465
14.3,5.4346610305233,0.64972570073868,0.05027429926132,17.432480346842,0.083858114390651,50.27429926132,36036.822601335
14.3125,5.4336140075851,0.6497256378304,0.0502743621696,17.352429366408,0.083665352132433,50.2743621696,36036.824695381
14.325,5.432569391639,0.64972557506674,0.050274424933259,17.272730688633,0.083472996010832,50.274424933259,36036.826784613
14.3375,5.4315271776125,0.6497255124474,0.050274487552605,17.193382865407,0.083281045332866,50.274487552605,36036.828869041
14.35,5.4304873604419,0.64972544997206,0.05027455002794,17.114384453904,0.083089499406043,50.27455002794,36036.830948675
14.3625,5.4294499350723,0.64972538764043,0.050274612359568,17.035734016568,0.082898357538351,50.274612359568,36036.833023526
14.375,5.4284148964571,0.64972532545221,0.050274674547793,16.957430121093,0.082707619038256,50.274674547793,36036.835093603
14.3875,5.4273822395585,0.64972526340708,0.050274736592918,16.879471340412,0.08251728321472,50.274736592918,36036.837158917
14.4,5.4263519593476,0.64972520150476,0.050274798495244,16.801856252684,0.082327349377191,50.274798495244,36036.839219478
14.4125,5.4253240508036,0.64972513974493,0.050274860255073,16.724583441272,0.082137816835614,50.274860255073,36036.841275295
14.425,5.4242985089148,0.64972507812729,0.050274921872706,16.647651494736,0.081948684900425,50.274921872706,36036.843326378
14.4375,5.4232753286778,0.64972501665156,0.050274983348444,16.571059006811,0.08175995288256,50.274983348444,36036.845372739
14.45,5.4222545050981,0.64972495531741,0.050275044682588,16.4948045764,0.081571620093465,50.275044682588,36036.847414386
14.4625,5.4212360331894,0.64972489412456,0.050275105875435,16.418886807549,0.081383685845077,50.275105875435,36036.84945133
14.475,5.4202199079745,0.64972483307271,0.050275166927286,16.343304309445,0.081196149449855,50.275166927286,36036.85148358
14.4875,5.4192061244843,0.64972477216156,0.05027522783844,16.268055696388,0.081009010220759,50.27522783844,36036.853511147
14.5,5.4181946777586,0.64972471139081,0.050275288609194,16.193139587785,0.080822267471264,50.275288609194,36036.855534041
14.5125,5.4171855628458,0.64972465076016,0.050275349239845,16.118554608132,0.080635920515361,50.275349239845,36036.857552271
14.525,5.4161787748026,0.64972459026931,0.050275409730691,16.044299387,0.080449968667562,50.275409730691,36036.859565847
14.5375,5.4151743086945,0.64972452991797,0.050275470082028,15.970372559019,0.080264411242892,50.275470082028,36036.861574779
14.55,5.4141721595955,0.64972446970585,0.050275530294152,15.896772763865,0.08007924755691,50.275530294152,36036.863579077
14.5625,5.4131723225882,0.64972440963264,0.050275590367359,15.823498646244,0.079894476925695,50.275590367359,36036.865578751
14.575,5.4121747927635,0.64972434969806,0.050275650301944,15.750548855877,0.079710098665855,50.275650301944,36036.867573811
14.5875,5.4111795652211,0.6497242899018,0.0502757100982,15.677922047488,0.079526112094534,50.2757100982,36036.869564266
14.6,5.4101866350693,0.64972423024358,0.050275769756422,15.605616880786,0.079342516529406,50.275769756422,36036.871550126
14.6125,5.4091959974246,0.6497241707231,0.050275829276904,15.533632020453,0.079159311288688,50.275829276904,36036.873531401
14.625,5.4082076474123,0.64972411134006,0.050275888659938,15.461966136124,0.078976495691125,50.275888659938,36036.875508101
14.6375,5.407221580166,0.64972405209418,0.050275947905816,15.390617902381,0.078794069056013,50.275947905816,36036.877480236
14.65,5.4062377908281,0.64972399298517,0.050276007014831,15.319585998731,0.078612030703191,50.276007014831,36036.879447815
14.6625,5.4052562745492,0.64972393401273,0.050276065987274,15.248869109596,0.078430379953044,50.276065987274,36036.881410847
14.675,5.4042770264885,0.64972387517657,0.050276124823435,15.178465924297,0.078249116126509,50.276124823435,36036.883369343
14.6875,5.4033000418137,0.64972381647639,0.050276183523605,15.108375137037,0.078068238545072,50.276183523605,36036.885323313
14.7,5.402325315701,0.64972375791193,0.050276242088074,15.03859544689,0.077887746530774,50.276242088074,36036.887272765
14.7125,5.4013528433351,0.64972369948287,0.050276300517131,14.969125557787,0.077707639406221,50.276300517131,36036.88921771
14.725,5.400382619909,0.64972364118893,0.050276358811065,14.899964178495,0.077527916494564,50.276358811065,36036.891158156
14.7375,5.3994146406243,0.64972358302984,0.050276416970165,14.831110022612,0.077348577119531,50.276416970165,36036.893094115
14.75,5.398448900691,0.64972352500528,0.050276474994717,14.762561808544,0.077169620605401,50.276474994717,36036.895025595
14.7625,5.3974853953276,0.64972346711499,0.05027653288501,14.694318259497,0.076991046277033,50.27653288501,36036.896952606
14.775,5.396524119761,0.64972340935867,0.05027659064133,14.626378103458,0.076812853459844,50.27659064133,36036.898875157
14.7875,5.3955650692264,0.64972335173604,0.050276648263963,14.558740073184,0.076635041479829,50.276648263963,36036.900793258
14.8,5.3946082389677,0.6497232942468,0.050276705753195,14.491402906183,0.076457609663551,50.276705753195,36036.902706918
14.8125,5.393653624237,0.64972323689069,0.050276763109312,14.424365344707,0.076280557338158,50.276763109312,36036.904616148
14.825,5.3927012202948,0.6497231796674,0.050276820332598,14.357626135733,0.076103883831376,50.276820332598,36036.906520956
14.8375,5.3917510224102,0.64972312257666,0.050276877423338,14.291184030945,0.075927588471501,50.276877423338,36036.908421351
14.85,5.3908030258604,0.64972306561819,0.050276934381815,14.225037786729,0.075751670587426,50.276934381815,36036.910317344
14.8625,5.3898572259312,0.64972300879169,0.050276991208312,14.159186164151,0.075576129508621,50.276991208312,36036.912208944
14.875,5.3889136179168,0.64972295209689,0.050277047903112,14.093627928946,0.075400964565146,50.277047903112,36036.91409616
14.8875,5.3879721971196,0.6497228955335,0.050277104466498,14.028361851502,0.075226175087655,50.277104466498,36036.915979002
14.9,5.3870329588505,0.64972283910125,0.050277160898751,13.963386706849,0.075051760407391,50.277160898751,36036.917857479
14.9125,5.3860958984286,0.64972278279985,0.050277217200152,13.898701274641,0.074877719856188,50.277217200152,36036.919731599
14.925,5.3851610111816,0.64972272662902,0.050277273370982,13.834304339145,0.074704052766483,50.277273370982,36036.921601374
14.9375,5.3842282924453,0.64972267058848,0.050277329411522,13.770194689224,0.07453075847131,50.277329411522,36036.923466811
14.95,5.383297737564,0.64972261467795,0.050277385322051,13.706371118327,0.07435783630431,50.277385322051,36036.925327921
14.9625,5.3823693418903,0.64972255889715,0.050277441102849,13.642832424471,0.074185285599716,50.277441102849,36036.927184712
14.975,5.3814431007849,0.64972250324581,0.050277496754193,13.579577410225,0.074013105692373,50.277496754193,36036.929037195
14.9875,5.3805190096172,0.64972244772364,0.050277552276362,13.516604882706,0.073841295917736,50.277552276362,36036.930885377
15,5.3795970637645,0.64972239233036,0.050277607669635,13.453913653552,0.073669855611868,50.277607669635,36036.932729269
15.0125,5.3786772586126,0.64972233706571,0.050277662934288,13.391502538918,0.073498784111443,50.277662934288,36036.934568879
15.025,5.3777595895558,0.6497222819294,0.050277718070598,13.329370359457,0.073328080753752,50.277718070598,36036.936404217
15.0375,5.3768440519962,0.64972222692116,0.050277773078841,13.267515940307,0.073157744876699,50.277773078841,36036.938235292
15.05,5.3759306413445,0.64972217204071,0.050277827959293,13.205938111077,0.072987775818804,50.277827959293,36036.940062114
15.0625,5.3750193530196,0.64972211728777,0.05027788271223,13.144635705834,0.072818172919215,50.27788271223,36036.94188469
15.075,5.3741101824486,0.64972206266207,0.050277937337925,13.083607563088,0.072648935517696,50.277937337925,36036.943703031
15.0875,5.373203125067,0.64972200816335,0.050277991836654,13.022852525782,0.072480062954646,50.277991836654,36036.945517146
15.1,5.3722981763184,0.64972195379131,0.05027804620869,12.962369441269,0.072311554571074,50.27804620869,36036.947327044
15.1125,5.3713953316546,0.64972189954569,0.050278100454305,12.90215716131,0.07214340970863,50.278100454305,36036.949132733
15.125,5.3704945865358,0.64972184542623,0.050278154573774,12.842214542049,0.071975627709593,50.278154573774,36036.950934223
15.1375,5.3695959364302,0.64972179143263,0.050278208567369,12.782540444011,0.071808207916874,50.278208567369,36036.952731523
15.15,5.3686993768144,0.64972173756464,0.05027826243536,12.723133732073,0.07164114967401,50.27826243536,36036.954524643
15.1625,5.3678049031731,0.64972168382198,0.05027831617802,12.663993275465,0.071474452325186,50.27831617802,36036.95631359
15.175,5.3669125109992,0.64972163020438,0.050278369795619,12.605117947751,0.071308115215221,50.278369795619,36036.958098374
15.1875,5.3660221957938,0.64972157671157,0.050278423288427,12.546506626811,0.071142137689572,50.278423288427,36036.959879005
15.2,5.3651339530662,0.64972152334328,0.050278476656715,12.488158194836,0.07097651909435,50.278476656715,36036.96165549
15.2125,5.3642477783339,0.64972147009925,0.050278529900752,12.430071538302,0.070811258776288,50.278529900752,36036.96342784
15.225,5.3633636671224,0.64972141697919,0.050278583020806,12.372245547971,0.070646356082786,50.278583020806,36036.965196062
15.2375,5.3624816149656,0.64972136398285,0.050278636017145,12.314679118866,0.070481810361882,50.278636017145,36036.966960166
15.25,5.3616016174053,0.64972131110996,0.050278688890039,12.257371150263,0.070317620962264,50.278688890039,36036.968720161
15.2625,5.3607236699916,0.64972125836025,0.050278741639753,12.200320545677,0.070153787233277,50.278741639753,36036.970476056
15.275,5.3598477682826,0.64972120573344,0.050278794266556,12.143526212846,0.069990308524915,50.278794266556,36036.97222786
15.2875,5.3589739078447,0.64972115322929,0.050278846770712,12.086987063721,0.069827184187826,50.278846770712,36036.973975581
15.3,5.3581020842523,0.64972110084751,0.050278899152489,12.030702014449,0.069664413573317,50.278899152489,36036.975719228
15.3125,5.3572322930879,0.64972104858785,0.050278951412152,11.974669985361,0.069501996033356,50.278951412152,36036.97745881
15.325,5.3563645299421,0.64972099645004,0.050279003549965,11.918889900962,0.069339930920568,50.279003549965,36036.979194336
15.3375,5.3554987904136,0.64972094443381,0.050279055566193,11.86336068991,0.069178217588243,50.279055566193,36036.980925815
15.35,5.3546350701092,0.6497208925389,0.0502791074611,11.808081285013,0.069016855390336,50.2791074611,36036.982653256
15.3625,5.3537733646437,0.64972084076505,0.050279159234949,11.753050623203,0.068855843681462,50.279159234949,36036.984376667
15.375,5.3529136696401,0.649720789112,0.050279210888004,11.698267645533,0.068695181816908,50.279210888004,36036.986096057
15.3875,5.3520559807293,0.64972073757947,0.050279262420527,11.643731297162,0.06853486915263,50.279262420527,36036.987811435
15.4,5.3512002935503,0.64972068616722,0.05027931383278,11.589440527338,0.068374905045259,50.27931383278,36036.989522809
15.4125,5.3503466037502,0.64972063487498,0.050279365125024,11.535394289386,0.068215288852089,50.279365125024,36036.991230189
15.425,5.3494949069841,0.64972058370248,0.050279416297521,11.481591540697,0.068056019931099,50.279416297521,36036.992933582
15.4375,5.348645198915,0.64972053264947,0.050279467350531,11.428031242713,0.067897097640936,50.279467350531,36036.994632998
15.45,5.3477974752142,0.64972048171569,0.050279518284314,11.374712360913,0.067738521340926,50.279518284314,36036.996328446
15.4625,5.3469517315607,0.64972043090087,0.05027956909913,11.321633864804,0.06758029039108,50.27956909913,36036.998019933
15.475,5.3461079636416,0.64972038020476,0.050279619795238,11.268794727903,0.067422404152081,50.279619795238,36036.999707469
15.4875,5.345266167152,0.6497203296271,0.050279670372896,11.216193927726,0.067264861985304,50.279670372896,36037.001391062
15.5,5.344426337795,0.64972027916764,0.050279720832363,11.163830445774,0.067107663252798,50.279720832363,36037.003070721
15.5125,5.3435884712817,0.6497202288261,0.050279771173897,11.111703267523,0.066950807317307,50.279771173897,36037.004746454
15.525,5.3427525633311,0.64972017860225,0.050279821397755,11.059811382409,0.066794293542259,50.279821397755,36037.00641827
15.5375,5.3419186096701,0.64972012849581,0.050279871504192,11.008153783814,0.066638121291769,50.279871504192,36037.008086177
15.55,5.3410866060337,0.64972007850653,0.050279921493467,10.956729469052,0.066482289930642,50.279921493467,36037.009750184
15.5625,5.3402565481647,0.64972002863417,0.050279971365834,10.905537439361,0.066326798824377,50.279971365834,36037.0114103
15.575,5.3394284318138,0.64971997887845,0.050280021121549,10.854576699888,0.066171647339171,50.280021121549,36037.013066533
15.5875,5.3386022527399,0.64971992923913,0.050280070760866,10.803846259672,0.066016834841903,50.280070760866,36037.014718891
15.6,5.3377780067094,0.64971987971596,0.05028012028404,10.753345131634,0.065862360700159,50.28012028404,36037.016367383
15.6125,5.3369556894969,0.64971983030867,0.050280169691325,10.703072332571,0.065708224282222,50.280169691325,36037.018012017
15.625,5.3361352968848,0.64971978101703,0.050280218982974,10.653026883129,0.065554424957069,50.280218982974,36037.019652802
15.6375,5.3353168246633,0.64971973184076,0.050280268159241,10.603207807803,0.06540096209438,50.280268159241,36037.021289747
15.65,5.3345002686306,0.64971968277962,0.050280317220377,10.553614134917,0.06524783506454,50.280317220377,36037.022922859
15.6625,5.3336856245927,0.64971963383337,0.050280366166635,10.504244896616,0.065095043238633,50.280366166635,36037.024552147
15.675,5.3328728883635,0.64971958500173,0.050280414998266,10.455099128849,0.064942585988454,50.280414998266,36037.026177619
15.6875,5.3320620557647,0.64971953628448,0.050280463715521,10.406175871359,0.064790462686497,50.280463715521,36037.027799285
15.7,5.3312531226259,0.64971948768135,0.05028051231865,10.35747416767,0.064638672705971,50.28051231865,36037.029417151
15.7125,5.3304460847845,0.64971943919209,0.050280560807905,10.308993065075,0.06448721542079,50.280560807905,36037.031031227
15.725,5.3296409380856,0.64971939081647,0.050280609183534,10.260731614619,0.064336090205577,50.280609183534,36037.03264152
15.7375,5.3288376783823,0.64971934255421,0.050280657445787,10.212688871095,0.064185296435673,50.280657445787,36037.034248039
15.75,5.3280363015355,0.64971929440509,0.050280705594912,10.164863893024,0.064034833487128,50.280705594912,36037.035850793
15.7625,5.3272368034138,0.64971924636884,0.050280753631158,10.117255742644,0.063884700736706,50.280753631158,36037.037449789
15.775,5.3264391798935,0.64971919844523,0.050280801554772,10.069863485901,0.06373489756189,50.280801554772,36037.039045036
15.7875,5.3256434268589,0.649719150634,0.050280849366001,10.022686192432,0.063585423340879,50.280849366001,36037.040636542
15.8,5.324849540202,0.64971910293491,0.050280897065093,9.975722935555,0.063436277452587,50.280897065093,36037.042224316
15.8125,5.3240575158223,0.64971905534771,0.050280944652294,9.9289727922584,0.063287459276653,50.280944652294,36037.043808365
15.825,5.3232673496275,0.64971900787215,0.05028099212785,9.8824348431846,0.063138968193435,50.28099212785,36037.045388697
15.8375,5.3224790375327,0.64971896050799,0.050281039492005,9.8361081726183,0.062990803584007,50.281039492005,36037.046965321
15.85,5.3216925754609,0.64971891325499,0.050281086745006,9.7899918684796,0.06284296483018,50.281086745006,36037.048538245
15.8625,5.3209079593426,0.6497188661129,0.050281133887096,9.7440850223035,0.062695451314475,50.281133887096,36037.050107478
15.875,5.3201251851164,0.64971881908148,0.05028118091852,9.6983867292346,0.062548262420149,50.28118091852,36037.051673026
15.8875,5.3193442487282,0.64971877216048,0.050281227839521,9.6528960880126,0.062401397531188,50.281227839521,36037.053234899
15.9,5.3185651461319,0.64971872534966,0.050281274650342,9.6076122009565,0.062254856032295,50.281274650342,36037.054793104
15.9125,5.3177878732888,0.64971867864877,0.050281321351226,9.5625341739593,0.062108637308915,50.281321351226,36037.05634765
15.925,5.3170124261683,0.64971863205758,0.050281367942416,9.5176611164686,0.061962740747214,50.281367942416,36037.057898544
15.9375,5.316238800747,0.64971858557585,0.050281414424152,9.4729921414808,0.061817165734096,50.281414424152,36037.059445795
15.95,5.3154669930094,0.64971853920332,0.050281460796676,9.4285263655244,0.061671911657195,50.281460796676,36037.06098941
15.9625,5.3146969989477,0.64971849293977,0.050281507060229,9.3842629086505,0.061526977904878,50.281507060229,36037.062529398
15.975,5.3139288145615,0.64971844678495,0.050281553215052,9.3402008944197,0.061382363866249,50.281553215052,36037.064065767
15.9875,5.3131624358584,0.64971840073862,0.050281599261384,9.2963394498923,0.061238068931154,50.281599261383,36037.065598524
16,5.3123978588533,0.64971835480054,0.050281645199464,9.2526777056128,0.061094092490169,50.281645199464,36037.067127679
16.0125,5.3116350795688,0.64971830897047,0.050281691029531,9.2092147955992,0.060950433934609,50.281691029531,36037.068653237
16.025,5.3108740940351,0.64971826324817,0.050281736751825,9.1659498573332,0.060807092656534,50.281736751825,36037.070175208
16.0375,5.3101148982902,0.64971821763342,0.050281782366583,9.1228820317445,0.060664068048736,50.281782366583,36037.0716936
16.05,5.3093574883793,0.64971817212596,0.050281827874043,9.0800104632036,0.060521359504758,50.281827874043,36037.073208419
16.0625,5.3086018603555,0.64971812672556,0.050281873274441,9.0373342995062,0.060378966418883,50.281873274441,36037.074719676
16.075,5.3078480102794,0.64971808143198,0.050281918568016,8.994852691863,0.060236888186136,50.281918568016,36037.076227376
16.0875,5.307095934219,0.649718036245,0.050281963755002,8.9525647948867,0.060095124202286,50.281963755002,36037.077731528
16.1,5.30634562825,0.64971799116436,0.050282008835635,8.9104697665828,0.059953673863854,50.282008835635,36037.07923214
16.1125,5.3055970884556,0.64971794618985,0.050282053810152,8.868566768334,0.059812536568097,50.282053810152,36037.080729219
16.125,5.3048503109265,0.64971790132121,0.050282098678786,8.8268549648938,0.059671711713035,50.282098678786,36037.082222774
16.1375,5.304105291761,0.64971785655823,0.050282143441772,8.7853335243689,0.059531198697423,50.282143441772,36037.083712813
16.15,5.3033620270648,0.64971781190065,0.050282188099345,8.7440016182109,0.059390996920769,50.282188099345,36037.085199342
16.1625,5.3026205129512,0.64971776734826,0.050282232651738,8.7028584212075,0.059251105783343,50.282232651738,36037.08668237
16.175,5.301880745541,0.64971772290082,0.050282277099183,8.6619031114625,0.059111524686148,50.282277099183,36037.088161905
16.1875,5.3011427209623,0.64971767855809,0.050282321441914,8.6211348703941,0.058972253030959,50.282321441914,36037.089637954
16.2,5.3004064353509,0.64971763431984,0.050282365680162,8.5805528827165,0.058833290220292,50.282365680162,36037.091110526
16.2125,5.29967188485,0.64971759018584,0.05028240981416,8.5401563364299,0.058694635657419,50.28240981416,36037.092579627
16.225,5.2989390656101,0.64971754615586,0.050282453844138,8.4999444228109,0.05855628874637,50.282453844138,36037.094045265
16.2375,5.2982079737894,0.64971750222967,0.050282497770328,8.4599163364006,0.058418248891934,50.282497770328,36037.095507449
16.25,5.2974786055533,0.64971745840704,0.05028254159296,8.4200712749915,0.058280515499654,50.28254159296,36037.096966185
16.2625,5.2967509570748,0.64971741468774,0.050282585312263,8.3804084396159,0.058143087975825,50.282585312263,36037.098421482
16.275,5.2960250245343,0.64971737107153,0.050282628928468,8.3409270345389,0.058005965727515,50.282628928468,36037.099873347
16.2875,5.2953008041194,0.6497173275582,0.050282672441803,8.3016262672407,0.057869148162538,50.282672441803,36037.101321788
16.3,5.2945782920253,0.6497172841475,0.050282715852497,8.2625053484105,0.057732634689478,50.282715852497,36037.102766812
16.3125,5.2938574844547,0.64971724083922,0.050282759160779,8.2235634919334,0.057596424717676,50.282759160779,36037.104208427
16.325,5.2931383776173,0.64971719763313,0.050282802366875,8.1847999148776,0.057460517657237,50.282802366875,36037.105646641
16.3375,5.2924209677305,0.64971715452899,0.050282845471013,8.1462138374861,0.057324912919029,50.282845471013,36037.107081461
16.35,5.291705251019,0.64971711152658,0.05028288847342,8.1078044831624,0.05718960991468,50.28288847342,36037.108512894
16.3625,5.2909912237147,0.64971706862568,0.050282931374323,8.0695710784638,0.057054608056593,50.282931374323,36037.109940949
16.375,5.2902788820569,0.64971702582605,0.050282974173947,8.0315128530839,0.056919906757923,50.282974173947,36037.111365632
16.3875,5.2895682222924,0.64971698312748,0.050283016872517,7.9936290398469,0.056785505432599,50.283016872517,36037.112786952
16.4,5.2888592406751,0.64971694052974,0.05028305947026,7.9559188746955,0.056651403495318,50.28305947026,36037.114204915
16.4125,5.2881519334663,0.6497168980326,0.050283101967399,7.9183815966787,0.056517600361545,50.283101967399,36037.115619529
16.425,5.2874462969347,0.64971685563584,0.050283144364158,7.8810164479394,0.056384095447507,50.283144364158,36037.117030802
16.4375,5.286742327356,0.64971681333924,0.050283186660763,7.8438226737061,0.056250888170204,50.283186660763,36037.118438741
16.45,5.2860400210136,0.64971677114257,0.050283228857435,7.806799522282,0.056117977947409,50.283228857435,36037.119843354
16.4625,5.2853393741978,0.6497167290456,0.050283270954397,7.7699462450318,0.05598536419766,50.283270954397,36037.121244648
16.475,5.2846403832063,0.64971668704813,0.050283312951873,7.7332620963736,0.055853046340275,50.283312951873,36037.12264263
16.4875,5.2839430443442,0.64971664514992,0.050283354850084,7.6967463337644,0.055721023795332,50.283354850084,36037.124037308
16.5,5.2832473539237,0.64971660335075,0.050283396649251,7.6603982176924,0.05558929598369,50.283396649251,36037.125428688
16.5125,5.2825533082641,0.6497165616504,0.050283438349597,7.6242170116654,0.05545786232698,50.283438349597,36037.12681678
16.525,5.2818609036922,0.64971652004866,0.050283479951341,7.588201982199,0.055326722247605,50.283479951341,36037.128201589
16.5375,5.2811701365418,0.6497164785453,0.050283521454703,7.5523523988078,0.055195875168746,50.283521454703,36037.129583123
16.55,5.280481003154,0.6497164371401,0.050283562859905,7.5166675339929,0.055065320514359,50.283562859905,36037.13096139
16.5625,5.2797934998772,0.64971639583284,0.050283604167164,7.4811466632308,0.054935057709171,50.283604167164,36037.132336396
16.575,5.2791076230668,0.6497163546233,0.0502836453767,7.4457890649641,0.054805086178689,50.2836453767,36037.13370815
16.5875,5.2784233690854,0.64971631351127,0.050283686488732,7.410594020592,0.054675405349201,50.283686488732,36037.135076658
16.6,5.2777407343029,0.64971627249652,0.050283727503478,7.3755608144555,0.054546014647764,50.283727503478,36037.136441928
16.6125,5.2770597150962,0.64971623157884,0.050283768421155,7.340688733831,0.054416913502219,50.283768421155,36037.137803966
16.625,5.2763803078494,0.64971619075802,0.050283809241981,7.3059770689177,0.054288101341186,50.283809241981,36037.139162781
16.6375,5.2757025089539,0.64971615003383,0.050283849966172,7.2714251128276,0.054159577594062,50.283849966172,36037.140518378
16.65,5.275026314808,0.64971610940606,0.050283890593945,7.2370321615761,0.054031341691029,50.283890593945,36037.141870767
16.6625,5.2743517218171,0.64971606887448,0.050283931125515,7.2027975140673,0.053903393063042,50.283931125515,36037.143219953
16.675,5.273678726394,0.6497160284389,0.050283971561099,7.1687204720904,0.053775731141846,50.283971561099,36037.144565943
16.6875,5.2730073249583,0.64971598809909,0.050284011900912,7.1348003403019,0.053648355359957,50.284011900912,36037.145908746
16.7,5.2723375139368,0.64971594785483,0.050284052145167,7.1010364262223,0.053521265150689,50.284052145167,36037.147248368
16.7125,5.2716692897634,0.64971590770592,0.05028409229408,7.0674280402194,0.053394459948123,50.28409229408,36037.148584817
16.725,5.2710026488791,0.64971586765214,0.050284132347865,7.0339744955009,0.053267939187128,50.284132347865,36037.149918098
16.7375,5.2703375877318,0.64971582769327,0.050284172306733,7.0006751081056,0.05314170230336,50.284172306733,36037.151248221
16.75,5.2696741027766,0.6497157878291,0.0502842121709,6.9675291968905,0.053015748733259,50.2842121709,36037.152575191
16.7625,5.2690121904755,0.64971574805942,0.050284251940577,6.9345360835208,0.052890077914043,50.284251940577,36037.153899015
16.775,5.2683518472978,0.64971570838402,0.050284291615976,6.901695092461,0.05276468928372,50.284291615976,36037.155219702
16.7875,5.2676930697196,0.64971566880269,0.050284331197309,6.8690055509656,0.052639582281088,50.284331197309,36037.156537257
16.8,5.267035854224,0.64971562931521,0.050284370684788,6.8364667890651,0.052514756345724,50.284370684788,36037.157851688
16.8125,5.2663801973011,0.64971558992138,0.050284410078623,6.8040781395599,0.052390210917997,50.284410078623,36037.159163002
16.825,5.2657260954482,0.64971555062098,0.050284449379024,6.7718389380073,0.052265945439057,50.284449379024,36037.160471205
16.8375,5.2650735451693,0.6497155114138,0.050284488586203,6.7397485227127,0.052141959350845,50.284488586203,36037.161776306
16.85,5.2644225429755,0.64971547229963,0.050284527700368,6.7078062347205,0.05201825209609,50.284527700368,36037.16307831
16.8625,5.2637730853849,0.64971543327827,0.050284566721728,6.6760114178029,0.051894823118312,50.284566721728,36037.164377225
16.875,5.2631251689225,0.64971539434951,0.050284605650493,6.644363418448,0.051771671861811,50.284605650493,36037.165673058
16.8875,5.2624787901203,0.64971535551313,0.05028464448687,6.6128615858541,0.051648797771684,50.28464448687,36037.166965816
16.9,5.2618339455171,0.64971531676893,0.050284683231069,6.5815052719155,0.051526200293809,50.284683231069,36037.168255505
16.9125,5.2611906316588,0.6497152781167,0.050284721883295,6.5502938312172,0.051403878874867,50.284721883295,36037.169542133
16.925,5.260548845098,0.64971523955624,0.050284760443757,6.5192266210203,0.051281832962317,50.284760443757,36037.170825706
16.9375,5.2599085823943,0.64971520108734,0.050284798912661,6.4883030012551,0.051160062004415,50.284798912661,36037.172106231
16.95,5.2592698401144,0.64971516270979,0.050284837290214,6.4575223345097,0.051038565450204,50.284837290214,36037.173383716
16.9625,5.2586326148315,0.64971512442338,0.05028487557662,6.4268839860214,0.05091734274952,50.28487557662,36037.174658167
16.975,5.2579969031259,0.64971508622791,0.050284913772087,6.3963873236655,0.050796393352986,50.284913772087,36037.17592959
16.9875,5.2573627015848,0.64971504812318,0.050284951876818,6.366031717949,0.050675716712028,50.284951876818,36037.177197993
17,5.2567300068021,0.64971501010898,0.050284989891018,6.3358165419947,0.050555312278851,50.284989891018,36037.178463383
17.0125,5.2560988153786,0.64971497218511,0.050285027814893,6.3057411715382,0.050435179506461,50.285027814893,36037.179725765
17.025,5.2554691239221,0.64971493435136,0.050285065648645,6.2758049849139,0.050315317848655,50.285065648645,36037.180985148
17.0375,5.2548409290469,0.64971489660752,0.050285103392477,6.2460073630458,0.050195726760018,50.285103392477,36037.182241538
17.05,5.2542142273744,0.64971485895341,0.050285141046594,6.2163476894404,0.050076405695934,50.285141046594,36037.183494941
17.0625,5.2535890155326,0.6497148213888,0.050285178611197,6.1868253501751,0.049957354112582,50.285178611197,36037.184745365
17.075,5.2529652901564,0.64971478391351,0.050285216086489,6.1574397338882,0.049838571466928,50.285216086489,36037.185992816
17.0875,5.2523430478876,0.64971474652733,0.050285253472671,6.1281902317695,0.049720057216733,50.285253472671,36037.1872373
17.1,5.2517222853745,0.64971470923005,0.050285290769945,6.0990762375543,0.049601810820562,50.285290769945,36037.188478825
17.1125,5.2511029992723,0.64971467202149,0.050285327978512,6.0700971475078,0.04948383173776,50.285327978512,36037.189717398
17.125,5.250485186243,0.64971463490143,0.050285365098572,6.0412523604205,0.049366119428475,50.285365098572,36037.190953024
17.1375,5.2498688429552,0.64971459786967,0.050285402130326,6.0125412775975,0.049248673353651,50.285402130326,36037.19218571
17.15,5.2492539660845,0.64971456092603,0.050285439073973,5.9839633028488,0.049131492975025,50.285439073973,36037.193415464
17.1625,5.248640552313,0.64971452407029,0.050285475929713,5.9555178424798,0.049014577755132,50.285475929713,36037.194642292
17.175,5.2480285983295,0.64971448730226,0.050285512697744,5.9272043052814,0.048897927157297,50.285512697744,36037.1958662
17.1875,5.2474181008297,0.64971445062173,0.050285549378265,5.8990221025229,0.048781540645647,50.285549378265,36037.197087195
17.2,5.2468090565157,0.64971441402853,0.050285585971475,5.8709706479393,0.048665417685099,50.285585971475,36037.198305283
17.2125,5.2462014620965,0.64971437752243,0.05028562247757,5.843049357725,0.048549557741367,50.28562247757,36037.199520472
17.225,5.2455953142878,0.64971434110325,0.050285658896749,5.8152576505237,0.048433960280965,50.285658896749,36037.200732768
17.2375,5.2449906098118,0.64971430477079,0.050285695229208,5.7875949474195,0.048318624771204,50.285695229208,36037.201942177
17.25,5.2443873453974,0.64971426852486,0.050285731475144,5.7600606719255,0.048203550680183,50.285731475144,36037.203148705
17.2625,5.2437855177803,0.64971423236525,0.050285767634752,5.7326542499789,0.04808873747681,50.285767634752,36037.204352361
17.275,5.2431851237027,0.64971419629177,0.05028580370823,5.7053751099283,0.047974184630784,50.28580370823,36037.205553149
17.2875,5.2425861599134,0.64971416030423,0.050285839695771,5.6782226825243,0.047859891612594,50.285839695771,36037.206751076
17.3,5.2419886231678,0.64971412440243,0.050285875597571,5.6511964009144,0.04774585789354,50.285875597571,36037.20794615
17.3125,5.2413925102281,0.64971408858617,0.050285911413825,5.6242957006299,0.047632082945709,50.285911413825,36037.209138376
17.325,5.2407978178628,0.64971405285527,0.050285947144727,5.5975200195792,0.04751856624199,50.285947144727,36037.21032776
17.3375,5.2402045428473,0.64971401720953,0.050285982790469,5.5708687980375,0.047405307256069,50.285982790469,36037.211514311
17.35,5.2396126819632,0.64971398164875,0.050286018351247,5.5443414786383,0.047292305462426,50.286018351247,36037.212698032
17.3625,5.2390222319991,0.64971394617275,0.050286053827252,5.5179375063649,0.047179560336341,50.286053827252,36037.213878932
17.375,5.2384331897498,0.64971391078132,0.050286089218677,5.4916563285418,0.047067071353895,50.286089218677,36037.215057017
17.3875,5.2378455520167,0.64971387547428,0.050286124525715,5.4654973948237,0.046954837991962,50.286124525715,36037.216232292
17.4,5.237259315608,0.64971384025144,0.050286159748557,5.4394601571888,0.046842859728212,50.286159748557,36037.217404765
17.4125,5.236674477338,0.6497138051126,0.050286194887395,5.413544069931,0.046731136041124,50.286194887395,36037.218574442
17.425,5.236091034028,0.64971377005758,0.05028622994242,5.387748589646,0.04661966640996,50.28622994242,36037.219741328
17.4375,5.2355089825053,0.64971373508618,0.050286264913821,5.3620731752288,0.046508450314789,50.286264913821,36037.220905431
17.45,5.2349283196041,0.64971370019821,0.05028629980179,5.3365172878612,0.046397487236478,50.28629980179,36037.222066757
17.4625,5.2343490421649,0.64971366539348,0.050286334606517,5.3110803910039,0.046286776656688,50.286334606517,36037.223225312
17.475,5.2337711470347,0.64971363067181,0.05028636932819,5.2857619503883,0.046176318057881,50.28636932819,36037.224381102
17.4875,5.233194631067,0.649713596033,0.050286403966999,5.2605614340071,0.046066110923318,50.286403966999,36037.225534134
17.5,5.2326194911216,0.64971356147687,0.050286438523132,5.235478312106,0.045956154737054,50.286438523132,36037.226684414
17.5125,5.2320457240649,0.64971352700322,0.050286472996778,5.2105120571759,0.045846448983946,50.286472996778,36037.227831948
17.525,5.2314733267698,0.64971349261188,0.050286507388125,5.1856621439414,0.045736993149642,50.286507388125,36037.228976743
17.5375,5.2309022961154,0.64971345830264,0.05028654169736,5.1609280493577,0.045627786720601,50.28654169736,36037.230118804
17.55,5.2303326289874,0.64971342407533,0.05028657592467,5.1363092525962,0.045518829184068,50.28657592467,36037.231258138
17.5625,5.2297643222778,0.64971338992976,0.050286610070242,5.1118052350392,0.045410120028091,50.286610070242,36037.232394752
17.575,5.2291973728851,0.64971335586574,0.050286644134262,5.0874154802721,0.045301658741518,50.286644134262,36037.23352865
17.5875,5.2286317777141,0.64971332188308,0.050286678116917,5.0631394740709,0.045193444813988,50.286678116917,36037.234659841
17.6,5.2280675336759,0.64971328798161,0.050286712018391,5.0389767043992,0.045085477735944,50.286712018391,36037.235788329
17.6125,5.2275046376882,0.64971325416113,0.050286745838871,5.0149266613963,0.044977756998627,50.286745838871,36037.236914121
17.625,5.2269430866749,0.64971322042146,0.05028677957854,4.9909888373693,0.044870282094072,50.28677957854,36037.238037223
17.6375,5.2263828775661,0.64971318676242,0.050286813237584,4.9671627267842,0.04476305251511,50.286813237584,36037.239157641
17.65,5.2258240072986,0.64971315318381,0.050286846816187,4.9434478262604,0.044656067755376,50.286846816187,36037.240275382
17.6625,5.2252664728152,0.64971311968547,0.050286880314531,4.919843634559,0.044549327309296,50.286880314531,36037.241390451
17.675,5.2247102710651,0.6497130862672,0.050286913732801,4.8963496525777,0.044442830672102,50.286913732801,36037.242502854
17.6875,5.2241553990039,0.64971305292882,0.050286947071179,4.8729653833395,0.044336577339815,50.286947071179,36037.243612598
17.7,5.2236018535934,0.64971301967015,0.050286980329848,4.8496903319866,0.044230566809258,50.286980329848,36037.244719689
17.7125,5.2230496318018,0.64971298649101,0.05028701350899,4.8265240057698,0.044124798578043,50.28701350899,36037.245824133
17.725,5.2224987306033,0.64971295339121,0.050287046608786,4.8034659140448,0.044019272144592,50.287046608786,36037.246925935
17.7375,5.2219491469788,0.64971292037058,0.050287079629419,4.7805155682592,0.043913987008112,50.287079629419,36037.248025102
17.75,5.221400877915,0.64971288742893,0.050287112571069,4.757672481947,0.043808942668614,50.287112571069,36037.24912164
17.7625,5.2208539204052,0.64971285456608,0.050287145433917,4.7349361707219,0.043704138626907,50.287145433917,36037.250215555
17.775,5.2203082714488,0.64971282178186,0.050287178218144,4.7123061522636,0.043599574384587,50.287178218144,36037.251306853
17.7875,5.2197639280512,0.64971278907607,0.050287210923928,4.6897819463169,0.043495249444055,50.287210923928,36037.25239554
17.8,5.2192208872245,0.64971275644855,0.05028724355145,4.6673630746781,0.043391163308502,50.28724355145,36037.253481622
17.8125,5.2186791459866,0.64971272389911,0.050287276100889,4.6450490611917,0.043287315481926,50.287276100889,36037.254565104
17.825,5.2181387013617,0.64971269142758,0.050287308572423,4.6228394317361,0.043183705469103,50.287308572423,36037.255645993
17.8375,5.2175995503802,0.64971265903377,0.050287340966232,4.600733714224,0.043080332775622,50.287340966232,36037.256724295
17.85,5.2170616900789,0.64971262671751,0.050287373282492,4.5787314385866,0.042977196907856,50.287373282492,36037.257800016
17.8625,5.2165251175003,0.64971259447862,0.050287405521382,4.5568321367706,0.042874297372977,50.287405521382,36037.258873161
17.875,5.2159898296935,0.64971256231692,0.05028743768308,4.5350353427294,0.042771633678957,50.28743768308,36037.259943737
17.8875,5.2154558237134,0.64971253023224,0.050287469767761,4.5133405924134,0.042669205334553,50.287469767761,36037.261011749
17.9,5.2149230966213,0.6497124982244,0.050287501775603,4.4917474237643,0.042567011849323,50.287501775603,36037.262077203
17.9125,5.2143916454845,0.64971246629322,0.050287533706782,4.4702553767081,0.042465052733625,50.287533706782,36037.263140105
17.925,5.2138614673764,0.64971243443853,0.050287565561473,4.4488639931431,0.042363327498601,50.287565561473,36037.264200461
17.9375,5.2133325593766,0.64971240266015,0.050287597339852,4.4275728169355,0.042261835656184,50.287597339852,36037.265258277
17.95,5.2128049185706,0.64971237095791,0.050287629042095,4.4063813939125,0.042160576719114,50.287629042095,36037.266313559
17.9625,5.2122785420503,0.64971233933162,0.050287660668375,4.385289271853,0.04205955020092,50.287660668375,36037.267366312
17.975,5.2117534269134,0.64971230778113,0.050287692218868,4.3642960004792,0.041958755615919,50.287692218868,36037.268416542
17.9875,5.2112295702638,0.64971227630625,0.050287723693747,4.3434011314501,0.041858192479225,50.287723693747,36037.269464256
18,5.2107069692114,0.64971224490681,0.050287755093186,4.3226042183552,0.041757860306749,50.287755093186,36037.270509458
18.0125,5.2101856208721,0.64971221358264,0.050287786417358,4.3019048167027,0.041657758615182,50.287786417358,36037.271552154
18.025,5.209665522368,0.64971218233356,0.050287817666437,4.2813024839178,0.041557886922023,50.287817666437,36037.272592351
18.0375,5.2091466708271,0.64971215115941,0.050287848840594,4.2607967793307,0.041458244745556,50.287848840594,36037.273630055
18.05,5.2086290633834,0.64971212006,0.050287879940002,4.2403872641692,0.04135883160485,50.287879940002,36037.274665269
18.0625,5.208112697177,0.64971208903517,0.050287910964833,4.2200735015552,0.041259647019778,50.287910964833,36037.275698002
18.075,5.2075975693539,0.64971205808474,0.050287941915258,4.199855056491,0.04116069051099,50.287941915258,36037.276728258
18.0875,5.2070836770663,0.64971202720855,0.050287972791448,4.1797314958598,0.041061961599945,50.287972791448,36037.277756042
18.1,5.206571017472,0.64971199640643,0.050288003593574,4.1597023884105,0.040963459808879,50.288003593574,36037.278781361
18.1125,5.206059587735,0.64971196567819,0.050288034321807,4.1397673047553,0.040865184660822,50.288034321807,36037.279804221
18.125,5.2055493850254,0.64971193502368,0.050288064976317,4.1199258173601,0.040767135679594,50.288064976317,36037.280824626
18.1375,5.2050404065189,0.64971190444273,0.050288095557272,4.100177500538,0.040669312389806,50.288095557272,36037.281842583
18.15,5.2045326493974,0.64971187393516,0.050288126064843,4.080521930442,0.040571714316856,50.288126064843,36037.282858097
18.1625,5.2040261108487,0.6497118435008,0.050288156499199,4.0609586850583,0.040474340986938,50.288156499199,36037.283871175
18.175,5.2035207880664,0.64971181313949,0.050288186860508,4.0414873441966,0.040377191927025,50.288186860508,36037.28488182
18.1875,5.2030166782501,0.64971178285106,0.050288217148938,4.0221074894857,0.040280266664883,50.288217148938,36037.28589004
18.2,5.2025137786053,0.64971175263534,0.050288247364657,4.0028187043649,0.040183564729068,50.288247364657,36037.286895839
18.2125,5.2020120863433,0.64971172249217,0.050288277507833,3.983620574077,0.040087085648921,50.288277507833,36037.287899224
18.225,5.2015115986813,0.64971169242137,0.050288307578634,3.9645126856608,0.039990828954569,50.288307578634,36037.288900199
18.237499999999,5.2010123128425,0.64971166242278,0.050288337577225,3.9454946279458,0.039894794176933,50.288337577225,36037.289898771
18.249999999999,5.2005142260559,0.64971163249623,0.050288367503773,3.9265659915421,0.039798980847713,50.288367503773,36037.290894944
18.262499999999,5.2000173355561,0.64971160264156,0.050288397358445,3.9077263688357,0.039703388499403,50.288397358445,36037.291888725
18.274999999999,5.199521638584,0.64971157285859,0.050288427141406,3.8889753539798,0.039608016665273,50.288427141406,36037.292880119
18.287499999999,5.199027132386,0.64971154314718,0.050288456852822,3.8703125428895,0.039512864879388,50.288456852822,36037.293869131
18.299999999999,5.1985338142143,0.64971151350714,0.050288486492858,3.851737533233,0.039417932676592,50.288486492858,36037.294855768
18.312499999999,5.1980416813272,0.64971148393832,0.050288516061678,3.8332499244251,0.039323219592514,50.288516061678,36037.295840034
18.324999999999,5.1975507309884,0.64971145444055,0.050288545559447,3.8148493176226,0.039228725163577,50.288545559447,36037.296821934
18.337499999999,5.1970609604678,0.64971142501367,0.050288574986329,3.7965353157144,0.039134448926982,50.288574986329,36037.297801475
18.349999999999,5.1965723670407,0.64971139565751,0.050288604342488,3.7783075233142,0.039040390420709,50.288604342488,36037.298778662
18.362499999999,5.1960849479885,0.64971136637191,0.050288633628087,3.7601655467548,0.038946549183521,50.288633628087,36037.2997535
18.374999999999,5.1955987005982,0.64971133715671,0.050288662843289,3.7421089940836,0.038852924754975,50.288662843289,36037.300725995
18.387499999999,5.1951136221624,0.64971130801174,0.050288691988257,3.724137475051,0.038759516675398,50.288691988257,36037.301696152
18.399999999999,5.1946297099798,0.64971127893685,0.050288721063152,3.706250601108,0.038666324485909,50.288721063152,36037.302663976
18.412499999999,5.1941469613545,0.64971124993186,0.050288750068138,3.6884479853965,0.038573347728406,50.288750068138,36037.303629474
18.424999999999,5.1936653735965,0.64971122099662,0.050288779003375,3.6707292427428,0.03848058594556,50.288779003375,36037.304592649
18.437499999999,5.1931849440215,0.64971119213097,0.050288807869025,3.6530939896529,0.038388038680838,50.288807869025,36037.305553508
18.449999999999,5.1927056699509,0.64971116333475,0.050288836665249,3.6355418443022,0.038295705478468,50.288836665249,36037.306512056
18.462499999999,5.1922275487116,0.64971113460779,0.050288865392208,3.6180724265337,0.03820358588348,50.288865392208,36037.307468299
18.474999999999,5.1917505776365,0.64971110594994,0.050288894050061,3.6006853578468,0.038111679441668,50.288894050061,36037.308422241
18.487499999999,5.191274754064,0.64971107736103,0.050288922638969,3.5833802613914,0.038019985699606,50.288922638969,36037.309373888
18.499999999999,5.1908000753381,0.64971104884091,0.050288951159091,3.5661567619642,0.037928504204652,50.288951159091,36037.310323246
18.512499999999,5.1903265388086,0.64971102038941,0.050288979610586,3.5490144859994,0.037837234504943,50.288979610586,36037.311270319
18.524999999999,5.1898541418309,0.64971099200639,0.050289007993614,3.5319530615622,0.037746176149387,50.289007993614,36037.312215113
18.537499999999,5.1893828817659,0.64971096369167,0.050289036308332,3.5149721183432,0.037655328687674,50.289036308332,36037.313157633
18.549999999999,5.1889127559803,0.6497109354451,0.0502890645549,3.4980712876522,0.037564691670273,50.2890645549,36037.314097884
18.562499999999,5.1884437618464,0.64971090726653,0.050289092733474,3.4812502024094,0.037474264648422,50.289092733474,36037.315035873
18.574999999999,5.187975896742,0.64971087915579,0.050289120844213,3.4645084971413,0.03738404717414,50.289120844213,36037.315971603
18.587499999999,5.1875091580505,0.64971085111273,0.050289148887274,3.4478458079734,0.037294038800221,50.289148887274,36037.31690508
18.599999999999,5.187043543161,0.64971082313719,0.050289176862813,3.4312617726232,0.037204239080232,50.289176862813,36037.31783631
18.612499999999,5.1865790494681,0.64971079522901,0.050289204770988,3.4147560303946,0.037114647568517,50.289204770988,36037.318765297
18.624999999999,5.186115674372,0.64971076738805,0.050289232611954,3.3983282221711,0.037025263820192,50.289232611954,36037.319692047
18.637499999999,5.1856534152783,0.64971073961413,0.050289260385867,3.3819779904089,0.036936087391146,50.289260385867,36037.320616566
18.649999999999,5.1851922695985,0.64971071190712,0.050289288092883,3.3657049791307,0.036847117838038,50.289288092883,36037.321538857
18.662499999999,5.1847322347492,0.64971068426684,0.050289315733157,3.3495088339215,0.036758354718309,50.289315733157,36037.322458927
18.674999999999,5.1842733081529,0.64971065669316,0.050289343306843,3.3333892019186,0.036669797590163,50.289343306843,36037.32337678
18.687499999999,5.1838154872373,0.6497106291859,0.050289370814097,3.3173457318078,0.036581446012578,50.289370814097,36037.324292422
18.699999999999,5.1833587694359,0.64971060174493,0.050289398255073,3.3013780738163,0.036493299545302,50.289398255073,36037.325205857
18.712499999999,5.1829031521876,0.64971057437008,0.050289425629924,3.2854858797064,0.036405357748855,50.289425629924,36037.326117092
18.724999999999,5.1824486329366,0.6497105470612,0.050289452938804,3.2696688027699,0.036317620184525,50.289452938804,36037.32702613
18.737499999999,5.1819952091328,0.64971051981813,0.050289480181867,3.2539264978208,0.036230086414369,50.289480181867,36037.327932978
18.749999999999,5.1815428782315,0.64971049264074,0.050289507359264,3.2382586211908,0.036142756001217,50.289507359264,36037.32883764
18.762499999999,5.1810916376935,0.64971046552885,0.05028953447115,3.222664830721,0.036055628508663,50.28953447115,36037.329740121
18.774999999999,5.180641484985,0.64971043848233,0.050289561517675,3.2071447857563,0.035968703501066,50.289561517675,36037.330640426
18.787499999999,5.1801924175776,0.64971041150101,0.050289588498992,3.1916981471418,0.035881980543561,50.289588498992,36037.331538561
18.799999999999,5.1797444329485,0.64971038458475,0.050289615415252,3.1763245772121,0.035795459202038,50.289615415252,36037.33243453
18.812499999999,5.1792975285801,0.64971035773339,0.050289642266607,3.1610237397896,0.035709139043163,50.289642266607,36037.333328339
18.824999999999,5.1788517019603,0.64971033094679,0.050289669053208,3.1457953001756,0.035623019634361,50.289669053208,36037.334219992
18.837499999999,5.1784069505826,0.64971030422479,0.050289695775205,3.1306389251456,0.035537100543824,50.289695775205,36037.335109495
18.849999999999,5.1779632719455,0.64971027756725,0.050289722432749,3.1155542829427,0.035451381340508,50.289722432749,36037.335996852
18.862499999999,5.1775206635531,0.64971025097401,0.050289749025989,3.1005410432725,0.035365861594135,50.289749025989,36037.336882069
18.874999999999,5.1770791229151,0.64971022444492,0.050289775555075,3.0855988772952,0.035280540875187,50.289775555075,36037.33776515
18.887499999999,5.1766386475461,0.64971019797984,0.050289802020157,3.0707274576224,0.035195418754912,50.289802020157,36037.338646101
18.899999999999,5.1761992349664,0.64971017157862,0.050289828421383,3.055926458308,0.035110494805314,50.289828421383,36037.339524926
18.912499999999,5.1757608827015,0.6497101452411,0.050289854758902,3.0411955548445,0.035025768599164,50.289854758902,36037.340401631
18.924999999999,5.1753235882823,0.64971011896714,0.050289881032862,3.0265344241563,0.034941239709987,50.289881032862,36037.34127622
18.937499999999,5.174887349245,0.64971009275659,0.050289907243412,3.0119427445955,0.034856907712081,50.289907243412,36037.342148698
18.949999999999,5.174452163131,0.6497100666093,0.0502899333907,2.9974201959324,0.03477277218049,50.2899333907,36037.34301907
18.962499999999,5.1740180274873,0.64971004052513,0.050289959474872,2.9829664593525,0.034688832691021,50.289959474872,36037.343887341
18.974999999999,5.1735849398659,0.64971001450392,0.050289985496075,2.9685812174509,0.034605088820244,50.289985496075,36037.344753516
18.987499999999,5.1731528978242,0.64970998854554,0.050290011454457,2.9542641542247,0.034521540145482,50.290011454457,36037.345617601
18.999999999999,5.1727218989249,0.64970996264984,0.050290037350164,2.9400149550687,0.034438186244818,50.290037350164,36037.346479598
19.012499999999,5.172291940736,0.64970993681666,0.050290063183342,2.9258333067685,0.034355026697089,50.290063183342,36037.347339515
19.024999999999,5.1718630208307,0.64970991104586,0.050290088954137,2.9117188974959,0.034272061081889,50.290088954137,36037.348197355
19.037499999999,5.1714351367874,0.64970988533731,0.050290114662694,2.8976714168024,0.034189288979569,50.290114662694,36037.349053123
19.049999999999,5.1710082861899,0.64970985969084,0.050290140309158,2.8836905556136,0.03410670997123,50.290140309158,36037.349906824
19.062499999999,5.1705824666271,0.64970983410633,0.050290165893675,2.8697760062243,0.034024323638734,50.290165893675,36037.350758463
19.074999999999,5.1701576756931,0.64970980858361,0.050290191416388,2.8559274622917,0.033942129564691,50.290191416388,36037.351608045
19.087499999999,5.1697339109873,0.64970978312256,0.050290216877443,2.8421446188303,0.033860127332465,50.290216877443,36037.352455574
19.099999999999,5.1693111701144,0.64970975772302,0.050290242276983,2.8284271722067,0.033778316526174,50.290242276983,36037.353301056
19.112499999999,5.168889450684,0.64970973238485,0.050290267615152,2.8147748201332,0.033696696730685,50.290267615152,36037.354144495
19.124999999999,5.1684687503111,0.64970970710791,0.050290292892092,2.8011872616628,0.033615267531616,50.290292892092,36037.354985896
19.137499999999,5.1680490666158,0.64970968189205,0.050290318107948,2.787664197184,0.033534028515339,50.290318107948,36037.355825263
19.149999999999,5.1676303972235,0.64970965673714,0.050290343262861,2.7742053284135,0.033452979268969,50.290343262861,36037.356662602
19.162499999999,5.1672127397645,0.64970963164303,0.050290368356974,2.7608103583934,0.033372119380376,50.290368356974,36037.357497917
19.174999999999,5.1667960918745,0.64970960660957,0.050290393390429,2.7474789914837,0.033291448438176,50.290393390429,36037.358331212
19.187499999999,5.1663804511943,0.64970958163663,0.050290418363368,2.7342109333575,0.033210966031733,50.290418363368,36037.359162494
19.199999999999,5.1659658153696,0.64970955672407,0.050290443275932,2.7210058909952,0.033130671751158,50.290443275932,36037.359991765
19.212499999999,5.1655521820515,0.64970953187174,0.050290468128263,2.7078635726796,0.033050565187306,50.290468128263,36037.360819032
19.224999999999,5.165139548896,0.6497095070795,0.050290492920501,2.6947836879901,0.03297064593178,50.290492920501,36037.361644298
19.237499999999,5.1647279135644,0.64970948234721,0.050290517652786,2.681765947798,0.03289091357693,50.290517652786,36037.362467569
19.249999999999,5.1643172737229,0.64970945767474,0.05029054232526,2.6688100642591,0.032811367715841,50.29054232526,36037.363288849
19.262499999999,5.1639076270429,0.64970943306194,0.050290566938062,2.6559157508112,0.03273200794235,50.290566938062,36037.364108142
19.274999999999,5.1634989712008,0.64970940850867,0.05029059149133,2.6430827221678,0.03265283385104,50.29059149133,36037.364925454
19.287499999999,5.1630913038781,0.64970938401479,0.050290615985206,2.6303106943115,0.032573845037231,50.290615985206,36037.365740788
19.299999999999,5.1626846227614,0.64970935958017,0.050290640419828,2.6175993844889,0.032495041096977,50.290640419828,36037.366554151
19.312499999999,5.1622789255423,0.64970933520467,0.050290664795334,2.6049485112072,0.032416421627085,50.290664795334,36037.367365545
19.324999999999,5.1618742099173,0.64970931088814,0.050290689111863,2.5923577942288,0.032337986225103,50.290689111863,36037.368174976
19.337499999999,5.1614704735883,0.64970928663045,0.050290713369552,2.5798269545624,0.032259734489307,50.290713369552,36037.368982449
19.349999999999,5.1610677142618,0.64970926243146,0.050290737568541,2.5673557144627,0.032181666018721,50.290737568541,36037.369787968
19.362499999999,5.1606659296495,0.64970923829103,0.050290761708966,2.5549437974216,0.032103780413102,50.290761708966,36037.370591537
19.374999999999,5.1602651174681,0.64970921420904,0.050290785790964,2.5425909281656,0.032026077272951,50.290785790964,36037.371393161
19.387499999999,5.1598652754393,0.64970919018533,0.050290809814673,2.5302968326479,0.031948556199495,50.290809814673,36037.372192845
19.399999999999,5.1594664012898,0.64970916621977,0.050290833780228,2.5180612380459,0.031871216794706,50.290833780228,36037.372990594
19.412499999999,5.1590684927511,0.64970914231223,0.050290857687767,2.5058838727554,0.031794058661291,50.290857687767,36037.373786411
19.424999999999,5.1586715475598,0.64970911846257,0.050290881537425,2.4937644663835,0.031717081402682,50.290881537425,36037.374580301
19.437499999999,5.1582755634576,0.64970909467066,0.050290905329338,2.481702749747,0.031640284623061,50.290905329338,36037.375372269
19.449999999999,5.1578805381907,0.64970907093636,0.050290929063641,2.4696984548636,0.031563667927324,50.290929063641,36037.37616232
19.462499999999,5.1574864695108,0.64970904725953,0.050290952740469,2.4577513149497,0.031487230921114,50.290952740469,36037.376950457
19.474999999999,5.157093355174,0.64970902364004,0.050290976359958,2.4458610644152,0.031410973210802,50.290976359958,36037.377736686
19.487499999999,5.1567011929418,0.64970900007776,0.050290999922242,2.4340274388559,0.031334894403486,50.290999922242,36037.37852101
19.499999999999,5.1563099805801,0.64970897657255,0.050291023427454,2.4222501750521,0.031258994107001,50.291023427454,36037.379303435
19.512499999999,5.1559197158602,0.64970895312427,0.050291046875729,2.4105290109601,0.031183271929901,50.291046875729,36037.380083964
19.524999999999,5.1555303965578,0.6497089297328,0.050291070267201,2.3988636857102,0.03110772748148,50.291070267201,36037.380862603
19.537499999999,5.155142020454,0.649708906398,0.050291093602002,2.3872539395998,0.03103236037175,50.291093602002,36037.381639355
19.549999999999,5.1547545853342,0.64970888311973,0.050291116880266,2.3756995140904,0.03095717021146,50.291116880266,36037.382414226
19.562499999999,5.1543680889892,0.64970885989787,0.050291140102126,2.3642001518004,0.030882156612078,50.291140102126,36037.383187218
19.574999999999,5.1539825292143,0.64970883673229,0.050291163267714,2.3527555965015,0.030807319185799,50.291163267714,36037.383958338
19.587499999999,5.1535979038098,0.64970881362284,0.050291186377162,2.3413655931147,0.030732657545547,50.291186377162,36037.384727589
19.599999999999,5.1532142105808,0.6497087905694,0.050291209430603,2.3300298877036,0.030658171304967,50.291209430603,36037.385494975
19.612499999999,5.1528314473371,0.64970876757183,0.050291232428167,2.3187482274711,0.03058386007843,50.291232428167,36037.386260502
19.624999999999,5.1524496118935,0.64970874463001,0.050291255369986,2.3075203607533,0.030509723481025,50.291255369986,36037.387024172
19.637499999999,5.1520687020696,0.64970872174381,0.050291278256191,2.2963460370153,0.030435761128563,50.291278256191,36037.387785992
19.649999999999,5.1516887156896,0.64970869891309,0.050291301086912,2.2852250068482,0.030361972637587,50.291301086912,36037.388545965
19.662499999999,5.1513096505828,0.64970867613772,0.050291323862281,2.2741570219604,0.030288357625347,50.291323862281,36037.389304095
19.674999999999,5.1509315045829,0.64970865341757,0.050291346582427,2.263141835177,0.03021491570982,50.291346582427,36037.390060387
19.687499999999,5.1505542755287,0.64970863075252,0.05029136924748,2.2521792004322,0.0301416465097,50.29136924748,36037.390814845
19.699999999999,5.1501779612636,0.64970860814243,0.05029139185757,2.2412688727666,0.030068549644403,50.29139185757,36037.391567474
19.712499999999,5.1498025596358,0.64970858558717,0.050291414412826,2.2304106083201,0.029995624734052,50.291414412826,36037.392318277
19.724999999999,5.1494280684982,0.64970856308662,0.050291436913377,2.2196041643299,0.029922871399497,50.291436913377,36037.393067259
19.737499999999,5.1490544857084,0.64970854064065,0.050291459359352,2.2088492991248,0.029850289262303,50.291459359352,36037.393814425
19.749999999999,5.148681809129,0.64970851824912,0.050291481750879,2.1981457721193,0.02977787794474,50.291481750879,36037.394559778
19.762499999999,5.1483100366269,0.64970849591191,0.050291504088086,2.1874933438115,0.029705637069805,50.291504088086,36037.395303323
19.774999999999,5.1479391660741,0.6497084736289,0.050291526371102,2.1768917757764,0.0296335662612,50.291526371102,36037.396045064
19.787499999999,5.1475691953469,0.64970845139995,0.050291548600053,2.1663408306629,0.029561665143348,50.291548600053,36037.396785006
19.799999999999,5.1472001223267,0.64970842922493,0.050291570775067,2.1558402721875,0.029489933341376,50.291570775067,36037.397523152
19.812499999999,5.1468319448993,0.64970840710373,0.050291592896272,2.1453898651306,0.029418370481119,50.291592896272,36037.398259506
19.824999999999,5.1464646609552,0.64970838503621,0.050291614963793,2.1349893753337,0.029346976189139,50.291614963793,36037.398994074
19.837499999999,5.1460982683898,0.64970836302224,0.050291636977757,2.1246385696921,0.029275750092692,50.291636977757,36037.399726859
19.849999999999,5.1457327651028,0.64970834106171,0.050291658938291,2.1143372161511,0.029204691819746,50.291658938291,36037.400457866
19.862499999999,5.1453681489988,0.64970831915448,0.050291680845521,2.1040850837033,0.029133800998981,50.291680845521,36037.401187098
19.874999999999,5.145004417987,0.64970829730043,0.050291702699571,2.0938819423821,0.02906307725978,50.291702699571,36037.40191456
19.887499999999,5.1446415699811,0.64970827549943,0.050291724500568,2.0837275632588,0.028992520232237,50.291724500568,36037.402640256
19.899999999999,5.1442796028996,0.64970825375136,0.050291746248636,2.0736217184366,0.028922129547146,50.291746248636,36037.40336419
19.912499999999,5.1439185146654,0.6497082320561,0.0502917679439,2.0635641810477,0.02885190483601,50.2917679439,36037.404086367
19.924999999999,5.1435583032063,0.64970821041351,0.050291789586485,2.053554725248,0.028781845731034,50.291789586485,36037.40480679
19.937499999999,5.1431989664544,0.64970818882348,0.050291811176516,2.0435931262136,0.02871195186513,50.291811176516,36037.405525463
19.949999999999,5.1428405023464,0.64970816728589,0.050291832714115,2.0336791601347,0.028642222871904,50.291832714115,36037.406242392
19.962499999999,5.1424829088239,0.64970814580059,0.050291854199406,2.0238126042136,0.028572658385672,50.291854199406,36037.406957579
19.974999999999,5.1421261838327,0.64970812436749,0.050291875632514,2.0139932366588,0.028503258041447,50.291875632514,36037.407671029
19.987499999999,5.1417703253234,0.64970810298644,0.050291897013561,2.0042208366814,0.028434021474943,50.291897013561,36037.408382746
19.999999999999,5.1414153312509,0.64970808165733,0.050291918342669,1.9944951844899,0.028364948322572,50.291918342669,36037.409092734
20.012499999999,5.1410611995749,0.64970806038004,0.050291939619963,1.9848160612869,0.028296038221443,50.291939619963,36037.409800997
20.024999999999,5.1407079282595,0.64970803915444,0.050291960845563,1.9751832492652,0.028227290809367,50.291960845563,36037.41050754
20.037499999999,5.1403555152733,0.64970801798041,0.050291982019593,1.9655965316019,0.028158705724847,50.291982019593,36037.411212366
20.049999999999,5.1400039585896,0.64970799685783,0.050292003142173,1.9560556924566,0.028090282607089,50.292003142173,36037.411915479
20.062499999999,5.1396532561858,0.64970797578657,0.050292024213426,1.9465605169639,0.028022021095982,50.292024213426,36037.412616884
20.074999999999,5.1393034060443,0.64970795476653,0.050292045233472,1.937110791233,0.027953920832122,50.292045233472,36037.413316584
20.087499999999,5.1389544061517,0.64970793379757,0.050292066202432,1.9277063023398,0.027885981456786,50.292066202432,36037.414014584
20.099999999999,5.1386062544991,0.64970791287957,0.050292087120428,1.9183468383261,0.027818202611952,50.292087120428,36037.414710887
20.112499999999,5.138258949082,0.64970789201242,0.050292107987579,1.9090321881941,0.027750583940293,50.292107987579,36037.415405498
20.124999999999,5.1379124879006,0.64970787119599,0.050292128804006,1.8997621419,0.027683125085156,50.292128804006,36037.41609842
20.137499999999,5.1375668689594,0.64970785043017,0.050292149569829,1.8905364903553,0.027615825690601,50.292149569829,36037.416789658
20.149999999999,5.1372220902673,0.64970782971483,0.050292170285167,1.8813550254171,0.027548685401362,50.292170285167,36037.417479216
20.162499999999,5.1368781498378,0.64970780904986,0.05029219095014,1.8722175398867,0.027481703862861,50.29219095014,36037.418167097
20.174999999999,5.1365350456886,0.64970778843513,0.050292211564867,1.8631238275063,0.027414880721217,50.292211564867,36037.418853305
20.187499999999,5.136192775842,0.64970776787053,0.050292232129466,1.8540736829526,0.027348215623226,50.292232129466,36037.419537845
20.199999999999,5.1358513383247,0.64970774735594,0.050292252644056,1.8450669018356,0.027281708216378,50.292252644056,36037.42022072
20.212499999999,5.1355107311677,0.64970772689124,0.050292273108756,1.8361032806914,0.02721535814884,50.292273108756,36037.420901934
20.224999999999,5.1351709524064,0.64970770647632,0.050292293523684,1.827182616981,0.027149165069469,50.292293523684,36037.421581491
20.237499999999,5.1348320000807,0.64970768611104,0.050292313888956,1.8183047090853,0.027083128627805,50.292313888956,36037.422259396
20.249999999999,5.1344938722349,0.64970766579531,0.050292334204692,1.8094693563006,0.027017248474069,50.292334204692,36037.422935652
20.262499999999,5.1341565669175,0.64970764552899,0.050292354471007,1.8006763588347,0.026951524259159,50.292354471007,36037.423610262
20.274999999999,5.1338200821814,0.64970762531198,0.050292374688019,1.7919255178049,0.026885955634667,50.292374688019,36037.424283232
20.287499999999,5.1334844160839,0.64970760514415,0.050292394855845,1.7832166352308,0.026820542252848,50.292394855845,36037.424954564
20.299999999999,5.1331495666867,0.6497075850254,0.050292414974602,1.7745495140331,0.026755283766647,50.292414974602,36037.425624263
20.312499999999,5.1328155320557,0.6497075649556,0.050292435044404,1.7659239580289,0.026690179829686,50.292435044404,36037.426292332
20.324999999999,5.1324823102612,0.64970754493463,0.05029245506537,1.7573397719274,0.026625230096261,50.29245506537,36037.426958776
20.337499999999,5.1321498993779,0.64970752496239,0.050292475037613,1.7487967613262,0.026560434221347,50.292475037613,36037.427623597
20.349999999999,5.1318182974846,0.64970750503875,0.050292494961249,1.7402947327083,0.026495791860594,50.292494961249,36037.428286801
20.362499999999,5.1314875026646,0.64970748516361,0.050292514836394,1.7318334934369,0.026431302670325,50.292514836394,36037.428948391
20.374999999999,5.1311575130054,0.64970746533684,0.050292534663163,1.7234128517527,0.02636696630754,50.292534663163,36037.42960837
20.387499999999,5.1308283265987,0.64970744555833,0.05029255444167,1.71503261677,0.026302782429912,50.29255444167,36037.430266743
20.399999999999,5.1304999415407,0.64970742582797,0.050292574172029,1.7066925984717,0.026238750695782,50.292574172029,36037.430923513
20.412499999999,5.1301723559316,0.64970740614564,0.050292593854356,1.6983926077074,0.026174870764166,50.292593854356,36037.431578684
20.424999999999,5.1298455678762,0.64970738651124,0.050292613488762,1.6901324561884,0.02611114229475,50.292613488762,36037.43223226
20.437499999999,5.1295195754831,0.64970736692464,0.050292633075363,1.6819119564845,0.026047564947891,50.292633075363,36037.432884245
20.449999999999,5.1291943768656,0.64970734738573,0.050292652614272,1.6737309220195,0.02598413838461,50.292652614272,36037.433534642
20.462499999999,5.1288699701408,0.6497073278944,0.050292672105601,1.6655891670687,0.025920862266599,50.292672105601,36037.434183456
20.474999999999,5.1285463534305,0.64970730845054,0.050292691549464,1.6574865067543,0.025857736256217,50.292691549464,36037.434830689
20.487499999999,5.1282235248602,0.64970728905403,0.050292710945973,1.6494227570417,0.025794760016487,50.292710945973,36037.435476347
20.499999999999,5.12790148256,0.64970726970476,0.05029273029524,1.6413977347367,0.025731933211098,50.29273029524,36037.436120431
20.512499999999,5.1275802246641,0.64970725040262,0.050292749597378,1.6334112574814,0.025669255504408,50.292749597378,36037.436762947
20.524999999999,5.1272597493108,0.6497072311475,0.050292768852499,1.6254631437505,0.025606726561435,50.292768852499,36037.437403898
20.537499999999,5.1269400546426,0.64970721193929,0.050292788060714,1.6175532128467,0.025544346047855,50.292788060714,36037.438043287
20.549999999999,5.1266211388063,0.64970719277787,0.050292807222134,1.609681284899,0.025482113630012,50.292807222134,36037.438681119
20.562499999999,5.1263029999527,0.64970717366313,0.050292826336871,1.6018471808582,0.02542002897491,50.292826336871,36037.439317396
20.574999999999,5.1259856362369,0.64970715459496,0.050292845405035,1.5940507224931,0.025358091750212,50.292845405035,36037.439952124
20.587499999999,5.1256690458181,0.64970713557326,0.050292864426737,1.5862917323866,0.025296301624236,50.292864426737,36037.440585305
20.599999999999,5.1253532268596,0.64970711659791,0.050292883402088,1.5785700339342,0.025234658265969,50.292883402088,36037.441216942
20.612499999999,5.1250381775289,0.6497070976688,0.050292902331197,1.5708854513369,0.025173161345041,50.292902331197,36037.441847041
20.624999999999,5.1247238959976,0.64970707878583,0.050292921214174,1.5632378096019,0.025111810531753,50.292921214174,36037.442475604
20.637499999999,5.1244103804414,0.64970705994887,0.050292940051129,1.5556269345353,0.025050605497048,50.292940051129,36037.443102635
20.649999999999,5.12409762904,0.64970704115783,0.050292958842171,1.5480526527408,0.024989545912533,50.292958842171,36037.443728138
20.662499999999,5.1237856399775,0.64970702241259,0.05029297758741,1.5405147916164,0.024928631450466,50.29297758741,36037.444352116
20.674999999999,5.1234744114418,0.64970700371305,0.050292996286954,1.5330131793491,0.024867861783756,50.292996286954,36037.444974573
20.687499999999,5.123163941625,0.64970698505909,0.050293014940912,1.5255476449132,0.024807236585964,50.293014940912,36037.445595513
20.699999999999,5.1228542287233,0.64970696645061,0.050293033549393,1.5181180180665,0.024746755531309,50.293033549393,36037.446214939
20.712499999999,5.1225452709369,0.6497069478875,0.050293052112503,1.5107241293458,0.024686418294648,50.293052112503,36037.446832854
20.724999999999,5.1222370664702,0.64970692936965,0.050293070630352,1.5033658100658,0.024626224551502,50.293070630352,36037.447449263
20.737499999999,5.1219296135315,0.64970691089695,0.050293089103047,1.4960428923129,0.02456617397803,50.293089103047,36037.448064169
20.749999999999,5.1216229103332,0.6497068924693,0.050293107530695,1.4887552089432,0.024506266251038,50.293107530695,36037.448677576
20.762499999999,5.1213169550917,0.6497068740866,0.050293125913404,1.48150259358,0.024446501047985,50.293125913404,36037.449289486
20.774999999999,5.1210117460275,0.64970685574872,0.05029314425128,1.4742848806089,0.02438687804697,50.29314425128,36037.449899904
20.787499999999,5.120707281365,0.64970683745557,0.050293162544431,1.4671019051754,0.024327396926743,50.293162544431,36037.450508833
20.799999999999,5.1204035593328,0.64970681920704,0.050293180792962,1.4599535031808,0.02426805736669,50.293180792962,36037.451116278
20.812499999999,5.1201005781633,0.64970680100302,0.050293198996979,1.45283951128,0.024208859046846,50.293198996979,36037.45172224
20.824999999999,5.1197983360931,0.64970678284341,0.050293217156589,1.4457597668776,0.024149801647889,50.293217156589,36037.452326724
20.837499999999,5.1194968313626,0.6497067647281,0.050293235271898,1.4387141081242,0.024090884851134,50.293235271898,36037.452929733
20.849999999999,5.1191960622163,0.64970674665699,0.050293253343011,1.4317023739135,0.024032108338536,50.293253343011,36037.453531272
20.862499999999,5.1188960269026,0.64970672862997,0.050293271370033,1.4247244038799,0.023973471792699,50.293271370033,36037.454131342
20.874999999999,5.1185967236739,0.64970671064693,0.050293289353068,1.4177800383934,0.023914974896853,50.293289353068,36037.454729949
20.887499999999,5.1182981507865,0.64970669270778,0.050293307292223,1.4108691185578,0.02385661733487,50.293307292223,36037.455327095
20.899999999999,5.1180003065008,0.6497066748124,0.050293325187601,1.4039914862071,0.023798398791261,50.293325187601,36037.455922783
20.912499999999,5.117703189081,0.64970665696069,0.050293343039307,1.3971469839028,0.023740318951175,50.293343039307,36037.456517018
20.924999999999,5.1174067967952,0.64970663915255,0.050293360847445,1.3903354549289,0.023682377500386,50.293360847445,36037.457109803
20.937499999999,5.1171111279156,0.64970662138788,0.050293378612118,1.3835567432912,0.023624574125311,50.293378612118,36037.45770114
20.949999999999,5.1168161807181,0.64970660366657,0.050293396333431,1.3768106937126,0.023566908512999,50.293396333431,36037.458291035
20.962499999999,5.1165219534826,0.64970658598851,0.050293414011486,1.3700971516307,0.023509380351133,50.293414011486,36037.458879489
20.974999999999,5.1162284444931,0.64970656835361,0.050293431646387,1.3634159631931,0.023451989328018,50.293431646387,36037.459466507
20.987499999999,5.1159356520372,0.64970655076176,0.050293449238236,1.3567669752569,0.023394735132603,50.293449238236,36037.460052092
20.999999999999,5.1156435744064,0.64970653321286,0.050293466787136,1.3501500353826,0.023337617454454,50.293466787136,36037.460636247
21.012499999999,5.1153522098963,0.64970651570681,0.05029348429319,1.3435649918339,0.023280635983772,50.29348429319,36037.461218976
21.024999999999,5.1150615568061,0.6497064982435,0.050293501756499,1.3370116935721,0.023223790411384,50.293501756499,36037.461800283
21.037499999999,5.1147716134392,0.64970648082283,0.050293519177167,1.3304899902548,0.023167080428744,50.293519177167,36037.462380169
21.049999999999,5.1144823781025,0.64970646344471,0.050293536555293,1.3239997322319,0.023110505727931,50.293536555293,36037.46295864
21.062499999999,5.1141938491069,0.64970644610902,0.050293553890981,1.3175407705435,0.023054066001656,50.293553890981,36037.463535698
21.074999999999,5.1139060247671,0.64970642881567,0.050293571184331,1.311112956915,0.022997760943241,50.293571184331,36037.464111347
21.087499999999,5.1136189034018,0.64970641156456,0.050293588435444,1.3047161437565,0.022941590246646,50.293588435444,36037.464685589
21.099999999999,5.1133324833333,0.64970639435558,0.050293605644421,1.2983501841581,0.022885553606443,50.293605644421,36037.46525843
21.112499999999,5.1130467628878,0.64970637718864,0.050293622811362,1.2920149318866,0.022829650717826,50.293622811362,36037.46582987
21.124999999999,5.1127617403954,0.64970636006363,0.050293639936369,1.2857102413845,0.022773881276615,50.293639936369,36037.466399915
21.137499999999,5.1124774141897,0.64970634298046,0.05029365701954,1.279435967765,0.022718244979245,50.29365701954,36037.466968568
21.149999999999,5.1121937826085,0.64970632593902,0.050293674060977,1.27319196681,0.022662741522771,50.293674060977,36037.467535831
21.162499999999,5.1119108439931,0.64970630893922,0.050293691060777,1.2669780949668,0.022607370604863,50.293691060777,36037.468101708
21.174999999999,5.1116285966885,0.64970629198096,0.050293708019042,1.2607942093456,0.022552131923812,50.293708019042,36037.468666203
21.187499999999,5.1113470390439,0.64970627506413,0.05029372493587,1.2546401677164,0.022497025178524,50.29372493587,36037.469229318
21.199999999999,5.1110661694118,0.64970625818864,0.05029374181136,1.2485158285055,0.022442050068516,50.29374181136,36037.469791057
21.212499999999,5.1107859861486,0.64970624135439,0.050293758645611,1.2424210507931,0.022387206293923,50.293758645611,36037.470351424
21.224999999999,5.1105064876146,0.64970622456128,0.050293775438722,1.2363556943107,0.022332493555488,50.293775438722,36037.470910421
21.237499999999,5.1102276721737,0.64970620780921,0.05029379219079,1.2303196194382,0.022277911554578,50.29379219079,36037.471468052
21.249999999999,5.1099495381934,0.64970619109809,0.050293808901914,1.2243126871998,0.022223459993157,50.293808901914,36037.47202432
21.262499999999,5.1096720840452,0.64970617442781,0.050293825572191,1.2183347592634,0.022169138573812,50.293825572191,36037.472579228
21.274999999999,5.1093953081041,0.64970615779828,0.05029384220172,1.2123856979352,0.02211494699973,50.29384220172,36037.47313278
21.287499999999,5.109119208749,0.6497061412094,0.050293858790598,1.2064653661583,0.022060884974708,50.293858790598,36037.473684979
21.299999999999,5.1088437843622,0.64970612466108,0.050293875338921,1.2005736275103,0.022006952203157,50.293875338921,36037.474235827
21.312499999999,5.1085690333301,0.64970610815321,0.050293891846787,1.1947103461997,0.021953148390089,50.293891846787,36037.47478533
21.324999999999,5.1082949540423,0.64970609168571,0.050293908314293,1.1888753870624,0.02189947324112,50.293908314293,36037.475333488
21.337499999999,5.1080215448926,0.64970607525846,0.050293924741535,1.1830686155608,0.021845926462477,50.293924741535,36037.475880306
21.349999999999,5.107748804278,0.64970605887139,0.05029394112861,1.1772898977793,0.021792507760985,50.29394112861,36037.476425788
21.362499999999,5.1074767305994,0.64970604252439,0.050293957475612,1.1715391004231,0.021739216844079,50.293957475612,36037.476969935
21.374999999999,5.1072053222614,0.64970602621736,0.05029397378264,1.1658160908133,0.021686053419785,50.29397378264,36037.477512752
21.387499999999,5.1069345776721,0.64970600995021,0.050293990049787,1.1601207368872,0.021633017196748,50.293990049787,36037.478054241
21.399999999999,5.1066644952433,0.64970599372285,0.050294006277149,1.1544529071917,0.021580107884192,50.294006277149,36037.478594406
21.412499999999,5.1063950733904,0.64970597753518,0.050294022464823,1.1488124708843,0.021527325191956,50.294022464823,36037.479133249
21.424999999999,5.1061263105325,0.6497059613871,0.050294038612901,1.1431992977285,0.021474668830473,50.294038612901,36037.479670775
21.437499999999,5.1058582050923,0.64970594527852,0.050294054721481,1.1376132580909,0.021422138510772,50.294054721481,36037.480206986
21.449999999999,5.105590755496,0.64970592920935,0.050294070790655,1.1320542229388,0.021369733944475,50.294070790655,36037.480741885
21.462499999999,5.1053239601736,0.64970591317948,0.050294086820518,1.1265220638388,0.02131745484381,50.294086820518,36037.481275476
21.474999999999,5.1050578175584,0.64970589718884,0.050294102811165,1.1210166529518,0.021265300921588,50.294102811165,36037.481807761
21.487499999999,5.1047923260876,0.64970588123731,0.050294118762689,1.1155378630326,0.021213271891222,50.294118762689,36037.482338744
21.499999999999,5.1045274842018,0.64970586532482,0.050294134675184,1.1100855674259,0.021161367466716,50.294134675184,36037.482868428
21.512499999999,5.1042632903451,0.64970584945126,0.050294150548743,1.1046596400645,0.02110958736267,50.294150548743,36037.483396816
21.524999999999,5.1039997429655,0.64970583361654,0.05029416638346,1.0992599554649,0.021057931294262,50.29416638346,36037.48392391
21.537499999999,5.1037368405141,0.64970581782057,0.050294182179428,1.0938863887273,0.021006398977272,50.294182179428,36037.484449715
21.549999999999,5.1034745814459,0.64970580206326,0.05029419793674,1.0885388155312,0.020954990128066,50.29419793674,36037.484974233
21.562499999999,5.1032129642193,0.64970578634451,0.050294213655488,1.083217112134,0.020903704463603,50.294213655488,36037.485497468
21.574999999999,5.1029519872963,0.64970577066424,0.050294229335764,1.0779211553663,0.020852541701416,50.294229335764,36037.486019422
21.587499999999,5.1026916491423,0.64970575502234,0.050294244977662,1.0726508226324,0.020801501559641,50.294244977662,36037.486540098
21.599999999999,5.1024319482263,0.64970573941873,0.050294260581272,1.0674059919046,0.020750583756982,50.294260581272,36037.4870595
21.612499999999,5.1021728830209,0.64970572385331,0.050294276146687,1.0621865417239,0.020699788012747,50.294276146687,36037.48757763
21.624999999999,5.101914452002,0.649705708326,0.050294291673997,1.0569923511942,0.020649114046812,50.294291673997,36037.488094492
21.637499999999,5.1016566536492,0.6497056928367,0.050294307163296,1.0518232999826,0.020598561579646,50.294307163296,36037.488610089
21.649999999999,5.1013994864455,0.64970567738533,0.050294322614673,1.0466792683146,0.020548130332294,50.294322614673,36037.489124423
21.662499999999,5.1011429488774,0.64970566197178,0.05029433802822,1.0415601369732,0.020497820026382,50.29433802822,36037.489637498
21.674999999999,5.1008870394348,0.64970564659597,0.050294353404027,1.0364657872951,0.020447630384114,50.294353404027,36037.490149317
21.687499999999,5.1006317566112,0.64970563125782,0.050294368742185,1.0313961011705,0.020397561128284,50.294368742185,36037.490659883
21.699999999999,5.1003770989035,0.64970561595722,0.050294384042784,1.0263509610376,0.020347611982254,50.294384042784,36037.491169198
21.712499999999,5.100123064812,0.64970560069409,0.050294399305914,1.0213302498822,0.020297782669966,50.294399305914,36037.491677267
21.724999999999,5.0998696528406,0.64970558546833,0.050294414531665,1.0163338512346,0.020248072915937,50.294414531665,36037.492184091
21.737499999999,5.0996168614964,0.64970557027987,0.050294429720128,1.0113616491669,0.020198482445258,50.294429720128,36037.492689673
21.749999999999,5.0993646892901,0.64970555512861,0.05029444487139,1.0064135282915,0.0201490109836,50.29444487139,36037.493194018
21.762499999999,5.0991131347359,0.64970554001446,0.050294459985543,1.0014893737581,0.020099658257207,50.294459985543,36037.493697127
21.774999999999,5.0988621963512,0.64970552493733,0.050294475062674,0.99658907125078,0.020050423992892,50.294475062674,36037.494199004
21.787499999999,5.098611872657,0.64970550989713,0.050294490102872,0.99171250698637,0.02000130791804,50.294490102872,36037.494699651
21.799999999999,5.0983621621776,0.64970549489377,0.050294505106227,0.98685956771203,0.019952309760612,50.294505106227,36037.495199072
21.812499999999,5.0981130634407,0.64970547992717,0.050294520072826,0.98203014070162,0.019903429249126,50.294520072826,36037.495697269
21.824999999999,5.0978645749775,0.64970546499724,0.050294535002759,0.97722411375572,0.019854666112685,50.294535002759,36037.496194246
21.837499999999,5.0976166953224,0.64970545010389,0.050294549896112,0.97244137519721,0.019806020080953,50.294549896112,36037.496690006
21.849999999999,5.0973694230133,0.64970543524703,0.050294564752974,0.96768181386924,0.019757490884155,50.294564752974,36037.49718455
21.862499999999,5.0971227565915,0.64970542042657,0.050294579573433,0.96294531913398,0.019709078253092,50.294579573433,36037.497677883
21.874999999999,5.0968766946016,0.64970540564242,0.050294594357575,0.95823178086956,0.019660781919129,50.294594357575,36037.498170007
21.887499999999,5.0966312355915,0.64970539089451,0.050294609105489,0.95354108946676,0.019612601614185,50.294609105489,36037.498660925
21.899999999999,5.0963863781125,0.64970537618274,0.050294623817261,0.94887313582922,0.019564537070758,50.294623817261,36037.49915064
21.912499999999,5.0961421207194,0.64970536150702,0.050294638492978,0.94422781136816,0.019516588021895,50.294638492978,36037.499639155
21.924999999999,5.09589846197,0.64970534686727,0.050294653132727,0.93960500800289,0.019468754201217,50.294653132727,36037.500126472
21.937499999999,5.0956554004257,0.64970533226341,0.050294667736593,0.93500461815605,0.019421035342893,50.294667736593,36037.500612595
21.949999999999,5.095412934651,0.64970531769534,0.050294682304664,0.93042653475283,0.019373431181656,50.294682304664,36037.501097527
21.962499999999,5.0951710632141,0.64970530316297,0.050294696837026,0.92587065121893,0.019325941452804,50.294696837026,36037.50158127
21.974999999999,5.094929784686,0.64970528866624,0.050294711333764,0.92133686147707,0.019278565892186,50.294711333764,36037.502063827
21.987499999999,5.0946890976413,0.64970527420504,0.050294725794963,0.91682505994566,0.019231304236211,50.294725794963,36037.502545201
21.999999999999,5.0944490006579,0.64970525977929,0.050294740220711,0.91233514153633,0.019184156221842,50.294740220711,36037.503025395
22.012499999999,5.0942094923169,0.64970524538891,0.05029475461109,0.90786700165194,0.019137121586601,50.29475461109,36037.503504412
22.024999999999,5.0939705712026,0.64970523103381,0.050294768966187,0.90342053618382,0.019090200068561,50.294768966187,36037.503982254
22.037499999999,5.0937322359028,0.64970521671391,0.050294783286087,0.8989956415098,0.019043391406347,50.294783286087,36037.504458924
22.049999999999,5.0934944850084,0.64970520242913,0.050294797570874,0.89459221449276,0.018996695339144,50.294797570874,36037.504934426
22.062499999999,5.0932573171135,0.64970518817937,0.050294811820633,0.89021015247705,0.01895011160668,50.294811820633,36037.505408762
22.074999999999,5.0930207308156,0.64970517396455,0.050294826035447,0.8858493532874,0.018903639949237,50.294826035447,36037.505881935
22.087499999999,5.0927847247154,0.6497051597846,0.050294840215402,0.88150971522597,0.018857280107643,50.294840215402,36037.506353947
22.099999999999,5.0925492974169,0.64970514563942,0.05029485436058,0.87719113707149,0.018811031823283,50.29485436058,36037.506824801
22.112499999999,5.092314447527,0.64970513152893,0.050294868471066,0.87289351807537,0.018764894838082,50.294868471066,36037.507294501
22.124999999999,5.0920801736563,0.64970511745306,0.050294882546943,0.86861675796076,0.018718868894513,50.294882546943,36037.507763049
22.137499999999,5.0918464744182,0.64970510341171,0.050294896588295,0.86436075692039,0.018672953735601,50.294896588295,36037.508230447
22.149999999999,5.0916133484297,0.6497050894048,0.050294910595203,0.860125415614,0.018627149104912,50.294910595203,36037.508696699
22.162499999999,5.0913807943106,0.64970507543225,0.050294924567753,0.85591063516553,0.018581454746547,50.294924567753,36037.509161808
22.174999999999,5.0911488106842,0.64970506149398,0.050294938506025,0.85171631716353,0.01853587040517,50.294938506025,36037.509625775
22.187499999999,5.0909173961768,0.6497050475899,0.050294952410103,0.8475423636559,0.018490395825969,50.294952410103,36037.510088604
22.199999999999,5.0906865494181,0.64970503371993,0.050294966280068,0.84338867715065,0.018445030754689,50.294966280068,36037.510550297
22.212499999999,5.0904562690407,0.649705019884,0.050294980116004,0.83925516061098,0.018399774937599,50.294980116004,36037.511010858
22.224999999999,5.0902265536806,0.64970500608201,0.050294993917992,0.8351417174559,0.01835462812152,50.294993917992,36037.511470289
22.237499999999,5.0899974019767,0.64970499231389,0.050295007686114,0.83104825155662,0.018309590053807,50.295007686114,36037.511928592
22.249999999999,5.0897688125714,0.64970497857955,0.050295021420451,0.82697466723495,0.018264660482355,50.295021420451,36037.512385771
22.262499999999,5.08954078411,0.64970496487891,0.050295035121085,0.8229208692608,0.018219839155591,50.295035121085,36037.512841828
22.274999999999,5.089313315241,0.6497049512119,0.050295048788097,0.81888676285156,0.01817512582249,50.295048788097,36037.513296766
22.287499999999,5.0890864046161,0.64970493757843,0.050295062421569,0.81487225366756,0.018130520232543,50.295062421569,36037.513750587
22.299999999999,5.08886005089,0.64970492397842,0.050295076021579,0.81087724781257,0.018086022135789,50.295076021579,36037.514203294
22.312499999999,5.0886342527206,0.64970491041179,0.050295089588211,0.80690165183044,0.018041631282795,50.295089588211,36037.514654891
22.324999999999,5.0884090087689,0.64970489687846,0.050295103121543,0.80294537270361,0.017997347424664,50.295103121543,36037.515105379
22.337499999999,5.0881843176991,0.64970488337834,0.050295116621657,0.7990083178508,0.017953170313028,50.295116621657,36037.515554761
22.349999999999,5.0879601781783,0.64970486991137,0.050295130088632,0.79509039512506,0.017909099700047,50.295130088632,36037.51600304
22.362499999999,5.0877365888769,0.64970485647745,0.050295143522548,0.79119151281252,0.017865135338418,50.295143522548,36037.516450218
22.374999999999,5.0875135484683,0.64970484307652,0.050295156923484,0.78731157962895,0.017821276981358,50.295156923484,36037.516896299
22.387499999999,5.0872910556289,0.64970482970848,0.050295170291522,0.78345050471912,0.017777524382616,50.295170291522,36037.517341285
22.399999999999,5.0870691090383,0.64970481637326,0.050295183626739,0.77960819765432,0.017733877296466,50.295183626739,36037.517785178
22.412499999999,5.0868477073791,0.64970480307079,0.050295196929215,0.77578456843098,0.017690335477715,50.295196929215,36037.518227981
22.424999999999,5.086626849337,0.64970478980097,0.050295210199028,0.77197952746754,0.017646898681685,50.295210199028,36037.518669698
22.437499999999,5.0864065336007,0.64970477656374,0.050295223436259,0.76819298560374,0.017603566664228,50.295223436259,36037.519110329
22.449999999999,5.0861867588622,0.64970476335902,0.050295236640984,0.76442485409798,0.017560339181717,50.295236640984,36037.519549878
22.462499999999,5.085967523816,0.64970475018672,0.050295249813284,0.76067504462625,0.017517215991054,50.295249813284,36037.519988349
22.474999999999,5.0857488271603,0.64970473704677,0.050295262953235,0.75694346927838,0.017474196849648,50.295262953235,36037.520425742
22.487499999999,5.0855306675957,0.64970472393908,0.050295276060916,0.75323004055891,0.017431281515444,50.295276060916,36037.520862061
22.499999999999,5.0853130438263,0.6497047108636,0.050295289136405,0.74953467138243,0.017388469746894,50.295289136405,36037.521297309
22.512499999999,5.085095954559,0.64970469782022,0.050295302179779,0.74585727507361,0.017345761302975,50.295302179779,36037.521731487
22.524999999999,5.0848793985037,0.64970468480888,0.050295315191117,0.7421977653648,0.017303155943182,50.295315191117,36037.522164599
22.537499999999,5.0846633743734,0.64970467182951,0.050295328170495,0.73855605639364,0.017260653427522,50.295328170495,36037.522596647
22.549999999999,5.084447880884,0.64970465888201,0.05029534111799,0.73493206270265,0.01721825351653,50.29534111799,36037.523027634
22.562499999999,5.0842329167544,0.64970464596632,0.05029535403368,0.73132569923536,0.017175955971243,50.29535403368,36037.523457563
22.574999999999,5.0840184807066,0.64970463308236,0.050295366917641,0.7277368813359,0.017133760553218,50.295366917641,36037.523886435
22.587499999999,5.0838045714655,0.64970462023005,0.05029537976995,0.72416552474697,0.017091667024525,50.29537976995,36037.524314253
22.599999999999,5.0835911877588,0.64970460740932,0.050295392590683,0.72061154560747,0.017049675147744,50.295392590683,36037.524741021
22.612499999999,5.0833783283176,0.64970459462008,0.050295405379917,0.71707486045126,0.017007784685967,50.295405379917,36037.52516674
22.624999999999,5.0831659918755,0.64970458186227,0.050295418137727,0.71355538620554,0.016965995402803,50.295418137727,36037.525591412
22.637499999999,5.0829541771692,0.64970456913581,0.05029543086419,0.71005304018841,0.016924307062364,50.29543086419,36037.526015042
22.649999999999,5.0827428829386,0.64970455644062,0.050295443559382,0.70656774010671,0.016882719429267,50.295443559382,36037.52643763
22.662499999999,5.0825321079261,0.64970454377662,0.050295456223377,0.70309940405609,0.016841232268648,50.295456223377,36037.52685918
22.674999999999,5.0823218508774,0.64970453114375,0.050295468856251,0.69964795051756,0.016799845346146,50.295468856251,36037.527279694
22.687499999999,5.0821121105409,0.64970451854192,0.05029548145808,0.69621329835579,0.016758558427899,50.29548145808,36037.527699175
22.699999999999,5.0819028856681,0.64970450597106,0.050295494028938,0.69279536681829,0.016717371280558,50.295494028938,36037.528117625
22.712499999999,5.0816941750132,0.6497044934311,0.0502955065689,0.68939407553305,0.016676283671277,50.2955065689,36037.528535046
22.724999999999,5.0814859773336,0.64970448092196,0.050295519078041,0.68600934450685,0.016635295367712,50.295519078041,36037.528951442
22.737499999999,5.0812782913892,0.64970446844356,0.050295531556436,0.68264109412329,0.016594406138017,50.295531556436,36037.529366813
22.749999999999,5.0810711159431,0.64970445599584,0.050295544004158,0.6792892451419,0.016553615750857,50.295544004158,36037.529781164
22.762499999999,5.0808644497613,0.64970444357872,0.050295556421282,0.67595371869562,0.016512923975391,50.295556421282,36037.530194497
22.774999999999,5.0806582916125,0.64970443119212,0.050295568807882,0.67263443628915,0.016472330581278,50.295568807882,36037.530606813
22.787499999999,5.0804526402685,0.64970441883597,0.050295581164032,0.66933131979819,0.016431835338684,50.295581164032,36037.531018116
22.799999999999,5.0802474945036,0.6497044065102,0.050295593489805,0.66604429146596,0.01639143801826,50.295593489805,36037.531428407
22.812499999999,5.0800428530954,0.64970439421473,0.050295605785275,0.66277327390371,0.016351138391169,50.295605785275,36037.53183769
22.824999999999,5.0798387148241,0.64970438194949,0.050295618050514,0.65951819008671,0.016310936229054,50.295618050514,36037.532245967
22.837499999999,5.0796350784728,0.6497043697144,0.050295630285597,0.65627896335478,0.016270831304068,50.295630285597,36037.532653239
22.849999999999,5.0794319428274,0.6497043575094,0.050295642490596,0.65305551740911,0.016230823388851,50.295642490596,36037.533059511
22.862499999999,5.0792293066768,0.64970434533442,0.050295654665584,0.64984777631086,0.016190912256533,50.295654665584,36037.533464783
22.874999999999,5.0790271688126,0.64970433318937,0.050295666810633,0.64665566448052,0.01615109768075,50.295666810633,36037.533869059
22.887499999999,5.0788255280293,0.64970432107418,0.050295678925817,0.64347910669454,0.016111379435612,50.295678925817,36037.53427234
22.899999999999,5.078624383124,0.64970430898879,0.050295691011206,0.64031802808571,0.016071757295739,50.295691011206,36037.53467463
22.912499999999,5.078423732897,0.64970429693313,0.050295703066873,0.63717235413938,0.016032231036224,50.295703066873,36037.53507593
22.924999999999,5.078223576151,0.64970428490711,0.050295715092891,0.63404201069356,0.015992800432658,50.295715092891,36037.535476244
22.937499999999,5.0780239116919,0.64970427291067,0.050295727089331,0.63092692393683,0.015953465261122,50.295727089331,36037.535875573
22.949999999999,5.077824738328,0.64970426094374,0.050295739056264,0.62782702040626,0.015914225298181,50.295739056264,36037.53627392
22.962499999999,5.0776260548707,0.64970424900624,0.050295750993762,0.62474222698598,0.015875080320884,50.295750993762,36037.536671286
22.974999999999,5.077427860134,0.6497042370981,0.050295762901897,0.62167247090612,0.015836030106771,50.295762901897,36037.537067676
22.987499999999,5.0772301529349,0.64970422521926,0.050295774780738,0.61861767974054,0.015797074433863,50.295774780738,36037.53746309
22.999999999999,5.0770329320928,0.64970421336964,0.050295786630358,0.61557778140579,0.015758213080668,50.295786630358,36037.537857532
23.012499999999,5.0768361964302,0.64970420154917,0.050295798450827,0.61255270415888,0.015719445826171,50.295798450827,36037.538251003
23.024999999999,5.0766399447723,0.64970418975778,0.050295810242215,0.60954237659677,0.01568077244985,50.295810242215,36037.538643507
23.037499999999,5.0764441759469,0.64970417799541,0.050295822004594,0.60654672765375,0.015642192731654,50.295822004594,36037.539035044
23.049999999999,5.0762488887846,0.64970416626197,0.050295833738032,0.60356568659985,0.015603706452012,50.295833738032,36037.539425619
23.062499999999,5.076054082119,0.6497041545574,0.050295845442601,0.60059918304098,0.015565313391845,50.295845442601,36037.539815232
23.074999999999,5.075859754786,0.64970414288163,0.05029585711837,0.59764714691501,0.015527013332537,50.29585711837,36037.540203887
23.087499999999,5.0756659056245,0.64970413123459,0.050295868765409,0.59470950849196,0.015488806055961,50.295868765409,36037.540591585
23.099999999999,5.0754725334761,0.64970411961621,0.050295880383788,0.59178619837182,0.015450691344462,50.295880383788,36037.540978329
23.112499999999,5.0752796371852,0.64970410802642,0.050295891973576,0.58887714748285,0.01541266898086,50.295891973576,36037.541364122
23.124999999999,5.0750872155986,0.64970409646516,0.050295903534842,0.58598228708097,0.015374738748456,50.295903534842,36037.541748965
23.137499999999,5.0748952675662,0.64970408493234,0.050295915067656,0.58310154874705,0.01533690043102,50.295915067656,36037.542132861
23.149999999999,5.0747037919402,0.64970407342791,0.050295926572086,0.58023486438594,0.015299153812794,50.295926572086,36037.542515812
23.162499999999,5.0745127875759,0.6497040619518,0.050295938048201,0.57738216622541,0.015261498678498,50.295938048201,36037.542897821
23.174999999999,5.0743222533311,0.64970405050393,0.05029594949607,0.57454338681393,0.015223934813319,50.29594949607,36037.54327889
23.187499999999,5.0741321880661,0.64970403908424,0.050295960915762,0.57171845901995,0.015186462002919,50.295960915762,36037.54365902
23.199999999999,5.0739425906442,0.64970402769266,0.050295972307343,0.56890731602938,0.015149080033424,50.295972307343,36037.544038215
23.212499999999,5.0737534599311,0.64970401632912,0.050295983670884,0.56610989134532,0.015111788691435,50.295983670884,36037.544416476
23.224999999999,5.0735647947954,0.64970400499355,0.050295995006451,0.56332611878606,0.015074587764021,50.295995006451,36037.544793807
23.237499999999,5.0733765941081,0.64970399368589,0.050296006314113,0.56055593248295,0.01503747703871,50.296006314113,36037.545170208
23.249999999999,5.0731888567432,0.64970398240606,0.050296017593937,0.55779926688058,0.015000456303511,50.296017593937,36037.545545683
23.262499999999,5.073001581577,0.64970397115401,0.050296028845991,0.55505605673331,0.014963525346882,50.296028845991,36037.545920233
23.274999999999,5.0728147674886,0.64970395992966,0.050296040070342,0.55232623710545,0.014926683957755,50.296040070342,36037.546293861
23.287499999999,5.0726284133598,0.64970394873294,0.050296051267057,0.54960974336955,0.014889931925529,50.296051267057,36037.546666569
23.299999999999,5.0724425180748,0.6497039375638,0.050296062436204,0.54690651120446,0.014853269040062,50.296062436204,36037.54703836
23.312499999999,5.0722570805207,0.64970392642215,0.050296073577848,0.54421647659376,0.014816695091669,50.296073577848,36037.547409235
23.324999999999,5.0720720995871,0.64970391530794,0.050296084692058,0.54153957582519,0.014780209871134,50.296084692058,36037.547779197
23.337499999999,5.0718875741661,0.6497039042211,0.050296095778899,0.53887574548903,0.014743813169702,50.296095778899,36037.548148248
23.349999999999,5.0717035031527,0.64970389316156,0.050296106838437,0.53622492247563,0.014707504779066,50.296106838437,36037.54851639
23.362499999999,5.0715198854441,0.64970388212926,0.05029611787074,0.53358704397599,0.014671284491396,50.29611787074,36037.548883625
23.374999999999,5.0713367199404,0.64970387112413,0.050296128875873,0.5309620474784,0.014635152099304,50.296128875873,36037.549249956
23.387499999999,5.0711540055442,0.6497038601461,0.050296139853902,0.52834987076813,0.014599107395865,50.296139853902,36037.549615385
23.399999999999,5.0709717411607,0.64970384919511,0.050296150804893,0.52575045192601,0.014563150174611,50.296150804893,36037.549979914
23.412499999999,5.0707899256976,0.64970383827109,0.050296161728911,0.5231637293265,0.014527280229524,50.296161728911,36037.550343545
23.424999999999,5.0706085580653,0.64970382737398,0.050296172626023,0.5205896416375,0.014491497355051,50.296172626023,36037.55070628
23.437499999999,5.0704276371766,0.64970381650371,0.050296183496293,0.51802812781755,0.014455801346083,50.296183496293,36037.551068122
23.449999999999,5.0702471619471,0.64970380566021,0.050296194339786,0.51547912711532,0.014420191997965,50.296194339786,36037.551429072
23.462499999999,5.0700671312947,0.64970379484343,0.050296205156568,0.5129425790683,0.0143846691065,50.296205156568,36037.551789134
23.474999999999,5.06988754414,0.6497037840533,0.050296215946703,0.51041842350119,0.014349232467936,50.296215946703,36037.552148308
23.487499999999,5.0697083994061,0.64970377328974,0.050296226710256,0.50790660052456,0.014313881878973,50.296226710256,36037.552506597
23.499999999999,5.0695296960187,0.64970376255271,0.050296237447291,0.50540705053365,0.01427861713676,50.296237447291,36037.552864004
23.512499999999,5.0693514329059,0.64970375184213,0.050296248157874,0.50291971420723,0.014243438038898,50.296248157874,36037.55322053
23.524999999999,5.0691736089984,0.64970374115793,0.050296258842068,0.50044453250579,0.01420834438343,50.296258842068,36037.553576178
23.537499999999,5.0689962232295,0.64970373050006,0.050296269499937,0.49798144667062,0.014173335968849,50.296269499937,36037.55393095
23.549999999999,5.0688192745349,0.64970371986845,0.050296280131545,0.49553039822241,0.014138412594091,50.296280131545,36037.554284847
23.562499999999,5.0686427618529,0.64970370926304,0.050296290736957,0.49309132895985,0.01410357405854,50.296290736957,36037.554637873
23.574999999999,5.0684666841242,0.64970369868377,0.050296301316235,0.49066418095887,0.014068820162025,50.296301316235,36037.554990028
23.587499999999,5.0682910402921,0.64970368813056,0.050296311869443,0.48824889657068,0.01403415070482,50.296311869443,36037.555341316
23.599999999999,5.0681158293024,0.64970367760335,0.050296322396645,0.4858454184204,0.013999565487632,50.296322396645,36037.555691738
23.612499999999,5.0679410501032,0.6497036671021,0.050296332897904,0.48345368940665,0.01396506431162,50.296332897904,36037.556041296
23.624999999999,5.0677667016453,0.64970365662672,0.050296343373282,0.48107365269975,0.013930646978382,50.296343373282,36037.556389993
23.637499999999,5.0675927828819,0.64970364617716,0.050296353822843,0.47870525174016,0.013896313289953,50.296353822843,36037.55673783
23.649999999999,5.0674192927687,0.64970363575335,0.05029636424665,0.4763484302375,0.013862063048805,50.29636424665,36037.557084811
23.662499999999,5.0672462302638,0.64970362535524,0.050296374644764,0.47400313216962,0.013827896057853,50.296374644764,36037.557430936
23.674999999999,5.0670735943279,0.64970361498275,0.050296385017249,0.47166930178142,0.013793812120454,50.296385017249,36037.557776208
23.687499999999,5.0669013839239,0.64970360463583,0.050296395364167,0.46934688358255,0.013759811040392,50.296395364167,36037.558120628
23.699999999999,5.0667295980174,0.64970359431442,0.050296405685579,0.46703582234723,0.013725892621892,50.296405685579,36037.5584642
23.712499999999,5.0665582355763,0.64970358401845,0.050296415981549,0.46473606311281,0.013692056669614,50.296415981549,36037.558806925
23.724999999999,5.066387295571,0.64970357374786,0.050296426252137,0.46244755117805,0.013658302988647,50.296426252137,36037.559148805
23.737499999999,5.0662167769744,0.64970356350259,0.050296436497406,0.46017023210274,0.013624631384522,50.296436497406,36037.559489842
23.749999999999,5.0660466787616,0.64970355328258,0.050296446717417,0.45790405170587,0.013591041663197,50.296446717417,36037.559830039
23.762499999999,5.0658769999105,0.64970354308777,0.050296456912232,0.45564895606459,0.013557533631065,50.296456912232,36037.560169396
23.774999999999,5.065707739401,0.64970353291809,0.050296467081911,0.45340489151281,0.013524107094945,50.296467081911,36037.560507917
23.787499999999,5.0655388962156,0.64970352277348,0.050296477226516,0.45117180464044,0.013490761862089,50.296477226516,36037.560845604
23.799999999999,5.0653704693393,0.64970351265389,0.050296487346108,0.448949642292,0.01345749774018,50.296487346108,36037.561182458
23.812499999999,5.0652024577594,0.64970350255925,0.050296497440748,0.44673835156541,0.01342431453733,50.296497440748,36037.561518481
23.824999999999,5.0650348604656,0.6497034924895,0.050296507510496,0.44453787981031,0.01339121206207,50.296507510496,36037.561853675
23.837499999999,5.06486767645,0.64970348244459,0.050296517555413,0.44234817462835,0.013358190123371,50.296517555413,36037.562188043
23.849999999999,5.064700904707,0.64970347242444,0.05029652757556,0.44016918386999,0.013325248530618,50.29652757556,36037.562521587
23.862499999999,5.0645345442336,0.649703462429,0.050296537570996,0.43800085563507,0.013292387093628,50.296537570996,36037.562854308
23.874999999999,5.0643685940289,0.64970345245822,0.050296547541782,0.43584313827087,0.013259605622642,50.296547541782,36037.563186208
23.887499999999,5.0642030530946,0.64970344251202,0.050296557487978,0.43369598037069,0.013226903928317,50.296557487978,36037.56351729
23.899999999999,5.0640379204347,0.64970343259036,0.050296567409644,0.43155933077377,0.013194281821745,50.296567409644,36037.563847555
23.912499999999,5.0638731950554,0.64970342269316,0.050296577306839,0.42943313856273,0.013161739114429,50.296577306839,36037.564177006
23.924999999999,5.0637088759655,0.64970341282038,0.050296587179622,0.4273173530637,0.013129275618299,50.296587179622,36037.564505644
23.937499999999,5.063544962176,0.64970340297195,0.050296597028055,0.42521192384427,0.013096891145702,50.296597028055,36037.564833472
23.949999999999,5.0633814527002,0.64970339314781,0.050296606852194,0.42311680071319,0.01306458550941,50.296606852194,36037.565160491
23.962499999999,5.0632183465539,0.6497033833479,0.050296616652101,0.42103193371836,0.013032358522606,50.296616652101,36037.565486703
23.974999999999,5.0630556427552,0.64970337357217,0.050296626427833,0.41895727314626,0.013000209998895,50.296626427833,36037.565812111
23.987499999999,5.0628933403243,0.64970336382055,0.05029663617945,0.416892769521,0.012968139752299,50.29663617945,36037.566136716
23.999999999999,5.0627314382841,0.64970335409299,0.050296645907011,0.4148383736029,0.01293614759726,50.296645907011,36037.56646052
24.012499999999,5.0625699356594,0.64970334438943,0.050296655610573,0.41279403638688,0.012904233348625,50.296655610573,36037.566783525
24.024999999999,5.0624088314777,0.6497033347098,0.050296665290195,0.41075970910246,0.012872396821662,50.296665290195,36037.567105733
24.037499999999,5.0622481247685,0.64970332505406,0.050296674945937,0.40873534321201,0.012840637832053,50.296674945937,36037.567427147
24.049999999999,5.0620878145638,0.64970331542215,0.050296684577855,0.40672089040972,0.012808956195892,50.296684577855,36037.567747767
24.062499999999,5.0619278998978,0.64970330581399,0.050296694186007,0.40471630262058,0.012777351729685,50.296694186007,36037.568067596
24.074999999999,5.0617683798071,0.64970329622955,0.050296703770453,0.40272153199947,0.012745824250352,50.296703770453,36037.568386637
24.087499999999,5.0616092533304,0.64970328666875,0.050296713331249,0.40073653092944,0.012714373575216,50.296713331249,36037.56870489
24.099999999999,5.0614505195088,0.64970327713155,0.050296722868453,0.39876125202161,0.012682999522017,50.296722868453,36037.569022357
24.112499999999,5.0612921773857,0.64970326761788,0.050296732382123,0.39679564811326,0.012651701908899,50.296732382123,36037.569339041
24.124999999999,5.0611342260067,0.64970325812768,0.050296741872316,0.3948396722676,0.012620480554421,50.296741872316,36037.569654944
24.137499999999,5.0609766644198,0.64970324866091,0.050296751339089,0.39289327777175,0.012589335277543,50.296751339089,36037.569970067
24.149999999999,5.060819491675,0.6497032392175,0.050296760782499,0.39095641813644,0.012558265897633,50.296760782499,36037.570284413
24.162499999999,5.0606627068247,0.6497032297974,0.050296770202603,0.38902904709445,0.012527272234463,50.296770202603,36037.570597983
24.174999999999,5.0605063089238,0.64970322040054,0.050296779599458,0.38711111860025,0.012496354108215,50.296779599458,36037.570910778
24.187499999999,5.060350297029,0.64970321102688,0.050296788973121,0.3852025868282,0.012465511339471,50.296788973121,36037.571222802
24.199999999999,5.0601946701995,0.64970320167635,0.050296798323647,0.38330340617194,0.012434743749216,50.296798323647,36037.571534056
24.212499999999,5.0600394274966,0.64970319234891,0.050296807651095,0.38141353124334,0.012404051158839,50.296807651095,36037.571844541
24.224999999999,5.0598845679841,0.64970318304448,0.050296816955519,0.37953291687132,0.012373433390129,50.296816955519,36037.57215426
24.237499999999,5.0597300907277,0.64970317376302,0.050296826236976,0.37766151810118,0.01234289026528,50.296826236976,36037.572463215
24.249999999999,5.0595759947955,0.64970316450448,0.050296835495522,0.37579929019332,0.012312421606886,50.296835495522,36037.572771407
24.262499999999,5.0594222792578,0.64970315526879,0.050296844731212,0.37394618862187,0.012282027237932,50.296844731212,36037.573078838
24.274999999999,5.059268943187,0.6497031460559,0.050296853944104,0.37210216907457,0.012251706981811,50.296853944104,36037.57338551
24.287499999999,5.0591159856579,0.64970313686575,0.050296863134251,0.37026718745118,0.012221460662312,50.296863134251,36037.573691425
24.299999999999,5.0589634057474,0.64970312769829,0.05029687230171,0.36844119986223,0.012191288103615,50.29687230171,36037.573996585
24.312499999999,5.0588112025344,0.64970311855346,0.050296881446535,0.3666241626285,0.012161189130298,50.296881446535,36037.574300991
24.324999999999,5.0586593751004,0.64970310943122,0.050296890568783,0.3648160322807,0.012131163567346,50.296890568783,36037.574604646
24.337499999999,5.0585079225287,0.64970310033149,0.050296899668508,0.36301676555677,0.012101211240125,50.296899668508,36037.574907551
24.349999999999,5.058356843905,0.64970309125424,0.050296908745765,0.36122631940197,0.012071331974395,50.296908745765,36037.575209708
24.362499999999,5.0582061383171,0.64970308219939,0.050296917800608,0.35944465096829,0.012041525596318,50.296917800608,36037.57551112
24.374999999999,5.0580558048551,0.64970307316691,0.050296926833094,0.35767171761239,0.012011791932439,50.296926833094,36037.575811787
24.387499999999,5.057905842611,0.64970306415672,0.050296935843275,0.35590747689614,0.011982130809708,50.296935843275,36037.576111711
24.399999999999,5.0577562506792,0.64970305516879,0.050296944831207,0.35415188658367,0.011952542055448,50.296944831207,36037.576410895
24.412499999999,5.0576070281561,0.64970304620306,0.050296953796944,0.35240490464203,0.011923025497383,50.296953796944,36037.57670934
24.424999999999,5.0574581741404,0.64970303725946,0.05029696274054,0.35066648923956,0.011893580963621,50.29696274054,36037.577007048
24.437499999999,5.0573096877328,0.64970302833795,0.050296971662049,0.34893659874556,0.011864208282667,50.296971662049,36037.577304021
24.449999999999,5.0571615680362,0.64970301943848,0.050296980561525,0.34721519172814,0.011834907283401,50.296980561525,36037.57760026
24.462499999999,5.0570138141557,0.64970301056098,0.050296989439021,0.34550222695459,0.011805677795099,50.296989439021,36037.577895768
24.474999999999,5.0568664251985,0.64970300170541,0.050296998294592,0.34379766339014,0.011776519647428,50.296998294592,36037.578190546
24.487499999999,5.0567194002739,0.64970299287171,0.05029700712829,0.34210146019577,0.011747432670424,50.29700712829,36037.578484596
24.499999999999,5.0565727384932,0.64970298405983,0.05029701594017,0.34041357672907,0.011718416694517,50.29701594017,36037.578777919
24.512499999999,5.0564264389701,0.64970297526972,0.050297024730284,0.33873397254245,0.011689471550524,50.297024730284,36037.579070518
24.524999999999,5.0562805008201,0.64970296650131,0.050297033498686,0.33706260738194,0.011660597069634,50.297033498686,36037.579362395
24.537499999999,5.0561349231611,0.64970295775457,0.050297042245429,0.33539944118747,0.011631793083435,50.297042245429,36037.57965355
24.549999999999,5.0559897051129,0.64970294902944,0.050297050970565,0.33374443409027,0.01160305942388,50.297050970565,36037.579943986
24.562499999999,5.0558448457975,0.64970294032585,0.050297059674147,0.33209754641321,0.01157439592331,50.297059674147,36037.580233705
24.574999999999,5.0557003443389,0.64970293164377,0.050297068356228,0.33045873866967,0.011545802414446,50.297068356228,36037.580522708
24.587499999999,5.0555561998632,0.64970292298314,0.050297077016861,0.32882797156257,0.011517278730391,50.297077016861,36037.580810997
24.599999999999,5.0554124114988,0.6497029143439,0.050297085656097,0.32720520598281,0.011488824704616,50.297085656097,36037.581098573
24.612499999999,5.0552689783759,0.64970290572601,0.050297094273989,0.32559040300998,0.011460440170984,50.297094273989,36037.581385439
24.624999999999,5.0551258996269,0.64970289712941,0.05029710287059,0.32398352390944,0.011432124963719,50.29710287059,36037.581671597
24.637499999999,5.0549831743863,0.64970288855405,0.05029711144595,0.32238453013344,0.011403878917436,50.29711144595,36037.581957047
24.649999999999,5.0548408017905,0.64970287999988,0.050297120000123,0.32079338331858,0.011375701867115,50.297120000123,36037.582241793
24.662499999999,5.0546987809782,0.64970287146684,0.05029712853316,0.31921004528629,0.011347593648118,50.29712853316,36037.582525834
24.674999999999,5.05455711109,0.64970286295489,0.050297137045111,0.31763447804056,0.01131955409617,50.297137045111,36037.582809174
24.687499999999,5.0544157912685,0.64970285446397,0.05029714553603,0.31606664376887,0.011291583047386,50.29714553603,36037.583091814
24.699999999999,5.0542748206585,0.64970284599403,0.050297154005967,0.31450650483916,0.011263680338233,50.297154005967,36037.583373755
24.712499999999,5.0541341984068,0.64970283754503,0.050297162454974,0.3129540238013,0.011235845805571,50.297162454974,36037.583654999
24.724999999999,5.0539939236622,0.6497028291169,0.050297170883102,0.3114091633842,0.011208079286613,50.297170883102,36037.583935549
24.737499999999,5.0538539955755,0.6497028207096,0.050297179290401,0.30987188649612,0.011180380618949,50.297179290401,36037.584215405
24.749999999999,5.0537144132996,0.64970281232308,0.050297187676923,0.30834215622353,0.011152749640539,50.297187676923,36037.58449457
24.762499999999,5.0535751759894,0.64970280395728,0.050297196042718,0.30681993583041,0.011125186189712,50.297196042718,36037.584773044
24.774999999999,5.0534362828017,0.64970279561216,0.050297204387837,0.30530518875703,0.011097690105162,50.297204387837,36037.585050831
24.787499999999,5.0532977328957,0.64970278728767,0.050297212712331,0.30379787861957,0.011070261225951,50.297212712331,36037.58532793
24.799999999999,5.053159525432,0.64970277898375,0.050297221016251,0.30229796920908,0.01104289939151,50.297221016251,36037.585604345
24.812499999999,5.0530216595738,0.64970277070036,0.050297229299645,0.30080542449051,0.011015604441631,50.297229299645,36037.585880077
24.824999999999,5.0528841344859,0.64970276243744,0.050297237562565,0.29932020860237,0.010988376216478,50.297237562565,36037.586155127
24.837499999999,5.0527469493353,0.64970275419494,0.05029724580506,0.29784228585535,0.010961214556572,50.29724580506,36037.586429498
24.849999999999,5.052610103291,0.64970274597282,0.050297254027181,0.29637162073167,0.010934119302798,50.297254027181,36037.58670319
24.862499999999,5.0524735955237,0.64970273777102,0.050297262228977,0.29490817788443,0.010907090296405,50.297262228977,36037.586976205
24.874999999999,5.0523374252064,0.6497027295895,0.050297270410498,0.29345192213696,0.010880127379007,50.297270410498,36037.587248546
24.887499999999,5.0522015915141,0.64970272142821,0.050297278571794,0.29200281848147,0.010853230392575,50.297278571794,36037.587520213
24.899999999999,5.0520660936235,0.64970271328709,0.050297286712914,0.29056083207886,0.010826399179445,50.297286712914,36037.587791209
24.912499999999,5.0519309307134,0.64970270516609,0.050297294833907,0.2891259282572,0.010799633582304,50.297294833907,36037.588061535
24.924999999999,5.0517961019647,0.64970269706518,0.050297302934823,0.28769807251176,0.010772933444205,50.297302934823,36037.588331192
24.937499999999,5.0516616065601,0.64970268898429,0.05029731101571,0.28627723050376,0.010746298608559,50.29731101571,36037.588600183
24.949999999999,5.0515274436842,0.64970268092338,0.050297319076618,0.28486336805964,0.010719728919135,50.297319076618,36037.588868509
24.962499999999,5.0513936125238,0.6497026728824,0.050297327117596,0.28345645116994,0.010693224220049,50.297327117596,36037.589136171
24.974999999999,5.0512601122673,0.64970266486131,0.050297335138692,0.28205644598962,0.010666784355788,50.297335138692,36037.589403172
24.987499999999,5.0511269421054,0.64970265686005,0.050297343139955,0.28066331883604,0.010640409171186,50.297343139955,36037.589669512
24.999999999999,5.0509941012305,0.64970264887857,0.050297351121433,0.27927703618859,0.010614098511429,50.297351121433,36037.589935194
25.012499999999,5.050861588837,0.64970264091682,0.050297359083175,0.27789756468847,0.010587852222063,50.297359083175,36037.590200219
25.024999999999,5.0507294041213,0.64970263297477,0.050297367025229,0.27652487113724,0.010561670148984,50.297367025229,36037.590464588
25.037499999999,5.0505975462816,0.64970262505236,0.050297374947644,0.27515892249619,0.010535552138439,50.297374947644,36037.590728304
25.049999999999,5.050466014518,0.64970261714953,0.050297382850467,0.27379968588597,0.010509498037029,50.297382850467,36037.590991367
25.062499999999,5.0503348080328,0.64970260926625,0.050297390733746,0.27244712858575,0.010483507691712,50.297390733746,36037.59125378
25.074999999999,5.0502039260298,0.64970260140247,0.050297398597529,0.27110121803143,0.010457580949776,50.297398597529,36037.591515544
25.087499999999,5.0500733677149,0.64970259355814,0.050297406441865,0.2697619218168,0.010431717658882,50.297406441865,36037.591776661
25.099999999999,5.0499431322961,0.6497025857332,0.050297414266799,0.2684292076911,0.010405917667025,50.297414266799,36037.592037132
25.112499999999,5.0498132189829,0.64970257792762,0.050297422072381,0.26710304355914,0.010380180822553,50.297422072381,36037.592296958
25.124999999999,5.0496836269871,0.64970257014134,0.050297429858657,0.26578339748067,0.010354506974165,50.297429858657,36037.592556142
25.137499999999,5.0495543555221,0.64970256237433,0.050297437625674,0.26447023766861,0.010328895970895,50.297437625674,36037.592814685
25.149999999999,5.0494254038032,0.64970255462652,0.05029744537348,0.26316353249002,0.010303347662139,50.29744537348,36037.593072589
25.162499999999,5.0492967710478,0.64970254689788,0.050297453102122,0.26186325046381,0.010277861897629,50.297453102122,36037.593329854
25.174999999999,5.0491684564749,0.64970253918835,0.050297460811647,0.26056936026065,0.01025243852744,50.297460811647,36037.593586483
25.187499999999,5.0490404593056,0.6497025314979,0.050297468502101,0.25928183070199,0.010227077401986,50.297468502101,36037.593842478
25.199999999999,5.0489127787627,0.64970252382647,0.050297476173531,0.25800063076039,0.010201778372041,50.297476173531,36037.594097839
25.212499999999,5.048785414071,0.64970251617402,0.050297483825983,0.25672572955713,0.010176541288704,50.297483825983,36037.594352568
25.224999999999,5.0486583644571,0.64970250854049,0.050297491459505,0.25545709636314,0.010151366003431,50.297491459505,36037.594606667
25.237499999999,5.0485316291494,0.64970250092586,0.050297499074143,0.25419470059674,0.010126252368002,50.297499074143,36037.594860138
25.249999999999,5.0484052073782,0.64970249333006,0.050297506669942,0.25293851182419,0.010101200234548,50.297506669942,36037.595112981
25.262499999999,5.0482790983757,0.64970248575305,0.050297514246949,0.25168849975847,0.010076209455537,50.297514246949,36037.595365199
25.274999999999,5.0481533013758,0.64970247819479,0.050297521805211,0.25044463425871,0.010051279883779,50.297521805211,36037.595616793
25.287499999999,5.0480278156144,0.64970247065523,0.050297529344772,0.24920688532926,0.010026411372417,50.297529344772,36037.595867765
25.299999999999,5.0479026403291,0.64970246313432,0.050297536865678,0.24797522311915,0.010001603774931,50.297536865678,36037.596118116
25.312499999999,5.0477777747595,0.64970245563202,0.050297544367976,0.24674961792156,0.0099768569451424,50.297544367976,36037.596367847
25.324999999999,5.0476532181468,0.64970244814829,0.050297551851711,0.24553004017317,0.0099521707372094,50.297551851711,36037.59661696
25.337499999999,5.0475289697342,0.64970244068307,0.050297559316929,0.2443164604529,0.0099275450056187,50.297559316929,36037.596865457
25.349999999999,5.0474050287666,0.64970243323633,0.050297566763674,0.24310884948187,0.0099029796051955,50.297566763674,36037.597113339
25.362499999999,5.0472813944908,0.64970242580801,0.050297574191992,0.24190717812251,0.0098784743910993,50.297574191992,36037.597360607
25.374999999999,5.0471580661554,0.64970241839807,0.050297581601928,0.24071141737792,0.0098540292188236,50.297581601928,36037.597607264
25.387499999999,5.0470350430107,0.64970241100647,0.050297588993528,0.23952153839088,0.0098296439441885,50.297588993528,36037.59785331
25.399999999999,5.046912324309,0.64970240363316,0.050297596366836,0.23833751244394,0.0098053184233553,50.297596366836,36037.598098748
25.412499999999,5.0467899093041,0.6497023962781,0.050297603721896,0.23715931095791,0.0097810525128086,50.297603721896,36037.598343578
25.424999999999,5.0466677972519,0.64970238894125,0.050297611058755,0.23598690549174,0.0097568460693669,50.297611058755,36037.598587802
25.437499999999,5.04654598741,0.64970238162254,0.050297618377456,0.23482026774167,0.0097326989501774,50.297618377456,36037.598831421
25.449999999999,5.0464244790375,0.64970237432196,0.050297625678043,0.23365936954067,0.0097086110127176,50.297625678043,36037.599074438
25.462499999999,5.0463032713958,0.64970236703944,0.050297632960562,0.2325041828576,0.0096845821147902,50.297632960562,36037.599316853
25.474999999999,5.0461823637475,0.64970235977494,0.050297640225056,0.23135467979683,0.0096606121145282,50.297640225056,36037.599558669
25.487499999999,5.0460617553575,0.64970235252843,0.05029764747157,0.23021083259752,0.0096367008703933,50.29764747157,36037.599799886
25.499999999999,5.0459414454922,0.64970234529985,0.050297654700148,0.22907261363282,0.0096128482411704,50.297654700148,36037.600040505
25.512499999999,5.0458214334197,0.64970233808917,0.050297661910833,0.22793999540932,0.0095890540859696,50.297661910833,36037.600280529
25.524999999999,5.04570171841,0.64970233089633,0.05029766910367,0.22681295056642,0.0095653182642259,50.29766910367,36037.600519959
25.537499999999,5.0455822997348,0.6497023237213,0.050297676278702,0.22569145187603,0.009541640635705,50.297676278702,36037.600758797
25.549999999999,5.0454631766676,0.64970231656403,0.050297683435973,0.22457547224111,0.0095180210604848,50.297683435973,36037.600997043
25.562499999999,5.0453443484835,0.64970230942447,0.050297690575527,0.22346498469608,0.0094944593989776,50.297690575527,36037.601234699
25.574999999999,5.0452258144595,0.64970230230259,0.050297697697407,0.22235996240534,0.0094709555119099,50.297697697407,36037.601471767
25.587499999999,5.0451075738744,0.64970229519834,0.050297704801656,0.22126037866305,0.0094475092603314,50.297704801656,36037.601708248
25.599999999999,5.0449896260084,0.64970228811168,0.050297711888318,0.22016620689258,0.0094241205056154,50.297711888318,36037.601944144
25.612499999999,5.0448719701439,0.64970228104257,0.050297718957435,0.21907742064569,0.0094007891094527,50.297718957435,36037.602179456
25.624999999999,5.0447546055646,0.64970227399095,0.050297726009051,0.21799399360198,0.0093775149338544,50.297726009051,36037.602414185
25.637499999999,5.0446375315561,0.64970226695679,0.050297733043209,0.21691589956839,0.0093542978411509,50.297733043209,36037.602648333
25.649999999999,5.0445207474059,0.64970225994005,0.050297740059951,0.21584311247829,0.0093311376939873,50.297740059951,36037.602881901
25.662499999999,5.0444042524028,0.64970225294068,0.05029774705932,0.2147756063915,0.0093080343553336,50.29774705932,36037.603114891
25.674999999999,5.0442880458377,0.64970224595864,0.050297754041359,0.21371335549288,0.0092849876884689,50.297754041359,36037.603347305
25.687499999999,5.0441721270031,0.64970223899389,0.05029776100611,0.21265633409242,0.0092619975569939,50.29776100611,36037.603579142
25.699999999999,5.044056495193,0.64970223204638,0.050297767953616,0.21160451662432,0.0092390638248236,50.297767953616,36037.603810406
25.712499999999,5.0439411497033,0.64970222511608,0.050297774883919,0.21055787764626,0.0092161863561842,50.297774883919,36037.604041097
25.724999999999,5.0438260898316,0.64970221820294,0.050297781797062,0.20951639183907,0.0091933650156175,50.297781797062,36037.604271217
25.737499999999,5.0437113148772,0.64970221130691,0.050297788693085,0.20848003400632,0.0091705996679838,50.297788693085,36037.604500766
25.749999999999,5.0435968241409,0.64970220442797,0.050297795572032,0.20744877907303,0.009147890178447,50.297795572032,36037.604729748
25.762499999999,5.0434826169253,0.64970219756606,0.050297802433944,0.20642260208617,0.0091252364124959,50.297802433944,36037.604958162
25.774999999999,5.0433686925348,0.64970219072114,0.050297809278863,0.2054014782127,0.0091026382359143,50.297809278863,36037.605186011
25.787499999999,5.0432550502754,0.64970218389317,0.050297816106831,0.20438538274031,0.0090800955148094,50.297816106831,36037.605413296
25.799999999999,5.0431416894546,0.64970217708211,0.050297822917889,0.20337429107617,0.0090576081155955,50.297822917889,36037.605640017
25.812499999999,5.0430286093818,0.64970217028792,0.050297829712079,0.20236817874654,0.009035175904998,50.297829712079,36037.605866177
25.824999999999,5.0429158093679,0.64970216351056,0.050297836489443,0.20136702139593,0.0090127987500459,50.297836489443,36037.606091777
25.837499999999,5.0428032887257,0.64970215674998,0.05029784325002,0.20037079478702,0.0089904765180826,50.29784325002,36037.606316819
25.849999999999,5.0426910467693,0.64970215000615,0.050297849993854,0.19937947479958,0.0089682090767536,50.297849993854,36037.606541303
25.862499999999,5.0425790828147,0.64970214327902,0.050297856720984,0.19839303743027,0.0089459962940133,50.297856720984,36037.606765231
25.874999999999,5.0424673961795,0.64970213656855,0.050297863431452,0.1974114587921,0.0089238380381254,50.297863431452,36037.606988604
25.887499999999,5.042355986183,0.6497021298747,0.050297870125299,0.1964347151135,0.0089017341776536,50.297870125299,36037.607211424
25.899999999999,5.042244852146,0.64970212319743,0.050297876802566,0.19546278273822,0.0088796845814709,50.297876802566,36037.607433692
25.912499999999,5.042133993391,0.64970211653671,0.050297883463292,0.19449563812455,0.008857689118754,50.297883463292,36037.607655409
25.924999999999,5.0420234092421,0.64970210989248,0.05029789010752,0.19353325784464,0.0088357476589795,50.29789010752,36037.607876578
25.937499999999,5.0419130990253,0.64970210326471,0.050297896735288,0.19257561858442,0.0088138600719336,50.297896735288,36037.608097198
25.949999999999,5.0418030620677,0.64970209665336,0.050297903346639,0.19162269714247,0.0087920262276988,50.297903346639,36037.608317272
25.962499999999,5.0416932976986,0.64970209005839,0.050297909941611,0.19067447042983,0.0087702459966597,50.297909941611,36037.608536801
25.974999999999,5.0415838052485,0.64970208347975,0.050297916520246,0.18973091546963,0.008748519249508,50.297916520246,36037.608755786
25.987499999999,5.0414745840496,0.64970207691742,0.050297923082584,0.18879200939597,0.0087268458572272,50.297923082584,36037.608974228
25.999999999999,5.0413656334359,0.64970207037134,0.050297929628663,0.18785772945422,0.0087052256911111,50.297929628663,36037.609192129
26.012499999999,5.0412569527428,0.64970206384147,0.050297936158525,0.18692805299944,0.0086836586227399,50.297936158525,36037.609409491
26.024999999999,5.0411485413075,0.64970205732779,0.05029794267221,0.18600295749685,0.0086621445240009,50.29794267221,36037.609626314
26.037499999999,5.0410403984684,0.64970205083024,0.050297949169756,0.18508242052087,0.00864068326708,50.297949169756,36037.609842599
26.049999999999,5.0409325235661,0.6497020443488,0.050297955651204,0.18416641975448,0.008619274724456,50.297955651204,36037.610058349
26.062499999999,5.0408249159422,0.64970203788341,0.050297962116592,0.18325493298876,0.0085979187689027,50.297962116592,36037.610273564
26.074999999999,5.0407175749403,0.64970203143404,0.050297968565962,0.18234793812277,0.0085766152734976,50.297968565962,36037.610488246
26.087499999999,5.0406104999054,0.64970202500065,0.050297974999351,0.18144541316235,0.0085553641116043,50.297974999351,36037.610702396
26.099999999999,5.0405036901841,0.6497020185832,0.0502979814168,0.18054733622034,0.00853416515689,50.2979814168,36037.610916016
26.112499999999,5.0403971451247,0.64970201218165,0.050297987818347,0.17965368551569,0.0085130182833151,50.297987818347,36037.611129106
26.124999999999,5.0402908640768,0.64970200579597,0.050297994204031,0.17876443937248,0.0084919233651224,50.297994204031,36037.611341668
26.137499999999,5.0401848463919,0.64970199942611,0.050298000573891,0.17787957622041,0.0084708802768585,50.298000573891,36037.611553703
26.149999999999,5.0400790914228,0.64970199307203,0.050298006927967,0.17699907459366,0.0084498888933595,50.298006927967,36037.611765213
26.162499999999,5.039973598524,0.6497019867337,0.050298013266297,0.17612291313044,0.0084289490897511,50.298013266297,36037.611976199
26.174999999999,5.0398683670516,0.64970198041108,0.050298019588919,0.17525107057268,0.0084080607414521,50.298019588919,36037.612186662
26.187499999999,5.0397633963631,0.64970197410413,0.050298025895873,0.17438352576518,0.0083872237241653,50.298025895873,36037.612396603
26.199999999999,5.0396586858176,0.6497019678128,0.050298032187197,0.17352025765595,0.0083664379138977,50.298032187197,36037.612606025
26.212499999999,5.0395542347759,0.64970196153707,0.050298038462929,0.17266124529451,0.0083457031869294,50.298038462929,36037.612814927
26.224999999999,5.0394500426002,0.64970195527689,0.050298044723108,0.17180646783236,0.0083250194198374,50.298044723108,36037.613023311
26.237499999999,5.0393461086542,0.64970194903223,0.050298050967771,0.17095590452203,0.008304386489483,50.298050967771,36037.613231179
26.249999999999,5.0392424323032,0.64970194280304,0.050298057196957,0.17010953471681,0.0082838042730167,50.298057196957,36037.613438532
26.262499999999,5.0391390129142,0.6497019365893,0.050298063410704,0.16926733787039,0.0082632726478806,50.298063410704,36037.61364537
26.274999999999,5.0390358498554,0.64970193039095,0.05029806960905,0.16842929353592,0.0082427914917957,50.29806960905,36037.613851697
26.287499999999,5.0389329424968,0.64970192420797,0.050298075792033,0.16759538136558,0.0082223606827636,50.298075792033,36037.614057511
26.299999999999,5.0388302902098,0.64970191804031,0.05029808195969,0.16676558111087,0.0082019800990842,50.29808195969,36037.614262816
26.312499999999,5.0387278923673,0.64970191188794,0.05029808811206,0.16593987262102,0.0081816496193277,50.29808811206,36037.614467611
26.324999999999,5.0386257483438,0.64970190575082,0.050298094249179,0.16511823584358,0.0081613691223588,50.298094249179,36037.6146719
26.337499999999,5.0385238575152,0.64970189962891,0.050298100371086,0.16430065082332,0.0081411384873231,50.298100371086,36037.614875681
26.349999999999,5.0384222192591,0.64970189352218,0.050298106477817,0.16348709770158,0.0081209575936398,50.298106477817,36037.615078958
26.362499999999,5.0383208329543,0.64970188743059,0.050298112569411,0.16267755671637,0.0081008263210158,50.298112569411,36037.61528173
26.374999999999,5.0382196979815,0.6497018813541,0.050298118645903,0.16187200820194,0.0080807445494457,50.298118645903,36037.615484
26.387499999999,5.0381188137226,0.64970187529267,0.050298124707332,0.16107043258756,0.0080607121591925,50.298124707332,36037.615685769
26.399999999999,5.038018179561,0.64970186924627,0.050298130753735,0.16027281039771,0.0080407290308031,50.298130753735,36037.615887037
26.412499999999,5.0379177948818,0.64970186321485,0.050298136785147,0.15947912225174,0.0080207950451108,50.298136785147,36037.616087806
26.424999999999,5.0378176590714,0.64970185719839,0.050298142801607,0.15868934886297,0.0080009100832221,50.298142801607,36037.616288078
26.437499999999,5.0377177715177,0.64970185119685,0.050298148803151,0.15790347103805,0.0079810740265138,50.298148803151,36037.616487853
26.449999999999,5.0376181316101,0.64970184521018,0.050298154789816,0.15712146967738,0.0079612867566521,50.298154789816,36037.616687133
26.462499999999,5.0375187387396,0.64970183923836,0.050298160761637,0.15634332577403,0.0079415481555767,50.298160761637,36037.616885919
26.474999999999,5.0374195922986,0.64970183328135,0.050298166718653,0.15556902041315,0.0079218581054974,50.298166718653,36037.617084212
26.487499999999,5.0373206916808,0.6497018273391,0.050298172660899,0.15479853477224,0.00790221648891,50.298172660899,36037.617282013
26.499999999999,5.0372220362817,0.64970182141159,0.050298178588411,0.15403185011998,0.0078826231885785,50.298178588411,36037.617479324
26.512499999999,5.0371236254979,0.64970181549877,0.050298184501226,0.15326894781598,0.0078630780875386,50.298184501226,36037.617676145
26.524999999999,5.0370254587277,0.64970180960062,0.05029819039938,0.1525098093108,0.0078435810691087,50.29819039938,36037.617872479
26.537499999999,5.0369275353709,0.64970180371709,0.050298196282909,0.15175441614472,0.0078241320168697,50.298196282909,36037.618068325
26.549999999999,5.0368298548285,0.64970179784815,0.050298202151849,0.15100274994817,0.0078047308146854,50.298202151849,36037.618263687
26.562499999999,5.0367324165031,0.64970179199376,0.050298208006236,0.15025479244062,0.0077853773466856,50.298208006236,36037.618458563
26.574999999999,5.0366352197988,0.64970178615389,0.050298213846106,0.14951052543053,0.007766071497274,50.298213846106,36037.618652957
26.587499999999,5.0365382641212,0.64970178032851,0.050298219671494,0.1487699308146,0.0077468131511207,50.298219671494,36037.618846868
26.599999999999,5.036441548877,0.64970177451756,0.050298225482436,0.14803299057784,0.0077276021931727,50.298225482436,36037.619040298
26.612499999999,5.0363450734747,0.64970176872103,0.050298231278968,0.14729968679264,0.0077084385086419,50.298231278968,36037.619233249
26.624999999999,5.0362488373241,0.64970176293888,0.050298237061124,0.14657000161869,0.0076893219830119,50.298237061124,36037.619425722
26.637499999999,5.0361528398363,0.64970175717106,0.050298242828941,0.14584391730234,0.0076702525020327,50.298242828941,36037.619617717
26.649999999999,5.0360570804242,0.64970175141755,0.050298248582454,0.1451214161763,0.0076512299517226,50.298248582454,36037.619809235
26.662499999999,5.0359615585016,0.6497017456783,0.050298254321698,0.14440248065939,0.0076322542183718,50.298254321698,36037.620000279
26.674999999999,5.0358662734842,0.64970173995329,0.050298260046707,0.14368709325558,0.0076133251885278,50.298260046707,36037.620190849
26.687499999999,5.0357712247888,0.64970173424248,0.050298265757518,0.14297523655431,0.0075944427490136,50.298265757518,36037.620380947
26.699999999999,5.0356764118338,0.64970172854584,0.050298271454165,0.14226689322945,0.0075756067869115,50.298271454165,36037.620570573
26.712499999999,5.0355818340389,0.64970172286332,0.050298277136683,0.14156204603932,0.0075568171895721,50.298277136683,36037.620759728
26.724999999999,5.0354874908252,0.64970171719489,0.050298282805106,0.14086067782617,0.0075380738446125,50.298282805106,36037.620948415
26.737499999999,5.0353933816153,0.64970171154053,0.05029828845947,0.14016277151551,0.0075193766399071,50.29828845947,36037.621136633
26.749999999999,5.0352995058331,0.64970170590019,0.050298294099808,0.13946831011619,0.0075007254636006,50.298294099808,36037.621324385
26.762499999999,5.0352058629041,0.64970170027384,0.050298299726156,0.13877727671946,0.0074821202040933,50.298299726156,36037.62151167
26.774999999999,5.0351124522548,0.64970169466145,0.050298305338548,0.13808965449898,0.0074635607500504,50.298305338548,36037.621698492
26.787499999999,5.0350192733134,0.64970168906298,0.050298310937019,0.13740542671047,0.0074450469904033,50.298310937019,36037.62188485
26.799999999999,5.0349263255095,0.6497016834784,0.050298316521602,0.13672457669088,0.0074265788143375,50.298316521602,36037.622070745
26.812499999999,5.034833608274,0.64970167790767,0.050298322092331,0.1360470878585,0.0074081561113051,50.298322092331,36037.62225618
26.824999999999,5.034741121039,0.64970167235076,0.050298327649242,0.13537294371212,0.007389778771012,50.298327649242,36037.622441154
26.837499999999,5.0346488632384,0.64970166680763,0.050298333192367,0.134702127831,0.0073714466834272,50.298333192367,36037.62262567
26.849999999999,5.034556834307,0.64970166127826,0.050298338721741,0.13403462387428,0.007353159738777,50.298338721741,36037.622809728
26.862499999999,5.0344650336813,0.6497016557626,0.050298344237398,0.13337041558071,0.0073349178275475,50.298344237398,36037.622993329
26.874999999999,5.0343734607991,0.64970165026063,0.050298349739372,0.13270948676823,0.0073167208404818,50.298349739372,36037.623176475
26.887499999999,5.0342821150994,0.6497016447723,0.050298355227696,0.13205182133331,0.007298568668574,50.298355227696,36037.623359166
26.899999999999,5.0341909960228,0.6497016392976,0.050298360702403,0.1313974032513,0.0072804612030861,50.298360702403,36037.623541404
26.912499999999,5.0341001030112,0.64970163383647,0.050298366163528,0.13074621657511,0.0072623983355236,50.298366163528,36037.62372319
26.924999999999,5.0340094355077,0.6497016283889,0.050298371611104,0.13009824543571,0.0072443799576583,50.298371611104,36037.623904525
26.937499999999,5.0339189929568,0.64970162295484,0.050298377045163,0.12945347404118,0.0072264059615108,50.298377045163,36037.62408541
26.949999999999,5.0338287748045,0.64970161753426,0.050298382465741,0.12881188667652,0.0072084762393576,50.298382465741,36037.624265847
26.962499999999,5.0337387804981,0.64970161212713,0.050298387872868,0.12817346770322,0.0071905906837255,50.298387872868,36037.624445835
26.974999999999,5.033649009486,0.64970160673342,0.05029839326658,0.12753820155908,0.007172749187399,50.29839326658,36037.624625377
26.987499999999,5.0335594612183,0.64970160135309,0.050298398646909,0.12690607275753,0.0071549516434093,50.298398646909,36037.624804474
26.999999999999,5.0334701351462,0.64970159598611,0.050298404013887,0.12627706588788,0.0071371979450525,50.298404013887,36037.624983126
27.012499999999,5.0333810307223,0.64970159063245,0.050298409367548,0.12565116561401,0.0071194879858609,50.298409367548,36037.625161335
27.024999999999,5.0332921474005,0.64970158529208,0.050298414707925,0.12502835667464,0.0071018216596208,50.298414707925,36037.625339101
27.037499999999,5.033203484636,0.64970157996495,0.05029842003505,0.12440862388308,0.007084198860376,50.29842003505,36037.625516427
27.049999999999,5.0331150418855,0.64970157465104,0.050298425348956,0.12379195212641,0.0070666194824121,50.298425348956,36037.625693312
27.062499999999,5.0330268186069,0.64970156935033,0.050298430649675,0.12317832636567,0.0070490834202737,50.298430649675,36037.625869759
27.074999999999,5.0329388142592,0.64970156406276,0.05029843593724,0.1225677316348,0.0070315905687419,50.29843593724,36037.626045768
27.087499999999,5.0328510283032,0.64970155878832,0.050298441211684,0.12196015304093,0.0070141408228537,50.298441211684,36037.62622134
27.099999999999,5.0327634602005,0.64970155352696,0.050298446473038,0.12135557576364,0.0069967340778891,50.298446473038,36037.626396476
27.112499999999,5.0326761094144,0.64970154827866,0.050298451721335,0.12075398505488,0.006979370229379,50.298451721335,36037.626571177
27.124999999999,5.0325889754092,0.64970154304339,0.050298456956608,0.12015536623864,0.0069620491731044,50.298456956608,36037.626745445
27.137499999999,5.0325020576508,0.64970153782111,0.050298462178887,0.11955970471,0.0069447708050792,50.298462178887,36037.626919281
27.149999999999,5.0324153556061,0.64970153261179,0.050298467388206,0.1189669859357,0.0069275350215765,50.298467388206,36037.627092685
27.162499999999,5.0323288687436,0.6497015274154,0.050298472584596,0.11837719545303,0.0069103417191041,50.298472584596,36037.627265659
27.174999999999,5.0322425965328,0.64970152223191,0.05029847776809,0.11779031887004,0.0068931907944219,50.29847776809,36037.627438203
27.187499999999,5.0321565384446,0.64970151706128,0.050298482938718,0.11720634186478,0.0068760821445277,50.298482938718,36037.627610319
27.199999999999,5.0320706939514,0.64970151190349,0.050298488096512,0.11662525018527,0.0068590156666666,50.298488096512,36037.627782008
27.212499999999,5.0319850625265,0.64970150675849,0.050298493241505,0.11604702964893,0.0068419912583231,50.298493241505,36037.627953271
27.224999999999,5.0318996436447,0.64970150162627,0.050298498373728,0.1154716661424,0.0068250088172253,50.298498373728,36037.628124109
27.237499999999,5.0318144367821,0.64970149650679,0.050298503493212,0.11489914562103,0.0068080682413392,50.298503493212,36037.628294523
27.249999999999,5.031729441416,0.64970149140001,0.050298508599989,0.11432945410907,0.0067911694288831,50.298508599989,36037.628464513
27.262499999999,5.031644657025,0.64970148630591,0.050298513694089,0.11376257769849,0.0067743122783028,50.298513694089,36037.628634082
27.274999999999,5.0315600830889,0.64970148122446,0.050298518775545,0.11319850254939,0.0067574966882926,50.298518775545,36037.62880323
27.287499999999,5.0314757190889,0.64970147615561,0.050298523844387,0.11263721488907,0.006740722557776,50.298523844387,36037.628971958
27.299999999999,5.0313915645073,0.64970147109935,0.050298528900647,0.11207870101238,0.006723989785927,50.298528900647,36037.629140267
27.312499999999,5.0313076188279,0.64970146605564,0.050298533944355,0.11152294728083,0.0067072982721506,50.298533944355,36037.629308159
27.324999999999,5.0312238815354,0.64970146102446,0.050298538975543,0.11096994012275,0.0066906479160984,50.298538975543,36037.629475633
27.337499999999,5.0311403521161,0.64970145600576,0.050298543994241,0.1104196660322,0.0066740386176445,50.298543994241,36037.629642692
27.349999999999,5.0310570300574,0.64970145099952,0.05029854900048,0.10987211156971,0.0066574702769167,50.29854900048,36037.629809336
27.362499999999,5.0309739148478,0.64970144600571,0.050298553994291,0.10932726336099,0.0066409427942666,50.298553994291,36037.629975567
27.374999999999,5.0308910059774,0.64970144102429,0.050298558975705,0.10878510809723,0.0066244560702877,50.298558975705,36037.630141384
27.387499999999,5.0308083029372,0.64970143605525,0.050298563944752,0.10824563253442,0.0066080100058041,50.298563944752,36037.63030679
27.399999999999,5.0307258052196,0.64970143109854,0.050298568901462,0.10770882349349,0.0065916045018835,50.298568901462,36037.630471786
27.412499999999,5.0306435123183,0.64970142615413,0.050298573845866,0.10717466785923,0.0065752394598135,50.298573845866,36037.630636372
27.424999999999,5.030561423728,0.649701421222,0.050298578777995,0.10664315258098,0.0065589147811309,50.298578777995,36037.630800549
27.437499999999,5.0304795389448,0.64970141630212,0.050298583697879,0.10611426467127,0.0065426303675906,50.298583697879,36037.630964318
27.449999999999,5.0303978574661,0.64970141139445,0.050298588605547,0.10558799120648,0.0065263861211928,50.298588605547,36037.631127681
27.462499999999,5.0303163787903,0.64970140649897,0.05029859350103,0.10506431932581,0.0065101819441615,50.29859350103,36037.631290639
27.474999999999,5.0302351024172,0.64970140161564,0.050298598384359,0.10454323623145,0.0064940177389587,50.298598384359,36037.631453191
27.487499999999,5.0301540278478,0.64970139674444,0.050298603255562,0.10402472918793,0.0064778934082721,50.298603255562,36037.631615341
27.499999999999,5.0300731545842,0.64970139188533,0.05029860811467,0.10350878552196,0.0064618088550201,50.29860811467,36037.631777087
27.512499999999,5.0299924821298,0.64970138703829,0.050298612961713,0.10299539262226,0.0064457639823541,50.298612961713,36037.631938432
27.524999999999,5.0299120099892,0.64970138220328,0.050298617796721,0.10248453793908,0.0064297586936544,50.298617796721,36037.632099376
27.537499999999,5.0298317376683,0.64970137738028,0.050298622619723,0.10197620898401,0.0064137928925305,50.298622619723,36037.632259921
27.549999999999,5.0297516646739,0.64970137256925,0.050298627430748,0.10147039332953,0.0063978664828177,50.298627430748,36037.632420067
27.562499999999,5.0296717905144,0.64970136777017,0.050298632229828,0.10096707860898,0.0063819793685838,50.298632229828,36037.632579815
27.574999999999,5.0295921146991,0.64970136298301,0.05029863701699,0.10046625251598,0.0063661314541203,50.29863701699,36037.632739167
27.587499999999,5.0295126367387,0.64970135820774,0.050298641792264,0.099967902804287,0.0063503226439465,50.298641792264,36037.632898123
27.599999999999,5.0294333561448,0.64970135344432,0.05029864655568,0.099472017287417,0.0063345528428052,50.29864655568,36037.633056684
27.612499999999,5.0293542724306,0.64970134869273,0.050298651307267,0.098978583838679,0.0063188219556736,50.298651307267,36037.633214851
27.624999999999,5.0292753851101,0.64970134395295,0.050298656047054,0.098487590390251,0.0063031298877423,50.298656047054,36037.633372626
27.637499999999,5.0291966936987,0.64970133922493,0.05029866077507,0.09799902493374,0.0062874765444416,50.29866077507,36037.633530009
27.649999999999,5.029118197713,0.64970133450866,0.050298665491344,0.097512875519028,0.0062718618314133,50.298665491344,36037.633687001
27.662499999999,5.0290398966706,0.64970132980409,0.050298670195905,0.09702913025472,0.0062562856545334,50.298670195905,36037.633843603
27.674999999999,5.0289617900905,0.64970132511122,0.050298674888783,0.096547777307104,0.0062407479198878,50.298674888783,36037.633999816
27.687499999999,5.0288838774927,0.64970132042999,0.050298679570006,0.096068804900772,0.0062252485338004,50.298679570006,36037.634155641
27.699999999999,5.0288061583984,0.6497013157604,0.050298684239602,0.095592201317472,0.0062097874028044,50.298684239602,36037.634311079
27.712499999999,5.02872863233,0.6497013111024,0.050298688897601,0.095117954896559,0.0061943644336662,50.298688897601,36037.634466132
27.724999999999,5.0286512988111,0.64970130645597,0.050298693544031,0.094646054034132,0.0061789795333649,50.298693544031,36037.634620799
27.737499999999,5.0285741573664,0.64970130182108,0.05029869817892,0.094176487183211,0.0061636326091072,50.29869817892,36037.634775081
27.749999999999,5.0284972075218,0.6497012971977,0.050298702802298,0.093709242853149,0.0061483235683166,50.298702802298,36037.634928981
27.762499999999,5.0284204488042,0.64970129258581,0.050298707414192,0.093244309609484,0.0061330523186367,50.298707414192,36037.635082499
27.774999999999,5.028343880742,0.64970128798537,0.05029871201463,0.092781676073682,0.0061178187679314,50.29871201463,36037.635235635
27.787499999999,5.0282675028644,0.64970128339636,0.050298716603642,0.092321330922723,0.0061026228242795,50.298716603642,36037.63538839
27.799999999999,5.0281913147019,0.64970127881874,0.050298721181256,0.091863262889003,0.0060874643959803,50.298721181256,36037.635540767
27.812499999999,5.0281153157861,0.6497012742525,0.050298725747499,0.091407460760248,0.0060723433915584,50.298725747499,36037.635692765
27.824999999999,5.0280395056498,0.6497012696976,0.050298730302399,0.090953913378771,0.0060572597197481,50.298730302399,36037.635844385
27.837499999999,5.027963883827,0.64970126515401,0.050298734845985,0.090502609641551,0.0060422132895042,50.298734845985,36037.635995629
27.849999999999,5.0278884498526,0.64970126062172,0.050298739378285,0.090053538499766,0.0060272040099942,50.298739378285,36037.636146497
27.862499999999,5.0278132032629,0.64970125610067,0.050298743899325,0.089606688958707,0.0060122317906046,50.298743899325,36037.63629699
27.874999999999,5.0277381435952,0.64970125159086,0.050298748409135,0.08916205007742,0.0059972965409365,50.298748409135,36037.636447109
27.887499999999,5.0276632703878,0.64970124709226,0.050298752907742,0.088719610968467,0.005982398170806,50.298752907742,36037.636596855
27.899999999999,5.0275885831805,0.64970124260483,0.050298757395174,0.088279360797623,0.0059675365902425,50.298757395174,36037.63674623
27.912499999999,5.0275140815138,0.64970123812854,0.050298761871458,0.087841288783897,0.0059527117094973,50.298761871458,36037.636895233
27.924999999999,5.0274397649296,0.64970123366338,0.050298766336621,0.087405384198505,0.0059379234390171,50.298766336621,36037.637043866
27.937499999999,5.0273656329708,0.64970122920931,0.050298770790691,0.086971636365779,0.0059231716894832,50.298770790691,36037.63719213
27.949999999999,5.0272916851814,0.6497012247663,0.050298775233696,0.086540034661879,0.0059084563717757,50.298775233696,36037.637340026
27.962499999999,5.0272179211066,0.64970122033434,0.050298779665663,0.086110568515082,0.0058937773969916,50.298779665663,36037.637487554
27.974999999999,5.0271443402927,0.64970121591338,0.050298784086619,0.085683227405381,0.0058791346764391,50.298784086619,36037.637634716
27.987499999999,5.0270709422871,0.64970121150341,0.050298788496592,0.085258000864152,0.0058645281216343,50.298788496592,36037.637781512
27.999999999999,5.0269977266382,0.64970120710439,0.050298792895608,0.084834878474172,0.0058499576443101,50.298792895608,36037.637927943
28.012499999999,5.0269246928956,0.64970120271631,0.050298797283694,0.084413849869127,0.0058354231564071,50.298797283694,36037.63807401
28.024999999999,5.0268518406099,0.64970119833912,0.050298801660878,0.08399490473333,0.005820924570072,50.298801660878,36037.638219715
28.037499999999,5.0267791693331,0.64970119397281,0.050298806027186,0.083578032801846,0.0058064617976701,50.298806027186,36037.638365058
28.049999999999,5.0267066786179,0.64970118961735,0.050298810382646,0.083163223859596,0.0057920347517619,50.298810382646,36037.638510039
28.062499999999,5.0266343680183,0.64970118527272,0.050298814727283,0.082750467741893,0.0057776433451302,50.298814727283,36037.63865466
28.074999999999,5.0265622370893,0.64970118093887,0.050298819061126,0.082339754333402,0.0057632874907512,50.298819061126,36037.638798922
28.087499999999,5.0264902853871,0.6497011766158,0.0502988233842,0.081931073568616,0.0057489671018196,50.2988233842,36037.638942825
28.099999999999,5.026418512469,0.64970117230347,0.050298827696532,0.081524415431282,0.0057346820917363,50.298827696532,36037.639086371
28.112499999999,5.0263469178931,0.64970116800185,0.050298831998149,0.08111976995412,0.0057204323741065,50.298831998149,36037.63922956
28.124999999999,5.026275501219,0.64970116371092,0.050298836289077,0.080717127218549,0.0057062178627376,50.298836289077,36037.639372394
28.137499999999,5.026204262007,0.64970115943066,0.050298840569343,0.08031647735477,0.0056920384716506,50.298840569343,36037.639514872
28.149999999999,5.0261331998187,0.64970115516103,0.050298844838972,0.079917810541034,0.0056778941150615,50.298844838972,36037.639656997
28.162499999999,5.0260623142167,0.64970115090201,0.050298849097992,0.079521117004028,0.0056637847074033,50.298849097992,36037.639798768
28.174999999999,5.0259916047647,0.64970114665357,0.050298853346428,0.079126387018004,0.0056497101633024,50.298853346428,36037.639940187
28.187499999999,5.0259210710274,0.64970114241569,0.050298857584307,0.078733610904856,0.0056356703975897,50.298857584307,36037.640081254
28.199999999999,5.0258507125706,0.64970113818835,0.050298861811654,0.078342779034058,0.0056216653253056,50.298861811654,36037.640221971
28.212499999999,5.0257805289611,0.6497011339715,0.050298866028496,0.077953881822189,0.0056076948616912,50.298866028496,36037.640362338
28.224999999999,5.0257105197669,0.64970112976514,0.050298870234858,0.077566909732627,0.0055937589221848,50.298870234858,36037.640502357
28.237499999999,5.025640684557,0.64970112556923,0.050298874430767,0.077181853275626,0.0055798574224326,50.298874430767,36037.640642027
28.249999999999,5.0255710229014,0.64970112138375,0.050298878616248,0.076798703007809,0.0055659902782779,50.298878616248,36037.64078135
28.262499999999,5.0255015343712,0.64970111720867,0.050298882791328,0.076417449532049,0.0055521574057646,50.298882791328,36037.640920327
28.274999999999,5.0254322185384,0.64970111304397,0.050298886956031,0.076038083497458,0.0055383587211448,50.298886956031,36037.641058959
28.287499999999,5.0253630749763,0.64970110888962,0.050298891110383,0.075660595598784,0.0055245941408639,50.298891110383,36037.641197246
28.299999999999,5.0252941032591,0.64970110474559,0.050298895254411,0.075284976576295,0.0055108635815646,50.298895254411,36037.64133519
28.312499999999,5.025225302962,0.64970110061186,0.050298899388139,0.074911217215916,0.0054971669600992,50.298899388139,36037.64147279
28.324999999999,5.0251566736614,0.64970109648841,0.050298903511594,0.074539308348386,0.0054835041935064,50.298903511594,36037.641610049
28.337499999999,5.0250882149345,0.6497010923752,0.050298907624799,0.074169240849442,0.0054698751990259,50.298907624799,36037.641746966
28.349999999999,5.0250199263598,0.64970108827222,0.050298911727782,0.073801005639757,0.0054562798941031,50.298911727782,36037.641883543
28.362499999999,5.0249518075166,0.64970108417943,0.050298915820566,0.073434593684298,0.0054427181963739,50.298915820566,36037.642019781
28.374999999999,5.0248838579853,0.64970108009682,0.050298919903178,0.073069995992226,0.0054291900236674,50.298919903178,36037.64215568
28.387499999999,5.0248160773474,0.64970107602436,0.050298923975642,0.072707203617021,0.005415695294019,50.298923975642,36037.642291242
28.399999999999,5.0247484651854,0.64970107196202,0.050298928037983,0.072346207655853,0.0054022339256541,50.298928037983,36037.642426466
28.412499999999,5.0246810210828,0.64970106790977,0.050298932090227,0.071986999249478,0.0053888058369918,50.298932090227,36037.642561354
28.424999999999,5.024613744624,0.6497010638676,0.050298936132399,0.071629569582272,0.0053754109466535,50.298936132399,36037.642695907
28.437499999999,5.0245466353946,0.64970105983548,0.050298940164523,0.071273909881515,0.0053620491734439,50.298940164523,36037.642830125
28.449999999999,5.0244796929812,0.64970105581338,0.050298944186624,0.070920011417711,0.0053487204363698,50.298944186624,36037.64296401
28.462499999999,5.0244129169713,0.64970105180127,0.050298948198727,0.07056786550434,0.0053354246546391,50.298948198727,36037.643097562
28.474999999999,5.0243463069534,0.64970104779914,0.050298952200856,0.07021746349701,0.0053221617476353,50.298952200856,36037.643230782
28.487499999999,5.0242798625171,0.64970104380696,0.050298956193037,0.069868796794008,0.0053089316349464,50.298956193037,36037.643363671
28.499999999999,5.0242135832531,0.64970103982471,0.050298960175295,0.069521856835825,0.0052957342363538,50.298960175295,36037.64349623
28.512499999999,5.0241474687528,0.64970103585235,0.050298964147652,0.06917663510464,0.0052825694718202,50.298964147652,36037.643628459
28.524999999999,5.0240815186088,0.64970103188987,0.050298968110135,0.068833123124727,0.0052694372615125,50.298968110135,36037.643760359
28.537499999999,5.0240157324148,0.64970102793723,0.050298972062766,0.06849131246162,0.0052563375257773,50.298972062766,36037.643891931
28.549999999999,5.0239501097652,0.64970102399443,0.050298976005572,0.068151194722563,0.005243270185165,50.298976005572,36037.644023177
28.562499999999,5.0238846502557,0.64970102006142,0.050298979938576,0.06781276155568,0.0052302351604059,50.298979938576,36037.644154096
28.574999999999,5.0238193534828,0.6497010161382,0.050298983861802,0.067476004650198,0.0052172323724253,50.298983861802,36037.644284689
28.587499999999,5.0237542190439,0.64970101222473,0.050298987775274,0.067140915735984,0.0052042617423336,50.298987775274,36037.644414958
28.599999999999,5.0236892465377,0.64970100832098,0.050298991679017,0.06680748658345,0.0051913231914291,50.298991679017,36037.644544903
28.612499999999,5.0236244355637,0.64970100442694,0.050298995573055,0.06647570900346,0.0051784166412023,50.298995573055,36037.644674525
28.624999999999,5.0235597857222,0.64970100054259,0.050298999457412,0.066145574847096,0.0051655420133336,50.298999457412,36037.644803825
28.637499999999,5.0234952966148,0.64970099666789,0.050299003332111,0.065817076005249,0.0051526992296846,50.299003332111,36037.644932803
28.649999999999,5.0234309678439,0.64970099280282,0.050299007197176,0.065490204408796,0.0051398882123124,50.299007197176,36037.645061461
28.662499999999,5.0233667990129,0.64970098894737,0.050299011052632,0.065164952028013,0.0051271088834532,50.299011052632,36037.645189798
28.674999999999,5.0233027897262,0.6497009851015,0.050299014898502,0.064841310872663,0.0051143611655338,50.299014898502,36037.645317817
28.687499999999,5.0232389395891,0.64970098126519,0.05029901873481,0.064519272991678,0.0051016449811652,50.29901873481,36037.645445517
28.699999999999,5.023175248208,0.64970097743842,0.050299022561579,0.06419883047303,0.0050889602531452,50.299022561579,36037.6455729
28.712499999999,5.02311171519,0.64970097362117,0.050299026378833,0.0638799754435,0.0050763069044564,50.299026378833,36037.645699966
28.724999999999,5.0230483401436,0.6497009698134,0.050299030186596,0.063562700068459,0.0050636848582641,50.299030186596,36037.645826716
28.737499999999,5.0229851226778,0.64970096601511,0.050299033984891,0.063246996551781,0.0050510940379205,50.299033984891,36037.645953151
28.749999999999,5.0229220624028,0.64970096222626,0.050299037773742,0.062932857135487,0.0050385343669568,50.299037773742,36037.646079271
28.762499999999,5.0228591589297,0.64970095844683,0.050299041553171,0.062620274099923,0.0050260057690981,50.299041553171,36037.646205078
28.774999999999,5.0227964118706,0.6497009546768,0.050299045323203,0.062309239762968,0.0050135081682381,50.299045323203,36037.646330572
28.787499999999,5.0227338208385,0.64970095091614,0.05029904908386,0.061999746480477,0.0050010414884643,50.29904908386,36037.646455755
28.799999999999,5.0226713854474,0.64970094716483,0.050299052835165,0.061691786645757,0.0049886056540434,50.299052835165,36037.646580625
28.812499999999,5.0226091053121,0.64970094342286,0.050299056577143,0.061385352689217,0.0049762005894145,50.299056577143,36037.646705186
28.824999999999,5.0225469800485,0.64970093969019,0.050299060309815,0.061080437078901,0.0049638262192175,50.299060309815,36037.646829436
28.837499999999,5.0224850092734,0.6497009359668,0.050299064033205,0.060777032319306,0.0049514824682522,50.299064033205,36037.646953378
28.849999999999,5.0224231926045,0.64970093225266,0.050299067747336,0.060475130952135,0.0049391692615153,50.299067747336,36037.647077011
28.862499999999,5.0223615296605,0.64970092854777,0.050299071452231,0.060174725555514,0.0049268865241761,50.299071452231,36037.647200337
28.874999999999,5.022300020061,0.64970092485209,0.050299075147912,0.059875808743914,0.0049146341815796,50.299075147912,36037.647323356
28.887499999999,5.0222386634265,0.6497009211656,0.050299078834402,0.059578373168284,0.0049024121592591,50.299078834402,36037.647446069
28.899999999999,5.0221774593785,0.64970091748827,0.050299082511725,0.059282411515456,0.0048902203829186,50.299082511725,36037.647568477
28.912499999999,5.0221164075393,0.6497009138201,0.050299086179903,0.058987916508362,0.0048780587784485,50.299086179903,36037.647690581
28.924999999999,5.0220555075323,0.64970091016104,0.050299089838958,0.058694880905445,0.0048659272719078,50.299089838958,36037.647812381
28.937499999999,5.0219947589817,0.64970090651109,0.050299093488913,0.058403297500963,0.0048538257895441,50.299093488913,36037.647933878
28.949999999999,5.0219341615127,0.64970090287021,0.050299097129791,0.058113159124226,0.0048417542577681,50.299097129791,36037.648055073
28.962499999999,5.0218737147514,0.64970089923839,0.050299100761614,0.057824458640122,0.0048297126031827,50.299100761614,36037.648175967
28.974999999999,5.0218134183246,0.6497008956156,0.050299104384404,0.057537188948265,0.0048177007525538,50.299104384404,36037.64829656
28.987499999999,5.0217532718605,0.64970089200182,0.050299107998184,0.057251342983312,0.0048057186328307,50.299107998184,36037.648416852
28.999999999999,5.0216932749876,0.64970088839702,0.050299111602976,0.056966913714539,0.0047937661711348,50.299111602976,36037.648536846
29.012499999999,5.0216334273359,0.6497008848012,0.050299115198803,0.0566838941459,0.0047818432947686,50.299115198803,36037.648656542
29.024999999999,5.0215737285359,0.64970088121431,0.050299118785686,0.056402277315524,0.0047699499312017,50.299118785686,36037.648775939
29.037499999999,5.0215141782192,0.64970087763635,0.050299122363647,0.056122056295859,0.0047580860080831,50.299122363647,36037.64889504
29.049999999999,5.0214547760181,0.64970087406729,0.05029912593271,0.055843224193216,0.0047462514532288,50.29912593271,36037.649013844
29.062499999999,5.0213955215662,0.64970087050711,0.050299129492895,0.055565774148036,0.0047344461946395,50.299129492895,36037.649132353
29.074999999999,5.0213364144975,0.64970086695578,0.050299133044225,0.055289699334268,0.004722670160481,50.299133044225,36037.649250567
29.087499999999,5.0212774544473,0.64970086341328,0.050299136586722,0.055014992959511,0.0047109232790969,50.299136586722,36037.649368487
29.099999999999,5.0212186410516,0.64970085987959,0.050299140120407,0.054741648264611,0.0046992054789978,50.299140120407,36037.649486114
29.112499999999,5.0211599739473,0.6497008563547,0.050299143645302,0.054469658523629,0.0046875166888665,50.299143645302,36037.649603448
29.124999999999,5.0211014527722,0.64970085283857,0.05029914716143,0.054199017043773,0.0046758568375616,50.29914716143,36037.649720491
29.137499999999,5.021043077165,0.64970084933119,0.050299150668812,0.053929717164998,0.004664225854107,50.299150668812,36037.649837242
29.149999999999,5.0209848467654,0.64970084583253,0.050299154167469,0.053661752260063,0.0046526236677007,50.299154167469,36037.649953703
29.162499999999,5.0209267612138,0.64970084234258,0.050299157657423,0.053395115734376,0.0046410502077148,50.299157657423,36037.650069874
29.174999999999,5.0208688201516,0.6497008388613,0.050299161138696,0.053129801025643,0.0046295054036865,50.299161138696,36037.650185756
29.187499999999,5.020811023221,0.64970083538869,0.050299164611309,0.05286580160384,0.0046179891853235,50.299164611309,36037.65030135
29.199999999999,5.0207533700651,0.64970083192472,0.050299168075284,0.052603110971066,0.0046065014825043,50.299168075284,36037.650416656
29.212499999999,5.0206958603279,0.64970082846936,0.050299171530641,0.052341722661231,0.0045950422252705,50.299171530641,36037.650531676
29.224999999999,5.0206384936543,0.6497008250226,0.050299174977403,0.052081630240157,0.004583611343838,50.299174977403,36037.650646409
29.237499999999,5.02058126969,0.64970082158441,0.05029917841559,0.051822827305223,0.0045722087685878,50.29917841559,36037.650760857
29.249999999999,5.0205241880817,0.64970081815478,0.050299181845225,0.051565307485388,0.0045608344300732,50.299181845225,36037.65087502
29.262499999999,5.0204672484768,0.64970081473367,0.050299185266327,0.051309064440838,0.0045494882590109,50.299185266327,36037.650988899
29.274999999999,5.0204104505236,0.64970081132108,0.050299188678918,0.051054091862806,0.0045381701862794,50.299188678918,36037.651102495
29.287499999999,5.0203537938713,0.64970080791698,0.05029919208302,0.050800383473831,0.0045268801429366,50.29919208302,36037.651215808
29.299999999999,5.02029727817,0.64970080452135,0.050299195478653,0.050547933027012,0.0045156180601928,50.299195478653,36037.65132884
29.312499999999,5.0202409030707,0.64970080113416,0.050299198865838,0.050296734306385,0.0045043838694347,50.299198865838,36037.65144159
29.324999999999,5.0201846682251,0.6497007977554,0.050299202244596,0.050046781126348,0.004493177502205,50.299202244596,36037.65155406
29.337499999999,5.0201285732858,0.64970079438505,0.050299205614948,0.049798067331793,0.0044819988902152,50.299205614948,36037.65166625
29.349999999999,5.0200726179063,0.64970079102308,0.050299208976915,0.049550586798011,0.0044708479653472,50.299208976915,36037.65177816
29.362499999999,5.020016801741,0.64970078766948,0.050299212330518,0.049304333430192,0.0044597246596378,50.299212330518,36037.651889793
29.374999999999,5.019961124445,0.64970078432422,0.050299215675777,0.049059301163605,0.0044486289052923,50.299215675777,36037.652001147
29.387499999999,5.0199055856744,0.64970078098729,0.050299219012713,0.048815483963344,0.0044375606346794,50.299219012713,36037.652112225
29.399999999999,5.019850185086,0.64970077765865,0.050299222341347,0.048572875824225,0.004426519780333,50.299222341347,36037.652223026
29.412499999999,5.0197949223376,0.6497007743383,0.050299225661698,0.048331470770338,0.0044155062749383,50.299225661698,36037.652333552
29.424999999999,5.0197397970877,0.64970077102621,0.050299228973789,0.048091262855503,0.0044045200513576,50.299228973789,36037.652443802
29.437499999999,5.0196848089957,0.64970076772236,0.050299232277638,0.047852246162542,0.0043935610426047,50.299232277638,36037.652553778
29.449999999999,5.0196299577219,0.64970076442673,0.050299235573267,0.047614414803536,0.0043826291818618,50.299235573267,36037.652663481
29.462499999999,5.0195752429272,0.6497007611393,0.050299238860696,0.047377762919461,0.0043717244024695,50.299238860696,36037.65277291
29.474999999999,5.0195206642737,0.64970075786005,0.050299242139946,0.047142284680051,0.0043608466379261,50.299242139946,36037.652882068
29.487499999999,5.019466221424,0.64970075458896,0.050299245411035,0.046907974283824,0.0043499958218955,50.299245411035,36037.652990953
29.499999999999,5.0194119140417,0.64970075132601,0.050299248673986,0.046674825957792,0.0043391718881995,50.299248673986,36037.653099568
29.512499999999,5.0193577417912,0.64970074807118,0.050299251928817,0.046442833957254,0.0043283747708145,50.299251928817,36037.653207913
29.524999999999,5.0193037043376,0.64970074482445,0.050299255175549,0.046211992565976,0.0043176044038855,50.299255175549,36037.653315988
29.537499999999,5.0192498013471,0.6497007415858,0.050299258414203,0.045982296095708,0.0043068607217105,50.299258414203,36037.653423794
29.549999999999,5.0191960324865,0.6497007383552,0.050299261644797,0.045753738886218,0.0042961436587472,50.299261644797,36037.653531331
29.562499999999,5.0191423974233,0.64970073513265,0.050299264867353,0.045526315305041,0.0042854531496079,50.299264867353,36037.653638601
29.574999999999,5.0190888958262,0.64970073191811,0.050299268081889,0.045300019747544,0.0042747891290684,50.299268081889,36037.653745605
29.587499999999,5.0190355273644,0.64970072871157,0.050299271288426,0.045074846636685,0.0042641515320625,50.299271288426,36037.653852341
29.599999999999,5.018982291708,0.64970072551302,0.050299274486984,0.044850790422731,0.004253540293675,50.299274486984,36037.653958813
29.612499999999,5.018929188528,0.64970072232242,0.050299277677583,0.044627845583403,0.0042429553491541,50.299277677583,36037.654065019
29.624999999999,5.018876217496,0.64970071913976,0.050299280860241,0.044406006623405,0.0042323966338955,50.299280860241,36037.654170961
29.637499999999,5.0188233782847,0.64970071596502,0.05029928403498,0.044185268074715,0.0042218640834619,50.29928403498,36037.65427664
29.649999999999,5.0187706705673,0.64970071279818,0.050299287201817,0.043965624495974,0.0042113576335598,50.299287201817,36037.654382055
29.662499999999,5.018718094018,0.64970070963923,0.050299290360774,0.043747070472847,0.0042008772200628,50.299290360774,36037.654487208
29.674999999999,5.0186656483117,0.64970070648813,0.05029929351187,0.043529600617487,0.0041904227789917,50.29929351187,36037.6545921
29.687499999999,5.0186133331242,0.64970070334488,0.050299296655123,0.04331320956853,0.0041799942465204,50.299296655123,36037.65469673
29.699999999999,5.0185611481321,0.64970070020945,0.050299299790554,0.043097891991118,0.0041695915589823,50.299299790554,36037.6548011
29.712499999999,5.0185090930126,0.64970069708182,0.050299302918182,0.042883642576665,0.0041592146528657,50.299302918182,36037.65490521
29.724999999999,5.0184571674439,0.64970069396197,0.050299306038026,0.042670456042661,0.0041488634648097,50.299306038026,36037.655009061
29.737499999999,5.0184053711049,0.64970069084989,0.050299309150105,0.04245832713245,0.004138537931599,50.299309150105,36037.655112654
29.749999999999,5.0183537036753,0.64970068774556,0.050299312254439,0.042247250615506,0.0041282379901837,50.299312254439,36037.655215989
29.762499999999,5.0183021648356,0.64970068464895,0.050299315351047,0.042037221286874,0.0041179635776576,50.299315351047,36037.655319067
29.774999999999,5.0182507542671,0.64970068156005,0.050299318439948,0.04182823396735,0.0041077146312727,50.299318439948,36037.655421888
29.787499999999,5.0181994716519,0.64970067847884,0.050299321521162,0.041620283503067,0.0040974910884248,50.299321521162,36037.655524453
29.799999999999,5.0181483166728,0.64970067540529,0.050299324594706,0.041413364765668,0.004087292886668,50.299324594706,36037.655626763
29.812499999999,5.0180972890134,0.6497006723394,0.050299327660601,0.041207472652048,0.0040771199637071,50.299327660601,36037.655728818
29.824999999999,5.0180463883581,0.64970066928113,0.050299330718865,0.041002602084122,0.0040669722573927,50.299330718865,36037.65583062
29.837499999999,5.0179956143921,0.64970066623048,0.050299333769518,0.040798748008864,0.0040568497057283,50.299333769518,36037.655932167
29.849999999999,5.0179449668014,0.64970066318742,0.050299336812577,0.040595905398075,0.0040467522468646,50.299336812577,36037.656033463
29.862499999999,5.0178944452727,0.64970066015194,0.050299339848062,0.040394069248487,0.0040366798191105,50.299339848062,36037.656134506
29.874999999999,5.0178440494934,0.64970065712401,0.050299342875991,0.040193234581326,0.004026632360917,50.299342875991,36037.656235297
29.887499999999,5.0177937791519,0.64970065410362,0.050299345896384,0.039993396442274,0.0040166098108809,50.299345896384,36037.656335838
29.899999999999,5.0177436339372,0.64970065109074,0.050299348909259,0.039794549901563,0.0040066121077551,50.299348909259,36037.656436128
29.912499999999,5.017693613539,0.64970064808537,0.050299351914635,0.039596690053583,0.0039966391904347,50.299351914635,36037.656536169
29.924999999999,5.017643717648,0.64970064508747,0.05029935491253,0.039399812016912,0.003986690997964,50.29935491253,36037.656635961
29.937499999999,5.0175939459554,0.64970064209704,0.050299357902962,0.039203910934307,0.0039767674695419,50.299357902962,36037.656735504
29.949999999999,5.0175442981533,0.64970063911405,0.050299360885951,0.039008981972211,0.0039668685445022,50.299360885951,36037.6568348
29.962499999999,5.0174947739346,0.64970063613849,0.050299363861515,0.038815020321059,0.0039569941623352,50.299363861515,36037.656933848
29.974999999999,5.0174453729928,0.64970063317033,0.050299366829672,0.038622021194857,0.0039471442626713,50.299366829672,36037.65703265
29.987499999999,5.0173960950224,0.64970063020956,0.05029936979044,0.03842997983135,0.0039373187852956,50.29936979044,36037.657131206
29.999999999999,5.0173469397183,0.64970062725616,0.050299372743838,0.038238891491496,0.0039275176701263,50.299372743838,36037.657229517
30.012499999999,5.0172979067765,0.64970062431012,0.050299375689884,0.038048751459776,0.0039177408572364,50.299375689884,36037.657327583
30.024999999999,5.0172489958935,0.6497006213714,0.050299378628597,0.037859555043876,0.0039079882868425,50.299378628597,36037.657425404
30.037499999999,5.0172002067666,0.64970061844001,0.050299381559994,0.037671297574549,0.0038982598993034,50.299381559994,36037.657522983
30.049999999999,5.0171515390941,0.64970061551591,0.050299384484094,0.037483974405539,0.0038885556351218,50.299384484094,36037.657620318
30.062499999999,5.0171029925746,0.64970061259909,0.050299387400914,0.037297580913582,0.0038788754349497,50.299387400914,36037.657717411
30.074999999999,5.0170545669077,0.64970060968953,0.050299390310474,0.037112112498089,0.0038692192395775,50.299390310474,36037.657814262
30.087499999999,5.0170062617939,0.64970060678721,0.05029939321279,0.036927564581151,0.0038595869899396,50.29939321279,36037.657910873
30.099999999999,5.016958076934,0.64970060389212,0.050299396107881,0.036743932607566,0.0038499786271213,50.299396107881,36037.658007242
30.112499999999,5.01691001203,0.64970060100424,0.050299398995764,0.036561212044291,0.0038403940923359,50.299398995764,36037.658103372
30.124999999999,5.0168620667842,0.64970059812354,0.050299401876458,0.036379398380924,0.0038308333269548,50.299401876458,36037.658199263
30.137499999999,5.0168142409001,0.64970059525002,0.050299404749981,0.036198487129048,0.0038212962724788,50.299404749981,36037.658294914
30.149999999999,5.0167665340814,0.64970059238365,0.05029940761635,0.036018473822442,0.0038117828705548,50.29940761635,36037.658390328
30.162499999999,5.016718946033,0.64970058952442,0.050299410475583,0.035839354016941,0.0038022930629733,50.299410475583,36037.658485504
30.174999999999,5.0166714764603,0.6497005866723,0.050299413327697,0.035661123290234,0.0037928267916634,50.299413327697,36037.658580443
30.187499999999,5.0166241250694,0.64970058382729,0.05029941617271,0.035483777241796,0.0037833839986945,50.29941617271,36037.658675146
30.199999999999,5.0165768915672,0.64970058098936,0.050299419010641,0.035307311492924,0.0037739646262835,50.299419010641,36037.658769613
30.212499999999,5.0165297756613,0.64970057815849,0.050299421841506,0.035131721686264,0.0037645686167753,50.299421841506,36037.658863845
30.224999999999,5.0164827770601,0.64970057533468,0.050299424665323,0.034957003486055,0.0037551959126603,50.299424665323,36037.658957842
30.237499999999,5.0164358954725,0.64970057251789,0.050299427482109,0.034783152578016,0.0037458464565745,50.299427482109,36037.659051605
30.249999999999,5.0163891306084,0.64970056970812,0.050299430291883,0.034610164668962,0.0037365201912838,50.299430291883,36037.659145135
30.262499999999,5.0163424821782,0.64970056690534,0.05029943309466,0.03443803548693,0.003727217059696,50.29943309466,36037.659238432
30.274999999999,5.0162959498931,0.64970056410954,0.05029943589046,0.034266760781017,0.0037179370048577,50.29943589046,36037.659331496
30.287499999999,5.016249533465,0.6497005613207,0.050299438679298,0.034096336321251,0.0037086799699519,50.299438679298,36037.659424329
30.299999999999,5.0162032326065,0.64970055853881,0.050299441461192,0.033926757898625,0.003699445898306,50.299441461192,36037.659516931
30.312499999999,5.0161570470309,0.64970055576384,0.05029944423616,0.033758021324672,0.0036902347333729,50.29944423616,36037.659609302
30.324999999999,5.0161109764522,0.64970055299578,0.050299447004219,0.033590122431734,0.0036810464187518,50.299447004219,36037.659701443
30.337499999999,5.0160650205851,0.64970055023461,0.050299449765385,0.033423057072695,0.0036718808981782,50.299449765385,36037.659793355
30.349999999999,5.0160191791452,0.64970054748032,0.050299452519676,0.033256821120796,0.0036627381155192,50.299452519676,36037.659885038
30.362499999999,5.0159734518484,0.64970054473289,0.05029945526711,0.033091410469701,0.0036536180147824,50.29945526711,36037.659976493
30.374999999999,5.0159278384116,0.6497005419923,0.050299458007702,0.032926821033304,0.0036445205401101,50.299458007702,36037.660067719
30.387499999999,5.0158823385524,0.64970053925853,0.05029946074147,0.03276304874567,0.0036354456357817,50.29946074147,36037.660158719
30.399999999999,5.0158369519889,0.64970053653157,0.050299463468431,0.032600089560812,0.003626393246206,50.299463468431,36037.660249492
30.412499999999,5.0157916784402,0.6497005338114,0.050299466188601,0.032437939452824,0.003617363315934,50.299466188601,36037.660340039
30.424999999999,5.0157465176257,0.649700531098,0.050299468901999,0.032276594415533,0.0036083557896447,50.299468901999,36037.660430361
30.437499999999,5.0157014692657,0.64970052839136,0.050299471608639,0.032116050462663,0.0035993706121591,50.299471608639,36037.660520458
30.449999999999,5.0156565330813,0.64970052569146,0.05029947430854,0.031956303627456,0.0035904077284243,50.29947430854,36037.66061033
30.462499999999,5.0156117087942,0.64970052299828,0.050299477001718,0.031797349962678,0.003581467083519,50.299477001718,36037.660699979
30.474999999999,5.0155669961266,0.64970052031181,0.050299479688189,0.031639185540843,0.003572548622671,50.299479688189,36037.660789404
30.487499999999,5.0155223948017,0.64970051763203,0.05029948236797,0.031481806453528,0.0035636522912235,50.29948236797,36037.660878607
30.499999999999,5.015477904543,0.64970051495892,0.050299485041078,0.03132520881175,0.0035547780346619,50.299485041078,36037.660967587
30.512499999999,5.0154335250752,0.64970051229247,0.05029948770753,0.031169388745722,0.0035459257986048,50.29948770753,36037.661056346
30.524999999999,5.0153892561232,0.64970050963266,0.050299490367341,0.031014342404551,0.0035370955287917,50.299490367341,36037.661144884
30.537499999999,5.0153450974127,0.64970050697947,0.050299493020529,0.030860065956576,0.0035282871711075,50.299493020529,36037.661233201
30.549999999999,5.0153010486703,0.64970050433289,0.05029949566711,0.030706555588887,0.00351950067156,50.29949566711,36037.661321299
30.562499999999,5.0152571096231,0.6497005016929,0.0502994983071,0.030553807507416,0.00351073597629,50.2994983071,36037.661409177
30.574999999999,5.0152132799987,0.64970049905949,0.050299500940515,0.030401817936914,0.0035019930315752,50.299500940515,36037.661496836
30.587499999999,5.0151695595257,0.64970049643263,0.050299503567372,0.030250583120591,0.0034932717838139,50.299503567372,36037.661584277
30.599999999999,5.0151259479332,0.64970049381231,0.050299506187687,0.030100099320207,0.003484572179536,50.299506187687,36037.6616715
30.612499999999,5.015082444951,0.64970049119852,0.050299508801477,0.029950362816118,0.0034758941654101,50.299508801477,36037.661758506
30.624999999999,5.0150390503095,0.64970048859124,0.050299511408757,0.029801369906968,0.0034672376882305,50.299511408757,36037.661845296
30.637499999999,5.0149957637399,0.64970048599046,0.050299514009544,0.029653116909519,0.0034586026949128,50.299514009544,36037.661931869
30.649999999999,5.0149525849739,0.64970048339615,0.050299516603854,0.029505600158899,0.0034499891325126,50.299516603854,36037.662018226
30.662499999999,5.014909513744,0.6497004808083,0.050299519191703,0.029358816008182,0.0034413969482063,50.299519191703,36037.662104369
30.674999999999,5.0148665497833,0.64970047822689,0.050299521773106,0.029212760828523,0.0034328260893037,50.299521773106,36037.662190297
30.687499999999,5.0148236928256,0.64970047565192,0.050299524348081,0.029067431008917,0.0034242765032388,50.299524348081,36037.662276011
30.699999999999,5.0147809426052,0.64970047308336,0.050299526916643,0.02892282295624,0.0034157481375772,50.299526916643,36037.662361511
30.712499999999,5.0147382988572,0.64970047052119,0.050299529478807,0.028778933095075,0.0034072409400103,50.299529478807,36037.662446799
30.724999999999,5.0146957613174,0.64970046796541,0.05029953203459,0.028635757867602,0.0033987548583543,50.29953203459,36037.662531874
30.737499999999,5.0146533297221,0.64970046541599,0.050299534584007,0.028493293733606,0.0033902898405547,50.299534584007,36037.662616737
30.749999999999,5.0146110038084,0.64970046287292,0.050299537127075,0.028351537170366,0.003381845834685,50.299537127075,36037.662701389
30.762499999999,5.0145687833139,0.64970046033619,0.050299539663809,0.028210484672421,0.0033734227889379,50.299539663809,36037.66278583
30.774999999999,5.014526667977,0.64970045780577,0.050299542194225,0.028070132751826,0.0033650206516445,50.299542194225,36037.66287006
30.787499999999,5.0144846575366,0.64970045528166,0.050299544718338,0.027930477937616,0.0033566393712476,50.299544718338,36037.662954081
30.799999999999,5.0144427517323,0.64970045276384,0.050299547236165,0.027791516776092,0.0033482788963237,50.299547236165,36037.663037893
30.812499999999,5.0144009503044,0.64970045025228,0.05029954974772,0.027653245830676,0.0033399391755786,50.29954974772,36037.663121496
30.824999999999,5.0143592529938,0.64970044774698,0.050299552253019,0.027515661681596,0.0033316201578337,50.299552253019,36037.66320489
30.837499999999,5.014317659542,0.64970044524792,0.050299554752079,0.027378760925961,0.0033233217920348,50.299554752079,36037.663288077
30.849999999999,5.0142761696912,0.64970044275509,0.050299557244914,0.027242540177766,0.0033150440272571,50.299557244914,36037.663371057
30.862499999999,5.0142347831841,0.64970044026846,0.050299559731539,0.027106996067728,0.0033067868127006,50.299559731539,36037.66345383
30.874999999999,5.0141934997643,0.64970043778803,0.050299562211971,0.02697212524309,0.0032985500976821,50.299562211971,36037.663536397
30.887499999999,5.0141523191758,0.64970043531378,0.050299564686224,0.026837924367781,0.0032903338316501,50.299564686224,36037.663618758
30.899999999999,5.0141112411632,0.64970043284569,0.050299567154314,0.026704390122046,0.0032821379641668,50.299567154314,36037.663700914
30.912499999999,5.014070265472,0.64970043038374,0.050299569616257,0.026571519202632,0.0032739624449238,50.299569616257,36037.663782865
30.924999999999,5.0140293918481,0.64970042792793,0.050299572072067,0.026439308322539,0.0032658072237322,50.299572072067,36037.663864613
30.937499999999,5.013988620038,0.64970042547824,0.050299574521759,0.026307754211031,0.0032576722505269,50.299574521759,36037.663946156
30.949999999999,5.013947949789,0.64970042303465,0.05029957696535,0.02617685361353,0.0032495574753657,50.29957696535,36037.664027497
30.962499999999,5.0139073808489,0.64970042059715,0.050299579402854,0.026046603291574,0.0032414628484307,50.299579402854,36037.664108635
30.974999999999,5.0138669129663,0.64970041816571,0.050299581834285,0.025917000022537,0.003233388320016,50.299581834285,36037.66418957
30.987499999999,5.01382654589,0.64970041574034,0.05029958425966,0.025788040599733,0.0032253338405379,50.29958425966,36037.664270304
30.999999999999,5.01378627937,0.64970041332101,0.050299586678994,0.025659721832453,0.0032172993605428,50.299586678994,36037.664350837
31.012499999999,5.0137461131563,0.6497004109077,0.0502995890923,0.025532040545635,0.0032092848306906,50.2995890923,36037.66443117
31.024999999999,5.0137060470001,0.6497004085004,0.050299591499595,0.025404993579907,0.003201290201762,50.299591499595,36037.664511302
31.037499999999,5.0136660806528,0.64970040609911,0.050299593900893,0.025278577791483,0.0031933154246566,50.299593900893,36037.664591235
31.049999999999,5.0136262138666,0.64970040370379,0.050299596296209,0.025152790052181,0.0031853604503986,50.299596296209,36037.664670968
31.062499999999,5.0135864463943,0.64970040131444,0.050299598685558,0.025027627249175,0.0031774252301258,50.299598685558,36037.664750503
31.074999999999,5.0135467779893,0.64970039893104,0.050299601068955,0.024903086285099,0.0031695097151001,50.299601068955,36037.66482984
31.087499999999,5.0135072084055,0.64970039655359,0.050299603446414,0.024779164077775,0.0031616138566957,50.299603446414,36037.664908979
31.099999999999,5.0134677373975,0.64970039418205,0.050299605817951,0.024655857560341,0.0031537376064108,50.299605817951,36037.664987921
31.112499999999,5.0134283647205,0.64970039181642,0.05029960818358,0.024533163681012,0.0031458809158575,50.29960818358,36037.665066667
31.124999999999,5.0133890901304,0.64970038945669,0.050299610543315,0.024411079403177,0.0031380437367723,50.299610543315,36037.665145216
31.137499999999,5.0133499133835,0.64970038710283,0.050299612897171,0.02428960170505,0.003130226020998,50.299612897171,36037.665223569
31.149999999999,5.0133108342369,0.64970038475484,0.050299615245164,0.024168727579966,0.0031224277205073,50.299615245164,36037.665301728
31.162499999999,5.0132718524481,0.64970038241269,0.050299617587306,0.024048454035975,0.0031146487873812,50.299617587306,36037.665379691
31.174999999999,5.0132329677754,0.64970038007639,0.050299619923614,0.023928778096022,0.0031068891738251,50.299619923614,36037.665457461
31.187499999999,5.0131941799775,0.6497003777459,0.050299622254102,0.023809696797634,0.0030991488321526,50.299622254102,36037.665535036
31.199999999999,5.013155488814,0.64970037542122,0.050299624578783,0.023691207193043,0.0030914277147982,50.299624578783,36037.665612419
31.212499999999,5.0131168940447,0.64970037310233,0.050299626897672,0.023573306348953,0.0030837257743066,50.299626897672,36037.665689608
31.224999999999,5.0130783954302,0.64970037078922,0.050299629210784,0.023455991346775,0.0030760429633521,50.299629210785,36037.665766605
31.237499999999,5.0130399927318,0.64970036848187,0.050299631518134,0.023339259282147,0.0030683792347119,50.299631518134,36037.665843411
31.249999999999,5.0130016857111,0.64970036618027,0.050299633819735,0.023223107265009,0.0030607345412754,50.299633819735,36037.665920025
31.262499999999,5.0129634741306,0.6497003638844,0.050299636115601,0.023107532419751,0.0030531088360579,50.299636115601,36037.665996448
31.274999999999,5.0129253577531,0.64970036159425,0.050299638405747,0.022992531884902,0.0030455020721849,50.299638405747,36037.666072681
31.287499999999,5.0128873363423,0.64970035930981,0.050299640690188,0.022878102813121,0.0030379142028956,50.299640690188,36037.666148724
31.299999999999,5.0128494096622,0.64970035703106,0.050299642968936,0.022764242371129,0.0030303451815428,50.299642968936,36037.666224577
31.312499999999,5.0128115774775,0.64970035475799,0.050299645242008,0.022650947739674,0.0030227949615949,50.299645242008,36037.666300241
31.324999999999,5.0127738395534,0.64970035249058,0.050299647509415,0.022538216113381,0.0030152634966303,50.299647509415,36037.666375717
31.337499999999,5.0127361956559,0.64970035022883,0.050299649771174,0.022426044700747,0.0030077507403412,50.299649771174,36037.666451005
31.349999999999,5.0126986455513,0.6497003479727,0.050299652027296,0.022314430724127,0.003000256646537,50.299652027296,36037.666526105
31.362499999999,5.0126611890067,0.6497003457222,0.050299654277798,0.022203371419562,0.0029927811691373,50.299654277798,36037.666601018
31.374999999999,5.0126238257897,0.64970034347731,0.050299656522692,0.022092864036693,0.0029853242621698,50.299656522692,36037.666675745
31.387499999999,5.0125865556683,0.64970034123801,0.050299658761993,0.021982905838855,0.0029778858797815,50.299658761993,36037.666750285
31.399999999999,5.0125493784114,0.64970033900429,0.050299660995714,0.021873494102855,0.0029704659762277,50.299660995714,36037.666824639
31.412499999999,5.0125122937882,0.64970033677613,0.050299663223869,0.021764626118935,0.0029630645058738,50.299663223869,36037.666898809
31.424999999999,5.0124753015686,0.64970033455353,0.050299665446473,0.021656299190791,0.0029556814232006,50.299665446473,36037.666972793
31.437499999999,5.012438401523,0.64970033233646,0.050299667663538,0.021548510635431,0.002948316682799,50.299667663538,36037.667046593
31.449999999999,5.0124015934225,0.64970033012492,0.05029966987508,0.021441257783087,0.0029409702393686,50.29966987508,36037.667120209
31.462499999999,5.0123648770386,0.64970032791889,0.05029967208111,0.021334537977182,0.0029336420477186,50.29967208111,36037.667193642
31.474999999999,5.0123282521435,0.64970032571836,0.050299674281644,0.021228348574316,0.0029263320627724,50.299674281644,36037.667266892
31.487499999999,5.0122917185097,0.64970032352331,0.050299676476694,0.021122686944082,0.0029190402395578,50.299676476694,36037.667339959
31.499999999999,5.0122552759107,0.64970032133373,0.050299678666275,0.021017550469207,0.0029117665332219,50.299678666275,36037.667412844
31.512499999999,5.0122189241202,0.6497003191496,0.050299680850399,0.020912936545212,0.0029045108990111,50.299680850399,36037.667485548
31.524999999999,5.0121826629126,0.64970031697092,0.050299683029081,0.020808842580529,0.0028972732922838,50.299683029081,36037.66755807
31.537499999999,5.0121464920628,0.64970031479767,0.050299685202335,0.020705265996444,0.0028900536685104,50.299685202335,36037.667630412
31.549999999999,5.0121104113464,0.64970031262983,0.050299687370172,0.02060220422696,0.0028828519832675,50.299687370172,36037.667702574
31.562499999999,5.0120744205393,0.64970031046739,0.050299689532608,0.020499654718839,0.0028756681922459,50.299689532608,36037.667774555
31.574999999999,5.0120385194182,0.64970030831034,0.050299691689655,0.020397614931317,0.0028685022512338,50.299691689655,36037.667846357
31.587499999999,5.0120027077602,0.64970030615867,0.050299693841327,0.020296082336296,0.0028613541161349,50.299693841327,36037.667917981
31.599999999999,5.011966985343,0.64970030401236,0.050299695987637,0.020195054418138,0.0028542237429576,50.299695987637,36037.667989426
31.612499999999,5.0119313519449,0.6497003018714,0.050299698128598,0.020094528673677,0.0028471110878208,50.299698128598,36037.668060692
31.624999999999,5.0118958073446,0.64970029973578,0.050299700264224,0.019994502612144,0.0028400161069513,50.299700264224,36037.668131782
31.637499999999,5.0118603513215,0.64970029760547,0.050299702394529,0.019894973754952,0.0028329387566739,50.299702394529,36037.668202694
31.649999999999,5.0118249836556,0.64970029548048,0.050299704519524,0.019795939635942,0.0028258789934323,50.299704519524,36037.668273429
31.662499999999,5.0117897041271,0.64970029336078,0.050299706639224,0.019697397801056,0.0028188367737698,50.299706639224,36037.668343988
31.674999999999,5.0117545125172,0.64970029124636,0.050299708753642,0.019599345808346,0.0028118120543343,50.299708753642,36037.668414371
31.687499999999,5.0117194086073,0.64970028913721,0.05029971086279,0.019501781227976,0.0028048047918823,50.29971086279,36037.668484579
31.699999999999,5.0116843921795,0.64970028703332,0.050299712966682,0.019404701642089,0.002797814943273,50.299712966682,36037.668554612
31.712499999999,5.0116494630163,0.64970028493467,0.050299715065331,0.019308104644897,0.0027908424654797,50.299715065331,36037.66862447
31.724999999999,5.011614620901,0.64970028284125,0.05029971715875,0.019211987842409,0.002783887315573,50.29971715875,36037.668694154
31.737499999999,5.0115798656171,0.64970028075305,0.050299719246951,0.019116348852443,0.0027769494507268,50.299719246951,36037.668763665
31.749999999999,5.0115451969489,0.64970027867005,0.050299721329949,0.019021185304724,0.0027700288282286,50.299721329949,36037.668833002
31.762499999999,5.0115106146811,0.64970027659224,0.050299723407755,0.018926494840559,0.0027631254054601,50.299723407755,36037.668902167
31.774999999999,5.011476118599,0.64970027451962,0.050299725480383,0.018832275113025,0.0027562391399147,50.299725480383,36037.668971159
31.787499999999,5.0114417084884,0.64970027245215,0.050299727547846,0.018738523786698,0.0027493699891821,50.299727547846,36037.669039979
31.799999999999,5.0114073841356,0.64970027038984,0.050299729610156,0.01864523853784,0.0027425179109652,50.299729610156,36037.669108628
31.812499999999,5.0113731453275,0.64970026833267,0.050299731667326,0.018552417054106,0.0027356828630634,50.299731667326,36037.669177106
31.824999999999,5.0113389918514,0.64970026628063,0.05029973371937,0.018460057034608,0.0027288648033803,50.29973371937,36037.669245413
31.837499999999,5.0113049234953,0.6497002642337,0.050299735766299,0.018368156189866,0.0027220636899248,50.299735766299,36037.669313549
31.849999999999,5.0112709400476,0.64970026219187,0.050299737808126,0.018276712241729,0.0027152794808085,50.299737808126,36037.669381516
31.862499999999,5.0112370412972,0.64970026015514,0.050299739844865,0.018185722923273,0.0027085121342427,50.299739844865,36037.669449314
31.874999999999,5.0112032270337,0.64970025812347,0.050299741876527,0.018095185978801,0.0027017616085416,50.299741876527,36037.669516942
31.887499999999,5.011169497047,0.64970025609687,0.050299743903126,0.01800509916381,0.0026950278621243,50.299743903126,36037.669584402
31.899999999999,5.0111358511277,0.64970025407533,0.050299745924674,0.017915460244825,0.0026883108535056,50.299745924674,36037.669651694
31.912499999999,5.0111022890667,0.64970025205882,0.050299747941183,0.017826266999464,0.0026816105413054,50.299747941183,36037.669718818
31.924999999999,5.0110688106557,0.64970025004733,0.050299749952667,0.017737517216338,0.0026749268842448,50.299749952667,36037.669785775
31.937499999999,5.0110354156867,0.64970024804086,0.050299751959136,0.017649208695028,0.0026682598411476,50.299751959136,36037.669852565
31.949999999999,5.0110021039523,0.64970024603939,0.050299753960605,0.017561339245933,0.002661609370934,50.299753960605,36037.669919188
31.962499999999,5.0109688752455,0.64970024404291,0.050299755957086,0.017473906690277,0.0026549754326233,50.299755957086,36037.669985646
31.974999999999,5.0109357293601,0.64970024205141,0.05029975794859,0.017386908860212,0.0026483579853469,50.29975794859,36037.670051937
31.987499999999,5.01090266609,0.64970024006487,0.05029975993513,0.01730034359847,0.002641756988325,50.29975993513,36037.670118064
31.999999999999,5.01086968523,0.64970023808328,0.050299761916719,0.01721420875843,0.0026351724008755,50.299761916719,36037.670184026
32.012499999999,5.0108367865751,0.64970023610663,0.050299763893369,0.017128502204253,0.0026286041824282,50.299763893369,36037.670249823
32.024999999999,5.0108039699211,0.64970023413491,0.050299765865092,0.017043221810486,0.002622052292498,50.299765865092,36037.670315456
32.037499999999,5.010771235064,0.6497002321681,0.050299767831901,0.016958365462358,0.002615516690712,50.299767831901,36037.670380926
32.049999999999,5.0107385818005,0.64970023020619,0.050299769793807,0.016873931055481,0.0026089973367895,50.299769793807,36037.670446233
32.062499999999,5.0107060099277,0.64970022824918,0.050299771750823,0.016789916495818,0.002602494190544,50.299771750823,36037.670511376
32.074999999999,5.0106735192434,0.64970022629704,0.05029977370296,0.01670631969976,0.002596007211892,50.29977370296,36037.670576358
32.087499999999,5.0106411095456,0.64970022434977,0.050299775650232,0.016623138594023,0.0025895363608495,50.299775650232,36037.670641177
32.099999999999,5.010608780633,0.64970022240735,0.05029977759265,0.016540371115603,0.0025830815975318,50.29977759265,36037.670705835
32.112499999999,5.0105765323048,0.64970022046977,0.050299779530227,0.016458015211661,0.0025766428821488,50.299779530227,36037.670770332
32.124999999999,5.0105443643606,0.64970021853703,0.050299781462973,0.016376068839475,0.002570220175004,50.299781462973,36037.670834668
32.137499999999,5.0105122766006,0.6497002166091,0.050299783390902,0.016294529966485,0.0025638134365025,50.299783390902,36037.670898843
32.149999999999,5.0104802688253,0.64970021468597,0.050299785314025,0.016213396570198,0.002557422627147,50.299785314025,36037.670962859
32.162499999999,5.010448340836,0.64970021276765,0.050299787232355,0.0161326666381,0.0025510477075343,50.299787232355,36037.671026715
32.174999999999,5.0104164924343,0.6497002108541,0.050299789145902,0.016052338167674,0.0025446886383609,50.299789145902,36037.671090411
32.187499999999,5.0103847234222,0.64970020894532,0.05029979105468,0.01597240916631,0.0025383453804189,50.29979105468,36037.671153949
32.199999999999,5.0103530336024,0.6497002070413,0.050299792958699,0.015892877651191,0.0025320178945911,50.299792958699,36037.671217329
32.212499999999,5.0103214227779,0.64970020514203,0.050299794857972,0.015813741649362,0.00252570614186,50.299794857972,36037.671280551
32.224999999999,5.0102898907524,0.64970020324749,0.050299796752511,0.015734999197681,0.0025194100833072,50.299796752511,36037.671343615
32.237499999999,5.0102584373299,0.64970020135767,0.050299798642327,0.015656648342665,0.0025131296801053,50.299798642327,36037.671406522
32.249999999999,5.0102270623149,0.64970019947257,0.050299800527432,0.015578687140489,0.0025068648935207,50.299800527432,36037.671469272
32.262499999999,5.0101957655126,0.64970019759216,0.050299802407838,0.015501113657003,0.0025006156849194,50.299802407838,36037.671531865
32.274999999999,5.0101645467283,0.64970019571644,0.050299804283556,0.015423925967587,0.0024943820157581,50.299804283556,36037.671594303
32.287499999999,5.0101334057682,0.6497001938454,0.050299806154598,0.015347122157117,0.0024881638475858,50.299806154598,36037.671656585
32.299999999999,5.0101023424386,0.64970019197902,0.050299808020976,0.015270700320062,0.0024819611420543,50.299808020976,36037.671718711
32.312499999999,5.0100713565466,0.6497001901173,0.050299809882702,0.015194658560238,0.0024757738609029,50.299809882702,36037.671780683
32.324999999999,5.0100404478996,0.64970018826021,0.050299811739786,0.015118994990852,0.0024696019659647,50.299811739786,36037.6718425
32.337499999999,5.0100096163054,0.64970018640776,0.050299813592241,0.015043707734438,0.0024634454191652,50.299813592241,36037.671904164
32.349999999999,5.0099788615725,0.64970018455992,0.050299815440077,0.01496879492288,0.0024573041825278,50.299815440077,36037.671965673
32.362499999999,5.0099481835097,0.64970018271669,0.050299817283307,0.014894254697279,0.0024511782181662,50.299817283307,36037.672027029
32.374999999999,5.0099175819263,0.64970018087806,0.050299819121942,0.014820085207954,0.0024450674882885,50.299819121942,36037.672088232
32.387499999999,5.0098870566323,0.64970017904401,0.050299820955994,0.014746284614316,0.0024389719551898,50.299820955994,36037.672149283
32.399999999999,5.0098566074377,0.64970017721453,0.050299822785472,0.014672851084973,0.0024328915812646,50.299822785472,36037.672210181
32.412499999999,5.0098262341535,0.64970017538961,0.050299824610391,0.014599782797563,0.0024268263289962,50.299824610391,36037.672270928
32.424999999999,5.0097959365907,0.64970017356924,0.050299826430759,0.01452707793879,0.0024207761609638,50.299826430759,36037.672331523
32.437499999999,5.0097657145611,0.64970017175341,0.050299828246589,0.014454734704261,0.0024147410398321,50.299828246589,36037.672391967
32.449999999999,5.0097355678768,0.64970016994211,0.050299830057892,0.014382751298572,0.0024087209283614,50.299830057892,36037.67245226
32.462499999999,5.0097054963505,0.64970016813532,0.05029983186468,0.014311125935176,0.0024027157894011,50.29983186468,36037.672512404
32.474999999999,5.0096754997952,0.64970016633304,0.050299833666963,0.014239856836369,0.002396725585891,50.299833666963,36037.672572397
32.487499999999,5.0096455780244,0.64970016453525,0.050299835464753,0.014168942233309,0.0023907502808669,50.299835464753,36037.67263224
32.499999999999,5.0096157308522,0.64970016274194,0.05029983725806,0.014098380365829,0.0023847898374481,50.29983725806,36037.672691935
32.512499999999,5.0095859580929,0.6497001609531,0.050299839046897,0.014028169482522,0.0023788442188479,50.299839046897,36037.67275148
32.524999999999,5.0095562595616,0.64970015916873,0.050299840831274,0.0139583078407,0.0023729133883741,50.299840831274,36037.672810877
32.537499999999,5.0095266350736,0.6497001573888,0.050299842611202,0.013888793706188,0.002366997309414,50.299842611202,36037.672870126
32.549999999999,5.0094970844447,0.64970015561331,0.050299844386692,0.013819625353513,0.0023610959454547,50.299844386692,36037.672929227
32.562499999999,5.0094676074913,0.64970015384224,0.050299846157756,0.013750801065674,0.0023552092600667,50.299846157756,36037.672988181
32.574999999999,5.00943820403,0.6497001520756,0.050299847924404,0.01368231913417,0.0023493372169092,50.299847924404,36037.673046988
32.587499999999,5.009408873878,0.64970015031335,0.050299849686648,0.01361417785908,0.002343479779741,50.299849686648,36037.673105648
32.599999999999,5.0093796168531,0.6497001485555,0.050299851444498,0.01354637554878,0.0023376369123991,50.299851444498,36037.673164163
32.612499999999,5.0093504327733,0.64970014680204,0.050299853197965,0.013478910520021,0.0023318085788091,50.299853197965,36037.673222531
32.624999999999,5.0093213214572,0.64970014505294,0.05029985494706,0.013411781097962,0.002325994742991,50.29985494706,36037.673280753
32.637499999999,5.0092922827237,0.64970014330821,0.050299856691794,0.013344985615997,0.0023201953690482,50.299856691794,36037.673338831
32.649999999999,5.0092633163924,0.64970014156782,0.050299858432178,0.013278522415827,0.0023144104211763,50.299858432178,36037.673396763
32.662499999999,5.0092344222831,0.64970013983178,0.050299860168223,0.013212389847339,0.0023086398636565,50.299860168223,36037.673454552
32.674999999999,5.0092056002162,0.64970013810006,0.050299861899939,0.013146586268582,0.0023028836608567,50.299861899939,36037.673512196
32.687499999999,5.0091768500124,0.64970013637266,0.050299863627338,0.013081110045697,0.0022971417772286,50.299863627338,36037.673569696
32.699999999999,5.0091481714929,0.64970013464957,0.050299865350429,0.013015959553016,0.0022914141773196,50.299865350429,36037.673627053
32.712499999999,5.0091195644796,0.64970013293078,0.050299867069225,0.012951133172885,0.0022857008257606,50.299867069225,36037.673684267
32.724999999999,5.0090910287944,0.64970013121627,0.050299868783734,0.012886629295663,0.0022800016872697,50.299868783734,36037.673741339
32.737499999999,5.0090625642599,0.64970012950603,0.050299870493969,0.012822446319692,0.0022743167266519,50.299870493969,36037.673798268
32.749999999999,5.0090341706992,0.64970012780006,0.050299872199939,0.012758582651153,0.0022686459087904,50.299872199939,36037.673855055
32.762499999999,5.0090058479357,0.64970012609834,0.050299873901656,0.012695036704292,0.0022629891986696,50.299873901656,36037.6739117
32.774999999999,5.0089775957931,0.64970012440087,0.050299875599129,0.012631806901065,0.0022573465613469,50.299875599129,36037.673968205
32.787499999999,5.008949414096,0.64970012270763,0.05029987729237,0.01256889167134,0.0022517179619737,50.29987729237,36037.674024568
32.799999999999,5.0089213026688,0.64970012101861,0.050299878981389,0.012506289452619,0.0022461033657741,50.299878981389,36037.674080791
32.812499999999,5.008893261337,0.6497001193338,0.050299880666196,0.012443998690347,0.0022405027380756,50.299880666196,36037.674136874
32.824999999999,5.008865289926,0.6497001176532,0.050299882346803,0.012382017837508,0.0022349160442765,50.299882346803,36037.674192816
32.837499999999,5.0088373882619,0.64970011597678,0.050299884023218,0.012320345354879,0.002229343249871,50.299884023218,36037.67424862
32.849999999999,5.0088095561712,0.64970011430455,0.050299885695454,0.012258979710746,0.002223784320428,50.299885695454,36037.674304284
32.862499999999,5.0087817934808,0.64970011263648,0.050299887363519,0.012197919381114,0.0022182392216124,50.299887363519,36037.674359809
32.874999999999,5.008754100018,0.64970011097257,0.050299889027426,0.012137162849389,0.0022127079191598,50.299889027426,36037.674415196
32.887499999999,5.0087264756106,0.64970010931282,0.050299890687183,0.012076708606586,0.0022071903788987,50.299890687183,36037.674470445
32.899999999999,5.0086989200867,0.6497001076572,0.050299892342802,0.012016555151189,0.0022016865667407,50.299892342802,36037.674525556
32.912499999999,5.008671433275,0.64970010600571,0.050299893994292,0.011956700989064,0.0021961964486756,50.299893994292,36037.67458053
32.924999999999,5.0086440150045,0.64970010435834,0.050299895641664,0.011897144633577,0.0021907199907858,50.299895641664,36037.674635366
32.937499999999,5.0086166651047,0.64970010271507,0.050299897284928,0.011837884605382,0.0021852571592298,50.299897284928,36037.674690066
32.949999999999,5.0085893834054,0.64970010107591,0.050299898924094,0.011778919432454,0.002179807920248,50.299898924094,36037.674744629
32.962499999999,5.008562169737,0.64970009944083,0.050299900559173,0.01172024765014,0.0021743722401713,50.299900559173,36037.674799057
32.974999999999,5.0085350239301,0.64970009780983,0.050299902190174,0.01166186780102,0.0021689500854105,50.299902190174,36037.674853348
32.987499999999,5.008507945816,0.64970009618289,0.050299903817109,0.011603778434827,0.002163541422453,50.299903817109,36037.674907505
32.999999999999,5.0084809352261,0.64970009456001,0.050299905439986,0.011545978108572,0.0021581462178766,50.299905439986,36037.674961526
33.012499999999,5.0084539919925,0.64970009294118,0.050299907058816,0.011488465386354,0.0021527644383355,50.299907058816,36037.675015412
33.024999999999,5.0084271159476,0.64970009132639,0.05029990867361,0.011431238839426,0.0021473960505691,50.29990867361,36037.675069164
33.037499999999,5.0084003069241,0.64970008971562,0.050299910284376,0.011374297046083,0.0021420410213953,50.299910284376,36037.675122782
33.049999999999,5.0083735647553,0.64970008810887,0.050299911891126,0.011317638591706,0.0021366993177168,50.299911891126,36037.675176267
33.062499999999,5.0083468892748,0.64970008650613,0.050299913493869,0.011261262068652,0.0021313709065147,50.299913493869,36037.675229618
33.074999999999,5.0083202803167,0.64970008490739,0.050299915092615,0.011205166076301,0.0021260557548555,50.299915092615,36037.675282836
33.087499999999,5.0082937377154,0.64970008331263,0.050299916687374,0.011149349220907,0.00212075382988,50.299916687374,36037.675335921
33.099999999999,5.0082672613058,0.64970008172184,0.050299918278156,0.011093810115717,0.002115465098818,50.299918278156,36037.675388874
33.112499999999,5.0082408509232,0.64970008013503,0.050299919864971,0.011038547380752,0.0021101895289704,50.299919864971,36037.675441694
33.124999999999,5.0082145064033,0.64970007855217,0.050299921447829,0.010983559642979,0.0021049270877285,50.299921447829,36037.675494383
33.137499999999,5.0081882275821,0.64970007697326,0.050299923026739,0.010928845536096,0.0020996777425566,50.299923026739,36037.675546941
33.149999999999,5.0081620142962,0.64970007539829,0.050299924601712,0.010874403700555,0.0020944414609971,50.299924601712,36037.675599368
33.162499999999,5.0081358663825,0.64970007382724,0.050299926172757,0.010820232783639,0.0020892182106813,50.299926172757,36037.675651663
33.174999999999,5.0081097836782,0.64970007226012,0.050299927739884,0.010766331439251,0.0020840079593114,50.299927739884,36037.675703829
33.187499999999,5.0080837660212,0.6497000706969,0.050299929303103,0.010712698328005,0.0020788106746732,50.299929303103,36037.675755864
33.199999999999,5.0080578132495,0.64970006913758,0.050299930862424,0.010659332117203,0.0020736263246359,50.299930862424,36037.67580777
33.212499999999,5.0080319252016,0.64970006758214,0.050299932417855,0.010606231480615,0.0020684548771346,50.299932417855,36037.675859546
33.224999999999,5.0080061017165,0.64970006603059,0.050299933969408,0.010553395098706,0.0020632963001948,50.299933969408,36037.675911193
33.237499999999,5.0079803426334,0.64970006448291,0.050299935517091,0.010500821658407,0.0020581505619131,50.299935517091,36037.675962711
33.249999999999,5.0079546477922,0.64970006293909,0.050299937060914,0.010448509853225,0.0020530176304714,50.299937060914,36037.676014101
33.262499999999,5.0079290170328,0.64970006139911,0.050299938600887,0.010396458383147,0.0020478974741298,50.299938600887,36037.676065362
33.274999999999,5.0079034501958,0.64970005986298,0.050299940137019,0.010344665954531,0.0020427900612194,50.299940137019,36037.676116496
33.287499999999,5.0078779471221,0.64970005833068,0.05029994166932,0.010293131280208,0.0020376953601549,50.29994166932,36037.676167502
33.299999999999,5.0078525076531,0.6497000568022,0.0502999431978,0.010241853079374,0.0020326133394271,50.2999431978,36037.676218381
33.312499999999,5.0078271316304,0.64970005527753,0.050299944722467,0.010190830077587,0.0020275439676052,50.299944722467,36037.676269133
33.324999999999,5.007801818896,0.64970005375667,0.050299946243332,0.010140061006655,0.0020224872133294,50.299946243332,36037.676319758
33.337499999999,5.0077765692925,0.6497000522396,0.050299947760404,0.010089544604726,0.0020174430453217,50.299947760404,36037.676370258
33.349999999999,5.0077513826627,0.64970005072631,0.050299949273693,0.0100392796163,0.0020124114323909,50.299949273693,36037.676420631
33.362499999999,5.00772625885,0.64970004921679,0.050299950783207,0.0099892647919084,0.002007392343403,50.299950783207,36037.676470879
33.374999999999,5.0077011976978,0.64970004771104,0.050299952288956,0.0099394988884317,0.0020023857473159,50.299952288956,36037.676521001
33.387499999999,5.0076761990503,0.64970004620905,0.05029995379095,0.0098899806688282,0.0019973916131555,50.29995379095,36037.676570998
33.399999999999,5.0076512627519,0.6497000447108,0.050299955289197,0.0098407089022267,0.0019924099100272,50.299955289197,36037.676620871
33.412499999999,5.0076263886474,0.64970004321629,0.050299956783708,0.0097916823638808,0.001987440607115,50.299956783708,36037.676670619
33.424999999999,5.0076015765819,0.64970004172551,0.050299958274491,0.0097428998350701,0.0019824836736735,50.299958274491,36037.676720243
33.437499999999,5.0075768264011,0.64970004023844,0.050299959761556,0.00969436010316,0.0019775390790375,50.299959761556,36037.676769743
33.449999999999,5.0075521379509,0.64970003875509,0.050299961244913,0.0096460619614687,0.0019726067926111,50.299961244913,36037.67681912
33.462499999999,5.0075275110776,0.64970003727543,0.050299962724569,0.0095980042093438,0.0019676867838783,50.299962724569,36037.676868374
33.474999999999,5.007502945628,0.64970003579947,0.050299964200535,0.0095501856520477,0.0019627790223939,50.299964200535,36037.676917505
33.487499999999,5.0074784414492,0.64970003432718,0.05029996567282,0.0095026051008686,0.0019578834777985,50.29996567282,36037.676966513
33.499999999999,5.0074539983886,0.64970003285857,0.050299967141432,0.0094552613728846,0.001953000119796,50.299967141432,36037.677015399
33.512499999999,5.007429616294,0.64970003139362,0.050299968606381,0.0094081532910758,0.0019481289181691,50.299968606381,36037.677064164
33.524999999999,5.0074052950138,0.64970002993232,0.050299970067677,0.0093612796842273,0.001943269842771,50.299970067677,36037.677112806
33.537499999999,5.0073810343966,0.64970002847467,0.050299971525327,0.0093146393870397,0.0019384228635406,50.299971525327,36037.677161327
33.549999999999,5.0073568342912,0.64970002702066,0.050299972979342,0.0092682312398448,0.0019335879504752,50.299972979342,36037.677209728
33.562499999999,5.0073326945472,0.64970002557027,0.050299974429731,0.0092220540888189,0.0019287650736555,50.299974429731,36037.677258007
33.574999999999,5.0073086150141,0.6497000241235,0.050299975876501,0.009176106785819,0.0019239542032317,50.299975876501,36037.677306166
33.587499999999,5.0072845955422,0.64970002268034,0.050299977319663,0.0091303881884581,0.0019191553094338,50.299977319663,36037.677354205
33.599999999999,5.0072606359819,0.64970002124077,0.050299978759225,0.0090848971599267,0.0019143683625558,50.299978759225,36037.677402124
33.612499999999,5.007236736184,0.6497000198048,0.050299980195197,0.0090396325691352,0.0019095933329734,50.299980195197,36037.677449924
33.624999999999,5.0072128959998,0.64970001837241,0.050299981627587,0.0089945932905696,0.0019048301911315,50.299981627587,36037.677497604
33.637499999999,5.0071891152808,0.6497000169436,0.050299983056404,0.0089497782042323,0.001900078907541,50.299983056404,36037.677545166
33.649999999999,5.007165393879,0.64970001551834,0.050299984481657,0.0089051861958172,0.0018953394527994,50.299984481657,36037.677592608
33.662499999999,5.0071417316468,0.64970001409665,0.050299985903355,0.0088608161564491,0.0018906117975668,50.299985903355,36037.677639933
33.674999999999,5.0071181284368,0.64970001267849,0.050299987321506,0.0088166669827922,0.0018858959125794,50.299987321506,36037.677687139
33.687499999999,5.007094584102,0.64970001126388,0.050299988736121,0.0087727375769246,0.0018811917686392,50.299988736121,36037.677734228
33.699999999999,5.007071098496,0.64970000985279,0.050299990147206,0.0087290268464457,0.0018764993366283,50.299990147206,36037.677781199
33.712499999999,5.0070476714724,0.64970000844523,0.050299991554772,0.0086855337043841,0.0018718185875013,50.299991554772,36037.677828053
33.724999999999,5.0070243028854,0.64970000704117,0.050299992958827,0.0086422570690571,0.0018671494922735,50.299992958827,36037.67787479
33.737499999999,5.0070009925896,0.64970000564062,0.050299994359379,0.0085991958642276,0.00186249202204,50.299994359379,36037.677921411
33.749999999999,5.0069777404398,0.64970000424356,0.050299995756438,0.0085563490190124,0.0018578461479688,50.299995756438,36037.677967915
33.762499999999,5.0069545462911,0.64970000284999,0.050299997150012,0.0085137154677593,0.0018532118412899,50.299997150012,36037.678014304
33.774999999999,5.0069314099993,0.64970000145989,0.05029999854011,0.0084712941501214,0.0018485890733064,50.29999854011,36037.678060576
33.787499999999,5.0069083314202,0.64970000007326,0.05029999992674,0.0084290840110971,0.0018439778154011,50.29999992674,36037.678106733
33.799999999999,5.0068853104102,0.64969999869009,0.050300001309912,0.0083870840008584,0.0018393780390209,50.300001309912,36037.678152775
33.812499999999,5.0068623468259,0.64969999731037,0.050300002689633,0.0083452930747605,0.0018347897156801,50.300002689633,36037.678198703
33.824999999999,5.0068394405243,0.64969999593409,0.050300004065912,0.0083037101933975,0.0018302128169694,50.300004065912,36037.678244515
33.837499999999,5.0068165913629,0.64969999456124,0.050300005438758,0.0082623343225141,0.0018256473145488,50.300005438758,36037.678290213
33.849999999999,5.0067937991992,0.64969999319182,0.05030000680818,0.0082211644329172,0.0018210931801406,50.30000680818,36037.678335798
33.862499999999,5.0067710638914,0.64969999182581,0.050300008174185,0.0081801995005647,0.0018165503855414,50.300008174185,36037.678381268
33.874999999999,5.006748385298,0.64969999046322,0.050300009536783,0.0081394385065417,0.0018120189026227,50.300009536783,36037.678426626
33.887499999999,5.0067257632777,0.64969998910402,0.050300010895982,0.0080988804368925,0.0018074987033145,50.300010895982,36037.67847187
33.899999999999,5.0067031976895,0.64969998774821,0.05030001225179,0.0080585242827894,0.0018029897596268,50.30001225179,36037.678517001
33.912499999999,5.0066806883931,0.64969998639578,0.050300013604216,0.0080183690403491,0.0017984920436316,50.300013604216,36037.678562019
33.924999999999,5.0066582352483,0.64969998504673,0.050300014953269,0.007978413710674,0.0017940055274703,50.300014953269,36037.678606926
33.937499999999,5.0066358381151,0.64969998370104,0.050300016298956,0.0079386572998284,0.0017895301833537,50.300016298956,36037.67865172
33.949999999999,5.0066134968542,0.64969998235871,0.050300017641286,0.0078990988188315,0.0017850659835634,50.300017641286,36037.678696403
33.962499999999,5.0065912113264,0.64969998101973,0.050300018980267,0.0078597372835871,0.001780612900447,50.300018980267,36037.678740974
33.974999999999,5.0065689813929,0.64969997968409,0.050300020315908,0.0078205717148923,0.001776170906421,50.300020315908,36037.678785433
33.987499999999,5.0065468069153,0.64969997835178,0.050300021648217,0.0077816011383676,0.0017717399739663,50.300021648217,36037.678829782
33.999999999999,5.0065246877555,0.6496999770228,0.050300022977203,0.0077428245845285,0.0017673200756381,50.300022977203,36037.678874021
34.012499999999,5.0065026237757,0.64969997569713,0.050300024302873,0.0077042410886536,0.0017629111840538,50.300024302873,36037.678918149
34.024999999999,5.0064806148385,0.64969997437476,0.050300025625236,0.0076658496908709,0.0017585132719056,50.300025625236,36037.678962167
34.037499999999,5.0064586608068,0.6496999730557,0.0503000269443,0.0076276494359651,0.0017541263119405,50.3000269443,36037.679006075
34.049999999999,5.0064367615439,0.64969997173993,0.050300028260073,0.007589639373557,0.0017497502769839,50.300028260073,36037.679049873
34.062499999999,5.0064149169135,0.64969997042744,0.050300029572564,0.0075518185579575,0.0017453851399249,50.300029572564,36037.679093562
34.074999999999,5.0063931267794,0.64969996911822,0.050300030881781,0.0075141860481148,0.0017410308737134,50.300030881781,36037.679137143
34.087499999999,5.0063713910059,0.64969996781227,0.050300032187731,0.0074767409077317,0.0017366874513751,50.300032187731,36037.679180614
34.099999999999,5.0063497094577,0.64969996650958,0.050300033490424,0.0074394822051352,0.0017323548460002,50.300033490424,36037.679223977
34.112499999999,5.0063280819997,0.64969996521013,0.050300034789866,0.0074024090132255,0.001728033030739,50.300034789866,36037.679267232
34.124999999999,5.0063065084972,0.64969996391393,0.050300036086067,0.0073655204095305,0.0017237219788111,50.300036086067,36037.679310379
34.137499999999,5.0062849888159,0.64969996262097,0.050300037379034,0.0073288154762296,0.0017194216635108,50.300037379034,36037.679353419
34.149999999999,5.0062635228216,0.64969996133122,0.050300038668776,0.0072922932999505,0.0017151320581856,50.300038668776,36037.679396351
34.162499999999,5.0062421103807,0.6496999600447,0.050300039955299,0.0072559529719148,0.001710853136256,50.300039955299,36037.679439175
34.174999999999,5.0062207513598,0.64969995876139,0.050300041238613,0.007219793587811,0.0017065848712026,50.300041238613,36037.679481893
34.187499999999,5.0061994456259,0.64969995748127,0.050300042518726,0.0071838142478341,0.0017023272365737,50.300042518726,36037.679524505
34.199999999999,5.0061781930462,0.64969995620436,0.050300043795644,0.0071480140567095,0.0016980802059905,50.300043795644,36037.67956701
34.212499999999,5.0061569934884,0.64969995493062,0.050300045069377,0.007112392123492,0.0016938437531255,50.300045069377,36037.679609409
34.224999999999,5.0061358468203,0.64969995366007,0.050300046339933,0.0070769475617255,0.0016896178517243,50.300046339933,36037.679651703
34.237499999999,5.0061147529103,0.64969995239268,0.050300047607318,0.0070416794893475,0.0016854024755961,50.300047607318,36037.67969389
34.249999999999,5.006093711627,0.64969995112846,0.050300048871542,0.0070065870286828,0.0016811975986162,50.300048871542,36037.679735973
34.262499999999,5.0060727228393,0.64969994986739,0.050300050132611,0.0069716693063944,0.0016770031947217,50.300050132611,36037.679777951
34.274999999999,5.0060517864164,0.64969994860947,0.050300051390534,0.0069369254534774,0.0016728192379141,50.300051390534,36037.679819823
34.287499999999,5.0060309022279,0.64969994735468,0.050300052645319,0.0069023546052544,0.0016686457022601,50.300052645319,36037.679861592
34.299999999999,5.0060100701438,0.64969994610303,0.050300053896973,0.0068679559013542,0.0016644825618926,50.300053896973,36037.679903256
34.312499999999,5.0059892900341,0.6496999448545,0.050300055145504,0.006833728485605,0.0016603297909992,50.300055145504,36037.679944816
34.324999999999,5.0059685617695,0.64969994360908,0.05030005639092,0.0067996715061898,0.0016561873638441,50.30005639092,36037.679986273
34.337499999999,5.0059478852209,0.64969994236677,0.050300057633229,0.0067657841154654,0.0016520552547483,50.300057633229,36037.680027626
34.349999999999,5.0059272602594,0.64969994112756,0.050300058872439,0.0067320654699435,0.0016479334380897,50.300058872439,36037.680068876
34.362499999999,5.0059066867564,0.64969993989144,0.050300060108557,0.006698514730402,0.0016438218883188,50.300060108557,36037.680110023
34.374999999999,5.005886164584,0.64969993865841,0.050300061341591,0.0066651310617925,0.0016397205799503,50.300061341591,36037.680151067
34.387499999999,5.0058656936141,0.64969993742845,0.050300062571548,0.0066319136331485,0.0016356294875539,50.300062571548,36037.680192009
34.399999999999,5.0058452737192,0.64969993620156,0.050300063798436,0.0065988616176822,0.0016315485857685,50.300063798436,36037.680232849
34.412499999999,5.0058249047722,0.64969993497774,0.050300065022264,0.0065659741926641,0.00162747784929,50.300065022264,36037.680273587
34.424999999999,5.0058045866461,0.64969993375696,0.050300066243038,0.0065332505394901,0.0016234172528815,50.300066243038,36037.680314223
34.437499999999,5.0057843192143,0.64969993253923,0.050300067460766,0.0065006898436055,0.0016193667713669,50.300067460766,36037.680354758
34.449999999999,5.0057641023505,0.64969993132454,0.050300068675456,0.0064682912944856,0.0016153263796301,50.300068675456,36037.680395192
34.462499999999,5.0057439359288,0.64969993011289,0.050300069887115,0.0064360540856602,0.0016112960526211,50.300069887115,36037.680435524
34.474999999999,5.0057238198236,0.64969992890425,0.050300071095751,0.0064039774146233,0.0016072757653465,50.300071095751,36037.680475757
34.487499999999,5.0057037539094,0.64969992769863,0.050300072301371,0.0063720604828857,0.0016032654928786,50.300072301371,36037.680515888
34.499999999999,5.0056837380612,0.64969992649602,0.050300073503983,0.0063403024959142,0.0015992652103503,50.300073503983,36037.68055592
34.512499999999,5.0056637721544,0.64969992529641,0.050300074703595,0.0063087026630844,0.0015952748929511,50.300074703595,36037.680595852
34.524999999999,5.0056438560645,0.64969992409979,0.050300075900213,0.0062772601978035,0.0015912945159453,50.300075900213,36037.680635684
34.537499999999,5.0056239896674,0.64969992290615,0.050300077093846,0.0062459743172251,0.001587324054638,50.300077093846,36037.680675417
34.549999999999,5.0056041728394,0.6496999217155,0.050300078284501,0.0062148442425254,0.0015833634844125,50.300078284501,36037.680715051
34.562499999999,5.0055844054568,0.64969992052782,0.050300079472184,0.0061838691986891,0.0015794127807052,50.300079472184,36037.680754585
34.574999999999,5.0055646873967,0.6496999193431,0.050300080656904,0.0061530484145755,0.0015754719190166,50.300080656904,36037.680794021
34.587499999999,5.005545018536,0.64969991816133,0.050300081838669,0.0061223811228167,0.0015715408749006,50.300081838669,36037.680833359
34.599999999999,5.0055253987522,0.64969991698252,0.050300083017484,0.006091866559925,0.0015676196239802,50.300083017484,36037.680872599
34.612499999999,5.0055058279231,0.64969991580664,0.050300084193358,0.0060615039661645,0.0015637081419335,50.300084193358,36037.68091174
34.624999999999,5.0054863059267,0.6496999146337,0.050300085366298,0.0060312925856019,0.0015598064045026,50.300085366298,36037.680950784
34.637499999999,5.0054668326413,0.64969991346369,0.050300086536312,0.0060012316659795,0.0015559143874793,50.300086536312,36037.680989731
34.649999999999,5.0054474079456,0.64969991229659,0.050300087703406,0.0059713204588763,0.0015520320667282,50.300087703406,36037.68102858
34.662499999999,5.0054280317186,0.64969991113241,0.050300088867587,0.0059415582195528,0.001548159418169,50.300088867587,36037.681067333
34.674999999999,5.0054087038394,0.64969990997114,0.050300090028864,0.0059119442069481,0.0015442964177783,50.300090028864,36037.681105989
34.687499999999,5.0053894241877,0.64969990881276,0.050300091187244,0.005882477683676,0.0015404430415913,50.300091187244,36037.681144548
34.699999999999,5.0053701926433,0.64969990765727,0.050300092342733,0.0058531579160355,0.0015365992657053,50.300092342733,36037.681183011
34.712499999999,5.0053510090862,0.64969990650466,0.050300093495338,0.0058239841739661,0.0015327650662762,50.300093495338,36037.681221378
34.724999999999,5.005331873397,0.64969990535493,0.050300094645068,0.0057949557310043,0.0015289404195151,50.300094645068,36037.681259649
34.737499999999,5.0053127854564,0.64969990420807,0.050300095791929,0.0057660718643474,0.0015251253016988,50.300095791929,36037.681297825
34.749999999999,5.0052937451455,0.64969990306407,0.050300096935928,0.0057373318547557,0.001521319689159,50.300096935928,36037.681335906
34.762499999999,5.0052747523456,0.64969990192293,0.050300098077072,0.0057087349865362,0.0015175235582827,50.300098077072,36037.681373892
34.774999999999,5.0052558069382,0.64969990078463,0.050300099215369,0.0056802805475929,0.0015137368855207,50.300099215369,36037.681411782
34.787499999999,5.0052369088053,0.64969989964917,0.050300100350825,0.0056519678293433,0.0015099596473789,50.300100350825,36037.681449579
34.799999999999,5.0052180578292,0.64969989851655,0.050300101483449,0.0056237961267286,0.0015061918204218,50.300101483449,36037.681487281
34.812499999999,5.0051992538923,0.64969989738675,0.050300102613246,0.0055957647381578,0.0015024333812672,50.300102613246,36037.681524888
34.824999999999,5.0051804968775,0.64969989625978,0.050300103740223,0.0055678729655709,0.0014986843065969,50.300103740223,36037.681562402
34.837499999999,5.0051617866677,0.64969989513561,0.050300104864389,0.0055401201143955,0.0014949445731531,50.300104864389,36037.681599823
34.849999999999,5.0051431231465,0.64969989401425,0.050300105985749,0.0055125054934522,0.0014912141577277,50.300105985749,36037.68163715
34.862499999999,5.0051245061975,0.64969989289569,0.050300107104311,0.0054850284150174,0.0014874930371729,50.300107104311,36037.681674384
34.874999999999,5.0051059357045,0.64969989177992,0.050300108220082,0.0054576881947548,0.0014837811883943,50.300108220082,36037.681711525
34.887499999999,5.005087411552,0.64969989066693,0.050300109333069,0.0054304841518304,0.0014800785883686,50.300109333069,36037.681748573
34.899999999999,5.0050689336244,0.64969988955672,0.050300110443278,0.0054034156086483,0.0014763852141098,50.300110443278,36037.681785529
34.912499999999,5.0050505018065,0.64969988844928,0.050300111550717,0.0053764818910828,0.0014727010427027,50.300111550717,36037.681822393
34.924999999999,5.0050321159834,0.64969988734461,0.050300112655393,0.0053496823282811,0.0014690260512786,50.300112655393,36037.681859164
34.937499999999,5.0050137760406,0.64969988624269,0.050300113757311,0.0053230162527896,0.0014653602170345,50.300113757311,36037.681895844
34.949999999999,5.0049954818637,0.64969988514352,0.05030011485648,0.0052964830004612,0.0014617035172222,50.30011485648,36037.681932432
34.962499999999,5.0049772333386,0.64969988404709,0.050300115952907,0.0052700819104011,0.0014580559291435,50.300115952907,36037.68196893
34.974999999999,5.0049590303517,0.6496998829534,0.050300117046597,0.0052438123250415,0.0014544174301623,50.300117046597,36037.682005336
34.987499999999,5.0049408727894,0.64969988186244,0.050300118137557,0.0052176735900238,0.0014507879976904,50.300118137557,36037.682041651
34.999999999999,5.0049227605386,0.6496998807742,0.050300119225796,0.005191665054337,0.0014471676092089,50.300119225796,36037.682077875
35.012499999999,5.0049046934863,0.64969987968868,0.050300120311318,0.0051657860701107,0.0014435562422417,50.300120311318,36037.682114009
35.024999999999,5.0048866715199,0.64969987860587,0.050300121394132,0.0051400359927406,0.0014399538743746,50.300121394132,36037.682150053
35.037499999999,5.004868694527,0.64969987752576,0.050300122474244,0.0051144141808098,0.0014363604832468,50.300122474244,36037.682186007
35.049999999999,5.0048507623957,0.64969987644834,0.05030012355166,0.0050889199961242,0.001432776046558,50.30012355166,36037.682221871
35.062499999999,5.0048328750141,0.64969987537361,0.050300124626388,0.0050635528035844,0.0014292005420522,50.300124626388,36037.682257646
35.074999999999,5.0048150322706,0.64969987430157,0.050300125698433,0.005038311971335,0.0014256339475409,50.300125698433,36037.682293332
35.087499999999,5.0047972340542,0.6496998732322,0.050300126767804,0.0050131968705858,0.0014220762408801,50.300126767804,36037.682328928
35.099999999999,5.0047794802537,0.64969987216549,0.050300127834505,0.0049882068756979,0.0014185273999843,50.300127834505,36037.682364436
35.112499999999,5.0047617707585,0.64969987110146,0.050300128898545,0.004963341364132,0.0014149874028213,50.300128898545,36037.682399855
35.124999999999,5.0047441054582,0.64969987004007,0.050300129959929,0.0049385997164958,0.0014114562274212,50.300129959929,36037.682435185
35.137499999999,5.0047264842427,0.64969986898134,0.050300131018664,0.0049139813164047,0.0014079338518584,50.300131018664,36037.682470428
35.149999999999,5.004708907002,0.64969986792524,0.050300132074758,0.0048894855505432,0.0014044202542625,50.300132074758,36037.682505582
35.162499999999,5.0046913736267,0.64969986687178,0.050300133128216,0.0048651118086747,0.0014009154128214,50.300133128216,36037.682540649
35.174999999999,5.0046738840074,0.64969986582096,0.050300134179044,0.00484085948359,0.0013974193057766,50.300134179044,36037.682575628
35.187499999999,5.004656438035,0.64969986477275,0.050300135227251,0.0048167279710937,0.0013939319114229,50.300135227251,36037.68261052
35.199999999999,5.0046390356008,0.64969986372716,0.050300136272841,0.0047927166699407,0.0013904532081011,50.300136272841,36037.682645325
35.212499999999,5.0046216765963,0.64969986268418,0.050300137315822,0.0047688249819819,0.0013869831742213,50.300137315822,36037.682680043
35.224999999999,5.0046043609132,0.6496998616438,0.0503001383562,0.0047450523119175,0.0013835217882292,50.3001383562,36037.682714674
35.237499999999,5.0045870884436,0.64969986060602,0.050300139393982,0.0047213980675031,0.0013800690286381,50.300139393982,36037.682749219
35.249999999999,5.0045698590798,0.64969985957083,0.050300140429174,0.004697861659414,0.0013766248740108,50.300140429174,36037.682783678
35.262499999999,5.0045526727143,0.64969985853822,0.050300141461783,0.0046744425012071,0.0013731893029565,50.300141461783,36037.682818051
35.274999999999,5.0045355292401,0.64969985750819,0.050300142491814,0.0046511400094049,0.0013697622941446,50.300142491814,36037.682852338
35.287499999999,5.0045184285501,0.64969985648073,0.050300143519275,0.0046279536034083,0.0013663438262945,50.300143519275,36037.682886539
35.299999999999,5.0045013705378,0.64969985545583,0.050300144544171,0.0046048827054723,0.0013629338781733,50.300144544171,36037.682920655
35.312499999999,5.0044843550968,0.64969985443349,0.05030014556651,0.0045819267407997,0.0013595324286122,50.30014556651,36037.682954686
35.324999999999,5.004467382121,0.6496998534137,0.050300146586297,0.0045590851373845,0.0013561394564849,50.300146586297,36037.682988632
35.337499999999,5.0044504515045,0.64969985239646,0.050300147603539,0.00453635732607,0.0013527549407186,50.300147603539,36037.683022493
35.349999999999,5.0044335631419,0.64969985138176,0.050300148618243,0.0045137427405835,0.0013493788603007,50.300148618243,36037.68305627
35.362499999999,5.0044167169277,0.64969985036959,0.050300149630414,0.0044912408173564,0.0013460111942543,50.300149630414,36037.683089962
35.374999999999,5.004399912757,0.64969984935994,0.050300150640059,0.004468850995737,0.0013426519216715,50.300150640059,36037.683123571
35.387499999999,5.0043831505249,0.64969984835282,0.050300151647184,0.0044465727178109,0.0013393010216891,50.300151647184,36037.683157095
35.399999999999,5.0043664301269,0.6496998473482,0.050300152651796,0.0044244054284124,0.0013359584734918,50.300152651796,36037.683190536
35.412499999999,5.0043497514588,0.6496998463461,0.0503001536539,0.0044023485751702,0.001332624256321,50.3001536539,36037.683223893
35.424999999999,5.0043331144165,0.6496998453465,0.050300154653504,0.0043804016084476,0.0013292983494679,50.300154653504,36037.683257167
35.437499999999,5.0043165188963,0.64969984434939,0.050300155650612,0.0043585639813179,0.0013259807322719,50.300155650612,36037.683290358
35.449999999999,5.0042999647947,0.64969984335477,0.050300156645232,0.0043368351496104,0.0013226713841288,50.300156645232,36037.683323467
35.4625,5.0042834520085,0.64969984236263,0.05030015763737,0.0043152145718275,0.0013193702844809,50.30015763737,36037.683356492
35.475,5.0042669804346,0.64969984137297,0.050300158627032,0.0042937017092018,0.0013160774128274,50.300158627032,36037.683389435
35.4875,5.0042505499704,0.64969984038578,0.050300159614223,0.004272296025591,0.0013127927487098,50.300159614223,36037.683422296
35.5,5.0042341605134,0.64969983940105,0.050300160598951,0.0042509969875697,0.0013095162717285,50.300160598951,36037.683455075
35.5125,5.0042178119614,0.64969983841878,0.050300161581221,0.0042298040643126,0.0013062479615265,50.300161581221,36037.683487772
35.525,5.0042015042124,0.64969983743896,0.05030016256104,0.0042087167276632,0.0013029877978017,50.30016256104,36037.683520388
35.5375,5.0041852371648,0.64969983646159,0.050300163538413,0.0041877344520643,0.0012997357602984,50.300163538413,36037.683552922
35.55,5.004169010717,0.64969983548665,0.050300164513346,0.0041668567146254,0.0012964918288194,50.300164513346,36037.683585375
35.5625,5.0041528247679,0.64969983451415,0.050300165485847,0.0041460829950077,0.0012932559832102,50.300165485847,36037.683617747
35.575,5.0041366792164,0.64969983354408,0.05030016645592,0.004125412775458,0.0012900282033659,50.30016645592,36037.683650038
35.5875,5.0041205739621,0.64969983257643,0.050300167423572,0.0041048455408306,0.0012868084692368,50.300167423572,36037.683682248
35.6,5.0041045089043,0.64969983161119,0.050300168388809,0.0040843807784959,0.0012835967608158,50.300168388809,36037.683714378
35.6125,5.0040884839429,0.64969983064836,0.050300169351636,0.0040640179784189,0.0012803930581526,50.300169351636,36037.683746428
35.625,5.0040724989779,0.64969982968794,0.050300170312061,0.0040437566330682,0.0012771973413415,50.300170312061,36037.683778398
35.6375,5.0040565539096,0.64969982872991,0.050300171270089,0.0040235962374274,0.0012740095905244,50.300171270089,36037.683810288
35.65,5.0040406486387,0.64969982777427,0.050300172225725,0.004003536289005,0.001270829785895,50.300172225725,36037.683842099
35.6625,5.0040247830658,0.64969982682102,0.050300173178976,0.0039835762878233,0.0012676579076984,50.300173178976,36037.68387383
35.675,5.004008957092,0.64969982587015,0.050300174129848,0.0039637157363839,0.0012644939362279,50.300174129848,36037.683905482
35.6875,5.0039931706186,0.64969982492165,0.050300175078347,0.0039439541396229,0.0012613378518189,50.300175078347,36037.683937055
35.7,5.0039774235472,0.64969982397552,0.050300176024478,0.0039242910049887,0.0012581896348642,50.300176024478,36037.683968549
35.7125,5.0039617157796,0.64969982303175,0.050300176968248,0.0039047258423411,0.001255049265799,50.300176968248,36037.683999965
35.725,5.0039460472176,0.64969982209034,0.050300177909662,0.0038852581640069,0.0012519167251117,50.300177909662,36037.684031302
35.7375,5.0039304177637,0.64969982115127,0.050300178848727,0.0038658874846911,0.0012487919933317,50.300178848727,36037.684062561
35.75,5.0039148273203,0.64969982021455,0.050300179785447,0.0038466133215535,0.0012456750510434,50.300179785447,36037.684093742
35.7625,5.0038992757901,0.64969981928017,0.05030018071983,0.0038274351941539,0.0012425658788793,50.30018071983,36037.684124845
35.775,5.0038837630763,0.64969981834812,0.05030018165188,0.0038083526244293,0.0012394644575178,50.30018165188,36037.68415587
35.7875,5.003868289082,0.6496998174184,0.050300182581604,0.0037893651366836,0.0012363707676837,50.300182581604,36037.684186818
35.8,5.0038528537106,0.64969981649099,0.050300183509008,0.0037704722575866,0.0012332847901497,50.300183509008,36037.684217689
35.8125,5.0038374568659,0.6496998155659,0.050300184434096,0.0037516735161749,0.0012302065057384,50.300184434096,36037.684248482
35.825,5.0038220984519,0.64969981464312,0.050300185356876,0.003732968443829,0.00122713589532,50.300185356876,36037.684279199
35.8375,5.0038067783727,0.64969981372265,0.050300186277352,0.0037143565742091,0.0012240729398041,50.300186277352,36037.684309839
35.85,5.0037914965328,0.64969981280447,0.050300187195531,0.0036958374433734,0.0012210176201606,50.300187195531,36037.684340403
35.8625,5.0037762528369,0.64969981188858,0.050300188111418,0.0036774105896274,0.0012179699173966,50.300188111418,36037.684370891
35.875,5.0037610471898,0.64969981097498,0.050300189025019,0.0036590755535989,0.001214929812571,50.300189025019,36037.684401302
35.8875,5.0037458794967,0.64969981006366,0.050300189936339,0.0036408318781955,0.0012118972867885,50.300189936339,36037.684431637
35.9,5.003730749663,0.64969980915461,0.050300190845385,0.0036226791086043,0.001208872321202,50.300190845385,36037.684461897
35.9125,5.0037156575943,0.64969980824784,0.050300191752162,0.003604616792239,0.0012058548970053,50.300191752162,36037.684492081
35.925,5.0037006031964,0.64969980734332,0.050300192656675,0.0035866444787822,0.0012028449954418,50.300192656675,36037.68452219
35.9375,5.0036855863755,0.64969980644107,0.050300193558931,0.0035687617202073,0.0011998425978099,50.300193558931,36037.684552223
35.95,5.0036706070378,0.64969980554107,0.050300194458935,0.0035509680706296,0.0011968476854403,50.300194458935,36037.684582182
35.9625,5.0036556650899,0.64969980464331,0.050300195356692,0.0035332630864234,0.0011938602397166,50.300195356692,36037.684612066
35.975,5.0036407604386,0.64969980374779,0.050300196252208,0.003515646326159,0.001190880242067,50.300196252208,36037.684641875
35.9875,5.0036258929908,0.64969980285451,0.050300197145489,0.0034981173506023,0.001187907673966,50.300197145489,36037.68467161
36,5.0036110626539,0.64969980196346,0.05030019803654,0.0034806757227369,0.0011849425169395,50.30019803654,36037.684701271
36.0125,5.0035962693354,0.64969980107463,0.050300198925367,0.00346332100769,0.001181984752554,50.300198925367,36037.684730858
36.025,5.0035815129428,0.64969980018802,0.050300199811975,0.0034460527727336,0.0011790343624192,50.300199811975,36037.68476037
36.0375,5.0035667933842,0.64969979930363,0.05030020069637,0.0034288705873161,0.001176091328194,50.30020069637,36037.684789809
36.05,5.0035521105678,0.64969979842144,0.050300201578558,0.0034117740230103,0.0011731556315802,50.300201578558,36037.684819175
36.0625,5.0035374644019,0.64969979754146,0.050300202458544,0.0033947626535554,0.001170227254331,50.300202458544,36037.684848467
36.075,5.0035228547951,0.64969979666367,0.050300203336333,0.003377836054754,0.0011673061782353,50.300203336333,36037.684877687
36.0875,5.0035082816562,0.64969979578807,0.05030020421193,0.0033609938045452,0.0011643923851317,50.30020421193,36037.684906833
36.1,5.0034937448945,0.64969979491466,0.050300205085343,0.0033442354830041,0.00116148585691,50.300205085343,36037.684935906
36.1125,5.0034792444191,0.64969979404343,0.050300205956575,0.0033275606722201,0.0011585865754924,50.300205956575,36037.684964907
36.125,5.0034647801396,0.64969979317437,0.050300206825632,0.0033109689564197,0.0011556945228559,50.300206825632,36037.684993836
36.1375,5.0034503519658,0.64969979230748,0.05030020769252,0.0032944599218852,0.0011528096810203,50.30020769252,36037.685022692
36.15,5.0034359598076,0.64969979144276,0.050300208557244,0.0032780331569152,0.0011499320320425,50.300208557244,36037.685051477
36.1625,5.0034216035752,0.64969979058019,0.05030020941981,0.003261688251916,0.0011470615580347,50.30020941981,36037.685080189
36.175,5.0034072831791,0.64969978971978,0.050300210280222,0.0032454247992909,0.0011441982411462,50.300210280222,36037.68510883
36.1875,5.0033929985298,0.64969978886151,0.050300211138487,0.0032292423934915,0.0011413420635744,50.300211138487,36037.685137399
36.2,5.0033787495384,0.64969978800539,0.050300211994609,0.0032131406309475,0.001138493007554,50.300211994609,36037.685165897
36.2125,5.0033645361157,0.64969978715141,0.050300212848594,0.0031971191101582,0.0011356510553746,50.300212848594,36037.685194324
36.225,5.0033503581733,0.64969978629955,0.050300213700447,0.0031811774315623,0.0011328161893598,50.300213700447,36037.68522268
36.2375,5.0033362156225,0.64969978544983,0.050300214550174,0.0031653151976093,0.0011299883918809,50.300214550174,36037.685250965
36.25,5.0033221083752,0.64969978460222,0.05030021539778,0.0031495320127297,0.0011271676453539,50.30021539778,36037.685279179
36.2625,5.0033080363434,0.64969978375673,0.05030021624327,0.003133827483326,0.001124353932239,50.30021624327,36037.685307324
36.275,5.0032939994391,0.64969978291335,0.050300217086649,0.0031182012177435,0.0011215472350372,50.300217086649,36037.685335397
36.2875,5.0032799975749,0.64969978207208,0.050300217927923,0.0031026528262814,0.0011187475362942,50.300217927923,36037.685363401
36.3,5.0032660306633,0.6496997812329,0.050300218767097,0.0030871819211538,0.0011159548185944,50.300218767097,36037.685391335
36.3125,5.0032520986173,0.64969978039582,0.050300219604176,0.0030717881165693,0.0011131690645776,50.300219604176,36037.685419199
36.325,5.0032382013498,0.64969977956083,0.050300220439166,0.003056471028555,0.0011103902569083,50.300220439166,36037.685446994
36.3375,5.0032243387741,0.64969977872793,0.050300221272071,0.0030412302751343,0.0011076183783096,50.300221272071,36037.685474719
36.35,5.0032105108038,0.6496997778971,0.050300222102897,0.0030260654761996,0.0011048534115421,50.300222102897,36037.685502375
36.3625,5.0031967173526,0.64969977706835,0.050300222931649,0.003010976253524,0.001102095339407,50.300222931649,36037.685529962
36.375,5.0031829583343,0.64969977624167,0.050300223758332,0.002995962230781,0.0010993441447518,50.300223758332,36037.68555748
36.3875,5.0031692336631,0.64969977541705,0.050300224582951,0.0029810230335068,0.0010965998104648,50.300224582951,36037.685584929
36.4,5.0031555432534,0.64969977459449,0.050300225405512,0.0029661582890823,0.0010938623194736,50.300225405512,36037.68561231
36.4125,5.0031418870197,0.64969977377398,0.050300226226019,0.0029513676267719,0.0010911316547535,50.300226226019,36037.685639622
36.425,5.0031282648768,0.64969977295552,0.050300227044479,0.0029366506776581,0.0010884077993172,50.300227044479,36037.685666866
36.4375,5.0031146767397,0.64969977213911,0.050300227860895,0.0029220070746799,0.0010856907362236,50.300227860895,36037.685694043
36.45,5.0031011225236,0.64969977132473,0.050300228675273,0.0029074364525962,0.0010829804485724,50.300228675273,36037.685721151
36.4625,5.0030876021439,0.64969977051238,0.050300229487618,0.0028929384479674,0.0010802769195024,50.300229487618,36037.685748192
36.475,5.0030741155162,0.64969976970207,0.050300230297935,0.0028785126991947,0.0010775801322005,50.300230297935,36037.685775165
36.4875,5.0030606625564,0.64969976889377,0.050300231106229,0.0028641588464261,0.0010748900698854,50.300231106229,36037.685802071
36.5,5.0030472431805,0.64969976808749,0.050300231912505,0.0028498765316619,0.0010722067158291,50.300231912505,36037.68582891
36.5125,5.0030338573047,0.64969976728323,0.050300232716769,0.0028356653986044,0.0010695300533303,50.300232716769,36037.685855682
36.525,5.0030205048456,0.64969976648098,0.050300233519025,0.0028215250928195,0.0010668600657464,50.300233519025,36037.685882387
36.5375,5.0030071857198,0.64969976568072,0.050300234319278,0.0028074552615681,0.0010641967364631,50.300234319278,36037.685909025
36.55,5.0029938998441,0.64969976488247,0.050300235117533,0.0027934555538923,0.0010615400489122,50.300235117533,36037.685935597
36.5625,5.0029806471356,0.6496997640862,0.050300235913795,0.0027795256205787,0.0010588899865667,50.300235913795,36037.685962102
36.575,5.0029674275117,0.64969976329193,0.05030023670807,0.0027656651141412,0.0010562465329382,50.30023670807,36037.685988541
36.5875,5.0029542408898,0.64969976249964,0.050300237500362,0.0027518736888408,0.0010536096715832,50.300237500362,36037.686014914
36.6,5.0029410871876,0.64969976170932,0.050300238290676,0.0027381510006307,0.0010509793860933,50.300238290676,36037.686041222
36.6125,5.002927966323,0.64969976092098,0.050300239079017,0.0027244967071953,0.0010483556601049,50.300239079017,36037.686067464
36.625,5.0029148782142,0.64969976013461,0.050300239865389,0.0027109104679326,0.0010457384772966,50.300239865389,36037.68609364
36.6375,5.0029018227794,0.6496997593502,0.050300240649799,0.0026973919438998,0.0010431278213812,50.300240649799,36037.686119751
36.65,5.0028887999372,0.64969975856775,0.050300241432251,0.0026839407978706,0.0010405236761173,50.300241432251,36037.686145796
36.6625,5.0028758096062,0.64969975778725,0.050300242212749,0.0026705566942901,0.0010379260253028,50.300242212749,36037.686171777
36.675,5.0028628517055,0.6496997570087,0.050300242991298,0.0026572392992576,0.001035334852773,50.300242991298,36037.686197693
36.6875,5.002849926154,0.6496997562321,0.050300243767904,0.0026439882805379,0.0010327501424037,50.300243767904,36037.686223544
36.7,5.0028370328712,0.64969975545743,0.050300244542571,0.0026308033075712,0.0010301718781154,50.300244542571,36037.68624933
36.7125,5.0028241717766,0.6496997546847,0.050300245315304,0.0026176840514378,0.0010276000438676,50.300245315304,36037.686275053
36.725,5.0028113427899,0.64969975391389,0.050300246086108,0.0026046301848059,0.00102503462365,50.300246086108,36037.686300711
36.7375,5.002798545831,0.64969975314501,0.050300246854988,0.0025916413820231,0.001022475601502,50.300246854988,36037.686326305
36.75,5.00278578082,0.64969975237805,0.050300247621948,0.0025787173190545,0.0010199229615022,50.300247621948,36037.686351835
36.7625,5.0027730476772,0.64969975161301,0.050300248386994,0.0025658576734483,0.0010173766877628,50.300248386994,36037.686377301
36.775,5.0027603463233,0.64969975084987,0.050300249150129,0.0025530621243734,0.0010148367644387,50.300249150129,36037.686402704
36.7875,5.0027476766788,0.64969975008864,0.050300249911359,0.0025403303526116,0.0010123031757274,50.300249911359,36037.686428043
36.8,5.0027350386648,0.64969974932931,0.050300250670689,0.0025276620404964,0.0010097759058585,50.300250670689,36037.686453319
36.8125,5.0027224322023,0.64969974857188,0.050300251428123,0.0025150568719686,0.0010072549391058,50.300251428123,36037.686478532
36.825,5.0027098572126,0.64969974781633,0.050300252183666,0.0025025145325507,0.0010047402597841,50.300252183666,36037.686503682
36.8375,5.0026973136173,0.64969974706268,0.050300252937323,0.0024900347092861,0.0010022318522385,50.300252937323,36037.686528769
36.85,5.002684801338,0.6496997463109,0.050300253689098,0.0024776170908035,0.00099972970085815,50.300253689098,36037.686553794
36.8625,5.0026723202967,0.649699745561,0.050300254438997,0.0024652613673087,0.00099723379007699,50.300254438997,36037.686578756
36.875,5.0026598704154,0.64969974481298,0.050300255187023,0.0024529672304984,0.00099474410435718,50.300255187023,36037.686603655
36.8875,5.0026474516164,0.64969974406682,0.050300255933182,0.0024407343736325,0.00099226062820534,50.300255933182,36037.686628493
36.9,5.0026350638222,0.64969974332252,0.050300256677478,0.002428562491465,0.00098978334616007,50.300256677478,36037.686653269
36.9125,5.0026227069554,0.64969974258008,0.050300257419915,0.0024164512803075,0.00098731224280613,50.300257419915,36037.686677982
36.925,5.002610380939,0.6496997418395,0.050300258160499,0.0024044004379864,0.00098484730276738,50.300258160499,36037.686702634
36.9375,5.0025980856959,0.64969974110077,0.050300258899234,0.0023924096637756,0.00098238851069432,50.300258899234,36037.686727225
36.95,5.0025858211495,0.64969974036387,0.050300259636125,0.0023804786585022,0.00097993585128719,50.300259636125,36037.686751754
36.9625,5.0025735872231,0.64969973962882,0.050300260371176,0.0023686071244528,0.00097748930927821,50.300260371176,36037.686776222
36.975,5.0025613838404,0.64969973889561,0.050300261104392,0.0023567947654183,0.00097504886944222,50.300261104392,36037.686800629
36.9875,5.0025492109251,0.64969973816422,0.050300261835777,0.0023450412866271,0.00097261451658426,50.300261835777,36037.686824974
37,5.0025370684015,0.64969973743466,0.050300262565336,0.0023333463948236,0.00097018623555734,50.300262565336,36037.686849259
37.0125,5.0025249561935,0.64969973670693,0.050300263293074,0.002321709798176,0.00096776401124465,50.300263293074,36037.686873484
37.025,5.0025128742256,0.649699735981,0.050300264018995,0.0023101312063036,0.00096534782856672,50.300264018995,36037.686897648
37.0375,5.0025008224223,0.6496997352569,0.050300264743104,0.0022986103302787,0.00096293767248312,50.300264743104,36037.686921751
37.05,5.0024888007085,0.6496997345346,0.050300265465404,0.0022871468826112,0.00096053352799075,50.300265465404,36037.686945795
37.0625,5.0024768090091,0.6496997338141,0.050300266185901,0.0022757405772336,0.00095813538012202,50.300266185901,36037.686969778
37.075,5.0024648472491,0.6496997330954,0.0503002669046,0.0022643911295365,0.00095574321395375,50.3002669046,36037.686993702
37.0875,5.0024529153541,0.6496997323785,0.050300267621504,0.0022530982562856,0.00095335701459121,50.300267621504,36037.687017566
37.1,5.0024410132493,0.64969973166338,0.050300268336618,0.0022418616756747,0.00095097676718048,50.300268336618,36037.68704137
37.1125,5.0024291408606,0.64969973095005,0.050300269049947,0.0022306811072854,0.00094860245690143,50.300269049947,36037.687065114
37.125,5.0024172981137,0.64969973023851,0.050300269761495,0.0022195562721054,0.00094623406897298,50.300269761495,36037.6870888
37.1375,5.0024054849349,0.64969972952873,0.050300270471266,0.0022084868925306,0.00094387158865494,50.300270471266,36037.687112426
37.15,5.0023937012503,0.64969972882074,0.050300271179265,0.0021974726922999,0.00094151500123552,50.300271179265,36037.687135994
37.1625,5.0023819469863,0.6496997281145,0.050300271885496,0.0021865133965641,0.00093916429204732,50.300271885496,36037.687159502
37.175,5.0023702220696,0.64969972741004,0.050300272589965,0.0021756087317962,0.00093681944644963,50.300272589965,36037.687182952
37.1875,5.0023585264269,0.64969972670733,0.050300273292674,0.0021647584258848,0.00093448044984967,50.300273292674,36037.687206343
37.2,5.0023468599853,0.64969972600637,0.050300273993629,0.0021539622080195,0.00093214728767954,50.300273993629,36037.687229676
37.2125,5.0023352226719,0.64969972530717,0.050300274692833,0.0021432198087762,0.00092981994541574,50.300274692833,36037.687252951
37.225,5.002323614414,0.64969972460971,0.050300275390292,0.002132530960069,0.00092749840857032,50.300275390292,36037.687276167
37.2375,5.0023120351392,0.64969972391399,0.05030027608601,0.0021218953951117,0.00092518266268371,50.30027608601,36037.687299326
37.25,5.0023004847751,0.64969972322001,0.05030027677999,0.0021113128484684,0.00092287269333724,50.30027677999,36037.687322427
37.2625,5.0022889632497,0.64969972252776,0.050300277472238,0.0021007830560314,0.00092056848614952,50.300277472238,36037.68734547
37.275,5.002277470491,0.64969972183724,0.050300278162758,0.0020903057550066,0.00091827002677469,50.300278162758,36037.687368455
37.2875,5.0022660064272,0.64969972114845,0.050300278851553,0.0020798806839151,0.0009159773009042,50.300278851553,36037.687391383
37.3,5.0022545709869,0.64969972046137,0.050300279538629,0.0020695075825475,0.00091369029425792,50.300279538629,36037.687414254
37.3125,5.0022431640985,0.64969971977601,0.050300280223989,0.0020591861920218,0.00091140899259834,50.300280223989,36037.687437068
37.325,5.0022317856909,0.64969971909236,0.050300280907638,0.0020489162547212,0.00090913338171816,50.300280907638,36037.687459825
37.3375,5.0022204356929,0.64969971841042,0.050300281589579,0.0020386975143044,0.00090686344744384,50.300281589579,36037.687482525
37.35,5.0022091140338,0.64969971773018,0.050300282269819,0.0020285297157393,0.00090459917564445,50.300282269819,36037.687505168
37.3625,5.0021978206428,0.64969971705164,0.050300282948359,0.0020184126052491,0.00090234055222105,50.300282948359,36037.687527755
37.375,5.0021865554495,0.64969971637479,0.050300283625206,0.0020083459303146,0.00090008756310844,50.300283625206,36037.687550285
37.3875,5.0021753183834,0.64969971569964,0.050300284300363,0.0019983294396602,0.00089784019427341,50.300284300363,36037.687572759
37.4,5.0021641093744,0.64969971502617,0.050300284973834,0.0019883628832956,0.00089559843172538,50.300284973834,36037.687595177
37.4125,5.0021529283526,0.64969971435438,0.050300285645623,0.0019784460124389,0.00089336226150039,50.300285645623,36037.68761754
37.425,5.0021417752481,0.64969971368427,0.050300286315735,0.001968578579574,0.00089113166967536,50.300286315735,36037.687639846
37.4375,5.0021306499912,0.64969971301583,0.050300286984174,0.0019587603383971,0.00088890664235741,50.300286984174,36037.687662096
37.45,5.0021195525126,0.64969971234906,0.050300287650944,0.0019489910438275,0.00088668716568741,50.300287650944,36037.687684291
37.4625,5.0021084827428,0.64969971168395,0.050300288316049,0.0019392704520167,0.00088447322584351,50.300288316049,36037.687706431
37.475,5.0020974406128,0.64969971102051,0.050300288979493,0.0019295983203512,0.00088226480904297,50.300288979493,36037.687728515
37.4875,5.0020864260536,0.64969971035872,0.050300289641281,0.0019199744073915,0.00088006190152967,50.300289641281,36037.687750544
37.5,5.0020754389965,0.64969970969858,0.050300290301416,0.0019103984728983,0.00087786448958127,50.300290301416,36037.687772518
37.5125,5.0020644793728,0.6496997090401,0.050300290959903,0.0019008702778577,0.00087567255951626,50.300290959903,36037.687794437
37.525,5.0020535471141,0.64969970838325,0.050300291616746,0.0018913895844059,0.00087348609767801,50.300291616746,36037.687816302
37.5375,5.0020426421521,0.64969970772805,0.050300292271949,0.0018819561558931,0.00087130509045075,50.300292271949,36037.687838112
37.55,5.0020317644187,0.64969970707448,0.050300292925516,0.0018725697568397,0.00086912952425067,50.300292925516,36037.687859867
37.5625,5.002020913846,0.64969970642255,0.050300293577451,0.0018632301529458,0.0008669593855295,50.300293577451,36037.687881569
37.575,5.0020100903663,0.64969970577224,0.050300294227758,0.0018539371110478,0.00086479466076561,50.300294227758,36037.687903215
37.5875,5.0019992939119,0.64969970512356,0.050300294876441,0.0018446903991891,0.00086263533648179,50.300294876441,36037.687924808
37.6,5.0019885244155,0.6496997044765,0.050300295523505,0.0018354897865158,0.00086048139922212,50.300295523505,36037.687946347
37.6125,5.0019777818097,0.64969970383105,0.050300296168953,0.00182633504337,0.00085833283557513,50.300296168953,36037.687967833
37.625,5.0019670660275,0.64969970318721,0.050300296812789,0.0018172259412087,0.00085618963215595,50.300296812789,36037.687989264
37.6375,5.001956377002,0.64969970254498,0.050300297455018,0.0018081622526363,0.00085405177561526,50.300297455018,36037.688010642
37.65,5.0019457146664,0.64969970190436,0.050300298095643,0.0017991437513839,0.00085191925263572,50.300298095643,36037.688031967
37.6625,5.0019350789541,0.64969970126533,0.050300298734668,0.0017901702123123,0.00084979204993374,50.300298734668,36037.688053238
37.675,5.0019244697987,0.6496997006279,0.050300299372098,0.0017812414113908,0.00084767015425591,50.300299372098,36037.688074457
37.6875,5.0019138871339,0.64969969999206,0.050300300007937,0.0017723571257525,0.00084555355239324,50.300300007937,36037.688095622
37.7,5.0019033308938,0.64969969935781,0.050300300642187,0.0017635171335693,0.00084344223115274,50.300300642187,36037.688116734
37.7125,5.0018928010122,0.64969969872515,0.050300301274854,0.0017547212141736,0.00084133617738757,50.300301274854,36037.688137794
37.725,5.0018822974236,0.64969969809406,0.050300301905941,0.0017459691479561,0.00083923537797403,50.300301905941,36037.688158801
37.7375,5.0018718200622,0.64969969746455,0.050300302535452,0.0017372607164209,0.00083713981982569,50.300302535452,36037.688179756
37.75,5.0018613688626,0.64969969683661,0.050300303163392,0.0017285957021498,0.00083504948988633,50.300303163392,36037.688200658
37.7625,5.0018509437597,0.64969969621024,0.050300303789763,0.0017199738888421,0.00083296437514058,50.300303789763,36037.688221509
37.775,5.0018405446882,0.64969969558543,0.050300304414571,0.0017113950612281,0.00083088446259438,50.300304414571,36037.688242307
37.7875,5.0018301715832,0.64969969496218,0.050300305037818,0.0017028590051162,0.00082880973928745,50.300305037818,36037.688263053
37.8,5.0018198243799,0.64969969434049,0.050300305659509,0.0016943655074092,0.00082674019229856,50.300305659509,36037.688283747
37.8125,5.0018095030137,0.64969969372035,0.050300306279648,0.0016859143560413,0.00082467580873136,50.300306279648,36037.68830439
37.825,5.0017992074202,0.64969969310176,0.050300306898238,0.0016775053400311,0.00082261657572857,50.300306898238,36037.688324981
37.8375,5.001788937535,0.64969969248472,0.050300307515283,0.0016691382494117,0.00082056248045603,50.300307515283,36037.688345521
37.85,5.0017786932941,0.64969969186921,0.050300308130788,0.0016608128753049,0.00081851351012219,50.300308130788,36037.68836601
37.8625,5.0017684746333,0.64969969125524,0.050300308744756,0.0016525290098301,0.00081646965195681,50.300308744756,36037.688386447
37.875,5.0017582814889,0.64969969064281,0.05030030935719,0.0016442864461501,0.00081443089322342,50.30030935719,36037.688406833
37.8875,5.0017481137973,0.6496996900319,0.050300309968096,0.0016360849784873,0.00081239722122461,50.300309968096,36037.688427169
37.9,5.0017379714949,0.64969968942252,0.050300310577476,0.0016279244020687,0.00081036862328965,50.300310577476,36037.688447453
37.9125,5.0017278545184,0.64969968881467,0.050300311185334,0.0016198045131216,0.00080834508677441,50.300311185334,36037.688467687
37.925,5.0017177628045,0.64969968820833,0.050300311791675,0.0016117251089327,0.00080632659907742,50.300311791675,36037.688487871
37.9375,5.0017076962904,0.6496996876035,0.050300312396501,0.0016036859877579,0.00080431314761853,50.300312396501,36037.688508004
37.95,5.001697654913,0.64969968700018,0.050300312999817,0.0015956869488534,0.00080230471984777,50.300312999817,36037.688528086
37.9625,5.0016876386096,0.64969968639837,0.050300313601627,0.0015877277925207,0.00080030130325781,50.300313601627,36037.688548119
37.975,5.0016776473178,0.64969968579807,0.050300314201933,0.0015798083200234,0.00079830288536442,50.300314201933,36037.688568102
37.9875,5.0016676809751,0.64969968519926,0.050300314800741,0.0015719283335975,0.00079630945371001,50.300314800741,36037.688588034
38,5.0016577395192,0.64969968460195,0.050300315398054,0.0015640876365098,0.00079432099587962,50.300315398054,36037.688607917
38.0125,5.0016478228881,0.64969968400613,0.050300315993875,0.0015562860329689,0.0007923374994796,50.300315993875,36037.68862775
38.025,5.0016379310198,0.64969968341179,0.050300316588208,0.0015485233281563,0.00079035895214652,50.300316588208,36037.688647534
38.0375,5.0016280638525,0.64969968281894,0.050300317181057,0.0015407993282766,0.00078838534156134,50.300317181057,36037.688667269
38.05,5.0016182213246,0.64969968222757,0.050300317772425,0.0015331138404217,0.00078641665541568,50.300317772425,36037.688686954
38.0625,5.0016084033746,0.64969968163768,0.050300318362317,0.0015254666727046,0.00078445288144735,50.300318362317,36037.688706589
38.075,5.0015986099412,0.64969968104926,0.050300318950736,0.0015178576341721,0.00078249400741903,50.300318950736,36037.688726176
38.0875,5.0015888409633,0.64969968046231,0.050300319537686,0.0015102865348209,0.0007805400211236,50.300319537686,36037.688745714
38.1,5.0015790963797,0.64969967987683,0.050300320123169,0.0015027531855793,0.00077859091038057,50.300320123169,36037.688765203
38.1125,5.0015693761296,0.64969967929281,0.050300320707191,0.0014952573983376,0.000776646663045,50.300320707191,36037.688784644
38.125,5.0015596801524,0.64969967871025,0.050300321289755,0.001487798985916,0.00077470726700035,50.300321289755,36037.688804036
38.1375,5.0015500083874,0.64969967812914,0.050300321870863,0.0014803777620735,0.00077277271016207,50.300321870863,36037.688823379
38.15,5.0015403607742,0.64969967754948,0.050300322450521,0.0014729935414907,0.00077084298047403,50.300322450521,36037.688842675
38.1625,5.0015307372526,0.64969967697127,0.050300323028731,0.001465646139758,0.00076891806590673,50.300323028731,36037.688861922
38.175,5.0015211377624,0.6496996763945,0.050300323605497,0.0014583353734057,0.00076699795446622,50.300323605497,36037.688881121
38.1875,5.0015115622438,0.64969967581918,0.050300324180823,0.001451061059879,0.00076508263418873,50.300324180823,36037.688900272
38.2,5.0015020106368,0.64969967524529,0.050300324754712,0.0014438230175002,0.00076317209313181,50.300324754712,36037.688919375
38.2125,5.0014924828818,0.64969967467283,0.050300325327168,0.0014366210655319,0.00076126631939211,50.300325327168,36037.68893843
38.225,5.0014829789193,0.64969967410181,0.050300325898195,0.0014294550241188,0.00075936530109111,50.300325898195,36037.688957438
38.2375,5.0014734986899,0.6496996735322,0.050300326467795,0.0014223247143038,0.00075746902638052,50.300326467795,36037.688976399
38.25,5.0014640421344,0.64969967296403,0.050300327035974,0.001415229958017,0.00075557748344046,50.300327035974,36037.688995312
38.2625,5.0014546091937,0.64969967239727,0.050300327602733,0.0014081705780717,0.00075369066047948,50.300327602733,36037.689014178
38.275,5.0014451998089,0.64969967183192,0.050300328168077,0.0014011463981935,0.00075180854574342,50.300328168077,36037.689032997
38.2875,5.0014358139213,0.64969967126799,0.050300328732009,0.0013941572429427,0.00074993112749588,50.300328732009,36037.689051768
38.3,5.0014264514721,0.64969967070547,0.050300329294533,0.0013872029377906,0.00074805839403957,50.300329294533,36037.689070493
38.3125,5.0014171124029,0.64969967014435,0.050300329855653,0.001380283309055,0.00074619033370027,50.300329855653,36037.689089171
38.325,5.0014077966554,0.64969966958463,0.050300330415371,0.0013733981839231,0.00074432693483395,50.300330415371,36037.689107803
38.3375,5.0013985041713,0.64969966902631,0.050300330973691,0.0013665473904604,0.00074246818583035,50.300330973691,36037.689126388
38.35,5.0013892348927,0.64969966846938,0.050300331530617,0.0013597307575411,0.00074061407509518,50.300331530617,36037.689144926
38.3625,5.0013799887615,0.64969966791385,0.050300332086152,0.0013529481149361,0.00073876459107503,50.300332086152,36037.689163419
38.375,5.0013707657201,0.6496996673597,0.0503003326403,0.001346199293256,0.0007369197222431,50.3003326403,36037.689181865
38.3875,5.0013615657109,0.64969966680694,0.050300333193065,0.0013394841239478,0.00073507945709927,50.300333193065,36037.689200265
38.4,5.0013523886762,0.64969966625555,0.050300333744448,0.001332802439291,0.00073324378417006,50.300333744448,36037.689218619
38.4125,5.0013432345589,0.64969966570554,0.050300334294455,0.0013261540724253,0.00073141269201749,50.300334294455,36037.689236927
38.425,5.0013341033018,0.64969966515691,0.050300334843088,0.0013195388572961,0.00072958616922492,50.300334843088,36037.68925519
38.4375,5.0013249948477,0.64969966460965,0.050300335390352,0.001312956628669,0.00072776420440235,50.300335390352,36037.689273407
38.45,5.0013159091398,0.64969966406375,0.050300335936248,0.0013064072221717,0.00072594678619886,50.300335936248,36037.689291578
38.4625,5.0013068461213,0.64969966351922,0.050300336480782,0.0012998904742061,0.00072413390327952,50.300336480782,36037.689309704
38.475,5.0012978057356,0.64969966297604,0.050300337023955,0.0012934062220156,0.00072232554434493,50.300337023955,36037.689327785
38.4875,5.0012887879262,0.64969966243423,0.050300337565772,0.0012869543036551,0.00072052169812409,50.300337565772,36037.68934582
38.5,5.0012797926368,0.64969966189376,0.050300338106236,0.0012805345579747,0.00071872235337089,50.300338106236,36037.689363811
38.5125,5.0012708198112,0.64969966135465,0.05030033864535,0.0012741468246162,0.0007169274988641,50.30033864535,36037.689381757
38.525,5.0012618693933,0.64969966081688,0.050300339183118,0.0012677909440533,0.00071513712341975,50.300339183118,36037.689399657
38.5375,5.0012529413272,0.64969966028046,0.050300339719543,0.0012614667575187,0.00071335121587168,50.300339719543,36037.689417514
38.55,5.0012440355571,0.64969965974537,0.050300340254629,0.0012551741070696,0.00071156976509101,50.300340254629,36037.689435325
38.5625,5.0012351520274,0.64969965921162,0.050300340788378,0.0012489128355208,0.00070979275996841,50.300340788378,36037.689453092
38.575,5.0012262906826,0.64969965867921,0.050300341320794,0.0012426827864794,0.00070802018942473,50.300341320794,36037.689470815
38.5875,5.0012174514673,0.64969965814812,0.050300341851881,0.0012364838043405,0.00070625204241104,50.300341851881,36037.689488493
38.6,5.0012086343263,0.64969965761836,0.050300342381641,0.0012303157342588,0.00070448830790149,50.300342381641,36037.689506128
38.6125,5.0011998392045,0.64969965708992,0.050300342910078,0.0012241784221762,0.0007027289749022,50.300342910078,36037.689523718
38.625,5.001191066047,0.6496996565628,0.050300343437196,0.0012180717147994,0.00070097403244596,50.300343437196,36037.689541264
38.6375,5.0011823147989,0.649699656037,0.050300343962997,0.001211995459578,0.00069922346958684,50.300343962997,36037.689558767
38.65,5.0011735854055,0.64969965551251,0.050300344487485,0.0012059495047439,0.00069747727541269,50.300344487485,36037.689576225
38.6625,5.0011648778124,0.64969965498934,0.050300345010664,0.0011999336992894,0.00069573543903978,50.300345010664,36037.689593641
38.675,5.0011561919652,0.64969965446746,0.050300345532535,0.0011939478929266,0.00069399794960212,50.300345532535,36037.689611012
38.6875,5.0011475278094,0.6496996539469,0.050300346053104,0.0011879919361459,0.00069226479626927,50.300346053104,36037.689628341
38.7,5.0011388852911,0.64969965342763,0.050300346572372,0.0011820656801626,0.0006905359682321,50.300346572372,36037.689645626
38.7125,5.0011302643562,0.64969965290966,0.050300347090344,0.0011761689769629,0.000688811454717,50.300347090344,36037.689662868
38.725,5.0011216649509,0.64969965239298,0.050300347607022,0.0011703016792272,0.00068709124496458,50.300347607022,36037.689680066
38.7375,5.0011130870214,0.64969965187759,0.05030034812241,0.0011644636404116,0.00068537532825452,50.30034812241,36037.689697222
38.75,5.0011045305141,0.64969965136349,0.05030034863651,0.0011586547146718,0.00068366369388428,50.30034863651,36037.689714335
38.7625,5.0010959953755,0.64969965085067,0.050300349149327,0.0011528747569022,0.00068195633118151,50.300349149327,36037.689731405
38.775,5.0010874815525,0.64969965033914,0.050300349660863,0.0011471236227262,0.00068025322950227,50.300349660863,36037.689748433
38.7875,5.0010789889916,0.64969964982888,0.050300350171122,0.001141401168469,0.00067855437822395,50.300350171122,36037.689765418
38.8,5.0010705176399,0.64969964931989,0.050300350680106,0.0011357072511901,0.00067685976675591,50.300350680106,36037.689782361
38.8125,5.0010620674445,0.64969964881218,0.050300351187819,0.00113004172865,0.00067516938453061,50.300351187819,36037.689799261
38.825,5.0010536383525,0.64969964830574,0.050300351694264,0.0011244044593071,0.00067348322100358,50.300351694264,36037.68981612
38.8375,5.0010452303113,0.64969964780056,0.050300352199444,0.0011187953023558,0.00067180126566591,50.300352199444,36037.689832936
38.85,5.0010368432683,0.64969964729664,0.050300352703363,0.0011132141176641,0.00067012350802642,50.300352703363,36037.68984971
38.8625,5.0010284771712,0.64969964679398,0.050300353206023,0.0011076607658114,0.00066844993762416,50.300353206023,36037.689866442
38.875,5.0010201319676,0.64969964629257,0.050300353707428,0.0011021351080621,0.00066678054402125,50.300353707428,36037.689883132
38.8875,5.0010118076055,0.64969964579242,0.050300354207581,0.0010966370063737,0.00066511531680646,50.300354207581,36037.689899781
38.9,5.0010035040327,0.64969964529352,0.050300354706484,0.0010911663234056,0.00066345424559877,50.300354706484,36037.689916388
38.9125,5.0009952211974,0.64969964479586,0.050300355204142,0.0010857229224807,0.00066179732003668,50.300355204142,36037.689932954
38.925,5.0009869590479,0.64969964429944,0.050300355700557,0.0010803066676172,0.00066014452978891,50.300355700557,36037.689949478
38.9375,5.0009787175325,0.64969964380427,0.050300356195732,0.0010749174234904,0.0006584958645437,50.300356195732,36037.689965961
38.95,5.0009704965998,0.64969964331033,0.05030035668967,0.0010695550554994,0.00065685131403015,50.30035668967,36037.689982403
38.9625,5.0009622961983,0.64969964281763,0.050300357182375,0.0010642194296421,0.00065521086798093,50.300357182375,36037.689998804
38.975,5.0009541162769,0.64969964232615,0.050300357673849,0.0010589104126395,0.00065357451617132,50.300357673849,36037.690015164
38.9875,5.0009459567843,0.6496996418359,0.050300358164096,0.0010536278718689,0.00065194224839971,50.300358164096,36037.690031483
39,5.0009378176697,0.64969964134688,0.050300358653118,0.0010483716753262,0.00065031405447691,50.300358653118,36037.690047761
39.0125,5.0009296988821,0.64969964085908,0.050300359140919,0.0010431416917038,0.00064868992425104,50.300359140919,36037.690063998
39.025,5.0009216003708,0.6496996403725,0.050300359627502,0.0010379377903581,0.00064706984759866,50.300359627502,36037.690080195
39.0375,5.0009135220853,0.64969963988713,0.05030036011287,0.0010327598412668,0.00064545381441228,50.30036011287,36037.690096352
39.05,5.000905463975,0.64969963940297,0.050300360597025,0.0010276077150715,0.00064384181461463,50.300360597025,36037.690112468
39.0625,5.0008974259896,0.64969963892003,0.050300361079971,0.0010224812830405,0.00064223383814799,50.300361079971,36037.690128544
39.075,5.0008894080788,0.64969963843829,0.050300361561712,0.001017380417117,0.00064062987499014,50.300361561712,36037.69014458
39.0875,5.0008814101926,0.64969963795775,0.050300362042249,0.0010123049898309,0.00063902991512776,50.300362042249,36037.690160576
39.1,5.000873432281,0.64969963747841,0.050300362521585,0.0010072548744091,0.00063743394859195,50.300362521585,36037.690176532
39.1125,5.0008654742941,0.64969963700027,0.050300362999725,0.0010022299446482,0.0006358419654191,50.300362999725,36037.690192448
39.125,5.0008575361821,0.64969963652333,0.050300363476671,0.00099723007501333,0.00063425395568295,50.300363476671,36037.690208324
39.1375,5.0008496178956,0.64969963604757,0.050300363952425,0.00099225514060641,0.00063266990948563,50.300363952425,36037.69022416
39.15,5.0008417193849,0.64969963557301,0.050300364426991,0.00098730501710777,0.00063108981693993,50.300364426991,36037.690239957
39.1625,5.0008338406008,0.64969963509963,0.050300364900372,0.00098237958084576,0.00062951366819242,50.300364900372,36037.690255715
39.175,5.000825981494,0.64969963462743,0.050300365372571,0.00097747870874377,0.00062794145340739,50.300365372571,36037.690271433
39.1875,5.0008181420154,0.64969963415641,0.05030036584359,0.00097260227837828,0.00062637316278646,50.30036584359,36037.690287112
39.2,5.0008103221159,0.64969963368657,0.050300366313433,0.00096775016788193,0.00062480878653837,50.300366313433,36037.690302752
39.2125,5.0008025217468,0.6496996332179,0.050300366782103,0.00096292225604568,0.00062324831491267,50.300366782103,36037.690318353
39.225,5.0007947408593,0.6496996327504,0.050300367249602,0.00095811842222769,0.00062169173817139,50.300367249602,36037.690333914
39.2375,5.0007869794047,0.64969963228407,0.050300367715934,0.0009533385464056,0.00062013904660674,50.300367715934,36037.690349437
39.25,5.0007792373346,0.6496996318189,0.0503003681811,0.00094858250915711,0.00061859023053579,50.3003681811,36037.690364922
39.2625,5.0007715146006,0.64969963135489,0.050300368645105,0.00094385019163004,0.00061704528029161,50.300368645105,36037.690380367
39.275,5.0007638111544,0.64969963089205,0.050300369107952,0.00093914147561029,0.00061550418624634,50.300369107952,36037.690395774
39.2875,5.0007561269478,0.64969963043036,0.050300369569642,0.00093445624341038,0.00061396693877569,50.300369569642,36037.690411142
39.3,5.0007484619329,0.64969962996982,0.050300370030179,0.00092979437798611,0.00061243352829798,50.300370030179,36037.690426472
39.3125,5.0007408160617,0.64969962951043,0.050300370489566,0.00092515576284707,0.00061090394524577,50.300370489566,36037.690441764
39.325,5.0007331892865,0.64969962905219,0.050300370947805,0.00092054028209181,0.00060937818007822,50.300370947805,36037.690457018
39.3375,5.0007255815595,0.6496996285951,0.0503003714049,0.00091594782037291,0.00060785622327053,50.3003714049,36037.690472233
39.35,5.0007179928333,0.64969962813915,0.050300371860854,0.00091137826296402,0.00060633806533694,50.300371860854,36037.690487411
39.3625,5.0007104230605,0.64969962768433,0.050300372315668,0.00090683149567134,0.00060482369680237,50.300372315668,36037.69050255
39.375,5.0007028721936,0.64969962723065,0.050300372769347,0.00090230740489521,0.0006033131082237,50.300372769347,36037.690517652
39.3875,5.0006953401856,0.64969962677811,0.050300373221893,0.00089780587757412,0.00060180629017204,50.300373221893,36037.690532716
39.4,5.0006878269893,0.64969962632669,0.050300373673308,0.0008933268012406,0.00060030323325222,50.300373673308,36037.690547742
39.4125,5.0006803325578,0.6496996258764,0.050300374123596,0.00088887006396018,0.00059880392808331,50.300374123596,36037.690562731
39.425,5.0006728568442,0.64969962542724,0.050300374572759,0.00088443555438169,0.00059730836531635,50.300374572759,36037.690577683
39.4375,5.0006653998019,0.6496996249792,0.050300375020801,0.00088002316168717,0.00059581653561835,50.300375020801,36037.690592597
39.45,5.0006579613842,0.64969962453228,0.050300375467723,0.0008756327756209,0.00059432842968299,50.300375467723,36037.690607473
39.4625,5.0006505415447,0.64969962408647,0.05030037591353,0.00087126428647104,0.00059284403822524,50.30037591353,36037.690622313
39.475,5.0006431402369,0.64969962364178,0.050300376358222,0.00086691758507757,0.00059136335198495,50.300376358222,36037.690637116
39.4875,5.0006357574147,0.6496996231982,0.050300376801804,0.00086259256282446,0.00058988636172508,50.300376801804,36037.690651881
39.5,5.0006283930318,0.64969962275572,0.050300377244279,0.00085828911163195,0.00058841305822988,50.300377244279,36037.69066661
39.5125,5.0006210470422,0.64969962231435,0.050300377685648,0.00085400712395924,0.0005869434323067,50.300377685648,36037.690681302
39.525,5.0006137194001,0.64969962187409,0.050300378125914,0.00084974649280715,0.00058547747478777,50.300378125914,36037.690695957
39.5375,5.0006064100595,0.64969962143492,0.050300378565082,0.00084550711170523,0.00058401517652662,50.300378565082,36037.690710576
39.55,5.000599118975,0.64969962099685,0.050300379003152,0.00084128887470934,0.00058255652839811,50.300379003152,36037.690725158
39.5625,5.0005918461007,0.64969962055987,0.050300379440128,0.00083709167641459,0.00058110152130375,50.300379440128,36037.690739704
39.575,5.0005845913915,0.64969962012399,0.050300379876013,0.00083291541193227,0.00057965014616457,50.300379876013,36037.690754213
39.5875,5.0005773548017,0.64969961968919,0.050300380310809,0.00082875997690283,0.00057820239392647,50.300380310809,36037.690768687
39.6,5.0005701362864,0.64969961925548,0.050300380744519,0.00082462526748825,0.00057675825555847,50.300380744519,36037.690783124
39.6125,5.0005629358002,0.64969961882285,0.050300381177145,0.00082051118034933,0.00057531772204555,50.300381177145,36037.690797525
39.625,5.0005557532983,0.64969961839131,0.050300381608692,0.00081641761267385,0.00057388078439935,50.300381608692,36037.69081189
39.6375,5.0005485887357,0.64969961796084,0.05030038203916,0.00081234446216892,0.00057244743365636,50.30038203916,36037.690826219
39.65,5.0005414420677,0.64969961753145,0.050300382468553,0.00080829162705354,0.00057101766087619,50.300382468553,36037.690840512
39.6625,5.0005343132496,0.64969961710313,0.050300382896874,0.00080425900602603,0.00056959145713087,50.300382896874,36037.69085477
39.675,5.0005272022367,0.64969961667587,0.050300383324125,0.00080024649831709,0.00056816881352439,50.300383324125,36037.690868992
39.6875,5.0005201089848,0.64969961624969,0.050300383750309,0.00079625400366212,0.00056674972118387,50.300383750309,36037.690883178
39.7,5.0005130334494,0.64969961582457,0.050300384175428,0.00079228142226899,0.00056533417124882,50.300384175428,36037.690897329
39.7125,5.0005059755863,0.64969961540051,0.050300384599486,0.00078832865486566,0.00056392215488899,50.300384599486,36037.690911445
39.725,5.0004989353514,0.64969961497752,0.050300385022484,0.00078439560266297,0.00056251366329185,50.300385022484,36037.690925526
39.7375,5.0004919127007,0.64969961455557,0.050300385444426,0.00078048216737712,0.00056110868767156,50.300385444426,36037.690939571
39.75,5.0004849075903,0.64969961413469,0.050300385865314,0.00077658825119764,0.00055970721925824,50.300385865314,36037.690953581
39.7625,5.0004779199764,0.64969961371485,0.050300386285151,0.00077271375681484,0.00055830924930866,50.300386285151,36037.690967556
39.775,5.0004709498154,0.64969961329606,0.050300386703939,0.00076885858740263,0.00055691476910091,50.300386703939,36037.690981497
39.7875,5.0004639970636,0.64969961287832,0.050300387121682,0.00076502264659669,0.00055552376992729,50.300387121682,36037.690995402
39.8,5.0004570616777,0.64969961246162,0.05030038753838,0.00076120583855107,0.00055413624311562,50.30038753838,36037.691009273
39.8125,5.0004501436142,0.64969961204596,0.050300387954038,0.00075740806785753,0.00055275218000084,50.300387954038,36037.691023109
39.825,5.0004432428299,0.64969961163134,0.050300388368658,0.00075362923960214,0.00055137157194629,50.300388368658,36037.691036911
39.8375,5.0004363592818,0.64969961121776,0.050300388782242,0.00074986925935793,0.00054999441034198,50.300388782242,36037.691050678
39.85,5.0004294929267,0.64969961080521,0.050300389194794,0.00074612803313904,0.00054862068658856,50.300389194794,36037.69106441
39.862500000001,5.0004226437217,0.64969961039369,0.050300389606314,0.00074240546745671,0.00054725039211867,50.300389606314,36037.691078109
39.875000000001,5.000415811624,0.64969960998319,0.050300390016807,0.00073870146926388,0.00054588351837737,50.300390016807,36037.691091773
39.887500000001,5.000408996591,0.64969960957372,0.050300390426275,0.00073501594598206,0.00054452005683281,50.300390426275,36037.691105403
39.900000000001,5.00040219858,0.64969960916528,0.05030039083472,0.00073134880550388,0.00054315999897803,50.30039083472,36037.691118999
39.912500000001,5.0003954175485,0.64969960875786,0.050300391242145,0.00072769995618609,0.00054180333632914,50.300391242145,36037.691132561
39.925000000001,5.0003886534542,0.64969960835145,0.050300391648552,0.00072406930681396,0.00054045006041292,50.300391648552,36037.691146089
39.937500000001,5.0003819062547,0.64969960794606,0.050300392053944,0.00072045676666602,0.00053910016279168,50.300392053944,36037.691159584
39.950000000001,5.000375175908,0.64969960754168,0.050300392458323,0.00071686224543567,0.00053775363503483,50.300392458323,36037.691173044
39.962500000001,5.0003684623718,0.64969960713831,0.050300392861692,0.00071328565329094,0.00053641046874198,50.300392861692,36037.691186471
39.975000000001,5.0003617656043,0.64969960673595,0.050300393264054,0.00070972690082493,0.00053507065552516,50.300393264054,36037.691199865
39.987500000001,5.0003550855635,0.64969960633459,0.050300393665411,0.00070618589911516,0.00053373418703195,50.300393665411,36037.691213225
40,5.0003484222078,0.64969960593423,0.050300394065766,0.00070266255963188,0.0005324010549117,50.300394065766,36037.691226552
