time,aq_si,fluid_min,phi_min,power,rate,solid_mass,water
0,10,0.65,0.05,1194.0450574454,0.69402618810621,50,36027.691923397
0.003125,9.9978318463479,0.64999986973082,0.050000130269176,1193.2984272232,0.69380916867587,50.000130269176,36027.696259704
0.00625,9.9956641448233,0.64999973948881,0.050000260511187,1192.5520244563,0.69359214748627,50.000260511187,36027.700595108
0.009375,9.9934970461075,0.64999960928302,0.050000390716979,1191.805901058,0.69337513963693,50.000390716979,36027.704929305
0.0125,9.9913306003894,0.64999947911646,0.050000520883537,1191.0600743273,0.69315815017413,50.000520883537,36027.709262196
0.015625,9.9891648243567,0.64999934899014,0.050000651009858,1190.314550025,0.69294118079194,50.000651009858,36027.713593748
0.01875,9.986999723529,0.64999921890439,0.050000781095611,1189.5693300657,0.69272423206673,50.000781095611,36027.71792395
0.021875,9.9848352997027,0.64999908885931,0.050000911140688,1188.824415082,0.69250730420214,50.000911140688,36027.722252798
0.025,9.9826715534329,0.64999895885494,0.050001041145055,1188.0798052791,0.69229039727757,50.001041145055,36027.72658029
0.028125,9.980508484861,0.6499988288913,0.050001171108704,1187.3355007195,0.69207351133094,50.001171108704,36027.730906427
0.03125,9.9783460939905,0.64999869896837,0.050001301031635,1186.5915014184,0.69185664638638,50.001301031635,36027.735231209
0.034375,9.9761843807785,0.64999856908615,0.05000143091385,1185.8478073749,0.69163980246341,50.00143091385,36027.739554636
0.0375,9.974023345167,0.64999843924465,0.050001560755352,1185.1044185829,0.69142297958,50.001560755352,36027.743876707
0.040625,9.9718629870929,0.64999830944385,0.050001690556147,1184.3613350344,0.69120617775363,50.001690556147,36027.748197423
0.04375,9.9697033064911,0.64999817968376,0.050001820316236,1183.6185567206,0.69098939700159,50.001820316236,36027.752516784
0.046875,9.967544303296,0.64999804996437,0.050001950035625,1182.8760836328,0.69077263734112,50.001950035625,36027.756834791
0.05,9.9653859774419,0.64999792028568,0.050002079714317,1182.1339157619,0.69055589878945,50.002079714317,36027.761151442
0.053125,9.9632283288627,0.64999779064768,0.050002209352317,1181.3920530988,0.69033918136378,50.002209352317,36027.765466739
0.05625,9.9610713574923,0.64999766105037,0.050002338949628,1180.6504956342,0.69012248508133,50.002338949628,36027.769780682
0.059375,9.9589150632648,0.64999753149375,0.050002468506254,1179.9092433588,0.68990580995932,50.002468506254,36027.774093271
0.0625,9.9567594461139,0.6499974019778,0.050002598022199,1179.1682962635,0.68968915601496,50.002598022199,36027.778404505
0.065625,9.9546045059735,0.64999727250253,0.050002727497468,1178.4276543386,0.68947252326545,50.002727497468,36027.782714385
0.06875,9.9524502427772,0.64999714306794,0.050002856932063,1177.6873175749,0.68925591172802,50.002856932063,36027.787022912
0.071875,9.9502966564589,0.64999701367401,0.05000298632599,1176.9472859626,0.68903932141987,50.00298632599,36027.791330084
0.075,9.948143746952,0.64999688432075,0.050003115679252,1176.2075594923,0.68882275235821,50.003115679252,36027.795635903
0.078125,9.9459915141902,0.64999675500815,0.050003244991853,1175.4681381542,0.68860620456027,50.003244991853,36027.799940369
0.08125,9.943839958107,0.6499966257362,0.050003374263797,1174.7290219386,0.68838967804324,50.003374263797,36027.804243481
0.084375,9.9416890786359,0.64999649650491,0.050003503495088,1173.9902108357,0.68817317282434,50.003503495088,36027.80854524
0.0875,9.9395388757103,0.64999636731427,0.050003632685731,1173.2517048356,0.68795668892079,50.003632685731,36027.812845646
0.090625,9.9373893492636,0.64999623816427,0.050003761835728,1172.5135039284,0.6877402263498,50.003761835728,36027.817144699
0.09375,9.935240499229,0.64999610905492,0.050003890945085,1171.775608104,0.68752378512857,50.003890945085,36027.821442399
0.096875,9.9330923255398,0.6499959799862,0.050004020013805,1171.0380173524,0.68730736527433,50.004020013805,36027.825738746
0.1,9.9309448281292,0.64999585095811,0.050004149041892,1170.3007316634,0.68709096680427,50.004149041892,36027.830033741
0.103125,9.9287980069304,0.64999572197065,0.05000427802935,1169.5637510268,0.68687458973563,50.00427802935,36027.834327383
0.10625,9.9266518618765,0.64999559302382,0.050004406976183,1168.8270754324,0.68665823408559,50.004406976183,36027.838619673
0.109375,9.9245063929004,0.6499954641176,0.050004535882395,1168.0907048697,0.68644189987138,50.004535882395,36027.842910611
0.1125,9.9223615999352,0.64999533525201,0.050004664747991,1167.3546393284,0.68622558711022,50.004664747991,36027.847200197
0.115625,9.9202174829139,0.64999520642703,0.050004793572974,1166.618878798,0.68600929581931,50.004793572974,36027.851488431
0.11875,9.9180740417692,0.64999507764265,0.050004922357348,1165.8834232679,0.68579302601586,50.004922357348,36027.855775314
0.121875,9.9159312764341,0.64999494889888,0.050005051101118,1165.1482727276,0.68557677771708,50.005051101118,36027.860060844
0.125,9.9137891868413,0.64999482019571,0.050005179804287,1164.4134271663,0.68536055094019,50.005179804287,36027.864345023
0.128125,9.9116477729235,0.64999469153314,0.050005308466859,1163.6788865733,0.6851443457024,50.005308466859,36027.868627851
0.13125,9.9095070346133,0.64999456291116,0.050005437088839,1162.9446509377,0.68492816202092,50.005437088839,36027.872909328
0.134375,9.9073669718435,0.64999443432977,0.050005565670231,1162.2107202487,0.68471199991296,50.005565670231,36027.877189453
0.1375,9.9052275845464,0.64999430578896,0.050005694211038,1161.4770944953,0.68449585939572,50.005694211038,36027.881468228
0.140625,9.9030888726548,0.64999417728874,0.050005822711264,1160.7437736666,0.68427974048643,50.005822711264,36027.885745652
0.14375,9.9009508361009,0.64999404882909,0.050005951170915,1160.0107577513,0.68406364320228,50.005951170915,36027.890021725
0.146875,9.8988134748171,0.64999392041001,0.050006079589993,1159.2780467384,0.6838475675605,50.006079589993,36027.894296448
0.15,9.8966767887359,0.6499937920315,0.050006207968502,1158.5456406166,0.68363151357829,50.006207968502,36027.89856982
0.153125,9.8945407777895,0.64999366369355,0.050006336306448,1157.8135393747,0.68341548127286,50.006336306448,36027.902841842
0.15625,9.8924054419102,0.64999353539617,0.050006464603834,1157.0817430012,0.68319947066142,50.006464603834,36027.907112513
0.159375,9.8902707810301,0.64999340713934,0.050006592860663,1156.3502514848,0.68298348176118,50.006592860663,36027.911381835
0.1625,9.8881367950813,0.64999327892306,0.050006721076941,1155.619064814,0.68276751458935,50.006721076941,36027.915649807
0.165625,9.886003483996,0.64999315074733,0.050006849252671,1154.8881829771,0.68255156916314,50.006849252671,36027.919916429
0.16875,9.8838708477061,0.64999302261214,0.050006977387857,1154.1576059627,0.68233564549976,50.006977387857,36027.924181702
0.171875,9.8817388861436,0.6499928945175,0.050007105482504,1153.4273337589,0.68211974361642,50.007105482504,36027.928445625
0.175,9.8796075992404,0.64999276646339,0.050007233536615,1152.697366354,0.68190386353032,50.007233536615,36027.932708199
0.178125,9.8774769869284,0.64999263844981,0.050007361550194,1151.9677037362,0.68168800525867,50.007361550194,36027.936969423
0.18125,9.8753470491394,0.64999251047675,0.050007489523246,1151.2383458936,0.68147216881868,50.007489523246,36027.941229299
0.184375,9.8732177858051,0.64999238254422,0.050007617455775,1150.5092928142,0.68125635422757,50.007617455775,36027.945487826
0.1875,9.8710891968572,0.64999225465221,0.050007745347785,1149.780544486,0.68104056150253,50.007745347785,36027.949745003
0.190625,9.8689612822274,0.64999212680072,0.05000787319928,1149.0521008969,0.68082479066077,50.00787319928,36027.954000833
0.19375,9.8668340418472,0.64999199898974,0.050008001010264,1148.3239620347,0.6806090417195,50.008001010264,36027.958255313
0.196875,9.8647074756482,0.64999187121926,0.050008128780741,1147.5961278872,0.68039331469593,50.008128780741,36027.962508446
0.2,9.8625815835618,0.64999174348929,0.050008256510715,1146.8685984421,0.68017760960726,50.008256510715,36027.96676023
0.203125,9.8604563655196,0.64999161579981,0.05000838420019,1146.141373687,0.6799619264707,50.00838420019,36027.971010666
0.20625,9.8583318214528,0.64999148815083,0.050008511849172,1145.4144536095,0.67974626530345,50.008511849172,36027.975259754
0.209375,9.8562079512928,0.64999136054234,0.050008639457662,1144.687838197,0.67953062612273,50.008639457662,36027.979507495
0.2125,9.8540847549708,0.64999123297433,0.050008767025667,1143.9615274371,0.67931500894573,50.008767025667,36027.983753887
0.215625,9.8519622324181,0.64999110544681,0.05000889455319,1143.2355213169,0.67909941378965,50.00889455319,36027.987998932
0.21875,9.8498403835658,0.64999097795977,0.050009022040234,1142.509819824,0.67888384067171,50.009022040234,36027.99224263
0.221875,9.847719208345,0.6499908505132,0.050009149486805,1141.7844229454,0.67866828960911,50.009149486805,36027.99648498
0.225,9.8455987066868,0.64999072310709,0.050009276892906,1141.0593306683,0.67845276061904,50.009276892906,36028.000725984
0.228125,9.8434788785221,0.64999059574146,0.050009404258542,1140.3345429799,0.67823725371872,50.009404258542,36028.00496564
0.23125,9.841359723782,0.64999046841628,0.050009531583716,1139.6100598671,0.67802176892535,50.009531583716,36028.00920395
0.234375,9.8392412423972,0.64999034113157,0.050009658868433,1138.8858813169,0.67780630625612,50.009658868433,36028.013440912
0.2375,9.8371234342987,0.6499902138873,0.050009786112697,1138.1620073161,0.67759086572825,50.009786112697,36028.017676529
0.240625,9.8350062994172,0.64999008668349,0.050009913316512,1137.4384378517,0.67737544735894,50.009913316512,36028.021910798
0.24375,9.8328898376835,0.64998995952012,0.050010040479882,1136.7151729104,0.67716005116537,50.010040479882,36028.026143722
0.246875,9.8307740490281,0.64998983239719,0.050010167602812,1135.9922124788,0.67694467716476,50.010167602812,36028.030375299
0.25,9.8286589333818,0.64998970531469,0.050010294685306,1135.2695565435,0.6767293253743,50.010294685306,36028.03460553
0.253125,9.8265444906751,0.64998957827263,0.050010421727367,1134.5472050911,0.6765139958112,50.010421727367,36028.038834416
0.25625,9.8244307208385,0.649989451271,0.050010548729,1133.8251581081,0.67629868849265,50.010548729,36028.043061955
0.259375,9.8223176238025,0.64998932430979,0.050010675690209,1133.103415581,0.67608340343586,50.010675690209,36028.04728815
0.2625,9.8202051994974,0.649989197389,0.050010802610998,1132.381977496,0.67586814065802,50.010802610998,36028.051512998
0.265625,9.8180934478537,0.64998907050863,0.050010929491372,1131.6608438394,0.67565290017633,50.010929491372,36028.055736501
0.26875,9.8159823688016,0.64998894366866,0.050011056331335,1130.9400145974,0.67543768200798,50.011056331335,36028.05995866
0.271875,9.8138719622714,0.64998881686911,0.050011183130891,1130.2194897562,0.67522248617018,50.011183130891,36028.064179473
0.275,9.8117622281933,0.64998869010996,0.050011309890043,1129.4992693019,0.67500731268013,50.011309890043,36028.068398941
0.278125,9.8096531664973,0.6499885633912,0.050011436608797,1128.7793532204,0.67479216155501,50.011436608797,36028.072617064
0.28125,9.8075447771137,0.64998843671284,0.050011563287157,1128.0597414978,0.67457703281202,50.011563287157,36028.076833843
0.284375,9.8054370599723,0.64998831007487,0.050011689925126,1127.3404341198,0.67436192646836,50.011689925126,36028.081049277
0.2875,9.8033300150032,0.64998818347729,0.050011816522708,1126.6214310723,0.67414684254123,50.011816522708,36028.085263367
0.290625,9.8012236421363,0.64998805692009,0.050011943079909,1125.902732341,0.67393178104781,50.011943079909,36028.089476113
0.29375,9.7991179413015,0.64998793040327,0.050012069596733,1125.1843379116,0.6737167420053,50.012069596733,36028.093687515
0.296875,9.7970129124286,0.64998780392682,0.050012196073182,1124.4662477698,0.6735017254309,50.012196073182,36028.097897572
0.3,9.7949085554474,0.64998767749074,0.050012322509263,1123.7484619009,0.67328673134179,50.012322509263,36028.102106286
0.303125,9.7928048702875,0.64998755109502,0.050012448904978,1123.0309802906,0.67307175975518,50.012448904978,36028.106313657
0.30625,9.7907018568786,0.64998742473967,0.050012575260333,1122.3138029241,0.67285681068824,50.012575260333,36028.110519683
0.309375,9.7885995151503,0.64998729842467,0.050012701575331,1121.5969297869,0.67264188415817,50.012701575331,36028.114724367
0.3125,9.7864978450321,0.64998717215002,0.050012827849977,1120.8803608641,0.67242698018216,50.012827849977,36028.118927707
0.315625,9.7843968464537,0.64998704591573,0.050012954084274,1120.1640961411,0.67221209877741,50.012954084274,36028.123129704
0.31875,9.7822965193443,0.64998691972177,0.050013080278228,1119.4481356028,0.67199723996109,50.013080278228,36028.127330358
0.321875,9.7801968636333,0.64998679356816,0.050013206431842,1118.7324792345,0.6717824037504,50.013206431842,36028.13152967
0.325,9.7780978792502,0.64998666745488,0.050013332545121,1118.017127021,0.67156759016252,50.013332545121,36028.135727639
0.328125,9.7759995661241,0.64998654138193,0.050013458618068,1117.3020789473,0.67135279921465,50.013458618068,36028.139924265
0.33125,9.7739019241843,0.64998641534931,0.050013584650689,1116.5873349983,0.67113803092396,50.013584650689,36028.144119549
0.334375,9.77180495336,0.64998628935701,0.050013710642987,1115.8728951587,0.67092328530765,50.013710642987,36028.14831349
0.3375,9.7697086535803,0.64998616340503,0.050013836594967,1115.1587594133,0.6707085623829,50.013836594967,36028.15250609
0.340625,9.7676130247742,0.64998603749337,0.050013962506632,1114.4449277467,0.6704938621669,50.013962506632,36028.156697348
0.34375,9.7655180668708,0.64998591162201,0.050014088377988,1113.7314001435,0.67027918467682,50.014088377988,36028.160887263
0.346875,9.7634237797989,0.64998578579096,0.050014214209038,1113.0181765883,0.67006452992985,50.014214209038,36028.165075838
0.35,9.7613301634876,0.64998566000021,0.050014339999787,1112.3052570654,0.66984989794318,50.014339999787,36028.16926307
0.353125,9.7592372178656,0.64998553424976,0.050014465750239,1111.5926415593,0.66963528873398,50.014465750239,36028.173448961
0.35625,9.7571449428618,0.6499854085396,0.050014591460398,1110.8803300543,0.66942070231944,50.014591460398,36028.177633511
0.359375,9.7550533384049,0.64998528286973,0.050014717130269,1110.1683225346,0.66920613871674,50.014717130269,36028.18181672
0.3625,9.7529624044235,0.64998515724015,0.050014842759855,1109.4566189845,0.66899159794306,50.014842759855,36028.185998588
0.365625,9.7508721408464,0.64998503165084,0.050014968349161,1108.7452193879,0.66877708001557,50.014968349161,36028.190179115
0.36875,9.748782547602,0.64998490610181,0.050015093898192,1108.0341237291,0.66856258495146,50.015093898192,36028.194358302
0.371875,9.746693624619,0.64998478059305,0.050015219406952,1107.3233319919,0.6683481127679,50.015219406952,36028.198536148
0.375,9.7446053718257,0.64998465512456,0.050015344875444,1106.6128441602,0.66813366348207,50.015344875444,36028.202712654
0.378125,9.7425177891507,0.64998452969633,0.050015470303674,1105.902660218,0.66791923711115,50.015470303674,36028.206887819
0.38125,9.7404308765222,0.64998440430835,0.050015595691646,1105.1927801489,0.66770483367231,50.015595691646,36028.211061644
0.384375,9.7383446338685,0.64998427896064,0.050015721039363,1104.4832039367,0.66749045318272,50.015721039363,36028.215234129
0.3875,9.736259061118,0.64998415365317,0.050015846346831,1103.773931565,0.66727609565955,50.015846346831,36028.219405275
0.390625,9.7341741581989,0.64998402838595,0.050015971614053,1103.0649630175,0.66706176111999,50.015971614053,36028.223575081
0.39375,9.7320899250392,0.64998390315897,0.050016096841034,1102.3562982775,0.66684744958121,50.016096841034,36028.227743547
0.396875,9.730006361567,0.64998377797222,0.050016222027778,1101.6479373285,0.66663316106037,50.016222027778,36028.231910674
0.4,9.7279234677105,0.64998365282571,0.050016347174289,1100.939880154,0.66641889557464,50.016347174289,36028.236076462
0.403125,9.7258412433977,0.64998352771943,0.050016472280573,1100.2321267372,0.66620465314121,50.016472280573,36028.24024091
0.40625,9.7237596885563,0.64998340265337,0.050016597346632,1099.5246770613,0.66599043377722,50.016597346632,36028.24440402
0.409375,9.7216788031144,0.64998327762753,0.050016722372472,1098.8175311094,0.66577623749987,50.016722372472,36028.248565791
0.4125,9.7195985869998,0.6499831526419,0.050016847358097,1098.1106888648,0.6655620643263,50.016847358097,36028.252726223
0.415625,9.7175190401401,0.64998302769649,0.050016972303511,1097.4041503105,0.66534791427368,50.016972303511,36028.256885317
0.41875,9.7154401624633,0.64998290279128,0.050017097208719,1096.6979154293,0.66513378735919,50.017097208719,36028.261043072
0.421875,9.7133619538968,0.64998277792628,0.050017222073724,1095.9919842041,0.66491968359999,50.017222073724,36028.265199489
0.425,9.7112844143683,0.64998265310147,0.050017346898531,1095.2863566179,0.66470560301324,50.017346898531,36028.269354568
0.428125,9.7092075438055,0.64998252831685,0.050017471683145,1094.5810326534,0.6644915456161,50.017471683145,36028.27350831
0.43125,9.7071313421358,0.64998240357243,0.05001759642757,1093.8760122932,0.66427751142575,50.01759642757,36028.277660713
0.434375,9.7050558092866,0.64998227886819,0.050017721131811,1093.17129552,0.66406350045933,50.017721131811,36028.281811779
0.4375,9.7029809451853,0.64998215420413,0.05001784579587,1092.4668823163,0.663849512734,50.01784579587,36028.285961507
0.440625,9.7009067497594,0.64998202958025,0.050017970419754,1091.7627726647,0.66363554826694,50.017970419754,36028.290109898
0.44375,9.698833222936,0.64998190499653,0.050018095003466,1091.0589665475,0.66342160707528,50.018095003466,36028.294256951
0.446875,9.6967603646424,0.64998178045299,0.050018219547011,1090.355463947,0.66320768917621,50.018219547011,36028.298402668
0.45,9.6946881748058,0.64998165594961,0.050018344050393,1089.6522648457,0.66299379458686,50.018344050393,36028.302547048
0.453125,9.6926166533534,0.64998153148638,0.050018468513616,1088.9493692256,0.6627799233244,50.018468513616,36028.30669009
0.45625,9.6905458002121,0.64998140706331,0.050018592936686,1088.246777069,0.66256607540597,50.018592936686,36028.310831797
0.459375,9.6884756153091,0.64998128268039,0.050018717319605,1087.5444883579,0.66235225084874,50.018717319605,36028.314972167
0.4625,9.6864060985713,0.64998115833762,0.050018841662379,1086.8425030743,0.66213844966986,50.018841662379,36028.3191112
0.465625,9.6843372499256,0.64998103403499,0.050018965965013,1086.1408212002,0.66192467188648,50.018965965013,36028.323248897
0.46875,9.6822690692989,0.64998090977249,0.050019090227509,1085.4394427174,0.66171091751574,50.019090227509,36028.327385259
0.471875,9.680201556618,0.64998078555013,0.050019214449874,1084.7383676078,0.6614971865748,50.019214449874,36028.331520284
0.475,9.6781347118096,0.64998066136789,0.05001933863211,1084.0375958532,0.66128347908082,50.01933863211,36028.335653974
0.478125,9.6760685348004,0.64998053722578,0.050019462774223,1083.337127435,0.66106979505092,50.019462774223,36028.339786328
0.48125,9.6740030255172,0.64998041312378,0.050019586876218,1082.6369623351,0.66085613450227,50.019586876218,36028.343917346
0.484375,9.6719381838864,0.6499802890619,0.050019710938097,1081.9371005348,0.66064249745201,50.019710938097,36028.348047029
0.4875,9.6698740098346,0.64998016504013,0.050019834959867,1081.2375420158,0.66042888391728,50.019834959867,36028.352175377
0.490625,9.6678105032884,0.64998004105847,0.050019958941531,1080.5382867593,0.66021529391523,50.019958941531,36028.356302391
0.49375,9.6657476641741,0.64997991711691,0.050020082883093,1079.8393347468,0.66000172746299,50.020082883093,36028.360428069
0.496875,9.6636854924181,0.64997979321544,0.050020206784559,1079.1406859595,0.65978818457772,50.020206784559,36028.364552412
0.5,9.6616239879468,0.64997966935407,0.050020330645932,1078.4423403785,0.65957466527655,50.020330645932,36028.368675421
0.503125,9.6595631506864,0.64997954553278,0.050020454467217,1077.7442979851,0.65936116957662,50.020454467217,36028.372797096
0.50625,9.6575029805632,0.64997942175158,0.050020578248419,1077.0465587602,0.65914769749507,50.020578248419,36028.376917436
0.509375,9.6554434775032,0.64997929801046,0.050020701989541,1076.3491226849,0.65893424904903,50.020701989541,36028.381036442
0.5125,9.6533846414327,0.64997917430941,0.050020825690589,1075.6519897402,0.65872082425565,50.020825690589,36028.385154114
0.515625,9.6513264722777,0.64997905064843,0.050020949351566,1074.9551599068,0.65850742313206,50.020949351566,36028.389270453
0.51875,9.6492689699642,0.64997892702752,0.050021072972478,1074.2586331655,0.65829404569539,50.021072972478,36028.393385457
0.521875,9.6472121344181,0.64997880344667,0.050021196553328,1073.5624094971,0.65808069196277,50.021196553328,36028.397499128
0.525,9.6451559655653,0.64997867990588,0.050021320094121,1072.8664888823,0.65786736195134,50.021320094121,36028.401611466
0.528125,9.6431004633317,0.64997855640514,0.050021443594862,1072.1708713016,0.65765405567823,50.021443594862,36028.405722471
0.53125,9.6410456276431,0.64997843294445,0.050021567055554,1071.4755567355,0.65744077316057,50.021567055554,36028.409832142
0.534375,9.6389914584252,0.6499783095238,0.050021690476203,1070.7805451645,0.65722751441548,50.021690476203,36028.41394048
0.5375,9.6369379556037,0.64997818614319,0.050021813856813,1070.085836569,0.65701427946009,50.021813856813,36028.418047486
0.540625,9.6348851191043,0.64997806280261,0.050021937197389,1069.3914309293,0.65680106831153,50.021937197389,36028.422153159
0.54375,9.6328329488524,0.64997793950207,0.050022060497934,1068.6973282256,0.65658788098692,50.022060497934,36028.426257499
0.546875,9.6307814447737,0.64997781624155,0.050022183758454,1068.0035284382,0.65637471750339,50.022183758454,36028.430360508
0.55,9.6287306067935,0.64997769302105,0.050022306978952,1067.3100315471,0.65616157787805,50.022306978952,36028.434462184
0.553125,9.6266804348373,0.64997756984057,0.050022430159434,1066.6168375324,0.65594846212804,50.022430159434,36028.438562527
0.55625,9.6246309288306,0.6499774467001,0.050022553299903,1065.9239463741,0.65573537027046,50.022553299903,36028.44266154
0.559375,9.6225820886984,0.64997732359964,0.050022676400365,1065.231358052,0.65552230232245,50.022676400365,36028.44675922
0.5625,9.6205339143663,0.64997720053918,0.050022799460823,1064.5390725461,0.65530925830111,50.022799460823,36028.450855568
0.565625,9.6184864057593,0.64997707751872,0.050022922481283,1063.847089836,0.65509623822356,50.022922481283,36028.454950586
0.56875,9.6164395628025,0.64997695453825,0.050023045461748,1063.1554099016,0.65488324210692,50.023045461748,36028.459044272
0.571875,9.6143933854212,0.64997683159778,0.050023168402224,1062.4640327223,0.65467026996829,50.023168402224,36028.463136626
0.575,9.6123478735403,0.64997670869729,0.050023291302714,1061.7729582779,0.65445732182481,50.023291302714,36028.46722765
0.578125,9.6103030270848,0.64997658583678,0.050023414163224,1061.0821865478,0.65424439769357,50.023414163224,36028.471317343
0.58125,9.6082588459796,0.64997646301624,0.050023536983757,1060.3917175114,0.65403149759168,50.023536983757,36028.475405705
0.584375,9.6062153301497,0.64997634023568,0.050023659764319,1059.7015511481,0.65381862153625,50.023659764319,36028.479492737
0.5875,9.6041724795198,0.64997621749509,0.050023782504913,1059.0116874373,0.6536057695444,50.023782504913,36028.483578438
0.590625,9.6021302940148,0.64997609479446,0.050023905205545,1058.3221263581,0.65339294163323,50.023905205545,36028.487662809
0.59375,9.6000887735593,0.64997597213378,0.050024027866218,1057.6328678897,0.65318013781983,50.024027866218,36028.49174585
0.596875,9.5980479180781,0.64997584951306,0.050024150486938,1056.9439120112,0.65296735812132,50.024150486938,36028.495827561
0.6,9.5960077274957,0.64997572693229,0.050024273067709,1056.2552587016,0.6527546025548,50.024273067709,36028.499907942
0.603125,9.5939682017367,0.64997560439147,0.050024395608535,1055.5669079399,0.65254187113737,50.024395608535,36028.503986994
0.60625,9.5919293407256,0.64997548189058,0.050024518109421,1054.878859705,0.65232916388613,50.024518109421,36028.508064716
0.609375,9.5898911443869,0.64997535942963,0.050024640570372,1054.1911139757,0.65211648081817,50.024640570372,36028.512141108
0.6125,9.5878536126449,0.64997523700861,0.050024762991391,1053.5036707308,0.65190382195059,50.024762991391,36028.516216172
0.615625,9.585816745424,0.64997511462752,0.050024885372485,1052.8165299489,0.65169118730049,50.024885372485,36028.520289906
0.61875,9.5837805426485,0.64997499228634,0.050025007713656,1052.1296916087,0.65147857688496,50.025007713656,36028.524362312
0.621875,9.5817450042427,0.64997486998509,0.05002513001491,1051.4431556887,0.65126599072109,50.02513001491,36028.528433389
0.625,9.5797101301307,0.64997474772375,0.050025252276251,1050.7569221675,0.65105342882599,50.025252276251,36028.532503137
0.628125,9.5776759202366,0.64997462550232,0.050025374497684,1050.0709910233,0.65084089121673,50.025374497684,36028.536571557
0.63125,9.5756423744846,0.64997450332079,0.050025496679214,1049.3853622347,0.6506283779104,50.025496679214,36028.540638648
0.634375,9.5736094927987,0.64997438117916,0.050025618820844,1048.7000357798,0.65041588892409,50.025618820844,36028.544704412
0.6375,9.5715772751029,0.64997425907742,0.05002574092258,1048.0150116369,0.65020342427489,50.02574092258,36028.548768847
0.640625,9.5695457213209,0.64997413701557,0.050025862984426,1047.3302897841,0.64999098397988,50.025862984426,36028.552831955
0.64375,9.5675148313769,0.64997401499361,0.050025985006386,1046.6458701996,0.64977856805615,50.025985006386,36028.556893734
0.646875,9.5654846051944,0.64997389301153,0.050026106988466,1045.9617528612,0.64956617652076,50.026106988466,36028.560954187
0.65,9.5634550426973,0.64997377106933,0.050026228930669,1045.277937747,0.64935380939081,50.026228930669,36028.565013312
0.653125,9.5614261438094,0.649973649167,0.050026350833001,1044.5944248348,0.64914146668338,50.026350833001,36028.56907111
0.65625,9.5593979084542,0.64997352730453,0.050026472695466,1043.9112141025,0.64892914841554,50.026472695466,36028.57312758
0.659375,9.5573703365554,0.64997340548193,0.050026594518069,1043.2283055277,0.64871685460436,50.026594518069,36028.577182724
0.6625,9.5553434280365,0.64997328369919,0.050026716300813,1042.5456990882,0.64850458526691,50.026716300813,36028.581236541
0.665625,9.553317182821,0.6499731619563,0.050026838043704,1041.8633947616,0.64829234042029,50.026838043704,36028.585289032
0.66875,9.5512916008324,0.64997304025325,0.050026959746747,1041.1813925253,0.64808012008154,50.026959746747,36028.589340196
0.671875,9.5492666819939,0.64997291859005,0.050027081409946,1040.4996923569,0.64786792426774,50.027081409946,36028.593390033
0.675,9.547242426229,0.6499727969667,0.050027203033305,1039.8182942338,0.64765575299596,50.027203033305,36028.597438545
0.678125,9.545218833461,0.64997267538317,0.050027324616829,1039.1371981333,0.64744360628327,50.027324616829,36028.60148573
0.68125,9.543195903613,0.64997255383948,0.050027446160523,1038.4564040326,0.64723148414673,50.027446160523,36028.60553159
0.684375,9.5411736366083,0.64997243233561,0.050027567664392,1037.775911909,0.6470193866034,50.027567664392,36028.609576124
0.6875,9.5391520323699,0.64997231087156,0.050027689128439,1037.0957217395,0.64680731367034,50.027689128439,36028.613619332
0.690625,9.5371310908209,0.64997218944733,0.05002781055267,1036.4158335014,0.64659526536462,50.02781055267,36028.617661216
0.69375,9.5351108118844,0.64997206806291,0.050027931937089,1035.7362471714,0.64638324170329,50.027931937089,36028.621701773
0.696875,9.5330911954832,0.6499719467183,0.050028053281702,1035.0569627267,0.64617124270342,50.028053281702,36028.625741006
0.7,9.5310722415404,0.64997182541349,0.050028174586511,1034.3779801439,0.64595926838205,50.028174586511,36028.629778914
0.703125,9.5290539499787,0.64997170414848,0.050028295851523,1033.6992994,0.64574731875624,50.028295851523,36028.633815497
0.70625,9.527036320721,0.64997158292326,0.050028417076742,1033.0209204716,0.64553539384304,50.028417076742,36028.637850756
0.709375,9.5250193536899,0.64997146173783,0.050028538262172,1032.3428433354,0.6453234936595,50.028538262172,36028.64188469
0.7125,9.5230030488083,0.64997134059218,0.050028659407818,1031.665067968,0.64511161822267,50.028659407818,36028.6459173
0.715625,9.5209874059987,0.64997121948631,0.050028780513685,1030.9875943459,0.6448997675496,50.028780513685,36028.649948585
0.71875,9.5189724251837,0.64997109842022,0.050028901579778,1030.3104224455,0.64468794165733,50.028901579778,36028.653978547
0.721875,9.5169581062859,0.6499709773939,0.0500290226061,1029.6335522433,0.64447614056292,50.0290226061,36028.658007185
0.725,9.5149444492277,0.64997085640734,0.050029143592657,1028.9569837156,0.64426436428339,50.029143592657,36028.662034499
0.728125,9.5129314539315,0.64997073546055,0.050029264539453,1028.2807168386,0.64405261283579,50.029264539453,36028.666060489
0.73125,9.5109191203198,0.64997061455351,0.050029385446494,1027.6047515884,0.64384088623716,50.029385446494,36028.670085157
0.734375,9.5089074483149,0.64997049368622,0.050029506313783,1026.9290879412,0.64362918450454,50.029506313783,36028.674108501
0.7375,9.506896437839,0.64997037285867,0.050029627141325,1026.2537258731,0.64341750765496,50.029627141325,36028.678130521
0.740625,9.5048860888143,0.64997025207087,0.050029747929126,1025.57866536,0.64320585570545,50.029747929126,36028.68215122
0.74375,9.502876401163,0.64997013132281,0.050029868677189,1024.9039063779,0.64299422867305,50.029868677189,36028.686170595
0.746875,9.5008673748071,0.64997001061448,0.050029989385519,1024.2294489025,0.64278262657479,50.029989385519,36028.690188648
0.75,9.4988590096689,0.64996988994588,0.050030110054122,1023.5552929097,0.6425710494277,50.030110054122,36028.694205378
0.753125,9.4968513056702,0.649969769317,0.050030230683001,1022.8814383751,0.6423594972488,50.030230683001,36028.698220786
0.75625,9.494844262733,0.64996964872784,0.050030351272162,1022.2078852744,0.64214797005512,50.030351272162,36028.702234872
0.759375,9.4928378807793,0.64996952817839,0.050030471821609,1021.5346335832,0.64193646786369,50.030471821609,36028.706247636
0.7625,9.4908321597307,0.64996940766865,0.050030592331347,1020.861683277,0.64172499069152,50.030592331347,36028.710259078
0.765625,9.4888270995092,0.64996928719862,0.05003071280138,1020.1890343312,0.64151353855563,50.03071280138,36028.714269198
0.76875,9.4868227000365,0.64996916676829,0.050030833231714,1019.5166867211,0.64130211147305,50.030833231714,36028.718277997
0.771875,9.4848189612342,0.64996904637765,0.050030953622352,1018.8446404221,0.64109070946078,50.030953622352,36028.722285475
0.775,9.482815883024,0.6499689260267,0.0500310739733,1018.1728954095,0.64087933253585,50.0310739733,36028.726291631
0.778125,9.4808134653274,0.64996880571544,0.050031194284563,1017.5014516583,0.64066798071526,50.031194284563,36028.730296467
0.78125,9.478811708066,0.64996868544386,0.050031314556144,1016.8303091436,0.64045665401604,50.031314556144,36028.734299981
0.784375,9.4768106111613,0.64996856521195,0.05003143478805,1016.1594678406,0.64024535245518,50.03143478805,36028.738302175
0.7875,9.4748101745346,0.64996844501972,0.050031554980283,1015.4889277242,0.64003407604969,50.031554980283,36028.742303048
0.790625,9.4728103981073,0.64996832486715,0.05003167513285,1014.8186887692,0.63982282481658,50.03167513285,36028.746302601
0.79375,9.4708112818008,0.64996820475424,0.050031795245755,1014.1487509505,0.63961159877286,50.031795245755,36028.750300834
0.796875,9.4688128255363,0.649968084681,0.050031915319003,1013.4791142428,0.63940039793552,50.031915319003,36028.754297746
0.8,9.4668150292349,0.6499679646474,0.050032035352598,1012.8097786209,0.63918922232156,50.032035352598,36028.758293339
0.803125,9.4648178928179,0.64996784465345,0.050032155346546,1012.1407440594,0.63897807194799,50.032155346546,36028.762287612
0.80625,9.4628214162063,0.64996772469915,0.05003227530085,1011.4720105327,0.6387669468318,50.03227530085,36028.766280565
0.809375,9.4608255993213,0.64996760478448,0.050032395215516,1010.8035780155,0.63855584698998,50.032395215516,36028.770272199
0.8125,9.4588304420837,0.64996748490945,0.050032515090548,1010.1354464821,0.63834477243953,50.032515090548,36028.774262513
0.815625,9.4568359444145,0.64996736507405,0.050032634925952,1009.4676159069,0.63813372319743,50.032634925952,36028.778251508
0.81875,9.4548421062346,0.64996724527827,0.050032754721731,1008.8000862641,0.63792269928068,50.032754721731,36028.782239185
0.821875,9.4528489274648,0.64996712552211,0.050032874477891,1008.132857528,0.63771170070626,50.032874477891,36028.786225542
0.825,9.4508564080259,0.64996700580556,0.050032994194437,1007.4659296728,0.63750072749115,50.032994194437,36028.790210581
0.828125,9.4488645478387,0.64996688612863,0.050033113871372,1006.7993026725,0.63728977965235,50.033113871372,36028.794194301
0.83125,9.4468733468238,0.6499667664913,0.050033233508703,1006.1329765011,0.63707885720683,50.033233508703,36028.798176704
0.834375,9.4448828049018,0.64996664689357,0.050033353106433,1005.4669511326,0.63686796017156,50.033353106433,36028.802157787
0.8375,9.4428929219932,0.64996652733543,0.050033472664568,1004.8012265408,0.63665708856353,50.033472664568,36028.806137553
0.840625,9.4409036980187,0.64996640781689,0.050033592183112,1004.1358026996,0.63644624239971,50.033592183112,36028.810116001
0.84375,9.4389151328987,0.64996628833793,0.05003371166207,1003.4706795828,0.63623542169707,50.03371166207,36028.814093131
0.846875,9.4369272265535,0.64996616889855,0.050033831101447,1002.8058571639,0.6360246264726,50.033831101447,36028.818068944
0.85,9.4349399789036,0.64996604949875,0.050033950501247,1002.1413354167,0.63581385674324,50.033950501247,36028.822043439
0.853125,9.4329533898692,0.64996593013852,0.050034069861476,1001.4771143146,0.63560311252598,50.034069861476,36028.826016617
0.85625,9.4309674593705,0.64996581081786,0.050034189182139,1000.8131938311,0.63539239383777,50.034189182139,36028.829988478
0.859375,9.4289821873279,0.64996569153676,0.050034308463239,1000.1495739396,0.63518170069558,50.034308463239,36028.833959023
0.8625,9.4269975736613,0.64996557229522,0.050034427704782,999.48625461353,0.63497103311637,50.034427704782,36028.83792825
0.865625,9.425013618291,0.64996545309323,0.050034546906772,998.82323582609,0.6347603911171,50.034546906772,36028.841896161
0.86875,9.4230303211368,0.64996533393078,0.050034666069215,998.16051755047,0.63454977471473,50.034666069215,36028.845862755
0.871875,9.421047682119,0.64996521480788,0.050034785192115,997.49809975985,0.63433918392621,50.034785192115,36028.849828033
0.875,9.4190657011572,0.64996509572452,0.050034904275477,996.83598242728,0.63412861876849,50.034904275477,36028.853791995
0.878125,9.4170843781715,0.64996497668069,0.050035023319306,996.17416552577,0.63391807925853,50.035023319306,36028.857754641
0.88125,9.4151037130817,0.64996485767639,0.050035142323607,995.51264902825,0.63370756541327,50.035142323607,36028.861715971
0.884375,9.4131237058075,0.64996473871162,0.050035261288384,994.85143290757,0.63349707724966,50.035261288384,36028.865675986
0.8875,9.4111443562686,0.64996461978636,0.050035380213642,994.19051713655,0.63328661478465,50.035380213642,36028.869634685
0.890625,9.4091656643848,0.64996450090061,0.050035499099387,993.52990168791,0.63307617803517,50.035499099387,36028.873592068
0.89375,9.4071876300756,0.64996438205438,0.050035617945622,992.86958653432,0.63286576701817,50.035617945622,36028.877548137
0.896875,9.4052102532605,0.64996426324765,0.050035736752353,992.20957164838,0.63265538175058,50.035736752353,36028.881502891
0.9,9.4032335338591,0.64996414448041,0.050035855519585,991.54985700261,0.63244502224935,50.035855519585,36028.885456329
0.903125,9.4012574717909,0.64996402575268,0.050035974247322,990.89044256947,0.63223468853139,50.035974247322,36028.889408454
0.90625,9.3992820669752,0.64996390706443,0.05003609293557,990.23132832136,0.63202438061366,50.03609293557,36028.893359263
0.909375,9.3973073193314,0.64996378841567,0.050036211584333,989.5725142306,0.63181409851307,50.036211584333,36028.897308759
0.9125,9.3953332287788,0.64996366980638,0.050036330193615,988.91400026947,0.63160384224655,50.036330193615,36028.90125694
0.915625,9.3933597952367,0.64996355123658,0.050036448763423,988.25578641014,0.63139361183103,50.036448763423,36028.905203807
0.91875,9.3913870186241,0.64996343270624,0.05003656729376,987.59787262474,0.63118340728344,50.03656729376,36028.90914936
0.921875,9.3894148988603,0.64996331421537,0.050036685784632,986.94025888533,0.63097322862068,50.036685784632,36028.913093599
0.925,9.3874434358643,0.64996319576396,0.050036804236043,986.2829451639,0.63076307585969,50.036804236043,36028.917036525
0.928125,9.3854726295552,0.649963077352,0.050036922647998,985.62593143237,0.63055294901738,50.036922647998,36028.920978138
0.93125,9.3835024798519,0.6499629589795,0.050037041020503,984.96921766258,0.63034284811065,50.037041020503,36028.924918437
0.934375,9.3815329866734,0.64996284064644,0.050037159353562,984.31280382635,0.63013277315643,50.037159353562,36028.928857424
0.9375,9.3795641499386,0.64996272235282,0.050037277647179,983.65668989536,0.62992272417162,50.037277647179,36028.932795097
0.940625,9.3775959695662,0.64996260409864,0.05003739590136,983.0008758413,0.62971270117314,50.03739590136,36028.936731458
0.94375,9.375628445475,0.64996248588389,0.05003751411611,982.34536163573,0.62950270417787,50.03751411611,36028.940666506
0.94687500000001,9.3736615775838,0.64996236770857,0.050037632291434,981.69014725018,0.62929273320274,50.037632291434,36028.944600242
0.95000000000001,9.3716953658112,0.64996224957266,0.050037750427336,981.03523265609,0.62908278826464,50.037750427336,36028.948532666
0.95312500000001,9.3697298100758,0.64996213147618,0.050037868523821,980.38061782486,0.62887286938047,50.037868523821,36028.952463777
0.95625000000001,9.3677649102961,0.64996201341911,0.050037986580895,979.72630272778,0.62866297656712,50.037986580895,36028.956393577
0.95937500000001,9.3658006663907,0.64996189540144,0.050038104598561,979.07228733612,0.62845310984149,50.038104598561,36028.960322064
0.96250000000001,9.3638370782781,0.64996177742317,0.050038222576826,978.41857162106,0.62824326922047,50.038222576826,36028.964249241
0.96562500000001,9.3618741458765,0.64996165948431,0.050038340515693,977.7651555537,0.62803345472095,50.038340515693,36028.968175105
0.96875000000001,9.3599118691044,0.64996154158483,0.050038458415169,977.11203910508,0.62782366635982,50.038458415169,36028.972099659
0.97187500000001,9.3579502478801,0.64996142372474,0.050038576275257,976.4592222462,0.62761390415395,50.038576275257,36028.976022901
0.97500000000001,9.3559892821217,0.64996130590404,0.050038694095962,975.80670494795,0.62740416812024,50.038694095962,36028.979944833
0.97812500000001,9.3540289717475,0.64996118812271,0.05003881187729,975.15448718119,0.62719445827556,50.03881187729,36028.983865454
0.98125000000001,9.3520693166756,0.64996107038075,0.050038929619246,974.50256891669,0.6269847746368,50.038929619246,36028.987784764
0.98437500000001,9.3501103168241,0.64996095267817,0.050039047321834,973.85095012517,0.62677511722081,50.039047321834,36028.991702764
0.98750000000001,9.348151972111,0.64996083501494,0.05003916498506,973.19963077727,0.62656548604449,50.03916498506,36028.995619453
0.99062500000001,9.3461942824543,0.64996071739107,0.050039282608927,972.54861084354,0.6263558811247,50.039282608927,36028.999534832
0.99375000000001,9.3442372477719,0.64996059980656,0.050039400193442,971.89789029452,0.62614630247831,50.039400193442,36029.003448902
0.99687500000001,9.3422808679817,0.64996048226139,0.050039517738609,971.24746910062,0.62593675012218,50.039517738609,36029.007361661
1,9.3403251430015,0.64996036475557,0.050039635244433,970.59734723224,0.62572722407317,50.039635244433,36029.011273111
1.003125,9.3383700727491,0.64996024728908,0.050039752710919,969.94752465968,0.62551772434816,50.039752710919,36029.015183252
1.00625,9.3364156571421,0.64996012986193,0.050039870138072,969.29800135316,0.62530825096398,50.039870138072,36029.019092083
1.009375,9.3344618960982,0.6499600124741,0.050039987525897,968.64877728285,0.62509880393751,50.039987525897,36029.022999605
1.0125,9.3325087895351,0.6499598951256,0.050040104874398,967.99985241889,0.62488938328559,50.040104874398,36029.026905818
1.015625,9.3305563373702,0.64995977781642,0.050040222183582,967.35122673128,0.62467998902509,50.040222183582,36029.030810722
1.01875,9.3286045395212,0.64995966054655,0.050040339453452,966.70290019002,0.62447062117284,50.040339453452,36029.034714318
1.021875,9.3266533959053,0.64995954331599,0.050040456684014,966.05487276498,0.62426127974569,50.040456684014,36029.038616605
1.025,9.3247029064401,0.64995942612473,0.050040573875272,965.40714442602,0.62405196476048,50.040573875272,36029.042517584
1.028125,9.3227530710429,0.64995930897277,0.050040691027232,964.75971514289,0.62384267623406,50.040691027232,36029.046417255
1.03125,9.320803889631,0.6499591918601,0.050040808139899,964.11258488531,0.62363341418327,50.040808139899,36029.050315618
1.034375,9.3188553621215,0.64995907478672,0.050040925213278,963.46575362289,0.62342417862494,50.040925213278,36029.054212673
1.0375,9.3169074884318,0.64995895775263,0.050041042247372,962.81922132521,0.6232149695759,50.041042247372,36029.05810842
1.040625,9.3149602684788,0.64995884075781,0.050041159242189,962.17298796177,0.623005787053,50.041159242189,36029.06200286
1.04375,9.3130137021798,0.64995872380227,0.050041276197732,961.52705350201,0.62279663107305,50.041276197732,36029.065895993
1.046875,9.3110677894516,0.64995860688599,0.050041393114006,960.88141791528,0.62258750165288,50.041393114006,36029.069787818
1.05,9.3091225302114,0.64995849000898,0.050041509991017,960.23608117087,0.62237839880931,50.041509991017,36029.073678337
1.053125,9.307177924376,0.64995837317123,0.05004162682877,959.59104323804,0.62216932255917,50.04162682877,36029.077567548
1.05625,9.3052339718623,0.64995825637273,0.050041743627269,958.94630408593,0.62196027291928,50.041743627269,36029.081455453
1.059375,9.3032906725871,0.64995813961348,0.050041860386519,958.30186368364,0.62175124990645,50.041860386519,36029.085342052
1.0625,9.3013480264671,0.64995802289347,0.050041977106526,957.65772200021,0.6215422535375,50.041977106526,36029.089227344
1.065625,9.2994060334192,0.64995790621271,0.050042093787294,957.01387900459,0.62133328382923,50.042093787294,36029.09311133
1.06875,9.2974646933599,0.64995778957117,0.050042210428829,956.37033466568,0.62112434079846,50.042210428829,36029.09699401
1.071875,9.2955240062058,0.64995767296886,0.050042327031135,955.72708895231,0.62091542446199,50.042327031135,36029.100875385
1.075,9.2935839718736,0.64995755640578,0.050042443594218,955.08414183323,0.62070653483661,50.042443594218,36029.104755453
1.078125,9.2916445902796,0.64995743988192,0.050042560118082,954.44149327715,0.62049767193915,50.042560118082,36029.108634217
1.08125,9.2897058613404,0.64995732339727,0.050042676602733,953.79914325268,0.62028883578638,50.042676602733,36029.112511674
1.084375,9.2877677849723,0.64995720695182,0.050042793048175,953.15709172839,0.62008002639511,50.042793048175,36029.116387827
1.0875,9.2858303610917,0.64995709054559,0.050042909454415,952.51533867277,0.61987124378213,50.042909454415,36029.120262675
1.090625,9.2838935896149,0.64995697417854,0.050043025821455,951.87388405425,0.61966248796422,50.043025821455,36029.124136218
1.09375,9.2819574704582,0.6499568578507,0.050043142149302,951.23272784119,0.61945375895819,50.043142149302,36029.128008456
1.096875,9.2800220035376,0.64995674156204,0.050043258437961,950.59187000188,0.6192450567808,50.043258437961,36029.13187939
1.1,9.2780871887695,0.64995662531256,0.050043374687437,949.95131050455,0.61903638144885,50.043374687437,36029.13574902
1.103125,9.2761530260697,0.64995650910227,0.050043490897735,949.31104931734,0.61882773297911,50.043490897735,36029.139617345
1.10625,9.2742195153544,0.64995639293114,0.050043607068859,948.67108640835,0.61861911138836,50.043607068859,36029.143484366
1.109375,9.2722866565395,0.64995627679918,0.050043723200815,948.03142174561,0.61841051669337,50.043723200815,36029.147350084
1.1125,9.270354449541,0.64995616070639,0.050043839293608,947.39205529706,0.61820194891091,50.043839293608,36029.151214498
1.115625,9.2684228942747,0.64995604465276,0.050043955347243,946.75298703062,0.61799340805776,50.043955347243,36029.155077609
1.11875,9.2664919906564,0.64995592863827,0.050044071361725,946.11421691408,0.61778489415067,50.044071361725,36029.158939416
1.121875,9.264561738602,0.64995581266294,0.05004418733706,945.47574491523,0.61757640720642,50.04418733706,36029.16279992
1.125,9.2626321380271,0.64995569672675,0.050044303273251,944.83757100172,0.61736794724175,50.044303273251,36029.166659121
1.128125,9.2607031888474,0.6499555808297,0.050044419170304,944.19969514121,0.61715951427343,50.044419170305,36029.170517019
1.13125,9.2587748909785,0.64995546497177,0.050044535028225,943.56211730123,0.61695110831821,50.044535028225,36029.174373615
1.134375,9.256847244336,0.64995534915298,0.050044650847019,942.92483744928,0.61674272939285,50.044650847019,36029.178228908
1.1375,9.2549202488353,0.64995523337331,0.050044766626689,942.28785555277,0.61653437751409,50.044766626689,36029.182082899
1.140625,9.252993904392,0.64995511763276,0.050044882367242,941.65117157908,0.61632605269869,50.044882367242,36029.185935588
1.14375,9.2510682109214,0.64995500193132,0.050044998068683,941.01478549546,0.61611775496337,50.044998068683,36029.189786975
1.146875,9.2491431683388,0.64995488626898,0.050045113731017,940.37869726917,0.61590948432489,50.045113731017,36029.19363706
1.15,9.2472187765596,0.64995477064575,0.050045229354248,939.74290686734,0.61570124079998,50.045229354248,36029.197485844
1.153125,9.245295035499,0.64995465506162,0.050045344938382,939.10741425705,0.61549302440537,50.045344938382,36029.201333326
1.15625,9.2433719450723,0.64995453951658,0.050045460483424,938.47221940536,0.61528483515781,50.045460483424,36029.205179507
1.159375,9.2414495051944,0.64995442401062,0.050045575989379,937.83732227919,0.61507667307401,50.045575989379,36029.209024387
1.1625,9.2395277157806,0.64995430854375,0.050045691456253,937.20272284543,0.61486853817071,50.045691456253,36029.212867966
1.165625,9.2376065767459,0.64995419311595,0.050045806884049,936.56842107092,0.61466043046463,50.045806884049,36029.216710244
1.16875,9.2356860880052,0.64995407772723,0.050045922272774,935.9344169224,0.61445234997248,50.045922272774,36029.220551221
1.171875,9.2337662494735,0.64995396237757,0.050046037622433,935.30071036654,0.614244296711,50.046037622433,36029.224390898
1.175,9.2318470610657,0.64995384706697,0.05004615293303,934.66730137001,0.61403627069689,50.04615293303,36029.228229275
1.178125,9.2299285226965,0.64995373179543,0.050046268204571,934.0341898993,0.61382827194686,50.046268204571,36029.232066352
1.18125,9.2280106342808,0.64995361656294,0.050046383437061,933.40137592094,0.61362030047762,50.046383437061,36029.235902129
1.184375,9.2260933957333,0.6499535013695,0.050046498630504,932.76885940134,0.61341235630589,50.046498630504,36029.239736606
1.1875,9.2241768069686,0.64995338621509,0.050046613784907,932.13664030685,0.61320443944836,50.046613784907,36029.243569783
1.190625,9.2222608679014,0.64995327109973,0.050046728900274,931.50471860375,0.61299654992173,50.046728900274,36029.247401661
1.19375,9.2203455784462,0.64995315602339,0.05004684397661,930.87309425827,0.61278868774271,50.04684397661,36029.25123224
1.196875,9.2184309385175,0.64995304098608,0.050046959013921,930.24176723656,0.61258085292798,50.046959013921,36029.25506152
1.2,9.2165169480298,0.64995292598779,0.050047074012212,929.61073750471,0.61237304549424,50.047074012212,36029.258889501
1.203125,9.2146036068975,0.64995281102851,0.050047188971487,928.98000502874,0.61216526545817,50.047188971487,36029.262716183
1.20625,9.2126909150351,0.64995269610825,0.050047303891752,928.34956977459,0.61195751283647,50.047303891752,36029.266541567
1.209375,9.2107788723566,0.64995258122699,0.050047418773012,927.71943170817,0.61174978764581,50.047418773012,36029.270365652
1.2125,9.2088674787765,0.64995246638473,0.050047533615273,927.08959079527,0.61154208990287,50.047533615273,36029.27418844
1.215625,9.2069567342089,0.64995235158146,0.050047648418539,926.46004700168,0.61133441962434,50.047648418539,36029.278009929
1.21875,9.205046638568,0.64995223681719,0.050047763182815,925.83080029306,0.61112677682688,50.047763182815,36029.28183012
1.221875,9.2031371917679,0.64995212209189,0.050047877908107,925.20185063504,0.61091916152717,50.047877908107,36029.285649014
1.225,9.2012283937225,0.64995200740558,0.05004799259442,924.57319799317,0.61071157374187,50.04799259442,36029.28946661
1.228125,9.199320244346,0.64995189275824,0.050048107241759,923.94484233294,0.61050401348765,50.048107241759,36029.293282908
1.23125,9.1974127435521,0.64995177814987,0.050048221850129,923.31678361977,0.61029648078117,50.048221850129,36029.29709791
1.234375,9.195505891255,0.64995166358046,0.050048336419536,922.68902181901,0.61008897563909,50.048336419536,36029.300911615
1.2375,9.1935996873682,0.64995154905002,0.050048450949984,922.06155689596,0.60988149807806,50.048450949984,36029.304724022
1.240625,9.1916941318058,0.64995143455852,0.050048565441479,921.43438881584,0.60967404811474,50.048565441479,36029.308535134
1.24375,9.1897892244813,0.64995132010597,0.050048679894025,920.80751754379,0.60946662576577,50.048679894025,36029.312344948
1.246875,9.1878849653084,0.64995120569237,0.050048794307629,920.18094304491,0.60925923104781,50.048794307629,36029.316153467
1.25,9.1859813542008,0.6499510913177,0.050048908682296,919.55466528422,0.60905186397749,50.048908682296,36029.319960689
1.253125,9.1840783910721,0.64995097698197,0.050049023018029,918.92868422668,0.60884452457146,50.049023018029,36029.323766615
1.25625,9.1821760758358,0.64995086268516,0.050049137314836,918.30299983717,0.60863721284634,50.049137314836,36029.327571245
1.259375,9.1802744084053,0.64995074842728,0.05004925157272,917.67761208051,0.60842992881879,50.04925157272,36029.33137458
1.2625,9.1783733886941,0.64995063420831,0.050049365791687,917.05252092147,0.60822267250542,50.049365791687,36029.33517662
1.265625,9.1764730166155,0.64995052002826,0.050049479971743,916.42772632473,0.60801544392287,50.049479971743,36029.338977364
1.26875,9.1745732920829,0.64995040588711,0.050049594112892,915.80322825491,0.60780824308775,50.049594112892,36029.342776813
1.271875,9.1726742150095,0.64995029178486,0.05004970821514,915.17902667658,0.6076010700167,50.04970821514,36029.346574967
1.275,9.1707757853085,0.64995017772151,0.050049822278491,914.55512155422,0.60739392472632,50.049822278491,36029.350371827
1.278125,9.1688780028931,0.64995006369705,0.050049936302952,913.93151285226,0.60718680723324,50.049936302952,36029.354167391
1.28125,9.1669808676764,0.64994994971147,0.050050050288527,913.30820053505,0.60697971755406,50.050050288527,36029.357961662
1.284375,9.1650843795714,0.64994983576478,0.050050164235222,912.68518456689,0.60677265570539,50.050164235222,36029.361754638
1.2875,9.1631885384912,0.64994972185696,0.050050278143042,912.06246491201,0.60656562170385,50.050278143042,36029.36554632
1.290625,9.1612933443487,0.64994960798801,0.050050392011992,911.44004153456,0.60635861556602,50.050392011992,36029.369336708
1.29375,9.1593987970569,0.64994949415792,0.050050505842076,910.81791439863,0.60615163730852,50.050505842076,36029.373125803
1.296875,9.1575048965284,0.6499493803667,0.050050619633302,910.19608346826,0.60594468694793,50.050619633302,36029.376913604
1.3,9.1556116426762,0.64994926661433,0.050050733385673,909.57454870739,0.60573776450085,50.050733385673,36029.380700112
1.303125,9.153719035413,0.6499491529008,0.050050847099195,908.95331007993,0.60553086998387,50.050847099195,36029.384485326
1.30625,9.1518270746515,0.64994903922613,0.050050960773874,908.3323675497,0.60532400341357,50.050960773874,36029.388269248
1.309375,9.1499357603043,0.64994892559029,0.050051074409714,907.71172108048,0.60511716480654,50.051074409714,36029.392051877
1.3125,9.1480450922841,0.64994881199328,0.05005118800672,907.09137063595,0.60491035417935,50.05118800672,36029.395833213
1.315625,9.1461550705033,0.6499486984351,0.050051301564899,906.47131617973,0.60470357154859,50.051301564899,36029.399613256
1.31875,9.1442656948744,0.64994858491575,0.050051415084255,905.8515576754,0.60449681693082,50.051415084255,36029.403392007
1.321875,9.1423769653099,0.64994847143521,0.050051528564793,905.23209508644,0.60429009034262,50.051528564793,36029.407169467
1.325,9.1404888817221,0.64994835799348,0.050051642006519,904.6129283763,0.60408339180055,50.051642006519,36029.410945634
1.328125,9.1386014440235,0.64994824459056,0.050051755409439,903.99405750833,0.60387672132117,50.051755409439,36029.414720509
1.33125,9.1367146521261,0.64994813122644,0.050051868773556,903.37548244584,0.60367007892104,50.051868773556,36029.418494093
1.334375,9.1348285059424,0.64994801790112,0.050051982098877,902.75720315206,0.60346346461673,50.051982098877,36029.422266385
1.3375,9.1329430053845,0.64994790461459,0.050052095385407,902.13921959015,0.60325687842478,50.052095385407,36029.426037386
1.340625,9.1310581503644,0.64994779136685,0.050052208633152,901.52153172322,0.60305032036174,50.052208633152,36029.429807096
1.34375,9.1291739407943,0.64994767815788,0.050052321842115,900.90413951429,0.60284379044417,50.052321842115,36029.433575516
1.346875,9.1272903765862,0.6499475649877,0.050052435012304,900.28704292634,0.60263728868859,50.052435012304,36029.437342644
1.35,9.125407457652,0.64994745185628,0.050052548143722,899.67024192228,0.60243081511156,50.052548143722,36029.441108482
1.353125,9.1235251839037,0.64994733876362,0.050052661236376,899.05373646493,0.60222436972961,50.052661236376,36029.444873029
1.35625,9.1216435552531,0.64994722570973,0.05005277429027,898.43752651705,0.60201795255926,50.05277429027,36029.448636287
1.359375,9.119762571612,0.64994711269459,0.05005288730541,897.82161204136,0.60181156361706,50.05288730541,36029.452398254
1.3625,9.1178822328922,0.6499469997182,0.050053000281801,897.20599300051,0.60160520291952,50.053000281801,36029.456158931
1.365625,9.1160025390054,0.64994688678055,0.050053113219449,896.59066935705,0.60139887048317,50.053113219449,36029.459918319
1.36875,9.1141234898633,0.64994677388164,0.050053226118359,895.9756410735,0.60119256632453,50.053226118359,36029.463676417
1.371875,9.1122450853775,0.64994666102146,0.050053338978535,895.3609081123,0.60098629046012,50.053338978535,36029.467433226
1.375,9.1103673254595,0.64994654820002,0.050053451799984,894.74647043582,0.60078004290644,50.053451799984,36029.471188746
1.378125,9.1084902100208,0.64994643541729,0.050053564582711,894.13232800636,0.60057382368,50.053564582711,36029.474942977
1.38125,9.1066137389729,0.64994632267328,0.050053677326721,893.51848078619,0.60036763279732,50.053677326721,36029.478695919
1.384375,9.1047379122272,0.64994620996798,0.05005379003202,892.90492873745,0.60016147027489,50.05379003202,36029.482447573
1.3875,9.1028627296951,0.64994609730139,0.050053902698612,892.29167182228,0.59995533612921,50.053902698612,36029.486197938
1.390625,9.1009881912877,0.6499459846735,0.050054015326503,891.67871000272,0.59974923037678,50.054015326503,36029.489947015
1.39375,9.0991142969165,0.6499458720843,0.050054127915698,891.06604324075,0.59954315303409,50.054127915698,36029.493694803
1.396875,9.0972410464925,0.6499457595338,0.050054240466204,890.45367149827,0.59933710411762,50.054240466204,36029.497441304
1.4,9.0953684399269,0.64994564702198,0.050054352978024,889.84159473713,0.59913108364386,50.054352978024,36029.501186517
1.403125,9.0934964771308,0.64994553454884,0.050054465451165,889.22981291913,0.59892509162929,50.054465451165,36029.504930443
1.40625,9.0916251580153,0.64994542211437,0.050054577885631,888.61832600597,0.59871912809039,50.054577885631,36029.508673081
1.409375,9.0897544824912,0.64994530971857,0.050054690281428,888.0071339593,0.59851319304363,50.054690281428,36029.512414432
1.4125,9.0878844504697,0.64994519736144,0.050054802638562,887.39623674071,0.59830728650548,50.054802638562,36029.516154496
1.415625,9.0860150618614,0.64994508504296,0.050054914957038,886.78563431172,0.59810140849242,50.054914957038,36029.519893273
1.41875,9.0841463165774,0.64994497276314,0.050055027236861,886.17532663378,0.59789555902089,50.055027236861,36029.523630764
1.421875,9.0822782145283,0.64994486052196,0.050055139478036,885.56531366827,0.59768973810737,50.055139478036,36029.527366968
1.425,9.0804107556249,0.64994474831943,0.05005525168057,884.95559537654,0.5974839457683,50.05525168057,36029.531101886
1.428125,9.0785439397779,0.64994463615553,0.050055363844466,884.34617171983,0.59727818202015,50.055363844466,36029.534835518
1.43125,9.0766777668979,0.64994452403027,0.050055475969731,883.73704265933,0.59707244687936,50.055475969731,36029.538567863
1.434375,9.0748122368955,0.64994441194363,0.050055588056371,883.12820815615,0.59686674036237,50.055588056371,36029.542298923
1.4375,9.0729473496812,0.64994429989561,0.050055700104389,882.51966817136,0.59666106248563,50.055700104389,36029.546028698
1.440625,9.0710831051654,0.64994418788621,0.050055812113792,881.91142266597,0.59645541326558,50.055812113792,36029.549757187
1.44375,9.0692195032587,0.64994407591541,0.050055924084586,881.30347160089,0.59624979271864,50.055924084586,36029.553484391
1.446875,9.0673565438713,0.64994396398323,0.050056036016775,880.69581493699,0.59604420086125,50.056036016775,36029.557210309
1.45,9.0654942269137,0.64994385208964,0.050056147910364,880.08845263507,0.59583863770984,50.056147910364,36029.560934943
1.453125,9.0636325522959,0.64994374023464,0.05005625976536,879.48138465586,0.59563310328083,50.05625976536,36029.564658293
1.45625,9.0617715199284,0.64994362841823,0.050056371581768,878.87461096002,0.59542759759064,50.056371581768,36029.568380357
1.459375,9.0599111297212,0.64994351664041,0.050056483359593,878.26813150814,0.59522212065569,50.056483359593,36029.572101138
1.4625,9.0580513815844,0.64994340490116,0.05005659509884,877.66194626079,0.59501667249239,50.05659509884,36029.575820634
1.465625,9.0561922754282,0.64994329320048,0.050056706799515,877.0560551784,0.59481125311714,50.056706799515,36029.579538846
1.46875,9.0543338111625,0.64994318153838,0.050056818461624,876.4504582214,0.59460586254635,50.056818461624,36029.583255775
1.471875,9.0524759886973,0.64994306991483,0.050056930085171,875.84515535013,0.59440050079643,50.056930085171,36029.58697142
1.475,9.0506188079424,0.64994295832984,0.050057041670162,875.24014652484,0.59419516788377,50.057041670162,36029.590685781
1.478125,9.0487622688079,0.6499428467834,0.050057153216603,874.63543170577,0.59398986382476,50.057153216603,36029.59439886
1.48125,9.0469063712034,0.6499427352755,0.050057264724499,874.03101085303,0.5937845886358,50.057264724499,36029.598110655
1.484375,9.0450511150387,0.64994262380614,0.050057376193855,873.42688392672,0.59357934233327,50.057376193855,36029.601821167
1.4875,9.0431965002235,0.64994251237532,0.050057487624677,872.82305088684,0.59337412493355,50.057487624677,36029.605530397
1.490625,9.0413425266675,0.64994240098303,0.05005759901697,872.21951169335,0.59316893645303,50.05759901697,36029.609238344
1.49375,9.0394891942803,0.64994228962926,0.05005771037074,871.61626630612,0.59296377690807,50.05771037074,36029.612945009
1.496875,9.0376365029714,0.64994217831401,0.050057821685992,871.01331468496,0.59275864631505,50.057821685992,36029.616650391
1.5,9.0357844526503,0.64994206703727,0.050057932962731,870.41065678964,0.59255354469034,50.057932962731,36029.620354492
1.503125,9.0339330432265,0.64994195579904,0.050058044200964,869.80829257983,0.5923484720503,50.058044200964,36029.624057311
1.50625,9.0320822746094,0.64994184459931,0.050058155400695,869.20622201516,0.59214342841129,50.058155400695,36029.627758848
1.509375,9.0302321467083,0.64994173343807,0.050058266561929,868.60444505517,0.59193841378966,50.058266561929,36029.631459104
1.5125,9.0283826594325,0.64994162231533,0.050058377684673,868.00296165937,0.59173342820178,50.058377684673,36029.635158078
1.515625,9.0265338126913,0.64994151123107,0.050058488768932,867.40177178717,0.59152847166398,50.058488768932,36029.638855772
1.51875,9.0246856063938,0.64994140018529,0.050058599814711,866.80087539793,0.5913235441926,50.058599814711,36029.642552184
1.521875,9.0228380404492,0.64994128917798,0.050058710822016,866.20027245095,0.59111864580401,50.058710822016,36029.646247316
1.525,9.0209911147666,0.64994117820915,0.050058821790851,865.59996290546,0.59091377651452,50.058821790851,36029.649941168
1.528125,9.019144829255,0.64994106727878,0.050058932721224,864.99994672062,0.59070893634047,50.058932721224,36029.653633739
1.53125,9.0172991838234,0.64994095638686,0.050059043613138,864.40022385553,0.59050412529819,50.059043613138,36029.65732503
1.534375,9.0154541783808,0.6499408455334,0.0500591544666,863.80079426923,0.59029934340401,50.0591544666,36029.66101504
1.5375,9.013609812836,0.64994073471838,0.050059265281615,863.20165792069,0.59009459067424,50.059265281615,36029.664703771
1.540625,9.0117660870979,0.64994062394181,0.050059376058189,862.6028147688,0.58988986712522,50.059376058189,36029.668391223
1.54375,9.0099230010753,0.64994051320367,0.050059486796326,862.00426477241,0.58968517277324,50.059486796326,36029.672077395
1.546875,9.0080805546768,0.64994040250397,0.050059597496033,861.40600789028,0.58948050763461,50.059597496033,36029.675762288
1.55,9.0062387478112,0.64994029184268,0.050059708157315,860.80804408113,0.58927587172565,50.059708157315,36029.679445902
1.553125,9.0043975803871,0.64994018121982,0.050059818780178,860.21037330359,0.58907126506265,50.059818780178,36029.683128236
1.55625,9.0025570523131,0.64994007063537,0.050059929364626,859.61299551627,0.58886668766191,50.059929364626,36029.686809293
1.559375,9.0007171634978,0.64993996008933,0.050060039910666,859.01591067766,0.58866213953974,50.060039910666,36029.69048907
1.5625,8.9988779138495,0.6499398495817,0.050060150418302,858.41911874621,0.5884576207124,50.060150418302,36029.694167569
1.565625,8.9970393032767,0.64993973911246,0.050060260887541,857.82261968031,0.5882531311962,50.060260887541,36029.697844791
1.56875,8.9952013316879,0.64993962868161,0.050060371318388,857.22641343827,0.58804867100742,50.060371318388,36029.701520734
1.571875,8.9933639989913,0.64993951828915,0.050060481710849,856.63049997837,0.58784424016232,50.060481710849,36029.705195399
1.575,8.9915273050952,0.64993940793507,0.050060592064928,856.03487925876,0.58763983867719,50.060592064928,36029.708868787
1.578125,8.9896912499078,0.64993929761937,0.050060702380632,855.43955123759,0.5874354665683,50.060702380632,36029.712540897
1.58125,8.9878558333373,0.64993918734203,0.050060812657966,854.84451587292,0.58723112385191,50.060812657966,36029.71621173
1.584375,8.9860210552918,0.64993907710307,0.050060922896935,854.24977312273,0.58702681054428,50.060922896935,36029.719881287
1.5875,8.9841869156795,0.64993896690245,0.050061033097545,853.65532294497,0.58682252666167,50.061033097545,36029.723549566
1.590625,8.9823534144082,0.6499388567402,0.050061143259802,853.06116529748,0.58661827222033,50.061143259802,36029.727216568
1.59375,8.980520551386,0.64993874661629,0.050061253383711,852.46730013808,0.58641404723652,50.061253383711,36029.730882294
1.596875,8.9786883265209,0.64993863653072,0.050061363469278,851.8737274245,0.58620985172647,50.061363469278,36029.734546744
1.6,8.9768567397206,0.64993852648349,0.050061473516507,851.28044711441,0.58600568570644,50.061473516507,36029.738209918
1.603125,8.975025790893,0.64993841647459,0.050061583525406,850.68745916542,0.58580154919266,50.061583525406,36029.741871815
1.60625,8.9731954799459,0.64993830650402,0.050061693495978,850.09476353506,0.58559744220135,50.061693495978,36029.745532437
1.609375,8.971365806787,0.64993819657177,0.050061803428231,849.50236018083,0.58539336474876,50.061803428231,36029.749191784
1.6125,8.9695367713239,0.64993808667783,0.050061913322169,848.91024906014,0.58518931685111,50.061913322169,36029.752849855
1.615625,8.9677083734643,0.6499379768222,0.050062023177797,848.31843013031,0.58498529852461,50.062023177797,36029.75650665
1.61875,8.9658806131157,0.64993786700488,0.050062132995122,847.72690334864,0.58478130978548,50.062132995122,36029.760162171
1.621875,8.9640534901856,0.64993775722585,0.050062242774149,847.13566867235,0.58457735064994,50.062242774149,36029.763816417
1.625,8.9622270045816,0.64993764748512,0.050062352514884,846.5447260586,0.58437342113419,50.062352514884,36029.767469388
1.628125,8.9604011562109,0.64993753778267,0.050062462217331,845.95407546448,0.58416952125445,50.062462217331,36029.771121085
1.63125,8.9585759449811,0.6499374281185,0.050062571881498,845.363716847,0.5839656510269,50.062571881498,36029.774771507
1.634375,8.9567513707993,0.64993731849261,0.050062681507388,844.77365016313,0.58376181046775,50.062681507388,36029.778420656
1.6375,8.9549274335729,0.64993720890499,0.050062791095009,844.18387536978,0.58355799959319,50.062791095009,36029.78206853
1.640625,8.9531041332091,0.64993709935564,0.050062900644364,843.59439242376,0.58335421841941,50.062900644364,36029.785715131
1.64375,8.951281469615,0.64993698984454,0.050063010155461,843.00520128184,0.58315046696258,50.063010155461,36029.789360458
1.646875,8.9494594426977,0.6499368803717,0.050063119628304,842.41630190073,0.58294674523889,50.063119628304,36029.793004512
1.65,8.9476380523643,0.6499367709371,0.0500632290629,841.82769423707,0.58274305326452,50.0632290629,36029.796647292
1.653125,8.9458172985218,0.64993666154075,0.050063338459253,841.23937824742,0.58253939105563,50.063338459253,36029.8002888
1.65625,8.9439971810771,0.64993655218263,0.050063447817369,840.65135388831,0.58233575862839,50.063447817369,36029.803929035
1.659375,8.9421776999372,0.64993644286275,0.050063557137255,840.06362111617,0.58213215599897,50.063557137255,36029.807567997
1.6625,8.940358855009,0.64993633358109,0.050063666418914,839.47617988739,0.58192858318351,50.063666418914,36029.811205687
1.665625,8.9385406461991,0.64993622433765,0.050063775662354,838.88903015829,0.58172504019819,50.063775662354,36029.814842105
1.66875,8.9367230734145,0.64993611513242,0.05006388486758,838.30217188512,0.58152152705913,50.06388486758,36029.81847725
1.671875,8.9349061365617,0.6499360059654,0.050063994034597,837.71560502405,0.5813180437825,50.063994034597,36029.822111124
1.675,8.9330898355475,0.64993589683659,0.050064103163411,837.12932953122,0.58111459038443,50.064103163411,36029.825743726
1.678125,8.9312741702784,0.64993578774597,0.050064212254027,836.54334536269,0.58091116688106,50.064212254027,36029.829375057
1.68125,8.929459140661,0.64993567869355,0.050064321306452,835.95765247446,0.58070777328852,50.064321306452,36029.833005116
1.684375,8.9276447466018,0.64993556967931,0.05006443032069,835.37225082245,0.58050440962294,50.06443032069,36029.836633904
1.6875,8.9258309880073,0.64993546070325,0.050064539296748,834.78714036254,0.58030107590045,50.064539296748,36029.840261421
1.690625,8.9240178647839,0.64993535176537,0.05006464823463,834.20232105053,0.58009777213715,50.06464823463,36029.843887668
1.69375,8.9222053768379,0.64993524286566,0.050064757134343,833.61779284215,0.57989449834918,50.064757134343,36029.847512643
1.696875,8.9203935240755,0.64993513400411,0.050064865995893,833.03355569309,0.57969125455264,50.064865995893,36029.851136349
1.7,8.9185823064032,0.64993502518072,0.050064974819284,832.44960955894,0.57948804076363,50.064974819284,36029.854758784
1.703125,8.9167717237269,0.64993491639548,0.050065083604523,831.86595439526,0.57928485699825,50.065083604523,36029.85837995
1.70625,8.9149617759531,0.64993480764838,0.050065192351615,831.28259015753,0.57908170327262,50.065192351615,36029.861999845
1.709375,8.9131524629876,0.64993469893943,0.050065301060566,830.69951680117,0.57887857960281,50.065301060566,36029.865618471
1.7125,8.9113437847366,0.64993459026862,0.050065409731382,830.11673428155,0.57867548600492,50.065409731382,36029.869235828
1.715625,8.9095357411061,0.64993448163593,0.050065518364067,829.53424255393,0.57847242249503,50.065518364067,36029.872851915
1.71875,8.907728332002,0.64993437304137,0.050065626958628,828.95204157357,0.57826938908923,50.065626958628,36029.876466733
1.721875,8.9059215573302,0.64993426448493,0.050065735515071,828.3701312956,0.57806638580359,50.065735515071,36029.880080283
1.725,8.9041154169966,0.6499341559666,0.050065844033401,827.78851167514,0.57786341265417,50.065844033401,36029.883692563
1.728125,8.9023099109069,0.64993404748638,0.050065952513623,827.20718266722,0.57766046965705,50.065952513623,36029.887303575
1.73125,8.900505038967,0.64993393904426,0.050066060955744,826.62614422681,0.5774575568283,50.066060955744,36029.890913319
1.734375,8.8987008010824,0.64993383064023,0.050066169359769,826.04539630882,0.57725467418396,50.066169359769,36029.894521795
1.7375,8.896897197159,0.6499337222743,0.050066277725703,825.46493886809,0.57705182174009,50.066277725703,36029.898129003
1.740625,8.8950942271022,0.64993361394645,0.050066386053553,824.8847718594,0.57684899951274,50.066386053553,36029.901734943
1.74375,8.8932918908176,0.64993350565668,0.050066494343324,824.30489523747,0.57664620751795,50.066494343324,36029.905339616
1.746875,8.8914901882107,0.64993339740498,0.050066602595022,823.72530895696,0.57644344577177,50.066602595022,36029.908943021
1.75,8.889689119187,0.64993328919135,0.050066710808652,823.14601297245,0.57624071429024,50.066710808652,36029.912545159
1.753125,8.8878886836518,0.64993318101578,0.05006681898422,822.56700723845,0.57603801308937,50.06681898422,36029.91614603
1.75625,8.8860888815105,0.64993307287827,0.050066927121732,821.98829170945,0.5758353421852,50.066927121732,36029.919745634
1.759375,8.8842897126684,0.64993296477881,0.050067035221194,821.40986633982,0.57563270159376,50.067035221194,36029.923343972
1.7625,8.8824911770308,0.64993285671739,0.05006714328261,820.83173108392,0.57543009133105,50.06714328261,36029.926941043
1.765625,8.8806932745028,0.64993274869401,0.050067251305988,820.25388589601,0.57522751141309,50.067251305988,36029.930536848
1.76875,8.8788960049896,0.64993264070867,0.050067359291332,819.67633073028,0.5750249618559,50.067359291332,36029.934131387
1.771875,8.8770993683963,0.64993253276135,0.050067467238649,819.0990655409,0.57482244267546,50.067467238649,36029.93772466
1.775,8.875303364628,0.64993242485206,0.050067575147943,818.52209028193,0.57461995388779,50.067575147943,36029.941316668
1.778125,8.8735079935895,0.64993231698078,0.050067683019221,817.94540490739,0.57441749550888,50.067683019221,36029.94490741
1.78125,8.871713255186,0.64993220914751,0.050067790852489,817.36900937124,0.57421506755472,50.067790852489,36029.948496887
1.784375,8.8699191493222,0.64993210135225,0.050067898647751,816.79290362736,0.57401267004129,50.067898647751,36029.952085099
1.7875,8.8681256759031,0.64993199359499,0.050068006405015,816.21708762958,0.57381030298458,50.068006405015,36029.955672045
1.790625,8.8663328348334,0.64993188587572,0.050068114124285,815.64156133167,0.57360796640056,50.068114124285,36029.959257727
1.79375,8.8645406260178,0.64993177819443,0.050068221805567,815.06632468731,0.5734056603052,50.068221805567,36029.962842145
1.796875,8.8627490493611,0.64993167055113,0.050068329448867,814.49137765015,0.57320338471447,50.068329448867,36029.966425298
1.8,8.860958104768,0.64993156294581,0.050068437054191,813.91672017376,0.57300113964433,50.068437054191,36029.970007188
1.803125,8.859167792143,0.64993145537846,0.050068544621545,813.34235221165,0.57279892511075,50.068544621545,36029.973587813
1.80625,8.8573781113906,0.64993134784907,0.050068652150933,812.76827371725,0.57259674112967,50.068652150933,36029.977167174
1.809375,8.8555890624154,0.64993124035764,0.050068759642363,812.19448464396,0.57239458771705,50.068759642363,36029.980745272
1.8125,8.8538006451218,0.64993113290416,0.050068867095839,811.62098494509,0.57219246488882,50.068867095839,36029.984322107
1.815625,8.8520128594143,0.64993102548863,0.050068974511368,811.04777457391,0.57199037266093,50.068974511368,36029.987897678
1.81875,8.8502257051971,0.64993091811105,0.050069081888955,810.47485348358,0.57178831104931,50.069081888955,36029.991471987
1.821875,8.8484391823745,0.64993081077139,0.050069189228605,809.90222162726,0.57158628006989,50.069189228605,36029.995045032
1.825,8.8466532908509,0.64993070346967,0.050069296530326,809.329878958,0.5713842797386,50.069296530326,36029.998616815
1.828125,8.8448680305304,0.64993059620588,0.050069403794122,808.7578254288,0.57118231007135,50.069403794122,36030.002187336
1.83125,8.8430834013171,0.64993048898,0.050069511019999,808.18606099261,0.57098037108406,50.069511019999,36030.005756595
1.834375,8.8412994031152,0.64993038179204,0.050069618207963,807.6145856023,0.57077846279265,50.069618207963,36030.009324591
1.8375,8.8395160358287,0.64993027464198,0.050069725358019,807.04339921068,0.57057658521301,50.069725358019,36030.012891326
1.840625,8.8377332993616,0.64993016752983,0.050069832470174,806.47250177052,0.57037473836107,50.069832470174,36030.016456798
1.84375,8.8359511936179,0.64993006045557,0.050069939544434,805.90189323448,0.57017292225269,50.069939544434,36030.02002101
1.846875,8.8341697185014,0.6499299534192,0.050070046580803,805.33157355519,0.56997113690379,50.070046580803,36030.02358396
1.85,8.8323888739161,0.64992984642071,0.050070153579288,804.76154268522,0.56976938233024,50.070153579288,36030.027145649
1.853125,8.8306086597657,0.6499297394601,0.050070260539895,804.19180057707,0.56956765854793,50.070260539895,36030.030706078
1.85625,8.8288290759539,0.64992963253737,0.050070367462629,803.62234718316,0.56936596557274,50.070367462629,36030.034265245
1.859375,8.8270501223846,0.6499295256525,0.050070474347497,803.05318245587,0.56916430342054,50.070474347497,36030.037823152
1.8625,8.8252717989612,0.6499294188055,0.050070581194503,802.48430634752,0.5689626721072,50.070581194503,36030.041379799
1.865625,8.8234941055875,0.64992931199635,0.050070688003654,801.91571881034,0.56876107164858,50.070688003654,36030.044935186
1.86875,8.821717042167,0.64992920522504,0.050070794774955,801.34741979652,0.56855950206054,50.070794774955,36030.048489313
1.871875,8.8199406086031,0.64992909849159,0.050070901508413,800.77940925817,0.56835796335893,50.070901508413,36030.05204218
1.875,8.8181648047994,0.64992899179597,0.050071008204033,800.21168714736,0.5681564555596,50.071008204033,36030.055593788
1.878125,8.8163896306593,0.64992888513818,0.050071114861821,799.64425341609,0.5679549786784,50.071114861821,36030.059144136
1.88125,8.8146150860861,0.64992877851822,0.050071221481783,799.07710801627,0.56775353273117,50.071221481783,36030.062693225
1.884375,8.812841170983,0.64992867193608,0.050071328063924,798.5102508998,0.56755211773373,50.071328063924,36030.066241055
1.8875,8.8110678852535,0.64992856539175,0.05007143460825,797.94368201846,0.56735073370193,50.07143460825,36030.069787627
1.890625,8.8092952288006,0.64992845888523,0.050071541114768,797.377401324,0.56714938065157,50.071541114768,36030.07333294
1.89375,8.8075232015276,0.64992835241652,0.050071647583483,796.81140876811,0.56694805859849,50.071647583483,36030.076876994
1.896875,8.8057518033375,0.6499282459856,0.0500717540144,796.2457043024,0.56674676755849,50.0717540144,36030.08041979
1.9,8.8039810341334,0.64992813959247,0.050071860407526,795.68028787842,0.56654550754739,50.071860407526,36030.083961329
1.903125,8.8022108938183,0.64992803323713,0.050071966762867,795.11515944767,0.56634427858098,50.071966762867,36030.08750161
1.90625,8.8004413822952,0.64992792691957,0.050072073080428,794.5503189616,0.56614308067509,50.072073080428,36030.091040633
1.909375,8.798672499467,0.64992782063979,0.050072179360214,793.98576637156,0.56594191384549,50.072179360214,36030.094578398
1.9125,8.7969042452366,0.64992771439777,0.050072285602233,793.42150162884,0.56574077810797,50.072285602233,36030.098114907
1.915625,8.7951366195067,0.64992760819351,0.05007239180649,792.85752468471,0.56553967347832,50.07239180649,36030.101650158
1.91875,8.7933696221801,0.64992750202701,0.05007249797299,792.29383549032,0.56533859997232,50.07249797299,36030.105184153
1.921875,8.7916032531596,0.64992739589826,0.05007260410174,791.73043399682,0.56513755760575,50.07260410174,36030.108716891
1.925,8.7898375123477,0.64992728980725,0.050072710192746,791.16732015525,0.56493654639437,50.072710192746,36030.112248372
1.928125,8.7880723996472,0.64992718375399,0.050072816246012,790.60449391661,0.56473556635396,50.072816246012,36030.115778598
1.93125,8.7863079149606,0.64992707773845,0.050072922261545,790.04195523182,0.56453461750026,50.072922261545,36030.119307567
1.934375,8.7845440581903,0.64992697176065,0.050073028239352,789.47970405176,0.56433369984904,50.073028239352,36030.122835281
1.9375,8.782780829239,0.64992686582056,0.050073134179437,788.91774032724,0.56413281341605,50.073134179437,36030.126361739
1.940625,8.7810182280089,0.64992675991819,0.050073240081806,788.35606400898,0.56393195821703,50.073240081806,36030.129886941
1.94375,8.7792562544025,0.64992665405353,0.050073345946467,787.79467504768,0.56373113426771,50.073345946467,36030.133410888
1.946875,8.7774949083221,0.64992654822658,0.050073451773423,787.23357339395,0.56353034158384,50.073451773423,36030.136933581
1.95,8.7757341896699,0.64992644243732,0.050073557562682,786.67275899836,0.56332958018115,50.073557562682,36030.140455018
1.953125,8.7739740983482,0.64992633668575,0.050073663314249,786.1122318114,0.56312885007535,50.073663314249,36030.1439752
1.95625,8.7722146342591,0.64992623097187,0.05007376902813,785.55199178349,0.56292815128218,50.07376902813,36030.147494129
1.959375,8.7704557973048,0.64992612529567,0.05007387470433,784.99203886502,0.56272748381734,50.07387470433,36030.151011803
1.9625,8.7686975873873,0.64992601965714,0.050073980342857,784.43237300629,0.56252684769654,50.073980342857,36030.154528222
1.965625,8.7669400044087,0.64992591405628,0.050074085943715,783.87299415754,0.56232624293549,50.074085943715,36030.158043388
1.96875,8.765183048271,0.64992580849309,0.050074191506911,783.31390226896,0.56212566954989,50.074191506911,36030.161557301
1.971875,8.7634267188759,0.64992570296755,0.05007429703245,782.75509729066,0.56192512755543,50.07429703245,36030.165069959
1.975,8.7616710161256,0.64992559747966,0.050074402520338,782.19657917272,0.5617246169678,50.074402520338,36030.168581365
1.978125,8.7599159399217,0.64992549202942,0.050074507970582,781.63834786512,0.56152413780268,50.074507970582,36030.172091517
1.98125,8.7581614901661,0.64992538661681,0.050074613383186,781.08040331781,0.56132369007576,50.074613383186,36030.175600417
1.984375,8.7564076667605,0.64992528124184,0.050074718758158,780.52274548066,0.5611232738027,50.074718758158,36030.179108064
1.9875,8.7546544696065,0.6499251759045,0.050074824095503,779.96537430348,0.56092288899918,50.074824095503,36030.182614458
1.990625,8.7529018986059,0.64992507060477,0.050074929395226,779.40828973602,0.56072253568086,50.074929395226,36030.1861196
1.99375,8.7511499536601,0.64992496534267,0.050075034657334,778.85149172796,0.56052221386339,50.075034657334,36030.18962349
1.996875,8.7493986346708,0.64992486011817,0.050075139881833,778.29498022895,0.56032192356244,50.075139881833,36030.193126128
2,8.7476479415393,0.64992475493127,0.050075245068728,777.73875518852,0.56012166479364,50.075245068728,36030.196627514
2.003125,8.7458978741672,0.64992464978197,0.050075350218026,777.18281655621,0.55992143757264,50.075350218026,36030.200127649
2.00625,8.7441484324559,0.64992454467027,0.050075455329733,776.62716428143,0.55972124191508,50.075455329733,36030.203626532
2.009375,8.7423996163066,0.64992443959615,0.050075560403853,776.07179831359,0.55952107783659,50.075560403853,36030.207124165
2.0125,8.7406514256207,0.64992433455961,0.050075665440394,775.51671860198,0.55932094535279,50.075665440394,36030.210620546
2.015625,8.7389038602994,0.64992422956064,0.050075770439362,774.96192509586,0.55912084447931,50.075770439362,36030.214115677
2.01875,8.7371569202439,0.64992412459924,0.050075875400761,774.40741774444,0.55892077523177,50.075875400761,36030.217609557
2.021875,8.7354106053553,0.6499240196754,0.050075980324598,773.85319649684,0.55872073762577,50.075980324598,36030.221102186
2.025,8.7336649155348,0.64992391478912,0.05007608521088,773.29926130213,0.55852073167692,50.07608521088,36030.224593566
2.028125,8.7319198506834,0.64992380994039,0.050076190059611,772.74561210933,0.55832075740083,50.076190059611,36030.228083696
2.03125,8.7301754107021,0.6499237051292,0.050076294870799,772.19224886738,0.55812081481308,50.076294870799,36030.231572576
2.034375,8.7284315954917,0.64992360035555,0.050076399644448,771.63917152516,0.55792090392927,50.076399644448,36030.235060206
2.0375,8.7266884049534,0.64992349561943,0.050076504380565,771.08638003151,0.55772102476498,50.076504380565,36030.238546587
2.040625,8.7249458389878,0.64992339092084,0.050076609079156,770.53387433518,0.5575211773358,50.076609079156,36030.242031719
2.04375,8.7232038974959,0.64992328625977,0.050076713740227,769.98165438488,0.55732136165728,50.076713740227,36030.245515602
2.046875,8.7214625803782,0.64992318163622,0.050076818363783,769.42972012924,0.55712157774502,50.076818363783,36030.248998236
2.05,8.7197218875357,0.64992307705017,0.050076922949831,768.87807151685,0.55692182561456,50.076922949831,36030.252479622
2.053125,8.7179818188688,0.64992297250162,0.050077027498377,768.32670849622,0.55672210528147,50.077027498377,36030.255959759
2.05625,8.7162423742783,0.64992286799057,0.050077132009426,767.77563101581,0.55652241676129,50.077132009426,36030.259438649
2.059375,8.7145035536646,0.64992276351701,0.050077236482985,767.22483902401,0.55632276006958,50.077236482985,36030.26291629
2.0625,8.7127653569283,0.64992265908094,0.05007734091906,766.67433246916,0.55612313522188,50.07734091906,36030.266392683
2.065625,8.7110277839699,0.64992255468234,0.050077445317656,766.12411129954,0.55592354223373,50.077445317656,36030.269867829
2.06875,8.7092908346898,0.64992245032122,0.050077549678779,765.57417546334,0.55572398112065,50.077549678779,36030.273341728
2.071875,8.7075545089883,0.64992234599756,0.050077654002436,765.02452490872,0.55552445189817,50.077654002436,36030.276814379
2.075,8.7058188067657,0.64992224171137,0.050077758288633,764.47515958376,0.55532495458182,50.077758288633,36030.280285784
2.078125,8.7040837279224,0.64992213746262,0.050077862537375,763.92607943651,0.5551254891871,50.077862537375,36030.283755941
2.08125,8.7023492723585,0.64992203325133,0.050077966748669,763.37728441492,0.55492605572953,50.077966748669,36030.287224852
2.084375,8.7006154399743,0.64992192907748,0.05007807092252,762.82877446689,0.55472665422461,50.07807092252,36030.290692517
2.0875,8.6988822306698,0.64992182494107,0.050078175058935,762.28054954028,0.55452728468784,50.078175058935,36030.294158936
2.090625,8.6971496443451,0.64992172084208,0.050078279157919,761.73260958285,0.55432794713471,50.078279157919,36030.297624108
2.09375,8.6954176809002,0.64992161678052,0.050078383219478,761.18495454236,0.55412864158072,50.078383219478,36030.301088035
2.096875,8.6936863402352,0.64992151275638,0.05007848724362,760.63758436644,0.55392936804134,50.07848724362,36030.304550717
2.1,8.6919556222499,0.64992140876965,0.050078591230348,760.09049900269,0.55373012653204,50.078591230348,36030.308012153
2.103125,8.6902255268442,0.64992130482033,0.050078695179671,759.54369839866,0.55353091706831,50.078695179671,36030.311472343
2.10625,8.688496053918,0.64992120090841,0.050078799091592,758.99718250182,0.55333173966561,50.078799091592,36030.314931289
2.109375,8.6867672033711,0.64992109703388,0.05007890296612,758.45095125959,0.5531325943394,50.07890296612,36030.31838899
2.1125,8.6850389751031,0.64992099319674,0.050079006803259,757.90500461933,0.55293348110512,50.079006803259,36030.321845447
2.115625,8.6833113690138,0.64992088939698,0.050079110603016,757.35934252834,0.55273439997825,50.079110603016,36030.325300659
2.11875,8.6815843850029,0.6499207856346,0.050079214365396,756.81396493385,0.55253535097421,50.079214365396,36030.328754627
2.121875,8.6798580229699,0.64992068190959,0.050079318090406,756.26887178303,0.55233633410845,50.079318090406,36030.332207351
2.125,8.6781322828143,0.64992057822195,0.050079421778052,755.724063023,0.55213734939639,50.079421778052,36030.335658832
2.128125,8.6764071644356,0.64992047457166,0.050079525428339,755.17953860081,0.55193839685347,50.079525428339,36030.339109068
2.13125,8.6746826677334,0.64992037095873,0.050079629041275,754.63529846345,0.5517394764951,50.079629041275,36030.342558062
2.134375,8.672958792607,0.64992026738314,0.050079732616864,754.09134255784,0.55154058833671,50.079732616864,36030.346005812
2.1375,8.6712355389557,0.64992016384489,0.050079836155113,753.54767083088,0.5513417323937,50.079836155113,36030.349452319
2.140625,8.6695129066788,0.64992006034397,0.050079939656028,753.00428322935,0.55114290868148,50.079939656028,36030.352897584
2.14375,8.6677908956757,0.64991995688038,0.050080043119615,752.46117970002,0.55094411721545,50.080043119615,36030.356341606
2.146875,8.6660695058454,0.64991985345412,0.05008014654588,751.91836018957,0.550745358011,50.08014654588,36030.359784385
2.15,8.6643487370873,0.64991975006517,0.05008024993483,751.37582464462,0.55054663108352,50.08024993483,36030.363225923
2.153125,8.6626285893003,0.64991964671353,0.050080353286469,750.83357301175,0.55034793644839,50.080353286469,36030.366666219
2.15625,8.6609090623835,0.6499195433992,0.050080456600805,750.29160523746,0.55014927412099,50.080456600805,36030.370105272
2.159375,8.659190156236,0.64991944012216,0.050080559877843,749.7499212682,0.54995064411669,50.080559877843,36030.373543085
2.1625,8.6574718707567,0.64991933688241,0.050080663117589,749.20852105036,0.54975204645086,50.080663117589,36030.376979656
2.165625,8.6557542058446,0.64991923367995,0.05008076632005,748.66740453027,0.54955348113885,50.08076632005,36030.380414985
2.16875,8.6540371613985,0.64991913051477,0.050080869485232,748.12657165418,0.54935494819603,50.080869485232,36030.383849074
2.171875,8.6523207373172,0.64991902738686,0.05008097261314,747.58602236832,0.54915644763773,50.08097261314,36030.387281923
2.175,8.6506049334996,0.64991892429622,0.050081075703781,747.04575661881,0.54895797947931,50.081075703781,36030.39071353
2.178125,8.6488897498442,0.64991882124284,0.05008117875716,746.50577435175,0.5487595437361,50.08117875716,36030.394143897
2.18125,8.6471751862499,0.64991871822672,0.050081281773285,745.96607551315,0.54856114042343,50.081281773285,36030.397573025
2.184375,8.6454612426152,0.64991861524784,0.05008138475216,745.42666004899,0.54836276955662,50.08138475216,36030.401000912
2.1875,8.6437479188388,0.64991851230621,0.050081487693792,744.88752790517,0.548164431151,50.081487693792,36030.404427559
2.190625,8.6420352148191,0.64991840940181,0.050081590598188,744.34867902752,0.54796612522188,50.081590598188,36030.407852968
2.19375,8.6403231304546,0.64991830653465,0.050081693465353,743.81011336185,0.54776785178458,50.081693465353,36030.411277136
2.196875,8.6386116656439,0.64991820370471,0.050081796295293,743.27183085386,0.54756961085438,50.081796295293,36030.414700066
2.2,8.6369008202852,0.64991810091199,0.050081899088015,742.73383144923,0.5473714024466,50.081899088015,36030.418121757
2.203125,8.6351905942769,0.64991799815648,0.050082001843524,742.19611509356,0.54717322657652,50.082001843524,36030.421542209
2.20625,8.6334809875174,0.64991789543817,0.050082104561827,741.65868173239,0.54697508325942,50.082104561827,36030.424961422
2.209375,8.6317719999048,0.64991779275707,0.05008220724293,741.12153131121,0.5467769725106,50.08220724293,36030.428379397
2.2125,8.6300636313374,0.64991769011316,0.050082309886838,740.58466377544,0.54657889434531,50.082309886838,36030.431796135
2.215625,8.6283558817133,0.64991758750644,0.050082412493559,740.04807907043,0.54638084877883,50.082412493559,36030.435211634
2.21875,8.6266487509306,0.6499174849369,0.050082515063098,739.51177714151,0.54618283582643,50.082515063098,36030.438625895
2.221875,8.6249422388874,0.64991738240454,0.050082617595461,738.97575793392,0.54598485550336,50.082617595461,36030.442038919
2.225,8.6232363454817,0.64991727990935,0.050082720090654,738.44002139282,0.54578690782487,50.082720090654,36030.445450706
2.228125,8.6215310706115,0.64991717745132,0.050082822548684,737.90456746337,0.5455889928062,50.082822548684,36030.448861256
2.23125,8.6198264141746,0.64991707503044,0.050082924969557,737.3693960906,0.5453911104626,50.082924969557,36030.452270569
2.234375,8.6181223760689,0.64991697264672,0.050083027353279,736.83450721954,0.54519326080929,50.083027353279,36030.455678645
2.2375,8.6164189561923,0.64991687030014,0.050083129699855,736.29990079513,0.54499544386151,50.083129699855,36030.459085485
2.240625,8.6147161544426,0.64991676799071,0.050083232009293,735.76557676225,0.54479765963448,50.083232009293,36030.462491088
2.24375,8.6130139707174,0.6499166657184,0.050083334281597,735.23153506574,0.54459990814341,50.083334281597,36030.465895456
2.246875,8.6113124049144,0.64991656348322,0.050083436516776,734.69777565036,0.54440218940351,50.083436516776,36030.469298587
2.25,8.6096114569312,0.64991646128517,0.050083538714833,734.1642984608,0.54420450342999,50.083538714833,36030.472700483
2.253125,8.6079111266655,0.64991635912422,0.050083640875777,733.63110344173,0.54400685023805,50.083640875777,36030.476101144
2.25625,8.6062114140148,0.64991625700039,0.050083742999612,733.09819053772,0.54380922984287,50.083742999612,36030.479500569
2.259375,8.6045123188765,0.64991615491366,0.050083845086345,732.56555969331,0.54361164225964,50.083845086345,36030.482898759
2.2625,8.6028138411481,0.64991605286402,0.050083947135982,732.03321085297,0.54341408750355,50.083947135982,36030.486295715
2.265625,8.6011159807269,0.64991595085147,0.05008404914853,731.5011439611,0.54321656558977,50.08404914853,36030.489691436
2.26875,8.5994187375105,0.64991584887601,0.050084151123994,730.96935896207,0.54301907653346,50.084151123994,36030.493085922
2.271875,8.5977221113959,0.64991574693762,0.050084253062381,730.43785580014,0.54282162034979,50.084253062381,36030.496479174
2.275,8.5960261022805,0.6499156450363,0.050084354963697,729.90663441958,0.54262419705393,50.084354963697,36030.499871193
2.278125,8.5943307100615,0.64991554317205,0.050084456827947,729.37569476454,0.54242680666101,50.084456827947,36030.503261977
2.28125,8.5926359346361,0.64991544134486,0.050084558655139,728.84503677913,0.54222944918618,50.084558655139,36030.506651528
2.284375,8.5909417759012,0.64991533955472,0.050084660445279,728.31466040741,0.54203212464457,50.084660445279,36030.510039845
2.2875,8.5892482337541,0.64991523780163,0.050084762198371,727.78456559337,0.54183483305134,50.084762198371,36030.51342693
2.290625,8.5875553080917,0.64991513608558,0.050084863914424,727.25475228095,0.54163757442159,50.084863914424,36030.516812781
2.29375,8.5858629988109,0.64991503440656,0.050084965593442,726.72522041402,0.54144034877045,50.084965593442,36030.5201974
2.296875,8.5841713058088,0.64991493276457,0.050085067235433,726.1959699364,0.54124315611304,50.085067235433,36030.523580786
2.3,8.5824802289821,0.6499148311596,0.050085168840402,725.66700079185,0.54104599646446,50.085168840402,36030.526962939
2.303125,8.5807897682277,0.64991472959164,0.050085270408356,725.13831292408,0.54084886983981,50.085270408356,36030.530343861
2.30625,8.5790999234424,0.6499146280607,0.0500853719393,724.60990627672,0.54065177625421,50.0853719393,36030.53372355
2.309375,8.5774106945229,0.64991452656676,0.050085473433241,724.08178079336,0.54045471572273,50.085473433241,36030.537102008
2.3125,8.5757220813658,0.64991442510981,0.050085574890185,723.55393641749,0.54025768826045,50.085574890185,36030.540479234
2.315625,8.5740340838679,0.64991432368986,0.050085676310139,723.0263730926,0.54006069388246,50.085676310139,36030.543855229
2.31875,8.5723467019257,0.64991422230689,0.050085777693108,722.49909076209,0.53986373260382,50.085777693108,36030.547229993
2.321875,8.5706599354357,0.6499141209609,0.050085879039099,721.97208936931,0.53966680443962,50.085879039099,36030.550603526
2.325,8.5689737842944,0.64991401965188,0.050085980348118,721.44536885753,0.53946990940489,50.085980348118,36030.553975829
2.328125,8.5672882483983,0.64991391837983,0.050086081620171,720.91892917,0.53927304751471,50.086081620171,36030.5573469
2.33125,8.5656033276439,0.64991381714473,0.050086182855265,720.39277024987,0.53907621878411,50.086182855265,36030.560716742
2.334375,8.5639190219273,0.64991371594659,0.050086284053406,719.86689204025,0.53887942322815,50.086284053406,36030.564085353
2.3375,8.562235331145,0.6499136147854,0.050086385214599,719.34129448422,0.53868266086184,50.086385214599,36030.567452735
2.340625,8.5605522551932,0.64991351366115,0.050086486338851,718.81597752474,0.53848593170024,50.086486338851,36030.570818887
2.34375,8.5588697939681,0.64991341257383,0.050086587426169,718.29094110476,0.53828923575835,50.086587426169,36030.574183809
2.346875,8.5571879473659,0.64991331152344,0.050086688476558,717.76618516714,0.53809257305119,50.086688476558,36030.577547502
2.35,8.5555067152827,0.64991321050997,0.050086789490026,717.24170965472,0.53789594359378,50.086789490026,36030.580909967
2.353125,8.5538260976145,0.64991310953342,0.050086890466577,716.71751451024,0.53769934740112,50.086890466577,36030.584271202
2.35625,8.5521460942574,0.64991300859378,0.050086991406219,716.19359967642,0.53750278448821,50.086991406219,36030.587631209
2.359375,8.5504667051074,0.64991290769104,0.050087092308957,715.66996509587,0.53730625487005,50.087092308957,36030.590989987
2.3625,8.5487879300604,0.6499128068252,0.050087193174798,715.14661071121,0.53710975856161,50.087193174798,36030.594347537
2.365625,8.5471097690123,0.64991270599625,0.050087294003748,714.62353646494,0.53691329557788,50.087294003748,36030.597703859
2.36875,8.5454322218589,0.64991260520419,0.050087394795814,714.10074229952,0.53671686593384,50.087394795814,36030.601058953
2.371875,8.543755288496,0.649912504449,0.050087495551001,713.57822815738,0.53652046964444,50.087495551001,36030.60441282
2.375,8.5420789688194,0.64991240373068,0.050087596269316,713.05599398086,0.53632410672466,50.087596269316,36030.60776546
2.378125,8.5404032627247,0.64991230304923,0.050087696950766,712.53403971226,0.53612777718944,50.087696950766,36030.611116872
2.38125,8.5387281701076,0.64991220240464,0.050087797595355,712.01236529379,0.53593148105374,50.087797595355,36030.614467057
2.384375,8.5370536908637,0.64991210179691,0.050087898203092,711.49097066764,0.5357352183325,50.087898203092,36030.617816015
2.3875,8.5353798248886,0.64991200122602,0.050087998773981,710.96985577592,0.53553898904065,50.087998773981,36030.621163747
2.390625,8.5337065720777,0.64991190069197,0.05008809930803,710.44902056071,0.53534279319314,50.08809930803,36030.624510253
2.39375,8.5320339323266,0.64991180019476,0.050088199805244,709.92846496398,0.53514663080487,50.088199805244,36030.627855533
2.396875,8.5303619055306,0.64991169973437,0.05008830026563,709.4081889277,0.53495050189077,50.08830026563,36030.631199586
2.4,8.5286904915852,0.64991159931081,0.050088400689194,708.88819239373,0.53475440646574,50.088400689194,36030.634542414
2.403125,8.5270196903856,0.64991149892406,0.050088501075943,708.3684753039,0.5345583445447,50.088501075943,36030.637884016
2.40625,8.5253495018271,0.64991139857412,0.050088601425882,707.84903759999,0.53436231614254,50.088601425882,36030.641224394
2.409375,8.5236799258049,0.64991129826098,0.050088701739018,707.3298792237,0.53416632127416,50.088701739018,36030.644563546
2.4125,8.5220109622143,0.64991119798464,0.050088802015357,706.8110001167,0.53397035995444,50.088802015357,36030.647901473
2.415625,8.5203426109503,0.64991109774509,0.050088902254906,706.29240022055,0.53377443219826,50.088902254906,36030.651238175
2.41875,8.5186748719081,0.64991099754233,0.050089002457671,705.77407947682,0.53357853802049,50.089002457671,36030.654573653
2.421875,8.5170077449828,0.64991089737634,0.050089102623658,705.25603782698,0.53338267743601,50.089102623658,36030.657907907
2.425,8.5153412300692,0.64991079724713,0.050089202752874,704.73827521243,0.53318685045966,50.089202752874,36030.661240937
2.428125,8.5136753270623,0.64991069715468,0.050089302845324,704.22079157456,0.53299105710632,50.089302845324,36030.664572743
2.43125,8.5120100358571,0.64991059709898,0.050089402901016,703.70358685466,0.53279529739081,50.089402901016,36030.667903325
2.434375,8.5103453563485,0.64991049708005,0.050089502919954,703.18666099399,0.53259957132799,50.089502919954,36030.671232684
2.4375,8.5086812884312,0.64991039709785,0.050089602902147,702.67001393373,0.5324038789327,50.089602902147,36030.67456082
2.440625,8.507017832,0.6499102971524,0.0500897028476,702.15364561502,0.53220822021975,50.0897028476,36030.677887733
2.44375,8.5053549869495,0.64991019724368,0.050089802756319,701.63755597892,0.53201259520397,50.089802756319,36030.681213423
2.446875,8.5036927531746,0.64991009737169,0.050089902628311,701.12174496646,0.53181700390019,50.089902628311,36030.684537891
2.45,8.5020311305698,0.64990999753642,0.050090002463582,700.6062125186,0.53162144632319,50.090002463582,36030.687861136
2.453125,8.5003701190297,0.64990989773786,0.050090102262138,700.09095857623,0.5314259224878,50.090102262138,36030.691183159
2.45625,8.4987097184488,0.64990979797601,0.050090202023986,699.5759830802,0.5312304324088,50.090202023986,36030.69450396
2.459375,8.4970499287216,0.64990969825087,0.050090301749133,699.06128597132,0.531034976101,50.090301749133,36030.69782354
2.4625,8.4953907497426,0.64990959856242,0.050090401437583,698.54686719028,0.53083955357916,50.090401437583,36030.701141898
2.465625,8.4937321814061,0.64990949891066,0.050090501089345,698.03272667779,0.53064416485807,50.090501089345,36030.704459034
2.46875,8.4920742236066,0.64990939929558,0.050090600704423,697.51886437444,0.53044880995249,50.090600704423,36030.70777495
2.471875,8.4904168762383,0.64990929971718,0.050090700282825,697.0052802208,0.5302534888772,50.090700282825,36030.711089645
2.475,8.4887601391954,0.64990920017544,0.050090799824557,696.49197415737,0.53005820164695,50.090799824557,36030.714403119
2.478125,8.4871040123722,0.64990910067038,0.050090899329625,695.97894612458,0.52986294827649,50.090899329625,36030.717715372
2.48125,8.4854484956628,0.64990900120196,0.050090998798035,695.46619606283,0.52966772878057,50.090998798035,36030.721026406
2.484375,8.4837935889614,0.64990890177021,0.050091098229794,694.95372391245,0.52947254317392,50.091098229794,36030.724336219
2.4875,8.4821392921621,0.64990880237509,0.050091197624909,694.4415296137,0.52927739147127,50.091197624909,36030.727644813
2.490625,8.4804856051588,0.64990870301661,0.050091296983385,693.9296131068,0.52908227368735,50.091296983385,36030.730952187
2.49375,8.4788325278455,0.64990860369477,0.050091396305229,693.41797433191,0.52888718983688,50.091396305229,36030.734258341
2.496875,8.4771800601162,0.64990850440955,0.050091495590448,692.90661322913,0.52869213993458,50.091495590448,36030.737563277
2.5,8.4755282018648,0.64990840516095,0.050091594839047,692.39552973851,0.52849712399513,50.091594839047,36030.740866993
2.503125,8.4738769529851,0.64990830594897,0.050091694051034,691.88472380004,0.52830214203326,50.091694051034,36030.744169491
2.50625,8.4722263133709,0.64990820677359,0.050091793226414,691.37419535363,0.52810719406364,50.091793226414,36030.74747077
2.509375,8.4705762829159,0.64990810763481,0.050091892365194,690.86394433917,0.52791228010096,50.091892365194,36030.750770831
2.5125,8.4689268615139,0.64990800853262,0.05009199146738,690.35397069647,0.52771740015991,50.09199146738,36030.754069674
2.515625,8.4672780490586,0.64990790946702,0.050092090532978,689.8442743653,0.52752255425515,50.092090532978,36030.757367299
2.51875,8.4656298454435,0.649907810438,0.050092189561996,689.33485528535,0.52732774240135,50.092189561996,36030.760663706
2.521875,8.4639822505622,0.64990771144556,0.050092288554439,688.82571339627,0.52713296461317,50.092288554439,36030.763958896
2.525,8.4623352643082,0.64990761248969,0.050092387510315,688.31684863764,0.52693822090526,50.092387510315,36030.767252869
2.528125,8.460688886575,0.64990751357037,0.050092486429628,687.808260949,0.52674351129227,50.092486429628,36030.770545624
2.53125,8.4590431172561,0.64990741468761,0.050092585312386,687.29995026984,0.52654883578883,50.092585312386,36030.773837163
2.534375,8.4573979562447,0.64990731584141,0.050092684158595,686.79191653956,0.52635419440958,50.092684158595,36030.777127485
2.5375,8.4557534034343,0.64990721703174,0.050092782968261,686.28415969752,0.52615958716915,50.092782968261,36030.78041659
2.540625,8.4541094587182,0.64990711825861,0.050092881741392,685.77667968304,0.52596501408215,50.092881741392,36030.78370448
2.54375,8.4524661219896,0.64990701952201,0.050092980477992,685.26947643537,0.5257704751632,50.092980477992,36030.786991153
2.546875,8.4508233931417,0.64990692082193,0.05009307917807,684.7625498937,0.5255759704269,50.09307917807,36030.790276611
2.55,8.4491812720676,0.64990682215837,0.05009317784163,684.25589999716,0.52538149988785,50.09317784163,36030.793560853
2.553125,8.4475397586605,0.64990672353132,0.05009327646868,683.74952668484,0.52518706356065,50.09327646868,36030.79684388
2.55625,8.4458988528134,0.64990662494077,0.050093375059226,683.24342989574,0.52499266145987,50.093375059226,36030.800125692
2.559375,8.4442585544194,0.64990652638673,0.050093473613275,682.73760956886,0.5247982936001,50.093473613275,36030.803406288
2.5625,8.4426188633714,0.64990642786917,0.050093572130832,682.2320656431,0.52460395999592,50.093572130832,36030.80668567
2.565625,8.4409797795623,0.6499063293881,0.050093670611905,681.72679805731,0.52440966066188,50.093670611905,36030.809963838
2.56875,8.4393413028851,0.6499062309435,0.050093769056499,681.2218067503,0.52421539561254,50.093769056499,36030.813240791
2.571875,8.4377034332326,0.64990613253538,0.050093867464621,680.7170916608,0.52402116486246,50.093867464621,36030.816516531
2.575,8.4360661704975,0.64990603416372,0.050093965836278,680.21265272751,0.52382696842619,50.093965836278,36030.819791056
2.578125,8.4344295145727,0.64990593582852,0.050094064171476,679.70848988904,0.52363280631825,50.094064171476,36030.823064368
2.58125,8.4327934653507,0.64990583752978,0.050094162470221,679.204603084,0.52343867855319,50.094162470221,36030.826336466
2.584375,8.4311580227244,0.64990573926748,0.050094260732521,678.70099225088,0.52324458514552,50.094260732521,36030.829607352
2.5875,8.4295231865862,0.64990564104162,0.05009435895838,678.19765732814,0.52305052610977,50.09435895838,36030.832877024
2.590625,8.4278889568288,0.64990554285219,0.050094457147807,677.69459825419,0.52285650146045,50.094457147807,36030.836145484
2.59375,8.4262553333446,0.64990544469919,0.050094555300807,677.1918149674,0.52266251121205,50.094555300807,36030.83941273
2.596875,8.4246223160262,0.64990534658261,0.050094653417386,676.68930740605,0.52246855537909,50.094653417386,36030.842678765
2.6,8.4229899047659,0.64990524850245,0.050094751497552,676.18707550838,0.52227463397604,50.094751497552,36030.845943588
2.603125,8.4213580994562,0.64990515045869,0.05009484954131,675.68511921257,0.52208074701739,50.09484954131,36030.849207198
2.60625,8.4197268999894,0.64990505245133,0.050094947548668,675.18343845675,0.52188689451763,50.094947548668,36030.852469597
2.609375,8.4180963062578,0.64990495448037,0.050095045519631,674.68203317899,0.52169307649122,50.095045519631,36030.855730785
2.6125,8.4164663181536,0.64990485654579,0.050095143454206,674.18090331731,0.52149929295262,50.095143454206,36030.858990761
2.615625,8.414836935569,0.6499047586476,0.0500952413524,673.68004880967,0.52130554391628,50.0952413524,36030.862249526
2.61875,8.4132081583963,0.64990466078578,0.050095339214219,673.17946959397,0.52111182939667,50.095339214219,36030.86550708
2.621875,8.4115799865274,0.64990456296033,0.050095437039669,672.67916560806,0.52091814940822,50.095437039669,36030.868763424
2.625,8.4099524198546,0.64990446517124,0.050095534828758,672.17913678974,0.52072450396537,50.095534828758,36030.872018557
2.628125,8.4083254582697,0.64990436741851,0.050095632581491,671.67938307674,0.52053089308255,50.095632581491,36030.875272481
2.63125,8.4066991016648,0.64990426970213,0.050095730297875,671.17990440675,0.52033731677417,50.095730297875,36030.878525194
2.634375,8.4050733499318,0.64990417202208,0.050095827977916,670.68070071739,0.52014377505466,50.095827977916,36030.881776697
2.6375,8.4034482029626,0.64990407437838,0.050095925621621,670.18177194623,0.51995026793842,50.095925621621,36030.885026991
2.640625,8.4018236606491,0.649903976771,0.050096023228997,669.68311803078,0.51975679543984,50.096023228997,36030.888276076
2.64375,8.4001997228829,0.64990387919995,0.05009612080005,669.18473890852,0.51956335757334,50.09612080005,36030.891523951
2.646875,8.398576389556,0.64990378166521,0.050096218334786,668.68663451685,0.5193699543533,50.096218334786,36030.894770618
2.65,8.3969536605599,0.64990368416679,0.050096315833213,668.18880479311,0.51917658579408,50.096315833213,36030.898016076
2.653125,8.3953315357864,0.64990358670466,0.050096413295335,667.6912496746,0.51898325191007,50.096413295335,36030.901260326
2.65625,8.3937100151271,0.64990348927884,0.050096510721161,667.19396909855,0.51878995271564,50.096510721161,36030.904503367
2.659375,8.3920890984735,0.6499033918893,0.050096608110696,666.69696300217,0.51859668822514,50.096608110696,36030.9077452
2.6625,8.3904687857172,0.64990329453605,0.050096705463948,666.20023132257,0.51840345845292,50.096705463948,36030.910985826
2.665625,8.3888490767497,0.64990319721908,0.050096802780922,665.70377399683,0.51821026341334,50.096802780922,36030.914225244
2.66875,8.3872299714623,0.64990309993838,0.050096900061625,665.20759096197,0.51801710312072,50.096900061625,36030.917463454
2.671875,8.3856114697466,0.64990300269394,0.050096997306063,664.71168215495,0.51782397758941,50.096997306063,36030.920700458
2.675,8.3839935714938,0.64990290548576,0.050097094514244,664.21604751268,0.51763088683372,50.097094514244,36030.923936254
2.678125,8.3823762765952,0.64990280831383,0.050097191686173,663.72068697202,0.51743783086797,50.097191686173,36030.927170844
2.68125,8.3807595849421,0.64990271117814,0.050097288821858,663.22560046976,0.51724480970647,50.097288821858,36030.930404227
2.684375,8.3791434964257,0.6499026140787,0.050097385921304,662.73078794266,0.51705182336353,50.097385921304,36030.933636404
2.6875,8.3775280109372,0.64990251701548,0.050097482984519,662.23624932739,0.51685887185344,50.097482984519,36030.936867375
2.690625,8.3759131283678,0.64990241998849,0.050097580011508,661.7419845606,0.51666595519048,50.097580011508,36030.94009714
2.69375,8.3742988486084,0.64990232299772,0.050097677002279,661.24799357887,0.51647307338895,50.097677002279,36030.9433257
2.696875,8.3726851715501,0.64990222604316,0.050097773956838,660.75427631872,0.51628022646312,50.097773956838,36030.946553054
2.7,8.371072097084,0.64990212912481,0.050097870875191,660.26083271662,0.51608741442725,50.097870875191,36030.949779203
2.703125,8.3694596251009,0.64990203224265,0.050097967757345,659.76766270899,0.5158946372956,50.097967757345,36030.953004147
2.70625,8.3678477554918,0.64990193539669,0.050098064603307,659.27476623219,0.51570189508243,50.098064603307,36030.956227886
2.709375,8.3662364881475,0.64990183858692,0.050098161413083,658.78214322253,0.51550918780198,50.098161413083,36030.959450421
2.7125,8.3646258229588,0.64990174181332,0.050098258186679,658.28979361626,0.5153165154685,50.098258186679,36030.962671751
2.715625,8.3630157598166,0.6499016450759,0.050098354924103,657.79771734957,0.51512387809621,50.098354924103,36030.965891878
2.71875,8.3614062986115,0.64990154837464,0.050098451625361,657.30591435863,0.51493127569935,50.098451625361,36030.9691108
2.721875,8.3597974392342,0.64990145170954,0.050098548290458,656.81438457951,0.51473870829212,50.098548290458,36030.972328519
2.725,8.3581891815753,0.6499013550806,0.050098644919403,656.32312794823,0.51454617588874,50.098644919403,36030.975545034
2.728125,8.3565815255255,0.6499012584878,0.050098741512202,655.83214440079,0.51435367850341,50.098741512202,36030.978760346
2.73125,8.3549744709752,0.64990116193114,0.05009883806886,655.34143387313,0.51416121615033,50.09883806886,36030.981974455
2.734375,8.3533680178151,0.64990106541061,0.050098934589386,654.85099630108,0.51396878884368,50.098934589386,36030.985187362
2.7375,8.3517621659354,0.64990096892622,0.050099031073784,654.3608316205,0.51377639659765,50.099031073784,36030.988399065
2.740625,8.3501569152267,0.64990087247794,0.050099127522062,653.87093976713,0.51358403942642,50.099127522062,36030.991609567
2.74375,8.3485522655794,0.64990077606577,0.050099223934227,653.38132067669,0.51339171734415,50.099223934227,36030.994818866
2.746875,8.3469482168837,0.64990067968971,0.050099320310285,652.89197428483,0.51319943036499,50.099320310285,36030.998026963
2.75,8.3453447690299,0.64990058334976,0.050099416650242,652.40290052715,0.51300717850311,50.099416650242,36031.001233859
2.753125,8.3437419219083,0.64990048704589,0.050099512954106,651.9140993392,0.51281496177265,50.099512954106,36031.004439553
2.75625,8.342139675409,0.64990039077812,0.050099609221882,651.42557065647,0.51262278018775,50.099609221882,36031.007644046
2.759375,8.3405380294223,0.64990029454642,0.050099705453578,650.93731441441,0.51243063376253,50.099705453578,36031.010847338
2.7625,8.3389369838381,0.6499001983508,0.0500998016492,650.44933054839,0.51223852251113,50.0998016492,36031.014049429
2.765625,8.3373365385466,0.64990010219125,0.050099897808755,649.96161899374,0.51204644644766,50.099897808755,36031.01725032
2.76875,8.3357366934379,0.64990000606775,0.050099993932248,649.47417968576,0.51185440558622,50.099993932248,36031.02045001
2.771875,8.3341374484017,0.64989990998031,0.050100090019688,648.98701255966,0.51166239994093,50.100090019688,36031.0236485
2.775,8.3325388033281,0.64989981392892,0.05010018607108,648.50011755061,0.51147042952587,50.10018607108,36031.026845791
2.778125,8.330940758107,0.64989971791357,0.050100282086431,648.01349459372,0.51127849435513,50.100282086431,36031.030041881
2.78125,8.3293433126283,0.64989962193425,0.050100378065747,647.52714362407,0.5110865944428,50.100378065747,36031.033236772
2.784375,8.3277464667816,0.64989952599096,0.050100474009036,647.04106457665,0.51089472980294,50.100474009036,36031.036430464
2.7875,8.3261502204567,0.6498994300837,0.050100569916304,646.55525738643,0.51070290044962,50.100569916304,36031.039622956
2.790625,8.3245545735435,0.64989933421244,0.050100665787558,646.0697219883,0.51051110639691,50.100665787558,36031.04281425
2.79375,8.3229595259314,0.6498992383772,0.050100761622804,645.58445831713,0.51031934765884,50.100761622804,36031.046004345
2.796875,8.3213650775102,0.64989914257795,0.050100857422048,645.09946630769,0.51012762424947,50.100857422048,36031.049193242
2.8,8.3197712281695,0.6498990468147,0.050100953185298,644.61474589474,0.50993593618283,50.100953185298,36031.052380941
2.803125,8.3181779777986,0.64989895108744,0.05010104891256,644.13029701295,0.50974428347295,50.10104891256,36031.055567442
2.80625,8.3165853262873,0.64989885539616,0.050101144603841,643.64611959697,0.50955266613385,50.101144603841,36031.058752745
2.809375,8.3149932735248,0.64989875974085,0.050101240259147,643.16221358138,0.50936108417954,50.101240259147,36031.06193685
2.8125,8.3134018194006,0.64989866412151,0.050101335878485,642.67857890069,0.50916953762403,50.101335878485,36031.065119758
2.815625,8.311810963804,0.64989856853814,0.050101431461862,642.1952154894,0.50897802648132,50.101431461862,36031.06830147
2.81875,8.3102207066244,0.64989847299072,0.050101527009284,641.71212328192,0.50878655076541,50.101527009284,36031.071481984
2.821875,8.308631047751,0.64989837747924,0.050101622520758,641.22930221262,0.50859511049027,50.101622520758,36031.074661302
2.825,8.307041987073,0.64989828200371,0.050101717996291,640.74675221581,0.50840370566988,50.101717996291,36031.077839423
2.828125,8.3054535244797,0.64989818656411,0.050101813435889,640.26447322575,0.50821233631822,50.101813435889,36031.081016348
2.83125,8.3038656598602,0.64989809116044,0.050101908839559,639.78246517667,0.50802100244924,50.101908839559,36031.084192077
2.834375,8.3022783931035,0.64989799579269,0.050102004207307,639.3007280027,0.50782970407689,50.102004207307,36031.087366611
2.8375,8.3006917240988,0.64989790046086,0.050102099539141,638.81926163795,0.50763844121514,50.102099539141,36031.090539949
2.840625,8.2991056527349,0.64989780516493,0.050102194835067,638.33806601648,0.50744721387791,50.102194835067,36031.093712092
2.84375,8.297520178901,0.64989770990491,0.050102290095091,637.85714107229,0.50725602207914,50.102290095091,36031.096883039
2.846875,8.2959353024858,0.64989761468078,0.050102385319221,637.37648673931,0.50706486583275,50.102385319221,36031.100052792
2.85,8.2943510233784,0.64989751949254,0.050102480507462,636.89610295145,0.50687374515266,50.102480507462,36031.10322135
2.853125,8.2927673414675,0.64989742434018,0.050102575659823,636.41598964253,0.50668266005279,50.102575659823,36031.106388714
2.85625,8.2911842566419,0.64989732922369,0.050102670776308,635.93614674635,0.50649161054703,50.102670776308,36031.109554884
2.859375,8.2896017687904,0.64989723414307,0.050102765856926,635.45657419663,0.50630059664927,50.102765856926,36031.11271986
2.8625,8.2880198778016,0.64989713909832,0.050102860901682,634.97727192706,0.5061096183734,50.102860901682,36031.115883642
2.865625,8.2864385835642,0.64989704408942,0.050102955910584,634.49823987127,0.50591867573332,50.102955910584,36031.11904623
2.86875,8.2848578859668,0.64989694911636,0.050103050883638,634.01947796282,0.50572776874287,50.103050883638,36031.122207625
2.871875,8.2832777848981,0.64989685417915,0.05010314582085,633.54098613526,0.50553689741594,50.10314582085,36031.125367827
2.875,8.2816982802465,0.64989675927777,0.050103240722228,633.06276432205,0.50534606176637,50.103240722228,36031.128526837
2.878125,8.2801193719006,0.64989666441222,0.050103335587778,632.58481245659,0.50515526180802,50.103335587778,36031.131684653
2.88125,8.2785410597487,0.64989656958249,0.050103430417507,632.10713047227,0.50496449755474,50.103430417507,36031.134841278
2.884375,8.2769633436793,0.64989647478858,0.050103525211422,631.62971830239,0.50477376902034,50.103525211422,36031.13799671
2.8875,8.2753862235807,0.64989638003047,0.050103619969529,631.15257588021,0.50458307621867,50.103619969529,36031.14115095
2.890625,8.2738096993412,0.64989628530817,0.050103714691835,630.67570313895,0.50439241916353,50.103714691835,36031.144303998
2.89375,8.2722337708492,0.64989619062165,0.050103809378346,630.19910001176,0.50420179786875,50.103809378346,36031.147455855
2.896875,8.2706584379928,0.64989609597093,0.05010390402907,629.72276643174,0.50401121234811,50.10390402907,36031.150606521
2.9,8.2690837006602,0.64989600135599,0.050103998644013,629.24670233194,0.50382066261543,50.103998644013,36031.153755996
2.903125,8.2675095587395,0.64989590677682,0.050104093223182,628.77090764537,0.50363014868449,50.104093223182,36031.15690428
2.90625,8.265936012119,0.64989581223342,0.050104187766584,628.29538230497,0.50343967056907,50.104187766584,36031.160051373
2.909375,8.2643630606865,0.64989571772578,0.050104282274225,627.82012624364,0.50324922828295,50.104282274225,36031.163197276
2.9125,8.2627907043302,0.64989562325389,0.050104376746112,627.34513939424,0.50305882183988,50.104376746112,36031.166341989
2.915625,8.261218942938,0.64989552881775,0.050104471182252,626.87042168953,0.50286845125364,50.104471182252,36031.169485511
2.91875,8.2596477763978,0.64989543441735,0.050104565582651,626.39597306228,0.50267811653796,50.104565582651,36031.172627844
2.921875,8.2580772045975,0.64989534005268,0.050104659947316,625.92179344516,0.5024878177066,50.104659947316,36031.175768988
2.925,8.256507227425,0.64989524572375,0.050104754276255,625.44788277081,0.50229755477328,50.104754276255,36031.178908942
2.928125,8.254937844768,0.64989515143053,0.050104848569473,624.97424097182,0.50210732775174,50.104848569473,36031.182047708
2.93125,8.2533690565143,0.64989505717302,0.050104942826977,624.5008679807,0.50191713665569,50.104942826977,36031.185185284
2.934375,8.2518008625516,0.64989496295122,0.050105037048775,624.02776372996,0.50172698149884,50.105037048775,36031.188321672
2.9375,8.2502332627676,0.64989486876513,0.050105131234873,623.55492815202,0.50153686229491,50.105131234873,36031.191456872
2.940625,8.2486662570498,0.64989477461472,0.050105225385278,623.08236117925,0.50134677905758,50.105225385278,36031.194590883
2.94375,8.247099845286,0.6498946805,0.050105319499996,622.61006274399,0.50115673180055,50.105319499996,36031.197723707
2.946875,8.2455340273636,0.64989458642097,0.050105413579034,622.1380327785,0.5009667205375,50.105413579034,36031.200855342
2.95,8.2439688031702,0.6498944923776,0.050105507622399,621.66627121502,0.5007767452821,50.105507622399,36031.203985791
2.953125,8.2424041725931,0.6498943983699,0.050105601630098,621.19477798569,0.50058680604801,50.105601630098,36031.207115052
2.95625,8.2408401355198,0.64989430439786,0.050105695602138,620.72355302266,0.50039690284889,50.105695602138,36031.210243126
2.959375,8.2392766918376,0.64989421046148,0.050105789538524,620.252596258,0.5002070356984,50.105789538524,36031.213370013
2.9625,8.237713841434,0.64989411656073,0.050105883439265,619.78190762371,0.50001720461018,50.105883439265,36031.216495714
2.965625,8.2361515841961,0.64989402269563,0.050105977304367,619.31148705177,0.49982740959786,50.105977304367,36031.219620229
2.96875,8.2345899200113,0.64989392886616,0.050106071133836,618.84133447407,0.49963765067506,50.106071133836,36031.222743557
2.971875,8.2330288487666,0.64989383507232,0.05010616492768,618.37144982251,0.49944792785541,50.10616492768,36031.2258657
2.975,8.2314683703493,0.6498937413141,0.050106258685904,617.90183302887,0.49925824115252,50.106258685904,36031.228986656
2.978125,8.2299084846465,0.64989364759148,0.050106352408517,617.43248402493,0.49906859057999,50.106352408517,36031.232106428
2.98125,8.2283491915453,0.64989355390448,0.050106446095524,616.9634027424,0.49887897615142,50.106446095524,36031.235225014
2.984375,8.2267904909326,0.64989346025307,0.050106539746933,616.49458911292,0.49868939788039,50.106539746933,36031.238342415
2.9875,8.2252323826955,0.64989336663725,0.050106633362751,616.02604306813,0.49849985578049,50.106633362751,36031.241458632
2.990625,8.223674866721,0.64989327305702,0.050106726942983,615.55776453957,0.49831034986528,50.106726942983,36031.244573664
2.99375,8.2221179428958,0.64989317951236,0.050106820487637,615.08975345873,0.49812088014833,50.106820487637,36031.247687511
2.996875,8.2205616111069,0.64989308600328,0.05010691399672,614.62200975708,0.4979314466432,50.10691399672,36031.250800175
3,8.2190058712411,0.64989299252976,0.050107007470238,614.15453336603,0.49774204936343,50.107007470238,36031.253911655
3.003125,8.2174507231851,0.6498928990918,0.050107100908199,613.68732421694,0.49755268832257,50.107100908199,36031.257021951
3.00625,8.2158961668258,0.64989280568939,0.050107194310609,613.22038224108,0.49736336353415,50.107194310609,36031.260131064
3.009375,8.2143422020497,0.64989271232253,0.050107287677474,612.75370736974,0.49717407501169,50.107287677474,36031.263238993
3.0125,8.2127888287436,0.6498926189912,0.050107381008803,612.2872995341,0.49698482276871,50.107381008803,36031.26634574
3.015625,8.211236046794,0.6498925256954,0.0501074743046,611.82115866531,0.49679560681871,50.1074743046,36031.269451304
3.01875,8.2096838560876,0.64989243243513,0.050107567564875,611.35528469448,0.49660642717521,50.107567564875,36031.272555685
3.021875,8.2081322565107,0.64989233921037,0.050107660789632,610.88967755266,0.49641728385169,50.107660789632,36031.275658884
3.025,8.20658124795,0.64989224602112,0.050107753978879,610.42433717084,0.49622817686164,50.107753978879,36031.278760901
3.028125,8.2050308302918,0.64989215286738,0.050107847132624,609.95926347998,0.49603910621854,50.107847132624,36031.281861737
3.03125,8.2034810034225,0.64989205974913,0.050107940250871,609.49445641097,0.49585007193584,50.107940250871,36031.28496139
3.034375,8.2019317672285,0.64989196666637,0.05010803333363,609.02991589465,0.49566107402703,50.10803333363,36031.288059863
3.0375,8.2003831215962,0.64989187361909,0.050108126380905,608.56564186184,0.49547211250554,50.108126380905,36031.291157154
3.040625,8.1988350664117,0.6498917806073,0.050108219392705,608.10163424326,0.49528318738483,50.108219392705,36031.294253264
3.04375,8.1972876015612,0.64989168763096,0.050108312369035,607.63789296963,0.49509429867833,50.108312369035,36031.297348194
3.046875,8.1957407269311,0.6498915946901,0.050108405309904,607.17441797159,0.49490544639948,50.108405309904,36031.300441943
3.05,8.1941944424074,0.64989150178468,0.050108498215317,606.71120917973,0.49471663056169,50.108498215317,36031.303534512
3.053125,8.1926487478762,0.64989140891472,0.050108591085281,606.24826652461,0.49452785117837,50.108591085281,36031.306625901
3.05625,8.1911036432236,0.6498913160802,0.050108683919804,605.78558993671,0.49433910826293,50.108683919804,36031.309716111
3.059375,8.1895591283356,0.64989122328111,0.050108776718892,605.32317934649,0.49415040182878,50.108776718892,36031.312805141
3.0625,8.1880152030982,0.64989113051745,0.050108869482552,604.86103468433,0.49396173188929,50.108869482552,36031.315892991
3.065625,8.1864718673972,0.64989103778921,0.050108962210791,604.39915588059,0.49377309845786,50.108962210791,36031.318979662
3.06875,8.1849291211187,0.64989094509638,0.050109054903616,603.93754286556,0.49358450154784,50.109054903616,36031.322065155
3.071875,8.1833869641484,0.64989085243897,0.050109147561033,603.47619556949,0.49339594117262,50.109147561033,36031.325149469
3.075,8.1818453963722,0.64989075981695,0.05010924018305,603.01511392258,0.49320741734554,50.10924018305,36031.328232604
3.078125,8.1803044176758,0.64989066723033,0.050109332769673,602.55429785498,0.49301893007996,50.109332769673,36031.331314562
3.08125,8.1787640279449,0.64989057467909,0.050109425320909,602.09374729677,0.49283047938921,50.109425320909,36031.334395341
3.084375,8.1772242270653,0.64989048216323,0.050109517836765,601.63346217801,0.49264206528664,50.109517836765,36031.337474943
3.0875,8.1756850149225,0.64989038968275,0.050109610317248,601.1734424287,0.49245368778555,50.109610317248,36031.340553367
3.090625,8.1741463914022,0.64989029723763,0.050109702762365,600.71368797879,0.49226534689929,50.109702762365,36031.343630614
3.09375,8.1726083563899,0.64989020482788,0.050109795172123,600.25419875816,0.49207704264113,50.109795172123,36031.346706684
3.096875,8.1710709097712,0.64989011245347,0.050109887546528,599.79497469668,0.4918887750244,50.109887546528,36031.349781578
3.1,8.1695340514315,0.64989002011441,0.050109979885588,599.33601572414,0.49170054406239,50.109979885588,36031.352855294
3.103125,8.1679977812563,0.64988992781069,0.050110072189309,598.87732177029,0.49151234976837,50.110072189309,36031.355927835
3.10625,8.1664620991309,0.6498898355423,0.050110164457698,598.41889276483,0.49132419215562,50.110164457698,36031.358999199
3.109375,8.1649270049407,0.64988974330924,0.050110256690762,597.96072863743,0.49113607123742,50.110256690762,36031.362069387
3.1125,8.163392498571,0.64988965111149,0.050110348888508,597.50282931767,0.49094798702702,50.110348888508,36031.3651384
3.115625,8.161858579907,0.64988955894906,0.050110441050943,597.0451947351,0.49075993953767,50.110441050943,36031.368206237
3.11875,8.1603252488341,0.64988946682193,0.050110533178074,596.58782481924,0.49057192878262,50.110533178074,36031.3712729
3.121875,8.1587925052373,0.64988937473009,0.050110625269908,596.13071949953,0.4903839547751,50.110625269908,36031.374338387
3.125,8.1572603490019,0.64988928267355,0.050110717326451,595.67387870539,0.49019601752834,50.110717326451,36031.377402699
3.128125,8.1557287800128,0.64988919065229,0.05011080934771,595.21730236617,0.49000811705556,50.110809347711,36031.380465837
3.13125,8.1541977981553,0.64988909866631,0.050110901333693,594.76099041117,0.48982025336997,50.110901333693,36031.383527801
3.134375,8.1526674033143,0.64988900671559,0.050110993284407,594.30494276967,0.48963242648478,50.110993284407,36031.386588591
3.1375,8.1511375953748,0.64988891480014,0.050111085199857,593.84915937086,0.48944463641317,50.111085199857,36031.389648206
3.140625,8.1496083742217,0.64988882291995,0.050111177080052,593.3936401439,0.48925688316834,50.111177080052,36031.392706649
3.14375,8.1480797397399,0.649888731075,0.050111268924997,592.9383850179,0.48906916676345,50.111268924997,36031.395763918
3.146875,8.1465516918142,0.6498886392653,0.050111360734701,592.48339392194,0.48888148721169,50.111360734701,36031.398820014
3.15,8.1450242303296,0.64988854749083,0.050111452509169,592.02866678503,0.48869384452622,50.111452509169,36031.401874937
3.153125,8.1434973551707,0.64988845575159,0.050111544248409,591.57420353612,0.48850623872018,50.111544248409,36031.404928687
3.15625,8.1419710662224,0.64988836404757,0.050111635952428,591.12000410413,0.48831866980672,50.111635952428,36031.407981265
3.159375,8.1404453633692,0.64988827237877,0.050111727621233,590.66606841794,0.48813113779898,50.111727621233,36031.41103267
3.1625,8.1389202464958,0.64988818074517,0.05011181925483,590.21239640637,0.48794364271009,50.11181925483,36031.414082904
3.165625,8.1373957154869,0.64988808914677,0.050111910853226,589.75898799816,0.48775618455316,50.111910853226,36031.417131966
3.16875,8.1358717702269,0.64988799758357,0.050112002416429,589.30584312207,0.48756876334132,50.112002416429,36031.420179857
3.171875,8.1343484106005,0.64988790605555,0.050112093944446,588.85296170676,0.48738137908766,50.112093944446,36031.423226576
3.175,8.1328256364921,0.64988781456272,0.050112185437283,588.40034368084,0.48719403180527,50.112185437283,36031.426272124
3.178125,8.1313034477862,0.64988772310505,0.050112276894947,587.94798897291,0.48700672150726,50.112276894947,36031.429316502
3.18125,8.1297818443671,0.64988763168256,0.050112368317445,587.49589751148,0.48681944820668,50.112368317445,36031.432359708
3.184375,8.1282608261193,0.64988754029522,0.050112459704784,587.04406922505,0.48663221191662,50.112459704784,36031.435401745
3.1875,8.126740392927,0.64988744894303,0.050112551056972,586.59250404204,0.48644501265015,50.112551056972,36031.438442611
3.190625,8.1252205446745,0.64988735762599,0.050112642374014,586.14120189083,0.4862578504203,50.112642374014,36031.441482308
3.19375,8.1237012812461,0.64988726634408,0.050112733655919,585.69016269976,0.48607072524012,50.112733655919,36031.444520835
3.196875,8.1221826025259,0.64988717509731,0.050112824902692,585.23938639712,0.48588363712267,50.112824902692,36031.447558192
3.2,8.1206645083982,0.64988708388566,0.050112916114342,584.78887291115,0.48569658608095,50.112916114342,36031.45059438
3.203125,8.1191469987471,0.64988699270913,0.050113007290874,584.33862217003,0.485509572128,50.113007290874,36031.4536294
3.20625,8.1176300734565,0.6498869015677,0.050113098432297,583.88863410192,0.48532259527682,50.113098432297,36031.45666325
3.209375,8.1161137324106,0.64988681046138,0.050113189538616,583.4389086349,0.48513565554042,50.113189538616,36031.459695932
3.2125,8.1145979754934,0.64988671939016,0.050113280609838,582.98944569703,0.48494875293179,50.113280609838,36031.462727446
3.215625,8.1130828025887,0.64988662835403,0.050113371645972,582.5402452163,0.48476188746393,50.113371645972,36031.465757792
3.21875,8.1115682135806,0.64988653735298,0.050113462647024,582.09130712067,0.4845750591498,50.113462647024,36031.46878697
3.221875,8.1100542083529,0.649886446387,0.050113553613,581.64263133805,0.48438826800238,50.113553613,36031.47181498
3.225,8.1085407867895,0.64988635545609,0.050113644543907,581.19421779628,0.48420151403464,50.113644543907,36031.474841824
3.228125,8.107027948774,0.64988626456025,0.050113735439754,580.74606642317,0.48401479725952,50.113735439754,36031.4778675
3.2312499999999,8.1055156941903,0.64988617369945,0.050113826300546,580.29817714649,0.48382811768997,50.113826300546,36031.480892009
3.2343749999999,8.1040040229221,0.64988608287371,0.050113917126291,579.85054989396,0.48364147533892,50.113917126291,36031.483915351
3.2374999999999,8.1024929348531,0.649885992083,0.050114007916995,579.40318459322,0.4834548702193,50.114007916995,36031.486937527
3.2406249999999,8.1009824298669,0.64988590132733,0.050114098672666,578.95608117192,0.48326830234404,50.114098672666,36031.489958537
3.2437499999999,8.0994725078471,0.64988581060669,0.050114189393311,578.50923955762,0.48308177172605,50.114189393311,36031.492978381
3.2468749999999,8.0979631686772,0.64988571992106,0.050114280078936,578.06265967782,0.48289527837821,50.114280078936,36031.49599706
3.2499999999999,8.0964544122407,0.64988562927045,0.050114370729549,577.61634146003,0.48270882231344,50.114370729549,36031.499014573
3.2531249999999,8.0949462384212,0.64988553865484,0.050114461345157,577.17028483167,0.48252240354462,50.114461345157,36031.50203092
3.2562499999999,8.093438647102,0.64988544807423,0.050114551925766,576.72448972011,0.48233602208462,50.114551925766,36031.505046103
3.2593749999999,8.0919316381666,0.64988535752862,0.050114642471384,576.2789560527,0.4821496779463,50.114642471384,36031.508060121
3.2624999999999,8.0904252114982,0.64988526701798,0.050114732982018,575.83368375671,0.48196337114254,50.114732982018,36031.511072974
3.2656249999999,8.0889193669802,0.64988517654233,0.050114823457674,575.3886727594,0.48177710168619,50.114823457674,36031.514084663
3.2687499999999,8.0874141044959,0.64988508610164,0.05011491389836,574.94392298794,0.48159086959007,50.11491389836,36031.517095188
3.2718749999999,8.0859094239285,0.64988499569592,0.050115004304082,574.49943436949,0.48140467486704,50.115004304082,36031.520104549
3.2749999999999,8.0844053251612,0.64988490532515,0.050115094674848,574.05520683115,0.48121851752992,50.115094674848,36031.523112747
3.2781249999999,8.0829018080771,0.64988481498933,0.050115185010665,573.61124029998,0.48103239759152,50.115185010665,36031.526119781
3.2812499999999,8.0813988725594,0.64988472468846,0.05011527531154,573.16753470297,0.48084631506465,50.11527531154,36031.529125652
3.2843749999999,8.079896518491,0.64988463442252,0.05011536557748,572.72408996708,0.48066026996211,50.11536557748,36031.53213036
3.2874999999999,8.0783947457551,0.64988454419151,0.050115455808491,572.28090601922,0.4804742622967,50.115455808491,36031.535133906
3.2906249999999,8.0768935542346,0.64988445399542,0.050115546004581,571.83798278627,0.48028829208119,50.115546004581,36031.538136289
3.2937499999999,8.0753929438125,0.64988436383424,0.050115636165757,571.39532019503,0.48010235932837,50.115636165757,36031.54113751
3.2968749999999,8.0738929143717,0.64988427370797,0.050115726292026,570.95291817229,0.47991646405099,50.115726292026,36031.544137568
3.2999999999999,8.0723934657951,0.64988418361661,0.050115816383395,570.51077664476,0.47973060626182,50.115816383395,36031.547136466
3.3031249999999,8.0708945979654,0.64988409356013,0.050115906439871,570.06889553913,0.47954478597361,50.115906439871,36031.550134201
3.3062499999999,8.0693963107655,0.64988400353854,0.05011599646146,569.62727478201,0.47935900319909,50.11599646146,36031.553130776
3.3093749999999,8.0678986040782,0.64988391355183,0.050116086448171,569.18591430002,0.47917325795099,50.116086448171,36031.556126189
3.3124999999999,8.0664014777861,0.64988382359999,0.05011617640001,568.74481401967,0.47898755024205,50.11617640001,36031.559120442
3.3156249999999,8.0649049317719,0.64988373368302,0.050116266316984,568.30397386746,0.47880188008496,50.116266316984,36031.562113534
3.3187499999999,8.0634089659182,0.6498836438009,0.050116356199101,567.86339376983,0.47861624749245,50.116356199101,36031.565105465
3.3218749999999,8.0619135801076,0.64988355395363,0.050116446046366,567.42307365319,0.4784306524772,50.116446046366,36031.568096237
3.3249999999999,8.0604187742227,0.64988346414121,0.050116535858788,566.9830134439,0.4782450950519,50.116535858788,36031.571085849
3.3281249999999,8.058924548146,0.64988337436363,0.050116625636374,566.54321306826,0.47805957522924,50.116625636374,36031.574074301
3.3312499999999,8.05743090176,0.64988328462087,0.05011671537913,566.10367245252,0.47787409302189,50.11671537913,36031.577061594
3.3343749999999,8.0559378349471,0.64988319491294,0.050116805087063,565.66439152292,0.4776886484425,50.116805087063,36031.580047727
3.3374999999999,8.0544453475896,0.64988310523982,0.050116894760181,565.2253702056,0.47750324150373,50.116894760181,36031.583032702
3.3406249999999,8.05295343957,0.64988301560151,0.05011698439849,564.7866084267,0.47731787221822,50.11698439849,36031.586016518
3.3437499999999,8.0514621107706,0.649882925998,0.050117074001999,564.34810611229,0.47713254059862,50.117074001999,36031.588999176
3.3468749999999,8.0499713610736,0.64988283642929,0.050117163570713,563.90986318841,0.47694724665755,50.117163570713,36031.591980675
3.3499999999999,8.0484811903612,0.64988274689536,0.05011725310464,563.47187958104,0.47676199040763,50.11725310464,36031.594961016
3.3531249999999,8.0469915985157,0.64988265739621,0.050117342603786,563.03415521612,0.47657677186147,50.117342603786,36031.5979402
3.3562499999999,8.0455025854193,0.64988256793184,0.05011743206816,562.59669001954,0.47639159103166,50.11743206816,36031.600918226
3.3593749999999,8.0440141509539,0.64988247850223,0.050117521497768,562.15948391714,0.4762064479308,50.117521497768,36031.603895095
3.3624999999999,8.0425262950017,0.64988238910738,0.050117610892617,561.72253683474,0.47602134257149,50.117610892617,36031.606870807
3.3656249999999,8.0410390174448,0.64988229974729,0.050117700252715,561.28584869809,0.47583627496628,50.117700252715,36031.609845362
3.3687499999999,8.0395523181652,0.64988221042193,0.050117789578068,560.8494194329,0.47565124512775,50.117789578068,36031.612818761
3.3718749999999,8.0380661970448,0.64988212113132,0.050117878868683,560.41324896484,0.47546625306846,50.117878868683,36031.615791003
3.3749999999999,8.0365806539655,0.64988203187543,0.050117968124568,559.97733721952,0.47528129880096,50.117968124568,36031.618762089
3.3781249999999,8.0350956888092,0.64988194265427,0.050118057345729,559.54168412253,0.47509638233778,50.118057345729,36031.62173202
3.3812499999999,8.0336113014577,0.64988185346783,0.050118146532175,559.10628959938,0.47491150369146,50.118146532175,36031.624700794
3.3843749999999,8.0321274917929,0.64988176431609,0.050118235683911,558.67115357556,0.47472666287451,50.118235683911,36031.627668414
3.3874999999999,8.0306442596965,0.64988167519906,0.050118324800945,558.23627597651,0.47454185989945,50.118324800945,36031.630634878
3.3906249999999,8.0291616050503,0.64988158611672,0.050118413883284,557.80165672762,0.4743570947788,50.118413883284,36031.633600187
3.3937499999999,8.0276795277358,0.64988149706906,0.050118502930935,557.36729575424,0.47417236752503,50.118502930935,36031.636564342
3.3968749999999,8.0261980276348,0.64988140805609,0.050118591943906,556.93319298167,0.47398767815064,50.118591943906,36031.639527342
3.3999999999999,8.024717104629,0.6498813190778,0.050118680922203,556.49934833517,0.47380302666812,50.118680922203,36031.642489188
3.4031249999999,8.0232367585997,0.64988123013417,0.050118769865833,556.06576173996,0.47361841308992,50.118769865833,36031.64544988
3.4062499999999,8.0217569894287,0.6498811412252,0.050118858774804,555.6324331212,0.47343383742852,50.118858774804,36031.648409418
3.4093749999999,8.0202777969973,0.64988105235088,0.050118947649123,555.199362404,0.47324929969635,50.118947649123,36031.651367803
3.4124999999999,8.018799181187,0.6498809635112,0.050119036488797,554.76654951346,0.47306479990587,50.119036488797,36031.654325035
3.4156249999999,8.0173211418793,0.64988087470617,0.050119125293832,554.3339943746,0.47288033806951,50.119125293832,36031.657281113
3.4187499999999,8.0158436789555,0.64988078593576,0.050119214064237,553.90169691242,0.4726959141997,50.119214064237,36031.660236039
3.4218749999999,8.0143667922969,0.64988069719998,0.050119302800018,553.46965705184,0.47251152830884,50.119302800018,36031.663189813
3.4249999999999,8.0128904817848,0.64988060849882,0.050119391501183,553.03787471776,0.47232718040934,50.119391501183,36031.666142434
3.4281249999999,8.0114147473006,0.64988051983226,0.050119480167738,552.60634983505,0.47214287051362,50.119480167738,36031.669093903
3.4312499999999,8.0099395887253,0.64988043120031,0.050119568799691,552.17508232852,0.47195859863406,50.119568799691,36031.67204422
3.4343749999999,8.0084650059403,0.64988034260295,0.050119657397048,551.74407212292,0.47177436478303,50.119657397048,36031.674993385
3.4374999999999,8.0069909988266,0.64988025404018,0.050119745959818,551.31331914298,0.47159016897292,50.119745959818,36031.6779414
3.4406249999999,8.0055175672653,0.64988016551199,0.050119834488006,550.88282331337,0.47140601121608,50.119834488006,36031.680888263
3.4437499999999,8.0040447111376,0.64988007701838,0.050119922981621,550.45258455872,0.47122189152486,50.119922981621,36031.683833975
3.4468749999999,8.0025724303243,0.64987998855933,0.050120011440669,550.02260280362,0.47103780991161,50.120011440669,36031.686778537
3.4499999999999,8.0011007247066,0.64987990013484,0.050120099865158,549.5928779726,0.47085376638868,50.120099865157,36031.689721948
3.4531249999999,7.9996295941654,0.64987981174491,0.050120188255094,549.16340999017,0.47066976096838,50.120188255094,36031.692664209
3.4562499999999,7.9981590385815,0.64987972338952,0.050120276610485,548.73419878078,0.47048579366303,50.120276610485,36031.69560532
3.4593749999999,7.9966890578359,0.64987963506866,0.050120364931338,548.30524426883,0.47030186448494,50.120364931338,36031.698545281
3.4624999999999,7.9952196518093,0.64987954678234,0.05012045321766,547.87654637869,0.47011797344642,50.12045321766,36031.701484094
3.4656249999999,7.9937508203826,0.64987945853054,0.050120541469459,547.44810503469,0.46993412055976,50.120541469459,36031.704421756
3.4687499999999,7.9922825634365,0.64987937031326,0.050120629686741,547.01992016109,0.46975030583723,50.120629686741,36031.70735827
3.4718749999999,7.9908148808518,0.64987928213049,0.050120717869514,546.59199168214,0.46956652929112,50.120717869514,36031.710293635
3.4749999999999,7.9893477725092,0.64987919398222,0.050120806017784,546.16431952202,0.46938279093368,50.120806017784,36031.713227852
3.4781249999999,7.9878812382891,0.64987910586844,0.05012089413156,545.73690360487,0.46919909077717,50.12089413156,36031.716160921
3.4812499999999,7.9864152780724,0.64987901778915,0.050120982210848,545.3097438548,0.46901542883384,50.120982210848,36031.719092841
3.4843749999999,7.9849498917395,0.64987892974435,0.050121070255655,544.88284019584,0.46883180511592,50.121070255655,36031.722023614
3.4874999999999,7.9834850791709,0.64987884173401,0.050121158265988,544.45619255204,0.46864821963565,50.121158265988,36031.724953239
3.4906249999999,7.9820208402472,0.64987875375814,0.050121246241855,544.02980084735,0.46846467240524,50.121246241855,36031.727881717
3.4937499999999,7.9805571748488,0.64987866581674,0.050121334183264,543.6036650057,0.46828116343691,50.121334183264,36031.730809047
3.4968749999999,7.9790940828562,0.64987857790978,0.05012142209022,543.17778495097,0.46809769274285,50.12142209022,36031.733735231
3.4999999999999,7.9776315641496,0.64987849003727,0.050121509962731,542.75216060699,0.46791426033526,50.121509962731,36031.736660269
3.5031249999999,7.9761696186094,0.64987840219919,0.050121597800805,542.32679189757,0.46773086622632,50.121597800805,36031.73958416
3.5062499999999,7.974708246116,0.64987831439555,0.050121685604449,541.90167874646,0.4675475104282,50.121685604449,36031.742506905
3.5093749999999,7.9732474465495,0.64987822662633,0.050121773373669,541.47682107735,0.46736419295307,50.121773373669,36031.745428504
3.5124999999999,7.9717872197902,0.64987813889153,0.050121861108473,541.05221881392,0.46718091381309,50.121861108473,36031.748348958
3.5156249999999,7.9703275657183,0.64987805119113,0.050121948808869,540.62787187979,0.4669976730204,50.121948808869,36031.751268266
3.5187499999999,7.968868484214,0.64987796352514,0.050122036474863,540.20378019852,0.46681447058714,50.122036474863,36031.754186429
3.5218749999999,7.9674099751573,0.64987787589354,0.050122124106463,539.77994369367,0.46663130652544,50.122124106463,36031.757103447
3.5249999999999,7.9659520384283,0.64987778829632,0.050122211703675,539.35636228871,0.46644818084742,50.122211703675,36031.76001932
3.5281249999999,7.964494673907,0.64987770073349,0.050122299266508,538.93303590711,0.46626509356519,50.122299266508,36031.762934049
3.5312499999999,7.9630378814735,0.64987761320503,0.050122386794967,538.50996447225,0.46608204469085,50.122386794967,36031.765847634
3.5343749999999,7.9615816610076,0.64987752571094,0.050122474289062,538.0871479075,0.46589903423649,50.122474289062,36031.768760075
3.5374999999999,7.9601260123894,0.6498774382512,0.050122561748798,537.66458613618,0.4657160622142,50.122561748798,36031.771671372
3.5406249999999,7.9586709354987,0.64987735082582,0.050122649174182,537.24227908158,0.46553312863605,50.122649174182,36031.774581526
3.5437499999999,7.9572164302153,0.64987726343478,0.050122736565223,536.82022666691,0.4653502335141,50.122736565223,36031.777490537
3.5468749999999,7.955762496419,0.64987717607807,0.050122823921928,536.39842881537,0.46516737686041,50.122823921928,36031.780398404
3.5499999999999,7.9543091339897,0.6498770887557,0.050122911244303,535.97688545011,0.46498455868703,50.122911244303,36031.783305129
3.5531249999999,7.952856342807,0.64987700146764,0.050122998532355,535.55559649422,0.46480177900599,50.122998532355,36031.786210712
3.5562499999999,7.9514041227506,0.64987691421391,0.050123085786093,535.13456187077,0.46461903782933,50.123085786093,36031.789115152
3.5593749999999,7.9499524737002,0.64987682699448,0.050123173005523,534.71378150279,0.46443633516906,50.123173005523,36031.79201845
3.5624999999999,7.9485013955354,0.64987673980935,0.050123260190652,534.29325531325,0.46425367103719,50.123260190652,36031.794920606
3.5656249999999,7.9470508881358,0.64987665265851,0.050123347341488,533.87298322507,0.46407104544572,50.123347341488,36031.797821621
3.5687499999999,7.9456009513809,0.64987656554196,0.050123434458038,533.45296516115,0.46388845840664,50.123434458038,36031.800721494
3.5718749999999,7.9441515851503,0.64987647845969,0.050123521540309,533.03320104435,0.46370590993194,50.123521540309,36031.803620227
3.5749999999999,7.9427027893233,0.64987639141169,0.050123608588309,532.61369079746,0.46352340003359,50.123608588309,36031.806517819
3.5781249999999,7.9412545637795,0.64987630439796,0.050123695602044,532.19443434325,0.46334092872355,50.123695602044,36031.80941427
3.5812499999999,7.9398069083982,0.64987621741848,0.050123782581523,531.77543160443,0.46315849601377,50.123782581523,36031.81230958
3.5843749999999,7.9383598230587,0.64987613047325,0.050123869526751,531.3566825037,0.46297610191621,50.123869526751,36031.815203751
3.5874999999999,7.9369133076405,0.64987604356226,0.050123956437737,530.93818696367,0.46279374644279,50.123956437737,36031.818096782
3.5906249999999,7.9354673620227,0.64987595668551,0.050124043314488,530.51994490696,0.46261142960545,50.124043314488,36031.820988673
3.5937499999999,7.9340219860847,0.64987586984299,0.05012413015701,530.10195625611,0.4624291514161,50.12413015701,36031.823879425
3.5968749999999,7.9325771797056,0.64987578303469,0.050124216965312,529.68422093364,0.46224691188666,50.124216965312,36031.826769038
3.5999999999999,7.9311329427646,0.6498756962606,0.0501243037394,529.266738862,0.46206471102901,50.1243037394,36031.829657512
3.6031249999999,7.9296892751408,0.64987560952072,0.050124390479282,528.84950996363,0.46188254885505,50.124390479282,36031.832544847
3.6062499999999,7.9282461767133,0.64987552281504,0.050124477184965,528.43253416092,0.46170042537666,50.124477184965,36031.835431044
3.6093749999999,7.9268036473612,0.64987543614354,0.050124563856456,528.0158113762,0.46151834060571,50.124563856456,36031.838316102
3.6124999999999,7.9253616869635,0.64987534950624,0.050124650493762,527.59934153177,0.46133629455406,50.124650493762,36031.841200023
3.6156249999999,7.9239202953992,0.64987526290311,0.050124737096891,527.18312454989,0.46115428723357,50.124737096892,36031.844082806
3.6187499999999,7.9224794725473,0.64987517633415,0.050124823665851,526.76716035279,0.46097231865608,50.124823665851,36031.846964452
3.6218749999999,7.9210392182866,0.64987508979935,0.050124910200648,526.35144886264,0.46079038883342,50.124910200648,36031.849844961
3.6249999999999,7.919599532496,0.64987500329871,0.050124996701289,525.93599000156,0.46060849777742,50.124996701289,36031.852724332
3.6281249999999,7.9181604150543,0.64987491683222,0.050125083167782,525.52078369165,0.46042664549989,50.125083167782,36031.855602567
3.6312499999999,7.9167218658404,0.64987483039987,0.050125169600135,525.10582985496,0.46024483201263,50.125169600135,36031.858479665
3.6343749999999,7.915283884733,0.64987474400165,0.050125255998354,524.6911284135,0.46006305732745,50.125255998354,36031.861355628
3.6374999999999,7.9138464716108,0.64987465763755,0.050125342362446,524.27667928923,0.45988132145613,50.125342362446,36031.864230454
3.6406249999999,7.9124096263526,0.64987457130758,0.05012542869242,523.8624824041,0.45969962441045,50.12542869242,36031.867104144
3.6437499999999,7.9109733488369,0.64987448501172,0.050125514988282,523.44853767997,0.45951796620218,50.125514988282,36031.869976699
3.6468749999999,7.9095376389424,0.64987439874996,0.050125601250039,523.03484503869,0.45933634684308,50.125601250039,36031.872848119
3.6499999999999,7.9081024965477,0.6498743125223,0.0501256874777,522.62140440206,0.45915476634489,50.1256874777,36031.875718404
3.6531249999999,7.9066679215313,0.64987422632873,0.050125773671271,522.20821569185,0.45897322471936,50.125773671271,36031.878587554
3.6562499999999,7.9052339137717,0.64987414016924,0.050125859830759,521.79527882978,0.45879172197822,50.125859830759,36031.88145557
3.6593749999999,7.9038004731474,0.64987405404383,0.050125945956172,521.38259373752,0.45861025813319,50.125945956172,36031.884322451
3.6624999999999,7.9023675995368,0.64987396795248,0.050126032047517,520.97016033671,0.45842883319598,50.126032047517,36031.887188198
3.6656249999999,7.9009352928183,0.6498738818952,0.050126118104802,520.55797854894,0.45824744717829,50.126118104802,36031.890052812
3.6687499999999,7.8995035528703,0.64987379587197,0.050126204128033,520.14604829578,0.45806610009182,50.126204128033,36031.892916291
3.6718749999999,7.8980723795711,0.64987370988278,0.050126290117218,519.73436949874,0.45788479194826,50.126290117218,36031.895778638
3.6749999999999,7.8966417727989,0.64987362392764,0.050126376072365,519.32294207928,0.45770352275927,50.126376072365,36031.898639852
3.6781249999999,7.8952117324321,0.64987353800652,0.05012646199348,518.91176595885,0.45752229253652,50.12646199348,36031.901499932
3.6812499999999,7.8937822583488,0.64987345211943,0.050126547880572,518.50084105884,0.45734110129167,50.126547880572,36031.90435888
3.6843749999999,7.8923533504272,0.64987336626635,0.050126633733646,518.0901673006,0.45715994903636,50.126633733646,36031.907216696
3.6874999999999,7.8909250085454,0.64987328044729,0.050126719552712,517.67974460543,0.45697883578223,50.126719552712,36031.91007338
3.6906249999999,7.8894972325816,0.64987319466223,0.050126805337775,517.26957289461,0.45679776154091,50.126805337775,36031.912928932
3.6937499999999,7.8880700224139,0.64987310891116,0.050126891088843,516.85965208938,0.45661672632401,50.126891088843,36031.915783352
3.6968749999999,7.8866433779201,0.64987302319408,0.050126976805924,516.44998211092,0.45643573014315,50.126976805924,36031.918636641
3.6999999999999,7.8852172989785,0.64987293751097,0.050127062489025,516.04056288037,0.45625477300992,50.127062489025,36031.921488799
3.7031249999999,7.8837917854668,0.64987285186185,0.050127148138154,515.63139431885,0.45607385493591,50.127148138154,36031.924339826
3.7062499999999,7.8823668372631,0.64987276624668,0.050127233753317,515.22247634742,0.45589297593271,50.127233753317,36031.927189723
3.7093749999999,7.8809424542451,0.64987268066548,0.050127319334522,514.81380888711,0.45571213601187,50.127319334522,36031.930038489
3.7124999999999,7.8795186362908,0.64987259511822,0.050127404881776,514.40539185892,0.45553133518496,50.127404881776,36031.932886125
3.7156249999999,7.878095383278,0.64987250960491,0.050127490395087,513.99722518377,0.45535057346354,50.127490395087,36031.935732631
3.7187499999999,7.8766726950845,0.64987242412554,0.050127575874461,513.58930878259,0.45516985085914,50.127575874461,36031.938578007
3.7218749999999,7.8752505715879,0.64987233868009,0.050127661319907,513.18164257623,0.4549891673833,50.127661319907,36031.941422254
3.7249999999999,7.873829012666,0.64987225326857,0.050127746731432,512.77422648555,0.45480852304754,50.127746731432,36031.944265372
3.7281249999999,7.8724080181965,0.64987216789096,0.050127832109043,512.36706043129,0.45462791786338,50.127832109043,36031.947107361
3.7312499999999,7.870987588057,0.64987208254725,0.050127917452747,511.96014433424,0.45444735184231,50.127917452747,36031.949948221
3.7343749999999,7.8695677221251,0.64987199723745,0.050128002762552,511.55347811508,0.45426682499583,50.128002762552,36031.952787953
3.7374999999999,7.8681484202783,0.64987191196154,0.050128088038464,511.14706169448,0.45408633733543,50.128088038464,36031.955626557
3.7406249999999,7.8667296823943,0.64987182671951,0.050128173280493,510.74089499307,0.45390588887257,50.128173280493,36031.958464032
3.7437499999999,7.8653115083504,0.64987174151136,0.050128258488644,510.33497793146,0.45372547961874,50.128258488644,36031.96130038
3.7468749999999,7.8638938980241,0.64987165633707,0.050128343662925,509.92931043017,0.45354510958537,50.128343662925,36031.964135601
3.7499999999999,7.8624768512929,0.64987157119666,0.050128428803344,509.52389240971,0.45336477878393,50.128428803344,36031.966969695
3.7531249999999,7.8610603680341,0.64987148609009,0.050128513909907,509.11872379057,0.45318448722584,50.128513909907,36031.969802661
3.7562499999999,7.8596444481251,0.64987140101738,0.050128598982623,508.71380449315,0.45300423492253,50.128598982623,36031.972634501
3.7593749999999,7.8582290914432,0.6498713159785,0.050128684021499,508.30913443786,0.45282402188541,50.128684021499,36031.975465214
3.7624999999999,7.8568142978656,0.64987123097346,0.050128769026541,507.90471354505,0.45264384812591,50.128769026541,36031.978294801
3.7656249999999,7.8554000672696,0.64987114600224,0.050128853997758,507.50054173502,0.45246371365541,50.128853997758,36031.981123263
3.7687499999999,7.8539863995325,0.64987106106484,0.050128938935157,507.09661892804,0.4522836184853,50.128938935157,36031.983950598
3.7718749999999,7.8525732945313,0.64987097616126,0.050129023838745,506.69294504436,0.45210356262697,50.129023838745,36031.986776808
3.7749999999999,7.8511607521432,0.64987089129147,0.050129108708529,506.28952000416,0.45192354609178,50.129108708529,36031.989601893
3.7781249999999,7.8497487722453,0.64987080645548,0.050129193544517,505.88634372759,0.45174356889108,50.129193544517,36031.992425853
3.7812499999999,7.8483373547147,0.64987072165328,0.050129278346717,505.48341613477,0.45156363103624,50.129278346717,36031.995248688
3.7843749999999,7.8469264994284,0.64987063688487,0.050129363115135,505.08073714578,0.45138373253859,50.129363115135,36031.998070398
3.7874999999999,7.8455162062633,0.64987055215022,0.050129447849779,504.67830668065,0.45120387340946,50.129447849779,36032.000890985
3.7906249999999,7.8441064750965,0.64987046744934,0.050129532550657,504.27612465938,0.45102405366017,50.129532550657,36032.003710447
3.7937499999999,7.8426973058048,0.64987038278222,0.050129617217775,503.87419100193,0.45084427330204,50.129617217775,36032.006528786
3.7968749999999,7.8412886982652,0.64987029814886,0.050129701851142,503.47250562822,0.45066453234637,50.129701851142,36032.009346001
3.7999999999999,7.8398806523545,0.64987021354924,0.050129786450765,503.07106845813,0.45048483080444,50.129786450765,36032.012162092
3.8031249999999,7.8384731679496,0.64987012898335,0.05012987101665,502.6698794115,0.45030516868755,50.12987101665,36032.014977061
3.8062499999999,7.837066244927,0.64987004445119,0.050129955548806,502.26893840813,0.45012554600695,50.129955548806,36032.017790907
3.8093749999999,7.8356598831638,0.64986995995276,0.05013004004724,501.86824536779,0.44994596277392,50.13004004724,36032.020603631
3.8124999999999,7.8342540825364,0.64986987548804,0.050130124511959,501.4678002102,0.44976641899971,50.130124511959,36032.023415232
3.8156249999999,7.8328488429217,0.64986979105703,0.050130208942971,501.06760285505,0.44958691469556,50.130208942971,36032.026225711
3.8187499999999,7.8314441641962,0.64986970665972,0.050130293340283,500.667653222,0.44940744987271,50.130293340283,36032.029035069
3.8218749999999,7.8300400462365,0.6498696222961,0.050130377703902,500.26795123064,0.44922802454237,50.130377703902,36032.031843305
3.8249999999999,7.8286364889193,0.64986953796616,0.050130462033836,499.86849680057,0.44904863871577,50.130462033836,36032.034650419
3.8281249999999,7.8272334921211,0.64986945366991,0.050130546330093,499.4692898513,0.44886929240411,50.130546330093,36032.037456413
3.8312499999999,7.8258310557183,0.64986936940732,0.050130630592679,499.07033030234,0.44868998561859,50.130630592679,36032.040261286
3.8343749999999,7.8244291795874,0.6498692851784,0.050130714821603,498.67161807313,0.44851071837038,50.130714821603,36032.043065038
3.8374999999999,7.8230278636049,0.64986920098313,0.050130799016871,498.2731530831,0.44833149067067,50.130799016871,36032.04586767
3.8406249999999,7.8216271076472,0.64986911682151,0.050130883178491,497.87493525164,0.44815230253061,50.130883178491,36032.048669182
3.8437499999999,7.8202269115905,0.64986903269353,0.050130967306471,497.47696449807,0.44797315396137,50.130967306471,36032.051469574
3.8468749999999,7.8188272753112,0.64986894859918,0.050131051400817,497.07924074171,0.44779404497409,50.131051400817,36032.054268847
3.8499999999999,7.8174281986857,0.64986886453846,0.050131135461538,496.68176390182,0.4476149755799,50.131135461538,36032.057067
3.8531249999999,7.8160296815901,0.64986878051136,0.050131219488641,496.28453389763,0.44743594578994,50.131219488641,36032.059864034
3.8562499999999,7.8146317239007,0.64986869651787,0.050131303482133,495.88755064834,0.44725695561532,50.131303482133,36032.062659949
3.8593749999999,7.8132343254937,0.64986861255798,0.050131387442021,495.49081407308,0.44707800506714,50.131387442021,36032.065454746
3.8624999999999,7.8118374862452,0.64986852863169,0.050131471368314,495.094324091,0.44689909415651,50.131471368314,36032.068248425
3.8656249999999,7.8104412060313,0.64986844473898,0.050131555261018,494.69808062114,0.44672022289451,50.131555261018,36032.071040985
3.8687499999999,7.8090454847282,0.64986836087986,0.050131639120141,494.30208358256,0.44654139129221,50.131639120141,36032.073832428
3.8718749999999,7.8076503222118,0.64986827705431,0.050131722945691,493.90633289426,0.44636259936069,50.131722945691,36032.076622753
3.8749999999999,7.8062557183582,0.64986819326233,0.050131806737674,493.5108284752,0.446183847111,50.131806737674,36032.07941196
3.8781249999999,7.8048616730434,0.6498681095039,0.050131890496099,493.11557024431,0.44600513455419,50.131890496099,36032.082200051
3.8812499999999,7.8034681861432,0.64986802577903,0.050131974220972,492.72055812048,0.4458264617013,50.131974220972,36032.084987025
3.8843749999999,7.8020752575336,0.6498679420877,0.050132057912302,492.32579202255,0.44564782856335,50.132057912302,36032.087772882
3.8874999999999,7.8006828870905,0.64986785842991,0.050132141570095,491.93127186935,0.44546923515137,50.132141570095,36032.090557623
3.8906249999999,7.7992910746898,0.64986777480564,0.050132225194359,491.53699757965,0.44529068147635,50.132225194359,36032.093341248
3.8937499999999,7.7978998202071,0.6498676912149,0.050132308785103,491.14296907219,0.44511216754931,50.132308785103,36032.096123757
3.8968749999999,7.7965091235184,0.64986760765767,0.050132392342332,490.74918626568,0.44493369338124,50.132392342332,36032.09890515
3.8999999999999,7.7951189844992,0.64986752413395,0.050132475866054,490.35564907877,0.44475525898309,50.132475866054,36032.101685428
3.9031249999999,7.7937294030254,0.64986744064372,0.050132559356278,489.9623574301,0.44457686436586,50.132559356278,36032.104464591
3.9062499999999,7.7923403789726,0.64986735718699,0.05013264281301,489.56931123825,0.44439850954049,50.13264281301,36032.107242639
3.9093749999999,7.7909519122164,0.64986727376374,0.050132726236258,489.17651042179,0.44422019451793,50.132726236258,36032.110019573
3.9124999999999,7.7895640026325,0.64986719037397,0.05013280962603,488.78395489924,0.44404191930913,50.13280962603,36032.112795392
3.9156249999999,7.7881766500963,0.64986710701767,0.050132892982332,488.39164458906,0.44386368392501,50.132892982332,36032.115570097
3.9187499999999,7.7867898544835,0.64986702369483,0.050132976305173,487.99957940969,0.44368548837649,50.132976305173,36032.118343688
3.9218749999999,7.7854036156695,0.64986694040544,0.05013305959456,487.60775927956,0.44350733267449,50.13305959456,36032.121116166
3.9249999999999,7.7840179335298,0.6498668571495,0.0501331428505,487.21618411703,0.44332921682989,50.1331428505,36032.12388753
3.9281249999999,7.7826328079397,0.649866773927,0.050133226073001,486.82485384042,0.44315114085359,50.133226073001,36032.126657781
3.9312499999999,7.7812482387748,0.64986669073793,0.05013330926207,486.43376836804,0.44297310475647,50.13330926207,36032.12942692
3.9343749999999,7.7798642259104,0.64986660758229,0.050133392417715,486.04292761815,0.4427951085494,50.133392417715,36032.132194945
3.9374999999999,7.7784807692217,0.64986652446006,0.050133475539943,485.65233150898,0.44261715224325,50.133475539943,36032.134961859
3.9406249999999,7.7770978685841,0.64986644137124,0.050133558628762,485.2619799587,0.44243923584884,50.133558628762,36032.13772766
3.9437499999999,7.7757155238729,0.64986635831582,0.050133641684179,484.87187288546,0.44226135937704,50.133641684179,36032.140492349
3.9468749999999,7.7743337349632,0.6498662752938,0.050133724706202,484.48201020738,0.44208352283866,50.133724706202,36032.143255927
3.9499999999999,7.7729525017303,0.64986619230516,0.050133807694839,484.09239184254,0.44190572624453,50.133807694839,36032.146018394
3.9531249999999,7.7715718240493,0.6498661093499,0.050133890650096,483.70301770899,0.44172796960546,50.133890650096,36032.148779749
3.9562499999999,7.7701917017954,0.64986602642802,0.050133973571981,483.31388772471,0.44155025293223,50.133973571981,36032.151539994
3.9593749999999,7.7688121348436,0.6498659435395,0.050134056460502,482.92500180769,0.44137257623566,50.134056460502,36032.154299127
3.9624999999999,7.767433123069,0.64986586068433,0.050134139315667,482.53635987586,0.44119493952652,50.134139315667,36032.157057151
3.9656249999999,7.7660546663465,0.64986577786252,0.050134222137482,482.14796184711,0.44101734281557,50.134222137482,36032.159814064
3.9687499999999,7.7646767645513,0.64986569507404,0.050134304925955,481.75980763931,0.44083978611357,50.134304925955,36032.162569868
3.9718749999999,7.7632994175583,0.64986561231891,0.050134387681095,481.37189717027,0.44066226943128,50.134387681095,36032.165324562
3.9749999999999,7.7619226252423,0.64986552959709,0.050134470402908,480.98423035779,0.44048479277944,50.134470402908,36032.168078147
3.9781249999999,7.7605463874783,0.6498654469086,0.050134553091401,480.59680711962,0.44030735616877,50.134553091401,36032.170830622
3.9812499999999,7.7591707041411,0.64986536425342,0.050134635746583,480.20962737346,0.44012995960999,50.134635746583,36032.173581989
3.9843749999999,7.7577955751056,0.64986528163154,0.050134718368461,479.82269103702,0.43995260311381,50.134718368461,36032.176332247
3.9874999999999,7.7564210002464,0.64986519904296,0.050134800957042,479.43599802793,0.43977528669094,50.134800957042,36032.179081397
3.9906249999999,7.7550469794385,0.64986511648767,0.050134883512334,479.04954826381,0.43959801035206,50.134883512334,36032.181829438
3.9937499999999,7.7536735125565,0.64986503396565,0.050134966034345,478.66334166221,0.43942077410785,50.134966034345,36032.184576372
3.9968749999999,7.752300599475,0.64986495147692,0.050135048523082,478.27737814069,0.43924357796898,50.135048523082,36032.187322198
3.9999999999999,7.7509282400688,0.64986486902145,0.050135130978552,477.89165761675,0.43906642194611,50.135130978552,36032.190066917
4.0031249999999,7.7495564342125,0.64986478659924,0.050135213400763,477.50618000786,0.43888930604989,50.135213400763,36032.192810529
4.0062499999999,7.7481851817806,0.64986470421028,0.050135295789723,477.12094523144,0.43871223029096,50.135295789723,36032.195553034
4.0093749999999,7.7468144826477,0.64986462185456,0.050135378145439,476.7359532049,0.43853519467994,50.135378145439,36032.198294432
4.0124999999999,7.7454443366884,0.64986453953208,0.050135460467919,476.35120384559,0.43835819922746,50.135460467919,36032.201034724
4.0156249999999,7.7440747437771,0.64986445724283,0.05013554275717,475.96669707084,0.43818124394412,50.13554275717,36032.20377391
4.0187499999999,7.7427057037882,0.6498643749868,0.050135625013199,475.58243279794,0.43800432884052,50.135625013199,36032.20651199
4.0218749999999,7.7413372165962,0.64986429276398,0.050135707236015,475.19841094416,0.43782745392726,50.135707236015,36032.209248964
4.0249999999999,7.7399692820756,0.64986421057437,0.050135789425625,474.8146314267,0.4376506192149,50.135789425625,36032.211984833
4.0281249999999,7.7386019001005,0.64986412841796,0.050135871582036,474.43109416276,0.43747382471403,50.135871582036,36032.214719597
4.0312499999999,7.7372350705454,0.64986404629474,0.050135953705256,474.04779906949,0.43729707043519,50.135953705256,36032.217453256
4.0343749999999,7.7358687932846,0.64986396420471,0.050136035795293,473.66474606399,0.43712035638893,50.136035795293,36032.220185811
4.0374999999999,7.7345030681923,0.64986388214785,0.050136117852154,473.28193506336,0.43694368258579,50.136117852154,36032.222917261
4.0406249999999,7.7331378951427,0.64986380012415,0.050136199875846,472.89936598464,0.4367670490363,50.136199875846,36032.225647607
4.0437499999999,7.73177327401,0.64986371813362,0.050136281866378,472.51703874485,0.43659045575098,50.136281866378,36032.228376849
4.0468749999999,7.7304092046684,0.64986363617624,0.050136363823756,472.13495326094,0.43641390274033,50.136363823756,36032.231104988
4.0499999999999,7.729045686992,0.64986355425201,0.050136445747988,471.75310944988,0.43623739001486,50.136445747988,36032.233832023
4.0531249999999,7.7276827208549,0.64986347236092,0.050136527639083,471.37150722857,0.43606091758504,50.136527639083,36032.236557955
4.0562499999999,7.7263203061312,0.64986339050295,0.050136609497047,470.99014651388,0.43588448546136,50.136609497047,36032.239282785
4.0593749999999,7.7249584426948,0.64986330867811,0.050136691321888,470.60902722264,0.43570809365428,50.136691321888,36032.242006512
4.0624999999999,7.7235971304199,0.64986322688639,0.050136773113613,470.22814927167,0.43553174217425,50.136773113613,36032.244729136
4.0656249999999,7.7222363691802,0.64986314512777,0.050136854872231,469.84751257773,0.43535543103174,50.136854872231,36032.247450659
4.0687499999999,7.7208761588498,0.64986306340225,0.050136936597748,469.46711705756,0.43517916023716,50.136936597748,36032.250171079
4.0718749999999,7.7195164993026,0.64986298170983,0.050137018290172,469.08696262785,0.43500292980094,50.137018290172,36032.252890399
4.0749999999999,7.7181573904125,0.64986290005049,0.050137099949512,468.70704920528,0.43482673973351,50.137099949512,36032.255608616
4.0781249999999,7.7167988320531,0.64986281842423,0.050137181575774,468.32737670648,0.43465059004527,50.137181575774,36032.258325733
4.0812499999999,7.7154408240985,0.64986273683103,0.050137263168966,467.94794504804,0.4344744807466,50.137263168966,36032.261041749
4.0843749999999,7.7140833664222,0.6498626552709,0.050137344729095,467.56875414654,0.43429841184791,50.137344729095,36032.263756664
4.0874999999999,7.7127264588981,0.64986257374383,0.05013742625617,467.18980391849,0.43412238335955,50.13742625617,36032.266470479
4.0906249999999,7.7113701013999,0.6498624922498,0.050137507750198,466.81109428041,0.43394639529191,50.137507750198,36032.269183194
4.0937499999999,7.7100142938012,0.64986241078881,0.050137589211186,466.43262514874,0.43377044765532,50.137589211186,36032.27189481
4.0968749999999,7.7086590359757,0.64986232936086,0.050137670639141,466.05439643993,0.43359454046014,50.137670639141,36032.274605325
4.0999999999999,7.707304327797,0.64986224796593,0.050137752034073,465.67640807035,0.4334186737167,50.137752034073,36032.277314742
4.1031249999999,7.7059501691386,0.64986216660401,0.050137833395988,465.29865995638,0.43324284743532,50.137833395988,36032.280023059
4.1062499999999,7.7045965598741,0.64986208527511,0.050137914724893,464.92115201435,0.43306706162631,50.137914724893,36032.282730277
4.1093749999999,7.7032434998769,0.6498620039792,0.050137996020797,464.54388416054,0.43289131629999,50.137996020797,36032.285436397
4.1124999999999,7.7018909890207,0.64986192271629,0.050138077283707,464.16685631122,0.43271561146663,50.138077283707,36032.288141419
4.1156249999999,7.7005390271787,0.64986184148637,0.05013815851363,463.7900683826,0.43253994713652,50.13815851363,36032.290845343
4.1187499999999,7.6991876142245,0.64986176028943,0.050138239710575,463.4135202909,0.43236432331994,50.138239710575,36032.293548169
4.1218749999999,7.6978367500314,0.64986167912545,0.050138320874548,463.03721195225,0.43218874002715,50.138320874548,36032.296249897
4.1249999999999,7.6964864344727,0.64986159799444,0.050138402005558,462.6611432828,0.4320131972684,50.138402005558,36032.298950528
4.1281249999999,7.6951366674217,0.64986151689639,0.050138483103611,462.28531419864,0.43183769505392,50.138483103611,36032.301650062
4.1312499999999,7.6937874487519,0.64986143583128,0.050138564168717,461.90972461581,0.43166223339396,50.138564168717,36032.3043485
4.1343749999999,7.6924387783363,0.64986135479912,0.050138645200881,461.53437445036,0.43148681229872,50.138645200881,36032.30704584
4.1374999999999,7.6910906560482,0.64986127379989,0.050138726200113,461.15926361828,0.43131143177843,50.138726200113,36032.309742085
4.1406249999999,7.6897430817609,0.64986119283358,0.050138807166419,460.78439203552,0.43113609184328,50.138807166419,36032.312437234
4.1437499999999,7.6883960553474,0.64986111190019,0.050138888099807,460.409759618,0.43096079250346,50.138888099807,36032.315131286
4.1468749999999,7.6870495766809,0.64986103099972,0.050138969000284,460.03536628164,0.43078553376914,50.138969000284,36032.317824244
4.1499999999999,7.6857036456344,0.64986095013214,0.050139049867859,459.66121194229,0.43061031565051,50.139049867859,36032.320516106
4.1531249999999,7.6843582620811,0.64986086929746,0.050139130702539,459.28729651576,0.43043513815771,50.139130702539,36032.323206873
4.1562499999999,7.683013425894,0.64986078849567,0.050139211504332,458.91361991787,0.4302600013009,50.139211504332,36032.325896545
4.1593749999999,7.681669136946,0.64986070772676,0.050139292273245,458.54018206436,0.43008490509021,50.139292273245,36032.328585123
4.1624999999999,7.6803253951101,0.64986062699071,0.050139373009286,458.16698287098,0.42990984953577,50.139373009286,36032.331272607
4.1656249999999,7.6789822002593,0.64986054628754,0.050139453712462,457.79402225343,0.4297348346477,50.139453712462,36032.333958997
4.1687499999999,7.6776395522665,0.64986046561722,0.050139534382781,457.42130012736,0.4295598604361,50.139534382781,36032.336644293
4.1718749999999,7.6762974510045,0.64986038497975,0.050139615020251,457.04881640841,0.42938492691107,50.139615020251,36032.339328495
4.1749999999999,7.6749558963461,0.64986030437512,0.05013969562488,456.67657101217,0.4292100340827,50.13969562488,36032.342011604
4.1781249999999,7.6736148881642,0.64986022380333,0.050139776196674,456.30456385421,0.42903518196105,50.139776196674,36032.344693621
4.1812499999999,7.6722744263316,0.64986014326436,0.050139856735643,455.93279485007,0.42886037055621,50.139856735643,36032.347374545
4.1843749999999,7.670934510721,0.64986006275821,0.050139937241792,455.56126391526,0.42868559987822,50.139937241792,36032.350054376
4.1874999999999,7.6695951412051,0.64985998228487,0.050140017715131,455.18997096524,0.42851086993712,50.140017715131,36032.352733115
4.1906249999999,7.6682563176566,0.64985990184433,0.050140098155666,454.81891591544,0.42833618074295,50.140098155666,36032.355410762
4.1937499999999,7.6669180399481,0.64985982143659,0.050140178563406,454.44809868128,0.42816153230573,50.140178563406,36032.358087317
4.1968749999999,7.6655803079523,0.64985974106164,0.050140258938357,454.07751917813,0.42798692463548,50.140258938357,36032.360762781
4.1999999999999,7.6642431215417,0.64985966071947,0.050140339280528,453.70717732134,0.42781235774221,50.140339280528,36032.363437154
4.2031249999999,7.662906480589,0.64985958041007,0.050140419589927,453.3370730262,0.42763783163588,50.140419589927,36032.366110436
4.2062499999999,7.6615703849665,0.64985950013344,0.05014049986656,452.96720620799,0.42746334632651,50.14049986656,36032.368782627
4.2093749999999,7.6602348345469,0.64985941988956,0.050140580110436,452.59757678197,0.42728890182404,50.140580110436,36032.371453728
4.2124999999999,7.6588998292026,0.64985933967844,0.050140660321562,452.22818466334,0.42711449813845,50.140660321562,36032.374123739
4.2156249999999,7.657565368806,0.64985925950005,0.050140740499946,451.85902976729,0.42694013527969,50.140740499946,36032.37679266
4.2187499999999,7.6562314532295,0.6498591793544,0.050140820645596,451.49011200897,0.42676581325769,50.140820645596,36032.379460491
4.2218749999999,7.6548980823455,0.64985909924148,0.050140900758518,451.12143130348,0.42659153208238,50.140900758518,36032.382127232
4.2249999999999,7.6535652560264,0.64985901916128,0.050140980838722,450.75298756593,0.42641729176368,50.140980838722,36032.384792885
4.2281249999999,7.6522329741443,0.64985893911379,0.050141060886215,450.38478071137,0.42624309231151,50.141060886215,36032.387457449
4.2312499999999,7.6509012365717,0.649858859099,0.050141140901003,450.01681065481,0.42606893373575,50.141140901003,36032.390120924
4.2343749999999,7.6495700431807,0.6498587791169,0.050141220883096,449.64907731127,0.42589481604631,50.141220883096,36032.392783311
4.2374999999999,7.6482393938436,0.6498586991675,0.0501413008325,449.28158059569,0.42572073925304,50.1413008325,36032.395444609
4.2406249999999,7.6469092884326,0.64985861925078,0.050141380749223,448.91432042299,0.42554670336583,50.141380749223,36032.39810482
4.2437499999999,7.6455797268197,0.64985853936673,0.050141460633274,448.54729670809,0.42537270839452,50.141460633274,36032.400763944
4.2468749999999,7.6442507088772,0.64985845951534,0.050141540484659,448.18050936585,0.42519875434897,50.141540484659,36032.403421979
4.2499999999999,7.6429222344771,0.64985837969661,0.050141620303386,447.81395831109,0.425024841239,50.141620303386,36032.406078928
4.2531249999999,7.6415943034916,0.64985829991054,0.050141700089463,447.44764345864,0.42485096907444,50.141700089463,36032.40873479
4.2562499999999,7.6402669157925,0.6498582201571,0.050141779842898,447.08156472326,0.42467713786511,50.141779842898,36032.411389566
4.2593749999999,7.6389400712519,0.6498581404363,0.050141859563699,446.71572201968,0.4245033476208,50.141859563699,36032.414043255
4.2624999999999,7.6376137697418,0.64985806074813,0.050141939251873,446.35011526263,0.42432959835132,50.141939251873,36032.416695858
4.2656249999999,7.6362880111342,0.64985798109257,0.050142018907427,445.98474436679,0.42415589006644,50.142018907427,36032.419347375
4.2687499999999,7.6349627953008,0.64985790146963,0.05014209853037,445.6196092468,0.42398222277594,50.14209853037,36032.421997807
4.2718749999999,7.6336381221137,0.64985782187929,0.050142178120709,445.25470981727,0.42380859648957,50.142178120709,36032.424647153
4.2749999999999,7.6323139914446,0.64985774232155,0.050142257678452,444.89004599281,0.42363501121709,50.142257678452,36032.427295414
4.2781249999999,7.6309904031654,0.64985766279639,0.050142337203607,444.52561768796,0.42346146696823,50.142337203607,36032.429942591
4.2812499999999,7.6296673571478,0.64985758330382,0.05014241669618,444.16142481725,0.42328796375273,50.14241669618,36032.432588683
4.2843749999999,7.6283448532637,0.64985750384382,0.050142496156181,443.79746729517,0.42311450158031,50.142496156181,36032.435233691
4.2874999999999,7.6270228913847,0.64985742441638,0.050142575583617,443.43374503621,0.42294108046067,50.142575583617,36032.437877614
4.2906249999999,7.6257014713825,0.64985734502151,0.050142654978495,443.07025795478,0.42276770040352,50.142654978495,36032.440520454
4.2937499999999,7.6243805931288,0.64985726565918,0.050142734340823,442.70700596529,0.42259436141853,50.142734340823,36032.443162211
4.2968749999999,7.6230602564953,0.64985718632939,0.050142813670609,442.34398898212,0.42242106351538,50.142813670609,36032.445802884
4.2999999999999,7.6217404613535,0.64985710703214,0.05014289296786,441.9812069196,0.42224780670375,50.14289296786,36032.448442474
4.3031249999999,7.620421207575,0.64985702776741,0.050142972232585,441.61865969206,0.42207459099329,50.142972232585,36032.451080982
4.3062499999999,7.6191024950313,0.64985694853521,0.050143051464791,441.25634721378,0.42190141639364,50.143051464791,36032.453718407
4.3093749999999,7.617784323594,0.64985686933551,0.050143130664485,440.894269399,0.42172828291444,50.143130664485,36032.45635475
4.3124999999999,7.6164666931346,0.64985679016832,0.050143209831676,440.53242616194,0.4215551905653,50.143209831676,36032.458990011
4.3156249999999,7.6151496035244,0.64985671103363,0.050143288966371,440.17081741681,0.42138213935584,50.143288966371,36032.46162419
4.3187499999999,7.613833054635,0.64985663193142,0.050143368068578,439.80944307776,0.42120912929567,50.143368068578,36032.464257288
4.3218749999999,7.6125170463377,0.6498565528617,0.050143447138305,439.44830305893,0.42103616039438,50.143447138305,36032.466889304
4.3249999999999,7.6112015785039,0.64985647382444,0.050143526175559,439.08739727443,0.42086323266155,50.143526175559,36032.46952024
4.3281249999999,7.6098866510049,0.64985639481965,0.050143605180348,438.72672563831,0.42069034610674,50.143605180348,36032.472150095
4.3312499999999,7.6085722637121,0.64985631584732,0.050143684152679,438.36628806464,0.42051750073952,50.143684152679,36032.47477887
4.3343749999999,7.6072584164966,0.64985623690744,0.050143763092562,438.00608446741,0.42034469656944,50.143763092562,36032.477406564
4.3374999999999,7.6059451092298,0.649856158,0.050143842000002,437.64611476061,0.42017193360603,50.143842000002,36032.480033179
4.3406249999999,7.6046323417828,0.64985607912499,0.050143920875009,437.28637885819,0.41999921185883,50.143920875009,36032.482658714
4.3437499999999,7.6033201140268,0.64985600028241,0.050143999717589,436.92687667409,0.41982653133734,50.143999717589,36032.485283169
4.3468749999999,7.6020084258331,0.64985592147225,0.050144078527751,436.56760812219,0.41965389205108,50.144078527751,36032.487906546
4.3499999999999,7.6006972770726,0.6498558426945,0.050144157305502,436.20857311637,0.41948129400954,50.144157305502,36032.490528843
4.3531249999999,7.5993866676166,0.64985576394915,0.05014423605085,435.84977157044,0.41930873722221,50.14423605085,36032.493150062
4.3562499999999,7.598076597336,0.6498556852362,0.050144314763802,435.49120339824,0.41913622169857,50.144314763802,36032.495770202
4.3593749999999,7.596767066102,0.64985560655563,0.050144393444367,435.13286851352,0.41896374744806,50.144393444367,36032.498389265
4.3624999999999,7.5954580737855,0.64985552790745,0.050144472092553,434.77476683004,0.41879131448016,50.144472092553,36032.50100725
4.3656249999999,7.5941496202575,0.64985544929163,0.050144550708366,434.41689826152,0.4186189228043,50.144550708366,36032.503624157
4.3687499999999,7.5928417053889,0.64985537070818,0.050144629291815,434.05926272164,0.41844657242991,50.144629291815,36032.506239986
4.3718749999999,7.5915343290507,0.64985529215709,0.050144707842908,433.70186012407,0.41827426336641,50.144707842908,36032.508854739
4.3749999999999,7.5902274911137,0.64985521363835,0.050144786361651,433.34469038244,0.41810199562321,50.144786361651,36032.511468415
4.3781249999999,7.5889211914489,0.64985513515195,0.050144864848054,432.98775341035,0.41792976920972,50.144864848054,36032.514081014
4.3812499999999,7.587615429927,0.64985505669788,0.050144943302124,432.63104912138,0.41775758413532,50.144943302124,36032.516692537
4.3843749999999,7.5863102064188,0.64985497827613,0.050145021723868,432.27457742907,0.41758544040939,50.145021723868,36032.519302984
4.3874999999999,7.5850055207952,0.64985489988671,0.050145100113294,431.91833824693,0.41741333804129,50.145100113294,36032.521912356
4.3906249999999,7.5837013729268,0.64985482152959,0.05014517847041,431.56233148846,0.41724127704039,50.14517847041,36032.524520651
4.3937499999999,7.5823977626844,0.64985474320478,0.050145256795225,431.20655706712,0.41706925741603,50.145256795225,36032.527127872
4.3968749999999,7.5810946899386,0.64985466491226,0.050145335087744,430.85101489632,0.41689727917755,50.145335087744,36032.529734017
4.3999999999999,7.5797921545602,0.64985458665202,0.050145413347978,430.49570488948,0.41672534233426,50.145413347978,36032.532339088
4.4031249999999,7.5784901564197,0.64985450842407,0.050145491575932,430.14062695997,0.41655344689549,50.145491575932,36032.534943084
4.4062499999999,7.5771886953877,0.64985443022838,0.050145569771615,429.78578102112,0.41638159287052,50.145569771615,36032.537546006
4.4093749999999,7.5758877713348,0.64985435206497,0.050145647935035,429.43116698627,0.41620978026867,50.145647935035,36032.540147855
4.4124999999999,7.5745873841316,0.6498542739338,0.050145726066199,429.07678476868,0.4160380090992,50.145726066199,36032.542748629
4.4156249999999,7.5732875336485,0.64985419583488,0.050145804165116,428.72263428164,0.4158662793714,50.145804165116,36032.54534833
4.4187499999999,7.571988219756,0.64985411776821,0.050145882231792,428.36871543836,0.41569459109451,50.145882231792,36032.547946958
4.4218749999999,7.5706894423246,0.64985403973376,0.050145960266237,428.01502815204,0.41552294427778,50.145960266237,36032.550544513
4.4249999999999,7.5693912012247,0.64985396173154,0.050146038268457,427.66157233586,0.41535133893046,50.146038268457,36032.553140995
4.4281249999999,7.5680934963267,0.64985388376154,0.05014611623846,427.30834790297,0.41517977506178,50.14611623846,36032.555736405
4.4312499999999,7.5667963275009,0.64985380582375,0.050146194176255,426.95535476649,0.41500825268094,50.146194176255,36032.558330742
4.4343749999999,7.5654996946177,0.64985372791815,0.050146272081848,426.60259283951,0.41483677179716,50.146272081848,36032.560924008
4.4374999999999,7.5642035975475,0.64985365004475,0.050146349955249,426.25006203509,0.41466533241962,50.146349955249,36032.563516202
4.4406249999999,7.5629080361604,0.64985357220354,0.050146427796463,425.89776226626,0.41449393455752,50.146427796463,36032.566107325
4.4437499999999,7.5616130103268,0.6498534943945,0.050146505605501,425.54569344604,0.41432257822003,50.146505605501,36032.568697377
4.4468749999999,7.5603185199168,0.64985341661763,0.050146583382368,425.1938554874,0.4141512634163,50.146583382368,36032.571286357
4.4499999999999,7.5590245648006,0.64985333887293,0.050146661127073,424.84224830328,0.41397999015549,50.146661127073,36032.573874268
4.4531249999999,7.5577311448484,0.64985326116038,0.050146738839624,424.49087180662,0.41380875844675,50.146738839624,36032.576461107
4.4562499999999,7.5564382599304,0.64985318347997,0.050146816520029,424.13972591032,0.41363756829919,50.146816520029,36032.579046877
4.4593749999999,7.5551459099167,0.64985310583171,0.050146894168294,423.78881052723,0.41346641972195,50.146894168294,36032.581631577
4.4624999999999,7.5538540946772,0.64985302821557,0.050146971784429,423.43812557021,0.41329531272412,50.146971784429,36032.584215208
4.4656249999999,7.5525628140822,0.64985295063156,0.050147049368441,423.08767095206,0.41312424731481,50.147049368441,36032.586797769
4.4687499999999,7.5512720680015,0.64985287307966,0.050147126920338,422.73744658559,0.4129532235031,50.147126920338,36032.589379261
4.4718749999999,7.5499818563053,0.64985279555987,0.050147204440128,422.38745238353,0.41278224129807,50.147204440128,36032.591959685
4.4749999999999,7.5486921788634,0.64985271807218,0.050147281927817,422.03768825863,0.41261130070878,50.147281927817,36032.594539039
4.4781249999999,7.5474030355458,0.64985264061658,0.050147359383415,421.68815412358,0.41244040174429,50.147359383415,36032.597117326
4.4812499999999,7.5461144262224,0.64985256319307,0.050147436806929,421.33884989107,0.41226954441363,50.147436806929,36032.599694545
4.4843749999999,7.5448263507631,0.64985248580163,0.050147514198367,420.98977547375,0.41209872872585,50.147514198367,36032.602270696
4.4874999999999,7.5435388090377,0.64985240844226,0.050147591557737,420.64093078424,0.41192795468996,50.147591557737,36032.604845779
4.4906249999999,7.5422518009161,0.64985233111495,0.050147668885045,420.29231573513,0.41175722231497,50.147668885045,36032.607419795
4.4937499999999,7.540965326268,0.6498522538197,0.050147746180302,419.943930239,0.41158653160989,50.147746180302,36032.609992745
4.4968749999999,7.5396793849633,0.64985217655649,0.050147823443513,419.59577420838,0.41141588258369,50.147823443513,36032.612564627
4.4999999999999,7.5383939768716,0.64985209932531,0.050147900674688,419.24784755581,0.41124527524537,50.147900674688,36032.615135443
4.5031249999999,7.5371091018627,0.64985202212617,0.050147977873833,418.90015019375,0.41107470960388,50.147977873833,36032.617705193
4.5062499999999,7.5358247598063,0.64985194495904,0.050148055040957,418.55268203468,0.41090418566818,50.148055040957,36032.620273878
4.5093749999999,7.534540950572,0.64985186782393,0.050148132176067,418.20544299103,0.41073370344722,50.148132176067,36032.622841496
4.5124999999999,7.5332576740294,0.64985179072083,0.050148209279171,417.8584329752,0.41056326294992,50.148209279171,36032.625408049
4.5156249999999,7.5319749300481,0.64985171364972,0.050148286350278,417.5116518996,0.41039286418522,50.148286350278,36032.627973537
4.5187499999999,7.5306927184978,0.64985163661061,0.050148363389394,417.16509967656,0.41022250716203,50.148363389394,36032.63053796
4.5218749999999,7.5294110392479,0.64985155960347,0.050148440396529,416.81877621842,0.41005219188924,50.148440396529,36032.633101319
4.5249999999999,7.528129892168,0.64985148262831,0.050148517371689,416.47268143747,0.40988191837575,50.148517371689,36032.635663613
4.5281249999999,7.5268492771275,0.64985140568512,0.050148594314882,416.12681524602,0.40971168663043,50.148594314882,36032.638224843
4.5312499999999,7.525569193996,0.64985132877388,0.050148671226117,415.78117755628,0.40954149666216,50.148671226117,36032.640785009
4.5343749999999,7.5242896426428,0.6498512518946,0.050148748105401,415.4357682805,0.40937134847979,50.148748105401,36032.643344112
4.5374999999999,7.5230106229374,0.64985117504726,0.050148824952742,415.09058733088,0.40920124209217,50.148824952742,36032.645902151
4.5406249999999,7.5217321347491,0.64985109823185,0.050148901768148,414.74563461958,0.40903117750814,50.148901768148,36032.648459128
4.5437499999999,7.5204541779473,0.64985102144837,0.050148978551626,414.40091005875,0.40886115473651,50.148978551626,36032.651015041
4.5468749999999,7.5191767524013,0.64985094469681,0.050149055303185,414.0564135605,0.4086911737861,50.149055303185,36032.653569892
4.5499999999999,7.5178998579804,0.64985086797717,0.050149132022833,413.71214503695,0.40852123466572,50.149132022833,36032.656123681
4.5531249999999,7.5166234945539,0.64985079128942,0.050149208710577,413.36810440014,0.40835133738415,50.149208710577,36032.658676408
4.5562499999999,7.515347661991,0.64985071463358,0.050149285366425,413.02429156214,0.40818148195019,50.149285366425,36032.661228073
4.5593749999999,7.5140723601609,0.64985063800962,0.050149361990384,412.68070643495,0.40801166837259,50.149361990384,36032.663778677
4.5624999999999,7.5127975889329,0.64985056141754,0.050149438582464,412.33734893057,0.40784189666011,50.149438582464,36032.666328219
4.5656249999999,7.511523348176,0.64985048485733,0.050149515142671,411.99421896095,0.40767216682151,50.149515142671,36032.668876701
4.5687499999999,7.5102496377594,0.64985040832899,0.050149591671014,411.65131643804,0.40750247886552,50.149591671014,36032.671424122
4.5718749999999,7.5089764575522,0.6498503318325,0.050149668167501,411.30864127376,0.40733283280086,50.149668167501,36032.673970482
4.5749999999999,7.5077038074234,0.64985025536786,0.050149744632139,410.96619337998,0.40716322863625,50.149744632139,36032.676515782
4.5781249999999,7.5064316872422,0.64985017893506,0.050149821064935,410.62397266859,0.4069936663804,50.149821064935,36032.679060023
4.5812499999999,7.5051600968776,0.6498501025341,0.050149897465899,410.2819790514,0.40682414604199,50.149897465899,36032.681603203
4.5843749999999,7.5038890361985,0.64985002616496,0.050149973835038,409.94021244024,0.40665466762971,50.149973835038,36032.684145325
4.5874999999999,7.5026185050738,0.64984994982764,0.05015005017236,409.59867274691,0.40648523115222,50.15005017236,36032.686686387
4.5906249999999,7.5013485033727,0.64984987352213,0.050150126477872,409.25735988314,0.4063158366182,50.150126477872,36032.68922639
4.5937499999999,7.5000790309639,0.64984979724842,0.050150202751583,408.9162737607,0.40614648403628,50.150202751583,36032.691765335
4.5968749999999,7.4988100877164,0.6498497210065,0.0501502789935,408.57541429127,0.40597717341511,50.1502789935,36032.694303222
4.5999999999999,7.4975416734989,0.64984964479637,0.050150355203631,408.23478138657,0.40580790476331,50.150355203631,36032.69684005
4.6031249999999,7.4962737881804,0.64984956861802,0.050150431381985,407.89437495823,0.40563867808949,50.150431381985,36032.699375821
4.6062499999999,7.4950064316297,0.64984949247143,0.050150507528568,407.55419491792,0.40546949340227,50.150507528568,36032.701910534
4.6093749999999,7.4937396037154,0.64984941635661,0.05015058364339,407.21424117722,0.40530035071022,50.15058364339,36032.70444419
4.6124999999999,7.4924733043065,0.64984934027354,0.050150659726457,406.87451364773,0.40513125002195,50.150659726457,36032.706976789
4.6156249999999,7.4912075332715,0.64984926422222,0.050150735777778,406.53501224102,0.40496219134601,50.150735777778,36032.709508331
4.6187499999999,7.4899422904793,0.64984918820264,0.050150811797361,406.19573686864,0.40479317469097,50.150811797361,36032.712038816
4.6218749999999,7.4886775757984,0.64984911221479,0.050150887785213,405.85668744206,0.40462420006537,50.150887785213,36032.714568246
4.6249999999999,7.4874133890975,0.64984903625866,0.050150963741343,405.51786387281,0.40445526747776,50.150963741343,36032.717096619
4.6281249999999,7.4861497302453,0.64984896033424,0.050151039665758,405.17926607234,0.40428637693665,50.151039665758,36032.719623937
4.6312499999999,7.4848865991103,0.64984888444153,0.050151115558466,404.84089395208,0.40411752845058,50.151115558466,36032.722150199
4.6343749999999,7.483623995561,0.64984880858053,0.050151191419475,404.50274742347,0.40394872202804,50.151191419475,36032.724675406
4.6374999999999,7.4823619194661,0.64984873275121,0.050151267248793,404.16482639788,0.40377995767752,50.151267248793,36032.727199558
4.6406249999999,7.4811003706941,0.64984865695357,0.050151343046427,403.82713078668,0.40361123540751,50.151343046427,36032.729722656
4.6437499999999,7.4798393491133,0.64984858118761,0.050151418812387,403.48966050121,0.40344255522648,50.151418812387,36032.732244699
4.6468749999999,7.4785788545924,0.64984850545332,0.050151494546679,403.15241545279,0.40327391714288,50.151494546679,36032.734765688
4.6499999999999,7.4773188869996,0.64984842975069,0.050151570249312,402.81539555273,0.40310532116518,50.151570249312,36032.737285623
4.6531249999999,7.4760594462035,0.64984835407971,0.050151645920294,402.47860071228,0.4029367673018,50.151645920294,36032.739804505
4.6562499999999,7.4748005320724,0.64984827844037,0.050151721559631,402.14203084269,0.40276825556118,50.151721559631,36032.742322333
4.6593749999999,7.4735421444746,0.64984820283267,0.050151797167333,401.8056858552,0.40259978595172,50.151797167333,36032.744839108
4.6624999999999,7.4722842832785,0.64984812725659,0.050151872743408,401.46956566098,0.40243135848184,50.151872743408,36032.747354831
4.6656249999999,7.4710269483524,0.64984805171214,0.050151948287862,401.13367017122,0.40226297315993,50.151948287862,36032.7498695
4.6687499999999,7.4697701395645,0.6498479761993,0.050152023800704,400.79799929708,0.40209462999437,50.152023800704,36032.752383118
4.6718749999999,7.4685138567832,0.64984790071806,0.050152099281943,400.46255294967,0.40192632899353,50.152099281943,36032.754895684
4.6749999999999,7.4672580998765,0.64984782526841,0.050152174731585,400.12733104009,0.40175807016577,50.152174731585,36032.757407197
4.6781249999999,7.4660028687128,0.64984774985036,0.050152250149639,399.79233347943,0.40158985351944,50.152250149639,36032.75991766
4.6812499999999,7.4647481631602,0.64984767446389,0.050152325536113,399.45756017875,0.40142167906288,50.152325536113,36032.762427071
4.6843749999999,7.4634939830868,0.64984759910899,0.050152400891014,399.12301104907,0.40125354680442,50.152400891014,36032.764935431
4.6874999999999,7.4622403283608,0.64984752378565,0.050152476214351,398.7886860014,0.40108545675237,50.152476214351,36032.76744274
4.6906249999999,7.4609871988502,0.64984744849387,0.050152551506131,398.45458494674,0.40091740891503,50.152551506131,36032.769948999
4.6937499999999,7.4597345944231,0.64984737323364,0.050152626766363,398.12070779604,0.40074940330071,50.152626766363,36032.772454208
4.6968749999999,7.4584825149476,0.64984729800495,0.050152701995054,397.78705446024,0.40058143991767,50.152701995054,36032.774958367
4.6999999999999,7.4572309602916,0.64984722280779,0.050152777192213,397.45362485026,0.4004135187742,50.152777192213,36032.777461477
4.7031249999999,7.4559799303232,0.64984714764215,0.050152852357846,397.12041887698,0.40024563987854,50.152852357846,36032.779963537
4.7062499999999,7.4547294249103,0.64984707250804,0.050152927491963,396.78743645128,0.40007780323896,50.152927491963,36032.782464547
4.7093749999999,7.4534794439209,0.64984699740543,0.050153002594571,396.45467748401,0.39991000886369,50.153002594571,36032.784964509
4.7124999999999,7.4522299872228,0.64984692233432,0.050153077665678,396.12214188599,0.39974225676095,50.153077665678,36032.787463423
4.7156249999999,7.450981054684,0.64984684729471,0.050153152705291,395.78982956801,0.39957454693896,50.153152705291,36032.789961288
4.7187499999999,7.4497326461724,0.64984677228658,0.05015322771342,395.45774044087,0.39940687940593,50.15322771342,36032.792458105
4.7218749999999,7.4484847615556,0.64984669730993,0.050153302690071,395.12587441529,0.39923925417003,50.153302690071,36032.794953874
4.7249999999999,7.4472374007016,0.64984662236475,0.050153377635254,394.79423140203,0.39907167123947,50.153377635254,36032.797448596
4.7281249999999,7.4459905634782,0.64984654745103,0.050153452548974,394.46281131179,0.3989041306224,50.153452548974,36032.79994227
4.7312499999999,7.444744249753,0.64984647256876,0.050153527431242,394.13161405526,0.39873663232699,50.153527431242,36032.802434898
4.7343749999999,7.4434984593939,0.64984639771794,0.050153602282064,393.80063954309,0.39856917636139,50.153602282064,36032.804926478
4.7374999999999,7.4422531922685,0.64984632289855,0.050153677101449,393.46988768592,0.39840176273371,50.153677101449,36032.807417013
4.7406249999999,7.4410084482445,0.6498462481106,0.050153751889404,393.13935839439,0.39823439145211,50.153751889404,36032.809906501
4.7437499999999,7.4397642271895,0.64984617335406,0.050153826645938,392.80905157909,0.39806706252469,50.153826645938,36032.812394943
4.7468749999999,7.4385205289713,0.64984609862894,0.050153901371058,392.47896715059,0.39789977595955,50.153901371058,36032.814882339
4.7499999999999,7.4372773534574,0.64984602393523,0.050153976064772,392.14910501943,0.39773253176479,50.153976064772,36032.81736869
4.7531249999999,7.4360347005154,0.64984594927291,0.050154050727089,391.81946509616,0.39756532994848,50.154050727089,36032.819853996
4.7562499999999,7.4347925700128,0.64984587464198,0.050154125358016,391.49004729127,0.3973981705187,50.154125358016,36032.822338257
4.7593749999999,7.4335509618172,0.64984580004244,0.050154199957561,391.16085151524,0.39723105348349,50.154199957561,36032.824821474
4.7624999999999,7.432309875796,0.64984572547427,0.050154274525732,390.83187767855,0.39706397885092,50.154274525732,36032.827303646
4.7656249999999,7.4310693118168,0.64984565093746,0.050154349062538,390.50312569164,0.39689694662901,50.154349062538,36032.829784774
4.7687499999999,7.4298292697471,0.64984557643201,0.050154423567986,390.17459546492,0.39672995682579,50.154423567986,36032.832264858
4.7718749999999,7.4285897494541,0.64984550195792,0.050154498042083,389.84628690878,0.39656300944927,50.154498042083,36032.834743898
4.7749999999999,7.4273507508054,0.64984542751516,0.050154572484839,389.51819993361,0.39639610450746,50.154572484839,36032.837221896
4.7781249999999,7.4261122736684,0.64984535310374,0.050154646896261,389.19033444976,0.39622924200834,50.154646896261,36032.83969885
4.7812499999999,7.4248743179103,0.64984527872364,0.050154721276357,388.86269036755,0.39606242195989,50.154721276357,36032.842174761
4.7843749999999,7.4236368833985,0.64984520437487,0.050154795625135,388.53526759729,0.39589564437007,50.154795625135,36032.84464963
4.7874999999999,7.4223999700003,0.6498451300574,0.050154869942602,388.20806604927,0.39572890924686,50.154869942602,36032.847123457
4.7906249999999,7.4211635775829,0.64984505577123,0.050154944228768,387.88108563376,0.39556221659819,50.154944228768,36032.849596242
4.7937499999999,7.4199277060138,0.64984498151636,0.050155018483639,387.554326261,0.39539556643199,50.155018483639,36032.852067985
4.7968749999999,7.41869235516,0.64984490729278,0.050155092707225,387.22778784122,0.39522895875619,50.155092707225,36032.854538687
4.7999999999999,7.4174575248887,0.64984483310047,0.050155166899532,386.90147028462,0.39506239357871,50.155166899532,36032.857008347
4.8031249999999,7.4162232150673,0.64984475893943,0.050155241060569,386.57537350138,0.39489587090744,50.155241060569,36032.859476967
4.8062499999999,7.4149894255627,0.64984468480966,0.050155315190344,386.24949740165,0.39472939075026,50.155315190344,36032.861944546
4.8093749999999,7.4137561562422,0.64984461071114,0.050155389288864,385.92384189557,0.39456295311506,50.155389288864,36032.864411085
4.8124999999999,7.4125234069729,0.64984453664386,0.050155463356139,385.59840689327,0.39439655800971,50.155463356139,36032.866876583
4.8156249999999,7.4112911776218,0.64984446260783,0.050155537392175,385.27319230483,0.39423020544205,50.155537392175,36032.869341042
4.8187499999999,7.4100594680559,0.64984438860302,0.050155611396981,384.94819804033,0.39406389541993,50.155611396981,36032.871804461
4.8218749999999,7.4088282781424,0.64984431462944,0.050155685370564,384.62342400982,0.39389762795119,50.155685370564,36032.874266841
4.8249999999999,7.4075976077483,0.64984424068707,0.050155759312934,384.29887012333,0.39373140304365,50.155759312934,36032.876728182
4.8281249999999,7.4063674567404,0.6498441667759,0.050155833224097,383.97453629088,0.3935652207051,50.155833224097,36032.879188484
4.8312499999999,7.4051378249858,0.64984409289594,0.050155907104061,383.65042242244,0.39339908094336,50.155907104061,36032.881647747
4.8343749999999,7.4039087123514,0.64984401904716,0.050155980952836,383.32652842801,0.39323298376622,50.155980952836,36032.884105972
4.8374999999999,7.4026801187042,0.64984394522957,0.050156054770428,383.00285421751,0.39306692918143,50.156054770428,36032.88656316
4.8406249999999,7.4014520439109,0.64984387144315,0.050156128556846,382.67939970089,0.39290091719678,50.156128556846,36032.889019309
4.8437499999999,7.4002244878386,0.6498437976879,0.050156202312097,382.35616478804,0.39273494782001,50.156202312097,36032.891474421
4.8468749999999,7.3989974503539,0.64984372396381,0.05015627603619,382.03314938885,0.39256902105886,50.15627603619,36032.893928496
4.8499999999999,7.3977709313238,0.64984365027087,0.050156349729133,381.7103534132,0.39240313692107,50.156349729133,36032.896381535
4.8531249999999,7.396544930615,0.64984357660907,0.050156423390934,381.38777677092,0.39223729541435,50.156423390934,36032.898833536
4.8562499999999,7.3953194480942,0.6498435029784,0.0501564970216,381.06541937183,0.39207149654641,50.1564970216,36032.901284501
4.8593749999999,7.3940944836283,0.64984342937886,0.05015657062114,380.74328112576,0.39190574032495,50.15657062114,36032.90373443
4.8624999999999,7.3928700370839,0.64984335581044,0.050156644189562,380.42136194246,0.39174002675765,50.156644189562,36032.906183323
4.8656249999999,7.3916461083277,0.64984328227313,0.050156717726873,380.09966173173,0.39157435585219,50.156717726873,36032.908631181
4.8687499999999,7.3904226972265,0.64984320876692,0.050156791233082,379.77818040329,0.39140872761622,50.156791233082,36032.911078003
4.8718749999999,7.3891998036468,0.6498431352918,0.050156864708197,379.45691786687,0.39124314205741,50.156864708197,36032.91352379
4.8749999999999,7.3879774274552,0.64984306184777,0.050156938152226,379.13587403216,0.39107759918337,50.156938152226,36032.915968542
4.8781249999999,7.3867555685184,0.64984298843482,0.050157011565177,378.81504880887,0.39091209900176,50.157011565177,36032.91841226
4.8812499999999,7.385534226703,0.64984291505294,0.050157084947057,378.49444210665,0.39074664152018,50.157084947057,36032.920854944
4.8843749999999,7.3843134018755,0.64984284170213,0.050157158297875,378.17405383514,0.39058122674623,50.157158297875,36032.923296593
4.8874999999999,7.3830930939024,0.64984276838236,0.050157231617639,377.85388390398,0.39041585468752,50.157231617639,36032.925737209
4.8906249999999,7.3818733026502,0.64984269509364,0.050157304906357,377.53393222275,0.39025052535162,50.157304906357,36032.928176792
4.8937499999999,7.3806540279854,0.64984262183596,0.050157378164036,377.21419870106,0.39008523874611,50.157378164036,36032.930615341
4.8968749999999,7.3794352697745,0.64984254860931,0.050157451390686,376.89468324845,0.38991999487854,50.157451390686,36032.933052858
4.8999999999999,7.3782170278838,0.64984247541369,0.050157524586313,376.57538577447,0.38975479375646,50.157524586313,36032.935489341
4.9031249999999,7.3769993021799,0.64984240224907,0.050157597750927,376.25630618866,0.38958963538742,50.157597750927,36032.937924793
4.9062499999999,7.375782092529,0.64984232911547,0.050157670884534,375.93744440052,0.38942451977892,50.157670884534,36032.940359212
4.9093749999999,7.3745653987976,0.64984225601286,0.050157743987144,375.61880031952,0.3892594469385,50.157743987144,36032.9427926
4.9124999999999,7.373349220852,0.64984218294124,0.050157817058763,375.30037385515,0.38909441687364,50.157817058763,36032.945224955
4.9156249999999,7.3721335585585,0.6498421099006,0.050157890099401,374.98216491685,0.38892942959186,50.157890099401,36032.94765628
4.9187499999999,7.3709184117833,0.64984203689094,0.050157963109065,374.66417341404,0.38876448510061,50.157963109065,36032.950086574
4.9218749999999,7.3697037803928,0.64984196391224,0.050158036087762,374.34639925613,0.38859958340737,50.158036087762,36032.952515836
4.9249999999999,7.3684896642532,0.6498418909645,0.050158109035503,374.02884235253,0.3884347245196,50.158109035503,36032.954944069
4.9281249999999,7.3672760632308,0.64984181804771,0.050158181952293,373.71150261258,0.38826990844475,50.158181952293,36032.957371271
4.9312499999999,7.3660629771917,0.64984174516186,0.050158254838141,373.39437994566,0.38810513519024,50.158254838141,36032.959797443
4.9343749999999,7.3648504060021,0.64984167230694,0.050158327693056,373.07747426108,0.3879404047635,50.158327693056,36032.962222585
4.9374999999999,7.3636383495281,0.64984159948295,0.050158400517045,372.76078546817,0.38777571717195,50.158400517045,36032.964646698
4.9406249999999,7.3624268076359,0.64984152668988,0.050158473310117,372.44431347621,0.38761107242297,50.158473310117,36032.967069782
4.9437499999999,7.3612157801915,0.64984145392772,0.050158546072279,372.12805819448,0.38744647052396,50.158546072279,36032.969491837
4.9468749999999,7.3600052670612,0.64984138119646,0.050158618803539,371.81201953225,0.3872819114823,50.158618803539,36032.971912863
4.9499999999999,7.3587952681108,0.64984130849609,0.050158691503906,371.49619739874,0.38711739530534,50.158691503906,36032.974332861
4.9531249999999,7.3575857832065,0.64984123582661,0.050158764173387,371.18059170318,0.38695292200045,50.158764173387,36032.976751831
4.9562499999999,7.3563768122143,0.64984116318801,0.050158836811992,370.86520235477,0.38678849157497,50.158836811992,36032.979169773
4.9593749999999,7.3551683550002,0.64984109058027,0.050158909419726,370.55002926269,0.38662410403623,50.158909419726,36032.981586687
4.9624999999999,7.3539604114301,0.6498410180034,0.0501589819966,370.2350723361,0.38645975939154,50.1589819966,36032.984002574
4.9656249999999,7.3527529813699,0.64984094545738,0.05015905454262,369.92033148415,0.38629545764822,50.15905454262,36032.986417434
4.9687499999999,7.3515460646857,0.6498408729422,0.050159127057795,369.60580661597,0.38613119881356,50.159127057795,36032.988831268
4.9718749999999,7.3503396612432,0.64984080045787,0.050159199542133,369.29149764067,0.38596698289485,50.159199542133,36032.991244075
4.9749999999999,7.3491337709084,0.64984072800436,0.050159271995642,368.97740446732,0.38580280989935,50.159271995642,36032.993655855
4.9781249999999,7.3479283935472,0.64984065558167,0.05015934441833,368.66352700502,0.38563867983435,50.15934441833,36032.99606661
4.9812499999999,7.3467235290253,0.64984058318979,0.050159416810205,368.34986516282,0.38547459270707,50.159416810205,36032.998476339
4.9843749999999,7.3455191772086,0.64984051082872,0.050159489171276,368.03641884974,0.38531054852477,50.159489171276,36033.000885043
4.9874999999999,7.3443153379628,0.64984043849845,0.050159561501549,367.72318797481,0.38514654729467,50.159561501549,36033.003292721
4.9906249999999,7.3431120111538,0.64984036619897,0.050159633801034,367.41017244702,0.38498258902398,50.159633801034,36033.005699375
4.9937499999999,7.3419091966472,0.64984029393026,0.050159706069738,367.09737217536,0.38481867371992,50.159706069738,36033.008105004
4.9968749999999,7.3407068943088,0.64984022169233,0.050159778307669,366.78478706878,0.38465480138967,50.159778307669,36033.010509609
4.9999999999998,7.3395051040042,0.64984014948516,0.050159850514836,366.47241703624,0.38449097204041,50.159850514836,36033.012913189
