time,aq_si,fluid_min,phi_min,power,rate,solid_mass,water
0,4.9995989295866,0.65,0.05,1451.5123382174,-0.22314339680159,50,36054.369888875
0.005,5.0006899036136,0.64999982358515,0.049999532402954,1407.9153742105,-0.21819480540772,49.999934451008,36054.367706927
0.01,5.001765411702,0.64999964736768,0.049999073854191,1367.9448209291,-0.21355502381242,49.999869831255,36054.365555911
0.015,5.0028212646673,0.64999947141357,0.049998626256926,1331.2718877141,-0.20920508075555,49.999806392441,36054.363444205
0.02,5.0038569127633,0.64999929574504,0.04999818935406,1297.4185518047,-0.20510913226408,49.999744167597,36054.361372909
0.025,5.0048729080992,0.64999912036969,0.049997762359121,1265.9627889337,-0.20123379116635,49.999683123549,36054.359340918
0.03,5.0058700778721,0.64999894529026,0.049997344450696,1236.5645517437,-0.19755139828439,49.999623210598,36054.357346578
0.035,5.0068492662064,0.64999877050787,0.049996934898149,1208.9533970952,-0.19403952298672,49.999564378025,36054.355388202
0.04,5.0078112618926,0.64999859602312,0.049996533076362,1182.9122410753,-0.19067987246071,49.999506578438,36054.35346421
0.045,5.0087567848957,0.6499984218364,0.049996138452188,1158.2641974273,-0.18745733229458,49.999449768579,36054.351573164
0.05,5.0096864900216,0.64999824794807,0.049995750567214,1134.8629162549,-0.18435923745637,49.999393909106,36054.349713754
0.055,5.0106009745185,0.64999807435844,0.049995369022974,1112.5856217953,-0.18137483647258,49.999338964134,36054.347884785
0.06,5.0115007856741,0.64999790106785,0.04999499346943,1091.328056543,-0.17849489700349,49.999284900781,36054.346085163
0.065,5.0123864274312,0.6499977280766,0.049994623596152,1071.0007490574,-0.17571141155955,49.999231688767,36054.344313879
0.07,5.0132583659309,0.64999755538503,0.049994259125565,1051.5262078259,-0.1730173741977,49.999179300086,36054.342570002
0.075,5.0141170341247,0.64999738299346,0.049993899807694,1032.8367736858,-0.17040660819401,49.999127708725,36054.340852666
0.08,5.0149628356259,0.64999721090221,0.049993545416014,1014.8729494421,-0.16787363095848,49.999076890433,36054.339161063
0.085,5.0157961479484,0.6499970391116,0.049993195744123,997.58208169317,-0.16541354663914,49.999026822529,36054.337494438
0.09,5.0166173252548,0.64999686762197,0.049992850603045,980.91730709968,-0.16302195965744,49.998977483733,36054.335852084
0.095,5.0174267007046,0.64999669643363,0.049992509819006,964.83670029997,-0.16069490430747,49.998928854028,36054.334233333
0.1,5.0182245884774,0.64999652554693,0.049992173231587,949.3025777461,-0.15842878685345,49.998880914537,36054.332637557
0.105,5.0190112855265,0.64999635496219,0.049991840692176,934.28092362294,-0.15622033747198,49.998833647418,36054.331064163
0.11,5.0197870731097,0.64999618467974,0.049991512062656,919.74091244265,-0.15406657003542,49.998787035773,36054.329512588
0.115,5.0205522181314,0.64999601469992,0.049991187214286,905.65450898228,-0.15196474820406,49.998741063564,36054.327982298
0.12,5.0213069743275,0.64999584502306,0.049990866026743,891.99613067736,-0.14991235664091,49.998695715548,36054.326472785
0.125,5.0220515833142,0.6499956756495,0.049990548387287,878.74236088134,-0.14790707642087,49.998650977206,36054.324983567
0.13,5.0227862755228,0.64999550657957,0.049990234190046,865.87170387712,-0.14594676390104,49.998606834694,36054.323514183
0.135,5.0235112710339,0.64999533781363,0.049989923335379,853.36437440775,-0.1440294324671,49.998563274789,36054.322064192
0.14,5.0242267803266,0.649995169352,0.049989615729327,841.20211593774,-0.14215323668579,49.998520284844,36054.320633173
0.145,5.0249330049524,0.64999500119503,0.049989311283122,829.36804297552,-0.14031645848212,49.99847785275,36054.319220724
0.15,5.0256301381444,0.64999483334307,0.049989009912757,817.84650366312,-0.1385174950305,49.998435966896,36054.317826458
0.155,5.0263183653688,0.64999466579647,0.049988711538597,806.62295952981,-0.1367548481041,49.99839461614,36054.316450003
0.16,5.0269978648258,0.64999449855555,0.04998841608504,795.68387985455,-0.13502711467123,49.998353789774,36054.315091004
0.165,5.0276688079067,0.64999433162069,0.049988123480205,785.01664852198,-0.13333297856295,49.998313477501,36054.313749118
0.17,5.0283313596106,0.64999416499223,0.04998783365566,774.60948161018,-0.13167120306513,49.998273669407,36054.312424015
0.175,5.0289856789262,0.64999399867051,0.049987546546168,764.45135423567,-0.13004062431123,49.998234355939,36054.311115376
0.18,5.0296319191827,0.64999383265591,0.049987262089468,754.53193541543,-0.1284401453718,49.998195527886,36054.309822896
0.185,5.0302702283713,0.64999366694876,0.049986980226064,744.84152989785,-0.12686873095194,49.998157176355,36054.308546277
0.19,5.0309007494429,0.64999350154943,0.049986700899043,735.37102607279,-0.12532540262154,49.998119292758,36054.307285235
0.195,5.0315236205819,0.64999333645827,0.049986424053908,726.11184920291,-0.12380923451361,49.998081868791,36054.306039493
0.2,5.0321389754596,0.64999317167565,0.049986149638418,717.05591932708,-0.12231934943544,49.998044896424,36054.304808783
0.205,5.03274694347,0.64999300720194,0.049985877602452,708.19561327907,-0.12085491534474,49.998008367882,36054.303592847
0.21,5.0333476499473,0.64999284303748,0.049985607897879,699.52373034099,-0.11941514214941,49.997972275635,36054.302391434
0.215,5.0339412163691,0.64999267918265,0.049985340478436,691.03346111623,-0.11799927879519,49.997936612383,36054.301204301
0.22,5.034527760545,0.64999251563782,0.049985075299621,682.71835926156,-0.11660661060979,49.99790137105,36054.300031213
0.225,5.0351073967933,0.64999235240336,0.049984812318591,674.5723157647,-0.11523645687642,49.997866544765,36054.29887194
0.23,5.0356802361047,0.64999218947963,0.049984551494071,666.58953549362,-0.11388816861257,49.99783212686,36054.297726262
0.235,5.036246386297,0.64999202686701,0.049984292786263,658.76451577783,-0.11256112653335,49.997798110858,36054.296593961
0.24,5.0368059521583,0.64999186456588,0.049984036156772,651.09202681151,-0.11125473918062,49.997764490463,36054.29547483
0.245,5.0373590355828,0.6499917025766,0.049983781568528,643.56709369315,-0.10996844120178,49.997731259551,36054.294368663
0.25,5.0379057356968,0.64999154089956,0.049983528985717,636.18497993856,-0.10870169176372,49.997698412168,36054.293275263
0.255,5.0384461489785,0.64999137953514,0.049983278373719,628.94117232277,-0.10745397308902,49.997665942517,36054.292194436
0.26,5.0389803693693,0.64999121848372,0.049983029699046,621.83136692284,-0.10622478910316,49.997633844954,36054.291125995
0.265,5.0395084883803,0.64999105774568,0.049982782929289,614.85145624794,-0.1050136641825,49.997602113979,36054.290069757
0.27,5.0400305951905,0.64999089732141,0.04998253803306,607.99751735541,-0.10382014199387,49.997570744235,36054.289025544
0.275,5.040546776742,0.64999073721129,0.049982294979952,601.26580086256,-0.10264378441785,49.997539730499,36054.287993181
0.28,5.0410571178277,0.64999057741571,0.049982053740486,594.65272077353,-0.10148417054834,49.997509067676,36054.286972498
0.285,5.0415617011754,0.64999041793507,0.049981814286069,588.15484504899,-0.1003408957618,49.997478750795,36054.285963332
0.29,5.0420606075275,0.64999025876974,0.049981576588959,581.76888685372,-0.099213570850558,49.997448775004,36054.284965519
0.295,5.0425539157156,0.64999009992014,0.049981340622222,575.49169642403,-0.0981018212145,49.997419135568,36054.283978903
0.3,5.043041702732,0.64998994138664,0.049981106359697,569.3202535023,-0.097005286106731,49.997389827861,36054.283003329
0.305,5.0435240437972,0.64998978316965,0.049980873775965,563.25166029166,-0.095923617928604,49.997360847363,36054.282038646
0.31,5.0440010124242,0.64998962526956,0.049980642846315,557.28313488779,-0.094856481570332,49.997332189657,36054.281084709
0.315,5.0444726804792,0.64998946768677,0.049980413546716,551.41200514944,-0.093803553793575,49.997303850425,36054.280141373
0.32,5.0449391182397,0.64998931042168,0.049980185853789,545.63570297244,-0.092764522652787,49.997275825445,36054.279208498
0.325,5.0454003944497,0.6499891534747,0.049979959744777,539.95175893565,-0.091739086952371,49.997248110587,36054.278285945
0.33,5.0458565763721,0.64998899684622,0.049979735197526,534.35779728983,-0.090726955736963,49.997220701808,36054.277373581
0.335,5.046307729839,0.64998884053665,0.049979512190456,528.8515312632,-0.089727847812403,49.997193595154,36054.276471274
0.34,5.0467539192989,0.64998868454638,0.049979290702539,523.43075865983,-0.088741491295155,49.997166786753,36054.275578895
0.345,5.0471952078629,0.64998852887584,0.049979070713281,518.09335772894,-0.087767623188131,49.997140272812,36054.274696318
0.35,5.0476316573474,0.64998837352542,0.049978852202699,512.83728328522,-0.08680598898105,49.997114049618,36054.273823419
0.355,5.0480633283166,0.64998821849552,0.049978635151303,507.66056306198,-0.085856342273608,49.997088113531,36054.272960077
0.36,5.048490280121,0.64998806378656,0.049978419540077,502.56129428031,-0.084918444419898,49.997062460986,36054.272106174
0.365,5.0489125709364,0.64998790939893,0.049978205350462,497.53764041906,-0.083992064192609,49.997037088487,36054.271261592
0.37,5.0493302577998,0.64998775533306,0.049977992564338,492.58782817157,-0.083076977465691,49.997011992607,36054.270426218
0.375,5.049743396644,0.64998760158934,0.049977781164012,487.71014457617,-0.082172966914249,49.996987169986,36054.269599941
0.38,5.0501520423311,0.64998744816818,0.0499775711322,482.90293430871,-0.081279821730531,49.996962617327,36054.268782649
0.385,5.0505562486847,0.64998729506998,0.049977362452012,478.16459712608,-0.080397337354974,49.996938331397,36054.267974237
0.39,5.05095606852,0.64998714229517,0.049977155106942,473.49358545067,-0.079525315221331,49.996914309021,36054.267174597
0.395,5.0513515536734,0.64998698984413,0.049976949080852,468.88840208658,-0.078663562514996,49.996890547087,36054.266383627
0.4,5.0517427550311,0.64998683771727,0.049976744357961,464.34759805884,-0.077811891943693,49.996867042536,36054.265601224
0.405,5.0521297225553,0.649986685915,0.049976540922831,459.86977056781,-0.076970121519772,49.996843792366,36054.264827289
0.41,5.0525125053113,0.64998653443773,0.049976338760361,455.45356105145,-0.076138074353384,49.99682079363,36054.264061723
0.415,5.0528911514915,0.64998638328584,0.049976137855768,451.09765334856,-0.075315578455897,49.996798043431,36054.263304431
0.42,5.05326570844,0.64998623245975,0.049975938194584,446.8007719568,-0.074502466552926,49.996775538926,36054.262555317
0.425,5.0536362226759,0.64998608195985,0.049975739762644,442.56168037955,-0.073698575906412,49.996753277319,36054.261814289
0.43,5.054002739915,0.64998593178653,0.049975542546073,438.37917955633,-0.072903748145215,49.996731255864,36054.261081254
0.435,5.0543653050917,0.6499857819402,0.049975346531284,434.25210637155,-0.072117829103738,49.996709471861,36054.260356124
0.44,5.0547239623795,0.64998563242123,0.04997515170496,430.17933223709,-0.071340668668109,49.996687922655,36054.259638809
0.445,5.0550787552109,0.64998548323004,0.049974958054054,426.15976174423,-0.070572120629504,49.996666605637,36054.258929224
0.45,5.0554297262965,0.64998533436699,0.049974765565777,422.19233138093,-0.069812042544192,49.996645518241,36054.258227281
0.455,5.0557769176437,0.64998518583248,0.04997457422759,418.27600831063,-0.069060295599956,49.996624657944,36054.257532899
0.46,5.0561203705744,0.64998503762689,0.0499743840272,414.40978920909,-0.068316744488511,49.996604022261,36054.256845993
0.465,5.0564601257422,0.64998488975059,0.049974194952548,410.59269915595,-0.067581257283605,49.996583608751,36054.256166483
0.47,5.0567962231492,0.64998474220396,0.049974006991805,406.82379057794,-0.066853705324504,49.996563415011,36054.255494288
0.475,5.0571287021619,0.64998459498738,0.049973820133366,403.10214224084,-0.066133963104557,49.996543438674,36054.25482933
0.48,5.0574576015267,0.6499844481012,0.049973634365842,399.42685828751,-0.065421908164582,49.996523677414,36054.254171531
0.485,5.0577829593849,0.6499843015458,0.049973449678056,395.79706731956,-0.064717420990821,49.996504128938,36054.253520815
0.49,5.0581048132874,0.64998415532152,0.049973266059034,392.21192152013,-0.064020384917227,49.99648479099,36054.252877107
0.495,5.0584232002083,0.64998400942874,0.049973083498002,388.67059581569,-0.063330686031853,49.996465661348,36054.252240334
0.5,5.0587381565589,0.64998386386779,0.049972901984381,385.17228707484,-0.06264821308714,49.996446737826,36054.251610421
0.505,5.0590497182005,0.64998371863903,0.049972721507778,381.71621334198,-0.061972857413915,49.996428018268,36054.250987298
0.51,5.0593579204572,0.64998357374279,0.049972542057985,378.30161310421,-0.061304512838892,49.996409500551,36054.250370893
0.515,5.0596627981281,0.64998342917942,0.049972363624974,374.92774458965,-0.06064307560553,49.996391182586,36054.249761138
0.52,5.0599643854994,0.64998328494923,0.049972186198888,371.59388509556,-0.059988444298057,49.996373062312,36054.249157963
0.525,5.0602627163557,0.64998314105256,0.049972009770042,368.29933034487,-0.059340519768528,49.9963551377,36054.248561301
0.53,5.0605578239914,0.64998299748972,0.049971834328915,365.04339386948,-0.058699205066756,49.996337406747,36054.247971086
0.535,5.0608497412212,0.64998285426104,0.049971659866147,361.82540641917,-0.058064405372983,49.996319867485,36054.247387252
0.54,5.0611385003909,0.64998271136681,0.049971486372533,358.64471539481,-0.057436027933168,49.996302517967,36054.246809733
0.545,5.0614241333874,0.64998256880733,0.049971313839025,355.50068430464,-0.056813981996753,49.99628535628,36054.246238467
0.55,5.0617066716488,0.64998242658292,0.04997114225672,352.39269224247,-0.056198178756816,49.996268380534,36054.245673391
0.555,5.0619861461736,0.64998228469384,0.049970971616863,349.32013338689,-0.055588531292471,49.996251588866,36054.245114442
0.56,5.0622625875302,0.64998214314039,0.049970801910839,346.28241652028,-0.054984954513441,49.99623497944,36054.244561559
0.565,5.0625360258661,0.64998200192283,0.049970633130172,343.27896456688,-0.054387365106685,49.996218550444,36054.244014682
0.57,5.0628064909164,0.64998186104144,0.049970465266521,340.30921414885,-0.053795681484995,49.996202300093,36054.243473752
0.575,5.0630740120122,0.64998172049649,0.049970298311677,337.37261515958,-0.053209823737476,49.996186226623,36054.24293871
0.58,5.0633386180895,0.64998158028821,0.04997013225756,334.46863035346,-0.052629713581823,49.996170328296,36054.242409498
0.585,5.0636003376963,0.64998144041687,0.049969967096215,331.59673495128,-0.052055274318312,49.996154603397,36054.241886059
0.59,5.0638591990012,0.64998130088269,0.04996980281981,328.7564162606,-0.051486430785446,49.996139050233,36054.241368336
0.595,5.0641152298005,0.64998116168592,0.049969639420633,325.9471733104,-0.050923109317158,49.996123667134,36054.240856274
0.6,5.064368457526,0.64998102282677,0.049969476891088,323.16851649939,-0.050365237701535,49.996108452453,36054.240349819
0.605,5.0646189092516,0.64998088430546,0.049969315223696,320.41996725732,-0.049812745140974,49.996093404562,36054.239848916
0.61,5.0648666117008,0.6499807461222,0.049969154411087,317.70105771873,-0.049265562213719,49.996078521856,36054.239353511
0.615,5.0651115912534,0.6499806082772,0.049968994446002,315.01133040871,-0.048723620836727,49.996063802749,36054.238863552
0.62,5.0653538739517,0.64998047077063,0.049968835321289,312.35033793989,-0.048186854229794,49.996049245678,36054.238378986
0.625,5.0655934855074,0.64998033360269,0.0499686770299,309.71764272047,-0.0476551968809,49.996034849097,36054.237899763
0.63,5.0658304513076,0.64998019677356,0.049968519564889,307.11281667261,-0.047128584512722,49.99602061148,36054.237425831
0.635,5.0660647964212,0.64998006028339,0.049968362919412,304.53544096078,-0.046606954050262,49.996006531323,36054.236957141
0.64,5.0662965456044,0.64997992413236,0.04996820708672,301.9851057298,-0.04609024358955,49.995992607137,36054.236493643
0.645,5.0665257233067,0.6499797883206,0.049968052060162,299.46140985184,-0.045578392367373,49.995978837453,36054.236035287
0.65,5.0667523536765,0.64997965284827,0.04996789783318,296.96396068239,-0.045071340732006,49.99596522082,36054.235582027
0.655,5.0669764605669,0.64997951771549,0.049967744399308,294.49237382455,-0.044569030114876,49.995951755806,36054.235133813
0.66,5.0671980675403,0.64997938292238,0.04996759175217,292.04627290139,-0.044071403003151,49.995938440994,36054.234690599
0.665,5.0674171978745,0.64997924846908,0.049967439885477,289.62528933607,-0.043578402913205,49.995925274986,36054.234252338
0.67,5.0676338745671,0.64997911435567,0.049967288793028,287.22906213941,-0.043089974364926,49.995912256401,36054.233818985
0.675,5.0678481203409,0.64997898058226,0.049967138468704,284.85723770455,-0.042606062856829,49.995899383872,36054.233390493
0.68,5.0680599576482,0.64997884714894,0.049966988906471,282.50946960845,-0.042126614841966,49.995886656051,36054.232966819
0.685,5.0682694086764,0.64997871405579,0.049966840100375,280.18541841998,-0.041651577704567,49.995874071605,36054.232547917
0.69,5.0684764953516,0.64997858130288,0.049966692044541,277.88475151436,-0.04118089973742,49.995861629216,36054.232133743
0.695,5.0686812393437,0.64997844889026,0.049966544733172,275.60714289357,-0.040714530119936,49.995849327583,36054.231724255
0.7,5.0688836620707,0.649978316818,0.049966398160548,273.3522730127,-0.040252418896893,49.995837165418,36054.23131941
0.705,5.0690837847029,0.64997818508614,0.049966252321024,271.11982861178,-0.039794516957821,49.99582514145,36054.230919165
0.71,5.069281628167,0.64997805369471,0.049966107209026,268.90950255312,-0.039340776017007,49.995813254421,36054.230523478
0.715,5.0694772131504,0.64997792264373,0.049965962819054,266.72099366379,-0.038891148594105,49.995801503089,36054.230132308
0.72,5.0696705601048,0.64997779193323,0.049965819145678,264.554006583,-0.038445587995319,49.995789886224,36054.229745614
0.725,5.0698616892506,0.6499776615632,0.049965676183537,262.40825161445,-0.038004048295145,49.995778402611,36054.229363356
0.73,5.0700506205803,0.64997753153366,0.049965533927338,260.28344458314,-0.037566484318653,49.99576705105,36054.228985493
0.735,5.0702373738623,0.64997740184457,0.049965392371854,258.17930669671,-0.03713285162428,49.995755830353,36054.228611986
0.74,5.0704219686445,0.64997727249594,0.049965251511924,256.09556441107,-0.036703106487134,49.995744739344,36054.228242797
0.745,5.0706044242582,0.64997714348772,0.049965111342451,254.03194930007,-0.036277205882769,49.995733776864,36054.227877886
0.75,5.070784759821,0.64997701481988,0.0499649718584,251.98819792929,-0.035855107471436,49.995722941762,36054.227517214
0.755,5.0709629942406,0.64997688649236,0.049964833054798,249.96405173351,-0.035436769582775,49.995712232903,36054.227160746
0.76,5.0711391462178,0.64997675850512,0.049964694926733,247.95925689798,-0.03502215120095,49.995701649164,36054.226808442
0.765,5.07131323425,0.64997663085809,0.049964557469353,245.97356424318,-0.034611211950197,49.995691189433,36054.226460266
0.77,5.0714852766343,0.64997650355118,0.049964420677864,244.0067291131,-0.034203912080783,49.99568085261,36054.226116181
0.775,5.0716552914706,0.64997637658432,0.049964284547527,242.05851126672,-0.033800212455351,49.995670637609,36054.225776151
0.78,5.0718232966645,0.64997624995741,0.049964149073663,240.12867477281,-0.033400074535647,49.995660543353,36054.225440141
0.785,5.0719893099304,0.64997612367035,0.049964014251647,238.21698790767,-0.033003460369617,49.995650568778,36054.225108114
0.79,5.0721533487943,0.64997599772303,0.049963880076906,236.32322305603,-0.032610332578849,49.995640712831,36054.224780036
0.795,5.0723154305967,0.64997587211533,0.049963746544925,234.44715661463,-0.032220654346365,49.99563097447,36054.224455873
0.8,5.0724755724956,0.64997574684711,0.049963613651237,232.58856889872,-0.031834389404743,49.995621352664,36054.224135589
0.805,5.0726337914686,0.64997562191825,0.049963481391429,230.74724405119,-0.031451502024556,49.995611846394,36054.223819151
0.81,5.0727901043163,0.64997549732859,0.049963349761138,228.92296995427,-0.031071957003124,49.995602454649,36054.223506525
0.815,5.0729445276643,0.64997537307797,0.04996321875605,227.11553814376,-0.030695719653569,49.995593176431,36054.223197679
0.82,5.0730970779663,0.64997524916623,0.049963088371902,225.32474372568,-0.030322755794152,49.995584010751,36054.222892578
0.825,5.0732477715061,0.64997512559321,0.049962958604476,223.55038529524,-0.029953031737904,49.995574956631,36054.222591191
0.83,5.0733966244003,0.64997500235871,0.049962829449605,221.79226485808,-0.029586514282515,49.995566013103,36054.222293485
0.835,5.0735436526007,0.64997487946255,0.049962700903166,220.05018775371,-0.029223170700498,49.995557179207,36054.221999429
0.84,5.0736888718967,0.64997475690452,0.049962572961082,218.32396258101,-0.028862968729609,49.995548453996,36054.22170899
0.845,5.0738322979172,0.64997463468442,0.049962445619321,216.61340112586,-0.028505876563503,49.995539836531,36054.221422138
0.85,5.0739739461335,0.64997451280203,0.049962318873896,214.91831829068,-0.028151862842646,49.995531325881,36054.221138842
0.855,5.0741138318611,0.64997439125714,0.049962192720862,213.2385320259,-0.027800896645446,49.995522921127,36054.22085907
0.86,5.0742519702619,0.64997427004949,0.049962067156319,211.57386326331,-0.027452947479619,49.995514621357,36054.220582794
0.865,5.0743883763464,0.64997414917886,0.049961942176407,209.92413585116,-0.027107985273773,49.99550642567,36054.220309981
0.87,5.0745230649758,0.649974028645,0.049961817777308,208.28917649103,-0.026765980369194,49.995498333173,36054.220040604
0.875,5.074656050864,0.64997390844764,0.049961693955246,206.66881467639,-0.026426903511853,49.995490342982,36054.219774632
0.88,5.0747873485795,0.64997378858652,0.049961570706482,205.06288263273,-0.026090725844602,49.995482454222,36054.219512037
0.885,5.0749169725477,0.64997366906137,0.049961448027321,203.47121525937,-0.025757418899566,49.995474666025,36054.219252789
0.89,5.0750449370524,0.64997354987191,0.049961325914102,201.89365007268,-0.025426954590726,49.995466977533,36054.21899686
0.895,5.0751712562379,0.64997343101785,0.049961204363206,200.33002715087,-0.025099305206682,49.995459387898,36054.218744222
0.9,5.0752959441112,0.64997331249888,0.04996108337105,198.78018908017,-0.024774443403591,49.995451896276,36054.218494846
0.905,5.0754190145429,0.64997319431471,0.049960962934087,197.24398090245,-0.024452342198282,49.995444501836,36054.218248705
0.91,5.0755404812713,0.64997307646502,0.04996084304881,195.72125006365,-0.024132974961204,49.99543720375,36054.218005772
0.915,5.0756603579001,0.64997295894949,0.049960723711743,194.21184636531,-0.023816315410757,49.995430001203,36054.217766018
0.92,5.0757786579029,0.64997284176779,0.049960604919449,192.71562191509,-0.023502337606176,49.995422893384,36054.217529418
0.925,5.0758953946249,0.6499727249196,0.049960486668525,191.2324310796,-0.02319101594139,49.995415879491,36054.217295945
0.93,5.0760105812838,0.64997260840456,0.049960368955601,189.76213043846,-0.022882325138951,49.995408958732,36054.217065571
0.935,5.0761242309722,0.64997249222232,0.049960251777343,188.30457873937,-0.022576240244091,49.995402130317,36054.216838272
0.94,5.0762363566581,0.64997237637254,0.049960135130448,186.85963685436,-0.022272736618911,49.99539539347,36054.216614021
0.945,5.0763469711877,0.64997226085484,0.049960019011648,185.42716773708,-0.021971789936704,49.995388747417,36054.216392792
0.95,5.0764560872859,0.64997214566885,0.049959903417704,184.00703638123,-0.021673376176407,49.995382191395,36054.216174559
0.955,5.0765637175585,0.6499720308142,0.049959788345413,182.59910977988,-0.021377471617186,49.995375724645,36054.215959299
0.96,5.0766698744931,0.6499719162905,0.049959673791601,181.20325688594,-0.02108405283314,49.995369346418,36054.215746985
0.965,5.0767745704614,0.64997180209736,0.049959559753124,179.81934857351,-0.020793096688134,49.995363055971,36054.215537593
0.97,5.0768778177196,0.64997168823438,0.04995944622687,178.44725760016,-0.020504580330744,49.995356852566,36054.215331099
0.975,5.0769796284106,0.64997157470115,0.049959333209756,177.0868585702,-0.02021848118932,49.995350735474,36054.215127477
0.98,5.0770800145652,0.64997146149727,0.04995922069873,175.73802789876,-0.019934776967161,49.995344703973,36054.214926705
0.985,5.0771789881031,0.64997134862231,0.049959108690768,174.4006437768,-0.019653445637803,49.995338757346,36054.214728758
0.99,5.0772765608348,0.64997123607584,0.049958997182875,173.07458613687,-0.019374465440401,49.995332894883,36054.214533612
0.995,5.0773727444626,0.64997112385745,0.049958886172084,171.75973661983,-0.019097814875228,49.995327115883,36054.214341245
1,5.0774675505817,0.64997101196668,0.049958775655455,170.45597854217,-0.018823472699267,49.995321419647,36054.214151633
1.005,5.0775609906821,0.6499709004031,0.049958665630078,169.1631968643,-0.018551417921904,49.995315805485,36054.213964753
1.01,5.0776530761491,0.64997078916626,0.049958556093069,167.8812781594,-0.018281629800708,49.995310272714,36054.213780582
1.015,5.0777438182651,0.6499706782557,0.04995844704157,166.61011058318,-0.018014087837319,49.995304820656,36054.213599097
1.02,5.0778332282105,0.64997056767095,0.049958338472749,165.3495838442,-0.017748771773409,49.995299448638,36054.213420277
1.025,5.0779213170651,0.64997045741156,0.049958230383803,164.09958917496,-0.017485661586745,49.995294155995,36054.2132441
1.03,5.0780080958091,0.64997034747704,0.04995812277195,162.86001930362,-0.017224737487328,49.995288942068,36054.213070542
1.035,5.0780935753242,0.64997023786693,0.049958015634438,161.63076842642,-0.016965979913621,49.995283806202,36054.212899583
1.04,5.0781777663952,0.64997012858072,0.049957908968537,160.41173218067,-0.016709369528853,49.99527874775,36054.212731201
1.045,5.0782606797103,0.64997001961794,0.049957802771542,159.20280761842,-0.016454887217409,49.99527376607,36054.212565374
1.05,5.0783423258631,0.64996991097808,0.049957697040773,158.00389318067,-0.01620251408129,49.995268860524,36054.212402082
1.055,5.0784227153529,0.64996980266065,0.049957591773575,156.81488867223,-0.015952231436651,49.995264030482,36054.212241303
1.06,5.0785018585862,0.64996969466514,0.049957486967313,155.63569523706,-0.015704020810414,49.99525927532,36054.212083017
1.065,5.0785797658779,0.64996958699103,0.04995738261938,154.46621533429,-0.015457863936948,49.995254594416,36054.211927202
1.07,5.0786564474516,0.64996947963781,0.049957278727188,153.30635271465,-0.015213742754823,49.995249987157,36054.211773839
1.075,5.0787319134416,0.64996937260497,0.049957175288174,152.1560123975,-0.014971639403629,49.995245452934,36054.211622907
1.08,5.078806173893,0.64996926589196,0.049957072299796,151.01510064835,-0.014731536220859,49.995240991143,36054.211474386
1.085,5.0788792387633,0.64996915949826,0.049956969759537,149.88352495687,-0.014493415738861,49.995236601187,36054.211328256
1.09,5.078951117923,0.64996905342333,0.049956867664898,148.76119401543,-0.014257260681851,49.995232282471,36054.211184498
1.095,5.0790218211567,0.64996894766664,0.049956766013404,147.64801769804,-0.014023053962985,49.995228034409,36054.211043092
1.1,5.0790913581642,0.64996884222762,0.0499566648026,146.5439070398,-0.013790778681494,49.995223856417,36054.210904018
1.105,5.0791597385611,0.64996873710574,0.049956564030054,145.44877421677,-0.013560418119872,49.995219747918,36054.210767257
1.11,5.0792269718798,0.64996863230044,0.049956463693351,144.36253252634,-0.013331955741131,49.995215708338,36054.21063279
1.115,5.0792930675706,0.64996852781115,0.049956363790101,143.28509636792,-0.013105375186095,49.995211737111,36054.210500599
1.12,5.0793580350024,0.64996842363732,0.049956264317931,142.21638122413,-0.012880660270767,49.995207833673,36054.210370664
1.125,5.0794218834635,0.64996831977838,0.049956165274489,141.15630364238,-0.012657794983732,49.995203997466,36054.210242967
1.13,5.0794846221627,0.64996821623374,0.049956066657443,140.10478121679,-0.012436763483625,49.995200227936,36054.21011749
1.135,5.07954626023,0.64996811300284,0.049955968464479,139.06173257058,-0.012217550096636,49.995196524537,36054.209994213
1.14,5.0796068067174,0.64996801008509,0.049955870693305,138.02707733878,-0.012000139314077,49.995192886722,36054.20987312
1.145,5.0796662705997,0.64996790747992,0.049955773341644,137.00073615126,-0.011784515789986,49.995189313954,36054.209754193
1.15,5.0797246607754,0.64996780518672,0.049955676407242,135.98263061627,-0.011570664338784,49.995185805697,36054.209637412
1.155,5.0797819860677,0.6499677032049,0.049955579887861,134.97268330415,-0.011358569932978,49.995182361421,36054.209522762
1.16,5.0798382552246,0.64996760153388,0.049955483781282,133.97081773146,-0.011148217700902,49.995178980602,36054.209410223
1.165,5.0798934769205,0.64996750017305,0.049955388085303,132.97695834551,-0.010939592924507,49.995175662716,36054.20929978
1.17,5.0799476597564,0.6499673991218,0.049955292797741,131.99103050905,-0.010732681037195,49.995172407249,36054.209191414
1.175,5.080000812261,0.64996729837953,0.049955197916431,131.01296048541,-0.010527467621686,49.995169213687,36054.209085109
1.18,5.080052942891,0.64996719794563,0.049955103439223,130.04267542392,-0.010323938407936,49.995166081523,36054.208980848
1.185,5.0801040600324,0.64996709781948,0.049955009363988,129.08010334555,-0.010122079271086,49.995163010251,36054.208878614
1.19,5.0801541720008,0.64996699800046,0.04995491568861,128.12517312897,-0.0099218762294527,49.995159999374,36054.20877839
1.195,5.0802032870421,0.64996689848795,0.049954822410993,127.17781449677,-0.0097233154425588,49.995157048395,36054.20868016
1.2,5.0802514133338,0.64996679928133,0.049954729529055,126.23795800207,-0.0095263832091974,49.995154156823,36054.208583907
1.205,5.0802985589846,0.64996670037998,0.049954637040733,125.30553501531,-0.0093310659655329,49.995151324171,36054.208489616
1.21,5.0803447320363,0.64996660178325,0.049954544943978,124.38047771135,-0.0091373502832365,49.995148549956,36054.20839727
1.215,5.0803899404635,0.64996650349051,0.049954453236758,123.46271905682,-0.0089452228676595,49.995145833698,36054.208306853
1.22,5.0804341921749,0.64996640550114,0.049954361917056,122.55219279776,-0.0087546705560345,49.995143174922,36054.208218349
1.225,5.0804774950135,0.64996630781448,0.049954270982873,121.6488334474,-0.0085656803157137,49.995140573158,36054.208131744
1.23,5.0805198567575,0.6499662104299,0.049954180432222,120.75257627433,-0.0083782392424386,49.995138027937,36054.20804702
1.235,5.0805612851212,0.64996611334675,0.049954090263133,119.86335729078,-0.0081923345586387,49.995135538797,36054.207964164
1.24,5.0806017877548,0.64996601656438,0.049954000473652,118.98111324117,-0.0080079536117635,49.995133105277,36054.207883158
1.245,5.080641372246,0.64996592008214,0.049953911061839,118.10578159095,-0.0078250838726426,49.995130726922,36054.207803989
1.25,5.0806800461199,0.64996582389938,0.049953822025769,117.23730051554,-0.0076437129338771,49.99512840328,36054.207726642
1.255,5.0807178168399,0.64996572801545,0.04995373336353,116.37560888955,-0.0074638285082563,49.995126133902,36054.2076511
1.26,5.0807546918084,0.64996563242967,0.049953645073227,115.52064627626,-0.0072854184272062,49.995123918343,36054.20757735
1.265,5.0807906783671,0.6499655371414,0.049953557152978,114.67235291719,-0.0071084706392621,49.995121756163,36054.207505377
1.27,5.0808257837977,0.64996544214997,0.049953469600915,113.83066972195,-0.0069329732085706,49.995119646923,36054.207435166
1.275,5.0808600153226,0.64996534745472,0.049953382415183,112.99553825826,-0.0067589143134159,49.99511759019,36054.207366703
1.28,5.0808933801054,0.64996525305496,0.049953295593943,112.16690074219,-0.0065862822447722,49.995115585534,36054.207299974
1.285,5.0809258852514,0.64996515895005,0.049953209135368,111.34470002852,-0.0064150654048818,49.995113632528,36054.207234963
1.29,5.0809575378081,0.6499650651393,0.049953123037646,110.52887960135,-0.0062452523058574,49.995111730747,36054.207171658
1.295,5.0809883447659,0.64996497162204,0.049953037298976,109.71938356486,-0.0060768315683073,49.995109879773,36054.207110044
1.3,5.0810183130585,0.64996487839759,0.049952951917572,108.91615663422,-0.0059097919199849,49.995108079188,36054.207050108
1.305,5.0810474495637,0.64996478546529,0.04995286689166,108.11914412674,-0.0057441221944622,49.995106328579,36054.206991835
1.31,5.0810757611036,0.64996469282443,0.04995278221948,107.32829195312,-0.0055798113298239,49.995104627537,36054.206935212
1.315,5.081103254445,0.64996460047435,0.049952697899284,106.54354660886,-0.0054168483673842,49.995102975654,36054.206880225
1.32,5.0811299363007,0.64996450841436,0.049952613929337,105.76485516589,-0.0052552224504256,49.995101372529,36054.206826861
1.325,5.0811558133289,0.64996441664378,0.049952530307916,104.99216526431,-0.0050949228229592,49.995099817759,36054.206775107
1.33,5.0811808921347,0.64996432516191,0.04995244703331,104.22542510428,-0.0049359388285027,49.995098310949,36054.206724949
1.335,5.08120517927,0.64996423396807,0.049952364103822,103.46458343808,-0.0047782599088816,49.995096851705,36054.206676375
1.34,5.0812286812341,0.64996414306158,0.049952281517765,102.70958956231,-0.0046218756030502,49.995095439637,36054.206629371
1.345,5.0812514044742,0.64996405244173,0.049952199273466,101.96039331023,-0.004466775545929,49.995094074356,36054.206583925
1.35,5.0812733553861,0.64996396210783,0.049952117369261,101.2169450442,-0.0043129494672651,49.99509275548,36054.206540023
1.355,5.0812945403143,0.64996387205919,0.0499520358035,100.47919564836,-0.0041603871905074,49.995091482626,36054.206497653
1.36,5.0813149655527,0.64996378229512,0.049951954574544,99.747096521304,-0.0040090786317022,49.995090255416,36054.206456803
1.365,5.0813346373451,0.64996369281491,0.049951873680766,99.020599569029,-0.003859013798406,49.995089073476,36054.206417459
1.37,5.0813535618855,0.64996360361787,0.049951793120549,98.299657197883,-0.0037101827886147,49.995087936433,36054.20637961
1.375,5.0813717453185,0.64996351470329,0.049951712892288,97.584222307724,-0.0035625757897127,49.995086843918,36054.206343243
1.38,5.08138919374,0.64996342607048,0.049951632994389,96.874248285161,-0.003416183077435,49.995085795564,36054.206308346
1.385,5.0814059131975,0.64996333771873,0.04995155342527,96.169688996931,-0.0032709950148492,49.995084791009,36054.206274907
1.39,5.0814219096904,0.64996324964735,0.049951474183357,95.470498783386,-0.00312700205135,49.995083829892,36054.206242914
1.395,5.0814371891707,0.64996316185561,0.049951395267091,94.776632452091,-0.0029841947216735,49.995082911855,36054.206212355
1.4,5.0814517575432,0.64996307434283,0.04995131667492,94.088045271549,-0.0028425636449223,49.995082036543,36054.206183219
1.405,5.081465620666,0.64996298710829,0.049951238405303,93.404692965016,-0.0027020995236099,49.995081203605,36054.206155492
1.41,5.081478784351,0.64996290015129,0.049951160456712,92.726531704439,-0.0025627931427175,49.995080412692,36054.206129165
1.415,5.0814912543641,0.64996281347111,0.049951082827627,92.053518104491,-0.0024246353687659,49.995079663456,36054.206104225
1.42,5.0815030364259,0.64996272706705,0.049951005516539,91.385609216715,-0.0022876171489014,49.995078955554,36054.206080661
1.425,5.0815141362117,0.6499626409384,0.049950928521949,90.722762523759,-0.0021517295099951,49.995078288646,36054.206058461
1.43,5.0815245593524,0.64996255508445,0.049950851842367,90.064935933721,-0.0020169635577589,49.995077662392,36054.206037615
1.435,5.0815343114345,0.64996246950448,0.049950775476315,89.412087774587,-0.001883310475871,49.995077076458,36054.206018111
1.44,5.0815433980004,0.64996238419779,0.049950699422323,88.764176788755,-0.001750761525115,49.99507653051,36054.205999938
1.445,5.0815518245494,0.64996229916366,0.049950623678933,88.121162127669,-0.0016193080425353,49.995076024218,36054.205983085
1.45,5.0815595965374,0.64996221440138,0.049950548244693,87.483003346525,-0.0014889414406011,49.995075557253,36054.205967541
1.455,5.0815667193777,0.64996212991023,0.049950473118163,86.849660399083,-0.0013596532063851,49.995075129292,36054.205953295
1.46,5.081573198441,0.6499620456895,0.049950398297914,86.221093632551,-0.0012314349007537,49.99507474001,36054.205940337
1.465,5.0815790390561,0.64996196173847,0.049950323782522,85.597263782566,-0.0011042781575687,49.995074389088,36054.205928656
1.47,5.0815842465103,0.64996187805643,0.049950249570576,84.978131968254,-0.00097817468290162,49.995074076209,36054.205918241
1.475,5.0815888260494,0.64996179464267,0.049950175660672,84.363659687371,-0.00085311625425817,49.995073801056,36054.205909082
1.48,5.0815927828784,0.64996171149646,0.049950102051416,83.753808811525,-0.00072909471981585,49.995073563318,36054.205901168
1.485,5.0815961221615,0.6499616286171,0.049950028741424,83.14854158148,-0.00060610199767042,49.995073362684,36054.205894489
1.49,5.081598849023,0.64996154600386,0.049949955729319,82.547820602531,-0.00048413007509475,49.995073198846,36054.205889036
1.495,5.081600968547,0.64996146365602,0.049949883013733,81.95160883996,-0.00036317100780771,49.995073071499,36054.205884797
1.5,5.0816024857783,0.64996138157287,0.049949810593308,81.359869614564,-0.00024321691925248,49.995072980339,36054.205881762
1.505,5.0816034057222,0.6499612997537,0.049949738466694,80.772566598255,-0.00012425999988719,49.995072925066,36054.205879922
1.51,5.0816037333454,0.64996121819778,0.04994966663255,80.189663809732,-6.2925064846509e-06,49.995072905382,36054.205879267
1.515,5.0816034735758,0.6499611369044,0.049949595089541,79.611125610223,0.00011069323855917,49.995072920989,36054.205879787
1.52,5.0816026313033,0.64996105587283,0.049949523836345,79.036916699292,0.00022670484790545,49.995072971596,36054.205881471
1.525,5.0816012113797,0.64996097510236,0.049949452871644,78.467002110722,0.00034174986994376,49.995073056909,36054.205884311
1.53,5.0815992186194,0.64996089459228,0.049949382194131,77.901347208451,0.00045583578945467,49.99507317664,36054.205888296
1.535,5.0815966577994,0.64996081434186,0.049949311802505,77.339917682583,0.00056897002826328,49.995073330502,36054.205893418
1.54,5.0815935336597,0.64996073435039,0.049949241695475,76.782679545457,0.00068115994588205,49.995073518209,36054.205899666
1.545,5.0815898509038,0.64996065461715,0.049949171871758,76.229599127782,0.00079241284014704,49.99507373948,36054.205907032
1.55,5.0815856141989,0.64996057514141,0.049949102330076,75.680643074823,0.00090273594784353,49.995073994034,36054.205915505
1.555,5.0815808281759,0.64996049592247,0.049949033069164,75.135778342662,0.0010121364453254,49.995074281593,36054.205925077
1.56,5.0815754974302,0.64996041695961,0.04994896408776,74.594972194504,0.0011206214491231,49.99507460188,36054.205935739
1.565,5.0815696265217,0.6499603382521,0.049948895384611,74.058192197044,0.0012281980165467,49.995074954622,36054.205947481
1.57,5.0815632199752,0.64996025979923,0.049948826958474,73.525406216897,0.0013348731462792,49.995075339547,36054.205960294
1.575,5.0815562822806,0.64996018160028,0.049948758808111,72.996582417072,0.0014406537789603,49.995075756384,36054.205974169
1.58,5.0815488178932,0.64996010365454,0.049948690932293,72.47168925351,0.001545546797768,49.995076204867,36054.205989098
1.585,5.0815408312341,0.64996002596129,0.049948623329797,71.950695471667,0.0016495590289848,49.995076684729,36054.206005071
1.59,5.0815323266904,0.64995994851982,0.049948555999408,71.433570103157,0.0017526972425625,49.995077195708,36054.20602208
1.595,5.0815233086155,0.6499598713294,0.049948488939919,70.920282462437,0.0018549681526768,49.995077737541,36054.206040116
1.6,5.0815137813292,0.64995979438932,0.04994842215013,70.410802143552,0.0019563784182761,49.995078309969,36054.206059171
1.605,5.0815037491185,0.64995971769887,0.049948355628848,69.905099016919,0.0020569346436222,49.995078912734,36054.206079235
1.61,5.0814932162371,0.64995964125733,0.049948289374886,69.40314322617,0.0021566433788239,49.995079545581,36054.206100301
1.615,5.0814821869063,0.64995956506399,0.049948223387066,68.904905185032,0.0022555111203642,49.995080208257,36054.20612236
1.62,5.0814706653152,0.64995948911814,0.049948157664216,68.410355574262,0.0023535443116214,49.995080900508,36054.206145403
1.625,5.0814586556204,0.64995941341905,0.049948092205171,67.919465338621,0.0024507493433812,49.995081622087,36054.206169422
1.63,5.0814461619471,0.64995933796603,0.049948027008774,67.432205683896,0.0025471325543464,49.995082372744,36054.20619441
1.635,5.0814331883887,0.64995926275834,0.049947962073871,66.948548073968,0.0026427002316358,49.995083152234,36054.206220357
1.64,5.0814197390073,0.64995918779529,0.04994789739932,66.468464227918,0.0027374586112787,49.995083960314,36054.206247256
1.645,5.081405817834,0.64995911307617,0.049947832983982,65.99192611718,0.0028314138787041,49.99508479674,36054.206275098
1.65,5.0813914288692,0.64995903860025,0.049947768826727,65.51890596273,0.0029245721692225,49.995085661272,36054.206303876
1.655,5.0813765760824,0.64995896436684,0.049947704926428,65.049376232325,0.0030169395685018,49.995086553672,36054.206333582
1.66,5.0813612634132,0.64995889037522,0.04994764128197,64.583309637773,0.0031085221130378,49.995087473703,36054.206364207
1.665,5.081345494771,0.64995881662468,0.049947577892239,64.120679132245,0.0031993257906199,49.99508842113,36054.206395744
1.67,5.0813292740352,0.64995874311452,0.04994751475613,63.66145790763,0.003289356540787,49.995089395721,36054.206428186
1.675,5.0813126050559,0.64995866984402,0.049947451872546,63.20561939192,0.0033786202552832,49.995090397243,36054.206461524
1.68,5.0812954916536,0.64995859681249,0.049947389240392,62.75313724664,0.0034671227785054,49.995091425468,36054.20649575
1.685,5.0812779376199,0.64995852401921,0.049947326858583,62.303985364311,0.0035548699079446,49.995092480167,36054.206530858
1.69,5.0812599467175,0.64995845146348,0.049947264726039,61.858137865947,0.0036418673946232,49.995093561114,36054.20656684
1.695,5.0812415226803,0.6499583791446,0.049947202841686,61.415569098593,0.0037281209435259,49.995094668085,36054.206603688
1.7,5.0812226692139,0.64995830706186,0.049947141204455,60.976253632889,0.0038136362140279,49.995095800858,36054.206641395
1.705,5.0812033899958,0.64995823521456,0.049947079813286,60.540166260679,0.0038984188203148,49.995096959211,36054.206679954
1.71,5.0811836886755,0.649958163602,0.049947018667121,60.107281992642,0.0039824743317998,49.995098142926,36054.206719356
1.715,5.0811635688745,0.64995809222347,0.049946957764912,59.677576055969,0.0040658082735341,49.995099351784,36054.206759596
1.72,5.0811430341872,0.64995802107828,0.049946897105614,59.251023892056,0.0041484261266148,49.99510058557,36054.206800665
1.725,5.0811220881804,0.64995795016573,0.049946836688188,58.827601154245,0.0042303333285867,49.995101844068,36054.206842557
1.73,5.081100734394,0.64995787948511,0.049946776511603,58.407283705585,0.0043115352738388,49.995103127068,36054.206885265
1.735,5.0810789763409,0.64995780903573,0.049946716574832,57.990047616625,0.0043920373139966,49.995104434357,36054.206928781
1.74,5.0810568175075,0.6499577388169,0.049946656876854,57.575869163248,0.0044718447583107,49.995105765726,36054.206973099
1.745,5.0810342613535,0.64995766882792,0.049946597416653,57.164724824517,0.0045509628740407,49.995107120968,36054.207018211
1.75,5.0810113113126,0.64995759906809,0.049946538193221,56.756591280564,0.004629396886833,49.995108499875,36054.207064111
1.755,5.0809879707925,0.64995752953672,0.049946479205551,56.351445410501,0.0047071519810967,49.995109902244,36054.207110792
1.76,5.0809642431748,0.64995746023311,0.049946420452647,55.949264290361,0.0047842333003736,49.99511132787,36054.207158247
1.765,5.0809401318159,0.64995739115659,0.049946361933515,55.55002519107,0.0048606459477045,49.995112776553,36054.20720647
1.77,5.0809156400464,0.64995732230644,0.049946303647166,55.153705576436,0.0049363949859923,49.995114248092,36054.207255454
1.775,5.0808907711718,0.64995725368199,0.04994624559262,54.760283101177,0.005011485438357,49.995115742288,36054.207305191
1.78,5.0808655284727,0.64995718528255,0.049946187768898,54.369735608966,0.0050859222884936,49.995117258946,36054.207355677
1.785,5.0808399152048,0.64995711710742,0.049946130175029,53.982041130505,0.0051597104810191,49.995118797867,36054.207406903
1.79,5.0808139345992,0.64995704915593,0.049946072810046,53.597177881631,0.0052328549218209,49.99512035886,36054.207458864
1.795,5.0807875898625,0.64995698142739,0.049946015672988,53.215124261431,0.0053053604783977,49.995121941731,36054.207511554
1.8,5.0807608841771,0.6499569139211,0.0499459587629,52.835858850398,0.0053772319801977,49.995123546289,36054.207564965
1.805,5.0807338207013,0.6499568466364,0.049945902078829,52.459360408602,0.0054484742189543,49.995125172344,36054.207619092
1.81,5.0807064025696,0.64995677957259,0.04994584561983,52.085607873887,0.0055190919490183,49.995126819707,36054.207673929
1.815,5.0806786328928,0.649956712729,0.049945789384963,51.714580360089,0.0055890898876817,49.995128488193,36054.207729468
1.82,5.0806505147582,0.64995664610494,0.049945733373291,51.346257155286,0.0056584727155054,49.995130177615,36054.207785704
1.825,5.0806220512298,0.64995657969974,0.049945677583884,50.980617720054,0.0057272450766377,49.995131887789,36054.207842631
1.83,5.0805932453485,0.64995651351272,0.049945622015815,50.617641685763,0.0057954115791311,49.995133618533,36054.207900243
1.835,5.0805641001321,0.64995644754321,0.049945566668164,50.257308852883,0.0058629767952567,49.995135369665,36054.207958533
1.84,5.0805346185759,0.64995638179052,0.049945511540015,49.899599189315,0.0059299452618133,49.995137141005,36054.208017497
1.845,5.0805048036522,0.64995631625399,0.049945456630455,49.544492828746,0.0059963214804354,49.995138932375,36054.208077126
1.85,5.0804746583114,0.64995625093294,0.049945401938579,49.191970069019,0.0060621099178958,49.995140743597,36054.208137417
1.855,5.0804441854811,0.64995618582671,0.049945347463484,48.842011370527,0.0061273150064059,49.995142574497,36054.208198363
1.86,5.0804133880673,0.64995612093461,0.049945293204273,48.494597354629,0.0061919411439137,49.995144424898,36054.208259958
1.865,5.0803822689538,0.64995605625598,0.049945239160055,48.149708802082,0.0062559926943966,49.995146294627,36054.208322196
1.87,5.0803508310027,0.64995599179016,0.049945185329941,47.807326651492,0.0063194739881527,49.995148183514,36054.208385072
1.875,5.0803190770546,0.64995592753648,0.049945131713047,47.46743199779,0.0063823893220887,49.995150091386,36054.20844858
1.88,5.0802870099288,0.64995586349427,0.049945078308496,47.130006090719,0.0064447429600054,49.995152018075,36054.208512714
1.885,5.0802546324232,0.64995579966287,0.049945025115412,46.795030333346,0.0065065391328777,49.995153963413,36054.208577469
1.89,5.0802219473145,0.64995573604161,0.049944972132927,46.462486280591,0.0065677820391359,49.995155927232,36054.208642839
1.895,5.0801889573589,0.64995567262984,0.049944919360176,46.132355637768,0.0066284758449401,49.995157909368,36054.208708819
1.9,5.0801556652915,0.64995560942689,0.049944866796297,45.804620259153,0.0066886246844537,49.995159909655,36054.208775403
1.905,5.0801220738268,0.64995554643211,0.049944814440433,45.479262146563,0.0067482326601145,49.995161927931,36054.208842586
1.91,5.0800881856592,0.64995548364484,0.049944762291735,45.156263447955,0.0068073038429005,49.995163964034,36054.208910362
1.915,5.0800540034625,0.64995542106443,0.049944710349352,44.83560645604,0.0068658422725975,49.995166017803,36054.208978727
1.92,5.0800195298904,0.64995535869021,0.049944658612443,44.517273606913,0.0069238519580589,49.995168089078,36054.209047674
1.925,5.0799847675769,0.64995529652154,0.049944607080168,44.201247478706,0.0069813368774662,49.995170177703,36054.209117199
1.93,5.0799497191358,0.64995523455776,0.049944555751692,43.887510790247,0.0070383009785862,49.995172283518,36054.209187295
1.935,5.0799143871616,0.64995517279822,0.049944504626184,43.576046399742,0.0070947481790245,49.995174406369,36054.209257959
1.94,5.079878774229,0.64995511124228,0.049944453702819,43.266837303471,0.0071506823664784,49.995176546101,36054.209329185
1.945,5.0798428828935,0.64995504988929,0.049944402980773,42.959866634497,0.0072061073989844,49.99517870256,36054.209400968
1.95,5.0798067156914,0.64995498873859,0.04994435245923,42.655117661396,0.0072610271051666,49.995180875594,36054.209473302
1.955,5.0797702751398,0.64995492778955,0.049944302137373,42.352573786993,0.0073154452844802,49.995183065052,36054.209546183
1.96,5.0797335637369,0.64995486704152,0.049944252014394,42.052218547123,0.0073693657074535,49.995185270783,36054.209619606
1.965,5.0796965839623,0.64995480649386,0.049944202089487,41.754035609395,0.0074227921159283,49.995187492639,36054.209693566
1.97,5.0796593382767,0.64995474614593,0.049944152361849,41.458008771984,0.0074757282232951,49.995189730471,36054.209768057
1.975,5.0796218291225,0.64995468599709,0.049944102830682,41.164121962423,0.0075281777147284,49.995191984134,36054.209843075
1.98,5.0795840589237,0.6499546260467,0.049944053495193,40.87235923642,0.007580144247421,49.995194253481,36054.209918616
1.985,5.0795460300859,0.64995456629413,0.049944004354591,40.58270477668,0.0076316314508121,49.995196538367,36054.209994673
1.99,5.079507744997,0.64995450673873,0.049943955408089,40.295142891748,0.0076826429268161,49.99519883865,36054.210071244
1.995,5.0794692060265,0.64995444737988,0.049943906654906,40.009658014861,0.0077331822500491,49.995201154187,36054.210148322
2,5.0794304155265,0.64995438821695,0.049943858094262,39.726234702813,0.0077832529680501,49.995203484837,36054.210225903
2.005,5.0793913758312,0.6499543292493,0.049943809725383,39.444857634832,0.0078328586015054,49.995205830459,36054.210303982
2.01,5.0793520892573,0.64995427047631,0.049943761547498,39.165511611476,0.0078820026444654,49.995208190914,36054.210382555
2.015,5.0793125581042,0.64995421189734,0.049943713559839,38.888181553531,0.0079306885645632,49.995210566064,36054.210461617
2.02,5.0792727846538,0.64995415351177,0.049943665761644,38.612852500933,0.0079789198032297,49.995212955773,36054.210541164
2.025,5.0792327711712,0.64995409531898,0.049943618152151,38.339509611691,0.0080266997759054,49.995215359903,36054.210621191
2.03,5.0791925199041,0.64995403731834,0.049943570730606,38.068138160831,0.008074031872252,49.99521777832,36054.210701694
2.035,5.0791520330836,0.64995397950923,0.049943523496254,37.798723539345,0.0081209194563631,49.995220210889,36054.210782667
2.04,5.0791113129239,0.64995392189103,0.049943476448349,37.531251253159,0.0081673658669679,49.995222657479,36054.210864108
2.045,5.0790703616226,0.64995386446313,0.049943429586143,37.2657069221,0.0082133744176389,49.995225117956,36054.21094601
2.05,5.0790291813609,0.64995380722489,0.049943382908896,37.002076278893,0.0082589483969946,49.995227592189,36054.211028371
2.055,5.0789877743035,0.64995375017572,0.049943336415869,36.740345168149,0.0083040910688987,49.995230080049,36054.211111185
2.06,5.0789461425988,0.64995369331499,0.049943290106327,36.480499545378,0.0083488056726625,49.995232581407,36054.211194448
2.065,5.0789042883792,0.64995363664209,0.04994324397954,36.222525476009,0.0083930954232406,49.995235096134,36054.211278157
2.07,5.078862213761,0.64995358015641,0.04994319803478,35.966409134416,0.0084369635114265,49.995237624104,36054.211362306
2.075,5.0788199208446,0.64995352385734,0.049943152271322,35.712136802962,0.0084804131040467,49.995240165189,36054.211446892
2.08,5.0787774117147,0.64995346774427,0.049943106688445,35.459694871049,0.008523447344153,49.995242719265,36054.21153191
2.085,5.0787346884403,0.6499534118166,0.049943061285433,35.209069834177,0.0085660693512126,49.995245286207,36054.211617357
2.09,5.0786917530747,0.64995335607372,0.049943016061572,34.960248293017,0.0086082822212958,49.995247865893,36054.211703228
2.095,5.0786486076562,0.64995330051502,0.04994297101615,34.713216952492,0.0086500890272638,49.995250458199,36054.211789518
2.1,5.0786052542073,0.6499532451399,0.04994292614846,34.467962620867,0.0086914928189532,49.995253063004,36054.211876225
2.105,5.0785616947356,0.64995318994777,0.049942881457799,34.22447220885,0.0087324966233597,49.995255680188,36054.211963344
2.11,5.0785179312336,0.64995313493803,0.049942836943466,33.9827327287,0.008773103444819,49.995258309631,36054.212050871
2.115,5.0784739656787,0.64995308011006,0.049942792604762,33.742731293351,0.008813316265188,49.995260951213,36054.212138802
2.12,5.0784298000337,0.64995302546329,0.049942748440995,33.504455115536,0.0088531380440214,49.995263604818,36054.212227134
2.125,5.0783854362463,0.64995297099711,0.049942704451474,33.267891506929,0.0088925717187513,49.995266270327,36054.212315861
2.13,5.0783408762498,0.64995291671094,0.049942660635509,33.033027877285,0.0089316202048583,49.995268947625,36054.212404981
2.135,5.0782961219631,0.64995286260418,0.049942616992418,32.799851733607,0.0089702863960491,49.995271636597,36054.21249449
2.14,5.0782511752903,0.64995280867623,0.049942573521519,32.568350679299,0.0090085731644266,49.995274337128,36054.212584383
2.145,5.0782060381215,0.64995275492652,0.049942530222133,32.338512413346,0.0090464833606597,49.995277049105,36054.212674657
2.15,5.0781607123326,0.64995270135446,0.049942487093585,32.110324729496,0.0090840198141532,49.995279772414,36054.212765309
2.155,5.0781151997852,0.64995264795945,0.049942444135204,31.883775515446,0.0091211853332151,49.995282506944,36054.212856334
2.16,5.0780695023271,0.64995259474092,0.049942401346321,31.658852752044,0.0091579827052228,49.995285252585,36054.212947729
2.165,5.078023621792,0.64995254169829,0.049942358726269,31.435544512496,0.0091944146967874,49.995288009225,36054.21303949
2.17,5.0779775600002,0.64995248883097,0.049942316274386,31.213838961579,0.009230484053916,49.995290776756,36054.213131614
2.175,5.077931318758,0.64995243613838,0.049942273990013,30.993724354866,0.0092661935021736,49.995293555068,36054.213224096
2.18,5.0778848998581,0.64995238361996,0.049942231872492,30.775189037955,0.0093015457468442,49.995296344055,36054.213316934
2.185,5.0778383050799,0.64995233127511,0.04994218992117,30.558221445708,0.0093365434730878,49.995299143609,36054.213410123
2.19,5.0777915361894,0.64995227910327,0.049942148135397,30.342810101501,0.009371189346099,49.995301953624,36054.213503661
2.195,5.0777445949392,0.64995222710386,0.049942106514524,30.128943616471,0.0094054860112621,49.995304773995,36054.213597544
2.2,5.0776974830688,0.64995217527631,0.049942065057906,29.916610688785,0.0094394360943069,49.995307604618,36054.213691768
2.205,5.0776502023047,0.64995212362006,0.049942023764902,29.705800102903,0.0094730422014601,49.995310445388,36054.213786329
2.21,5.0776027543603,0.64995207213453,0.049941982634872,29.496500728859,0.0095063069195982,49.995313296203,36054.213881225
2.215,5.0775551409362,0.64995202081916,0.049941941667181,29.28870152154,0.0095392328163987,49.99531615696,36054.213976452
2.22,5.07750736372,0.64995196967338,0.049941900861195,29.08239151998,0.0095718224404877,49.995319027559,36054.214072006
2.225,5.0774594243869,0.64995191869663,0.049941860216284,28.877559846657,0.0096040783215888,49.995321907898,36054.214167885
2.23,5.0774113245993,0.64995186788835,0.049941819731819,28.674195706796,0.0096360029706698,49.995324797877,36054.214264084
2.235,5.0773630660072,0.64995181724797,0.049941779407177,28.472288387682,0.0096675988800871,49.995327697398,36054.214360602
2.24,5.0773146502481,0.64995176677494,0.049941739241736,28.271827257977,0.0096988685237321,49.995330606362,36054.214457433
2.245,5.0772660789472,0.64995171646871,0.049941699234875,28.072801767047,0.0097298143571716,49.995333524672,36054.214554576
2.25,5.0772173537176,0.6499516663287,0.049941659385978,27.875201444292,0.0097604388177903,49.99533645223,36054.214652026
2.255,5.0771684761599,0.64995161635438,0.049941619694433,27.679015898484,0.0097907443249322,49.99533938894,36054.214749781
2.26,5.0771194478632,0.64995156654519,0.049941580159627,27.484234817112,0.0098207332800379,49.995342334707,36054.214847838
2.265,5.077070270404,0.64995151690057,0.049941540780952,27.290847965731,0.0098504080667845,49.995345289436,36054.214946193
2.27,5.0770209453475,0.64995146741998,0.049941501557804,27.098845187325,0.0098797710512216,49.995348253034,36054.215044843
2.275,5.0769714742467,0.64995141810287,0.049941462489578,26.908216401663,0.0099088245819068,49.995351225406,36054.215143785
2.28,5.0769218586432,0.64995136894869,0.049941423575675,26.718951604673,0.0099375709900406,49.99535420646,36054.215243016
2.285,5.0768721000667,0.6499513199569,0.049941384815497,26.531040867817,0.0099660125895999,49.995357196105,36054.215342534
2.29,5.0768222000357,0.64995127112696,0.049941346208449,26.344474337471,0.0099941516774704,49.995360194248,36054.215442334
2.295,5.0767721600569,0.64995122245832,0.049941307753938,26.159242234315,0.010021990533576,49.9953632008,36054.215542414
2.3,5.0767219816259,0.64995117395044,0.049941269451375,25.975334852724,0.010049531421013,49.995366215671,36054.21564277
2.305,5.076671666227,0.64995112560279,0.049941231300173,25.792742560168,0.010076776586174,49.995369238771,36054.215743401
2.31,5.0766212153332,0.64995107741483,0.049941193299747,25.61145579662,0.010103728258878,49.995372270012,36054.215844303
2.315,5.0765706304064,0.64995102938602,0.049941155449515,25.431465073958,0.0101303886525,49.995375309306,36054.215945473
2.32,5.0765199128976,0.64995098151582,0.049941117748897,25.252760975392,0.01015675996409,49.995378356566,36054.216046908
2.325,5.0764690642468,0.64995093380371,0.049941080197316,25.075334154877,0.010182844374504,49.995381411706,36054.216148605
2.33,5.076418085883,0.64995088624916,0.049941042794198,24.899175336544,0.010208644048526,49.995384474639,36054.216250562
2.335,5.0763669792247,0.64995083885163,0.049941005538971,24.724275314132,0.010234161134988,49.99538754528,36054.216352775
2.34,5.0763157456793,0.64995079161061,0.049940968431065,24.550624950425,0.010259397766896,49.995390623545,36054.216455242
2.345,5.076264386644,0.64995074452555,0.049940931469913,24.378215176696,0.010284356061544,49.99539370935,36054.21655796
2.35,5.0762129035052,0.64995069759594,0.04994089465495,24.207036992152,0.010309038120642,49.995396802612,36054.216660927
2.355,5.0761612976389,0.64995065082125,0.049940857985615,24.037081463392,0.010333446030427,49.995399903247,36054.216764138
2.36,5.0761095704106,0.64995060420097,0.049940821461347,23.868339723863,0.010357581861785,49.995403011174,36054.216867593
2.365,5.0760577231756,0.64995055773457,0.049940785081589,23.700802973323,0.010381447670366,49.995406126312,36054.216971287
2.37,5.0760057572789,0.64995051142154,0.049940748845786,23.534462477309,0.010405045496701,49.995409248579,36054.217075219
2.375,5.0759536740555,0.64995046526135,0.049940712753386,23.369309566612,0.010428377366314,49.995412377895,36054.217179386
2.38,5.0759014748301,0.64995041925349,0.049940676803838,23.205335636752,0.010451445289839,49.995415514181,36054.217283784
2.385,5.0758491609174,0.64995037339746,0.049940640996594,23.042532147467,0.010474251263129,49.995418657358,36054.217388412
2.39,5.0757967336223,0.64995032769273,0.049940605331109,22.880890622191,0.010496797267373,49.995421807347,36054.217493266
2.395,5.0757441942397,0.64995028213879,0.049940569806839,22.720402647558,0.010519085269202,49.995424964071,36054.217598345
2.4,5.0756915440548,0.64995023673514,0.049940534423244,22.561059872887,0.010541117220803,49.995428127452,36054.217703646
2.405,5.075638784343,0.64995019148127,0.049940499179785,22.402854009692,0.010562895060025,49.995431297413,36054.217809165
2.41,5.07558591637,0.64995014637667,0.049940464075926,22.245776831184,0.010584420710488,49.99543447388,36054.217914901
2.415,5.0755329413921,0.64995010142084,0.049940429111132,22.089820171784,0.010605696081693,49.995437656775,36054.218020851
2.42,5.0754798606559,0.64995005661327,0.049940394284872,21.934975926636,0.010626723069125,49.995440846025,36054.218127012
2.425,5.0754266753987,0.64995001195347,0.049940359596617,21.781236051124,0.010647503554359,49.995444041555,36054.218233383
2.43,5.0753733868483,0.64994996744093,0.049940325045838,21.628592560403,0.01066803940517,49.995447243291,36054.21833996
2.435,5.0753199962232,0.64994992307515,0.049940290632011,21.477037528917,0.01068833247563,49.99545045116,36054.218446741
2.44,5.0752665047328,0.64994987885564,0.049940256354614,21.326563089941,0.010708384606213,49.995453665089,36054.218553724
2.445,5.0752129135773,0.6499498347819,0.049940222213125,21.177161435109,0.010728197623902,49.995456885007,36054.218660906
2.45,5.0751592239477,0.64994979085344,0.049940188207025,21.028824813959,0.010747773342282,49.995460110841,36054.218768286
2.455,5.075105437026,0.64994974706977,0.049940154335799,20.881545533477,0.010767113561649,49.99546334252,36054.21887586
2.46,5.0750515539851,0.64994970343038,0.049940120598933,20.735315957645,0.010786220069105,49.995466579975,36054.218983626
2.465,5.0749975759894,0.64994965993481,0.049940086995914,20.590128506993,0.010805094638658,49.995469823135,36054.219091582
2.47,5.0749435041941,0.64994961658255,0.049940053526233,20.445975658155,0.010823739031321,49.995473071931,36054.219199725
2.475,5.0748893397457,0.64994957337312,0.049940020189381,20.302849943431,0.010842154995208,49.995476326293,36054.219308054
2.48,5.074835083782,0.64994953030604,0.049939986984854,20.160743950353,0.01086034426563,49.995479586154,36054.219416566
2.485,5.0747807374322,0.64994948738082,0.049939953912147,20.019650321248,0.010878308565197,49.995482851446,36054.219525259
2.49,5.074726301817,0.64994944459698,0.04993992097076,19.879561752813,0.010896049603905,49.995486122101,36054.21963413
2.495,5.0746717780483,0.64994940195404,0.049939888160193,19.740470995693,0.010913569079233,49.995489398053,36054.219743178
2.5,5.0746171672298,0.64994935945152,0.049939855479948,19.602370854055,0.010930868676239,49.995492679234,36054.219852399
2.505,5.0745624704568,0.64994931708894,0.049939822929531,19.465254185175,0.010947950067651,49.995495965581,36054.219961793
2.51,5.0745076888161,0.64994927486583,0.049939790508448,19.329113899024,0.010964814913959,49.995499257026,36054.220071356
2.515,5.0744528233863,0.64994923278171,0.049939758216209,19.193942957858,0.010981464863507,49.995502553506,36054.220181087
2.52,5.0743978752379,0.64994919083611,0.049939726052324,19.059734375811,0.010997901552584,49.995505854955,36054.220290983
2.525,5.0743428454331,0.64994914902856,0.049939694016306,18.926481218493,0.011014126605512,49.995509161311,36054.220401043
2.53,5.074287735026,0.64994910735859,0.049939662107669,18.794176602593,0.011030141634736,49.99551247251,36054.220511264
2.535,5.0742325450629,0.64994906582573,0.049939630325932,18.662813695478,0.011045948240916,49.995515788488,36054.220621644
2.54,5.0741772765818,0.64994902442951,0.049939598670613,18.532385714808,0.011061548013008,49.995519109184,36054.22073218
2.545,5.074121930613,0.64994898316947,0.049939567141233,18.40288592814,0.011076942528358,49.995522434536,36054.220842872
2.55,5.0740665081789,0.64994894204514,0.049939535737314,18.274307652546,0.011092133352784,49.995525764482,36054.220953717
2.555,5.0740110102941,0.64994890105605,0.049939504458381,18.146644254232,0.011107122040663,49.995529098962,36054.221064713
2.56,5.0739554379654,0.64994886020176,0.049939473303962,18.019889148156,0.011121910135017,49.995532437914,36054.221175858
2.565,5.0738997921919,0.6499488194818,0.049939442273585,17.894035797653,0.011136499167595,49.995535781279,36054.221287149
2.57,5.0738440739652,0.6499487788957,0.04993941136678,17.769077714065,0.011150890658961,49.995539128997,36054.221398586
2.575,5.0737882842693,0.64994873844302,0.049939380583081,17.645008456367,0.011165086118571,49.995542481009,36054.221510165
2.58,5.0737324240805,0.6499486981233,0.04993934992202,17.521821630806,0.011179087044862,49.995545837257,36054.221621885
2.585,5.0736764943678,0.64994865793608,0.049939319383136,17.399510890534,0.011192894925329,49.995549197682,36054.221733745
2.59,5.0736204960928,0.64994861788091,0.049939288965965,17.278069935248,0.011206511236608,49.995552562226,36054.221845741
2.595,5.0735644302097,0.64994857795734,0.049939258670049,17.157492510836,0.011219937444556,49.995555930833,36054.221957873
2.6,5.0735082976653,0.64994853816493,0.049939228494928,17.037772409022,0.011233175004333,49.995559303445,36054.222070138
2.605,5.0734520993993,0.64994849850321,0.049939198440148,16.918903467011,0.011246225360477,49.995562680005,36054.222182535
2.61,5.0733958363442,0.64994845897175,0.049939168505253,16.800879567148,0.011259089946987,49.995566060458,36054.222295061
2.615,5.0733395094252,0.6499484195701,0.04993913868979,16.683694636567,0.011271770187398,49.995569444748,36054.222407715
2.62,5.0732831195605,0.64994838029782,0.04993910899331,16.56734264685,0.01128426749486,49.995572832821,36054.222520495
2.625,5.0732266676614,0.64994834115446,0.049939079415364,16.451817613691,0.011296583272213,49.99557622462,36054.222633398
2.63,5.073170154632,0.64994830213958,0.049939049955503,16.337113596556,0.011308718912068,49.995579620092,36054.222746424
2.635,5.0731135813696,0.64994826325274,0.049939020613284,16.223224698348,0.011320675796875,49.995583019184,36054.222859571
2.64,5.0730569487644,0.64994822449351,0.049938991388262,16.110145065083,0.011332455299005,49.995586421841,36054.222972836
2.645,5.0730002577001,0.64994818586145,0.049938962279996,15.997868885552,0.011344058780821,49.99558982801,36054.223086218
2.65,5.0729435090534,0.64994814735612,0.049938933288046,15.886390391006,0.011355487594754,49.995593237639,36054.223199716
2.655,5.0728867036942,0.64994810897708,0.049938904411974,15.775703854824,0.011366743083371,49.995596650675,36054.223313326
2.66,5.0728298424858,0.64994807072391,0.049938875651343,15.665803592199,0.011377826579457,49.995600067067,36054.223427049
2.665,5.0727729262851,0.64994803259618,0.049938847005719,15.556683959818,0.011388739406077,49.995603486763,36054.223540881
2.67,5.0727159559419,0.64994799459345,0.049938818474669,15.448339355548,0.011399482876656,49.995606909712,36054.223654822
2.675,5.0726589322998,0.6499479567153,0.049938790057761,15.340764218123,0.011410058295044,49.995610335864,36054.223768869
2.68,5.072601856196,0.64994791896129,0.049938761754567,15.233953026836,0.011420466955591,49.995613765167,36054.223883021
2.685,5.0725447284609,0.64994788133101,0.049938733564657,15.127900301232,0.011430710143215,49.995617197573,36054.223997277
2.69,5.0724875499188,0.64994784382402,0.049938705487607,15.0226006008,0.011440789133469,49.995620633031,36054.224111634
2.695,5.0724303213874,0.64994780643991,0.049938677522992,14.918048524674,0.011450705192617,49.995624071493,36054.224226091
2.7,5.0723730436784,0.64994776917826,0.04993864967039,14.814238711334,0.011460459577694,49.99562751291,36054.224340646
2.705,5.0723157175969,0.64994773203864,0.049938621929378,14.711165838307,0.011470053536578,49.995630957233,36054.224455298
2.71,5.0722583439421,0.64994769502063,0.049938594299539,14.608824621873,0.011479488308059,49.995634404414,36054.224570046
2.715,5.0722009235067,0.64994765812382,0.049938566780454,14.507209816774,0.011488765121903,49.995637854406,36054.224684887
2.72,5.0721434570776,0.6499476213478,0.049938539371707,14.406316215921,0.011497885198919,49.995641307162,36054.22479982
2.725,5.0720859454354,0.64994758469214,0.049938512072884,14.30613865011,0.011506849751024,49.995644762634,36054.224914843
2.73,5.0720283893547,0.64994754815643,0.049938484883572,14.206671987734,0.011515659981312,49.995648220776,36054.225029955
2.735,5.0719707896042,0.64994751174027,0.04993845780336,14.107911134503,0.011524317084113,49.995651681541,36054.225145154
2.74,5.0719131469466,0.64994747544324,0.049938430831839,14.00985103316,0.011532822245062,49.995655144885,36054.22526044
2.745,5.0718554621386,0.64994743926492,0.049938403968601,13.912486663206,0.011541176641162,49.995658610761,36054.225375809
2.75,5.0717977359311,0.64994740320493,0.049938377213239,13.815813040621,0.011549381440845,49.995662079125,36054.225491262
2.755,5.0717399690693,0.64994736726283,0.049938350565349,13.719825217593,0.011557437804036,49.995665549932,36054.225606796
2.76,5.0716821622924,0.64994733143825,0.049938324024527,13.624518282243,0.011565346882218,49.995669023136,36054.225722409
2.765,5.0716243163341,0.64994729573075,0.049938297590373,13.529887358361,0.011573109818489,49.995672498695,36054.225838101
2.77,5.0715664319221,0.64994726013996,0.049938271262487,13.435927605131,0.011580727747629,49.995675976564,36054.22595387
2.775,5.0715085097788,0.64994722466546,0.049938245040469,13.342634216875,0.011588201796156,49.9956794567,36054.226069714
2.78,5.0714505506208,0.64994718930685,0.049938218923924,13.250002422781,0.011595533082389,49.99568293906,36054.226185632
2.785,5.0713925551591,0.64994715406373,0.049938192912456,13.158027486648,0.011602722716507,49.995686423602,36054.226301623
2.79,5.0713345240991,0.64994711893572,0.049938167005671,13.066704706628,0.011609771800611,49.995689910282,36054.226417685
2.795,5.0712764581411,0.64994708392241,0.049938141203177,12.976029414962,0.011616681428779,49.995693399059,36054.226533817
2.8,5.0712183579794,0.6499470490234,0.049938115504585,12.885996977736,0.011623452687129,49.995696889891,36054.226650018
2.805,5.0711602243034,0.64994701423831,0.049938089909503,12.796602794617,0.011630086653873,49.995700382736,36054.226766285
2.81,5.0711020577967,0.64994697956674,0.049938064417546,12.707842298613,0.011636584399381,49.995703877555,36054.226882618
2.815,5.0710438591379,0.6499469450083,0.049938039028327,12.619710955816,0.011642946986229,49.995707374305,36054.226999015
2.82,5.070985629,0.64994691056261,0.049938013741461,12.532204265162,0.011649175469265,49.995710872946,36054.227115476
2.825,5.0709273680511,0.64994687622926,0.049937988556565,12.445317758179,0.011655270895661,49.995714373439,36054.227231998
2.83,5.0708690769538,0.64994684200789,0.049937963473258,12.359046998753,0.01166123430497,49.995717875743,36054.22734858
2.835,5.0708107563656,0.64994680789809,0.04993793849116,12.273387582879,0.011667066729181,49.995721379818,36054.227465221
2.84,5.0707524069389,0.64994677389949,0.049937913609892,12.188335138429,0.011672769192773,49.995724885627,36054.22758192
2.845,5.0706940293209,0.64994674001171,0.049937888829077,12.103885324909,0.011678342712775,49.995728393129,36054.227698675
2.85,5.0706356241539,0.64994670623436,0.04993786414834,12.020033833229,0.011683788298816,49.995731902287,36054.227815485
2.855,5.0705771920751,0.64994667256705,0.049937839567305,11.936776385465,0.011689106953179,49.995735413062,36054.22793235
2.86,5.0705187337166,0.64994663900943,0.049937815085601,11.854108734633,0.011694299670855,49.995738925415,36054.228049266
2.865,5.0704602497056,0.64994660556109,0.049937790702856,11.772026664454,0.011699367439599,49.99574243931,36054.228166234
2.87,5.0704017406645,0.64994657222167,0.0499377664187,11.690525989128,0.011704311239979,49.995745954709,36054.228283252
2.875,5.0703432072107,0.6499465389908,0.049937742232764,11.609602553113,0.011709132045428,49.995749471574,36054.228400319
2.88,5.0702846499566,0.64994650586809,0.049937718144683,11.529252230891,0.011713830822302,49.99575298987,36054.228517434
2.885,5.0702260695102,0.64994647285318,0.049937694154089,11.449470926755,0.011718408529925,49.995756509559,36054.228634595
2.89,5.0701674664743,0.64994643994569,0.049937670260619,11.370254574581,0.011722866120643,49.995760030605,36054.228751801
2.895,5.0701088414472,0.64994640714526,0.04993764646391,11.291599137615,0.011727204539874,49.995763552972,36054.228869051
2.9,5.0700501950225,0.64994637445151,0.049937622763601,11.213500608251,0.01173142472616,49.995767076626,36054.228986344
2.905,5.0699915277888,0.64994634186408,0.049937599159331,11.135955007819,0.011735527611215,49.995770601529,36054.229103678
2.91,5.0699328403306,0.64994630938259,0.049937575650742,11.058958386367,0.011739514119977,49.995774127648,36054.229221053
2.915,5.0698741332272,0.64994627700669,0.049937552237476,10.982506822455,0.011743385170654,49.995777654946,36054.229338467
2.92,5.0698154070539,0.64994624473601,0.049937528919179,10.906596422938,0.011747141674779,49.995781183391,36054.22945592
2.925,5.069756662381,0.64994621257019,0.049937505695494,10.83122332276,0.01175078453725,49.995784712947,36054.229573409
2.93,5.0696978997745,0.64994618050886,0.04993748256607,10.756383684746,0.011754314656386,49.995788243581,36054.229690934
2.935,5.0696391197959,0.64994614855167,0.049937459530554,10.6820736994,0.011757732923971,49.995791775258,36054.229808494
2.94,5.0695803230023,0.64994611669825,0.049937436588595,10.608289584694,0.011761040225301,49.995795307946,36054.229926088
2.945,5.0695215099463,0.64994608494825,0.049937413739846,10.53502758587,0.011764237439233,49.995798841611,36054.230043714
2.95,5.0694626811762,0.6499460533013,0.049937390983957,10.462283975241,0.011767325438233,49.99580237622,36054.230161371
2.955,5.0694038372359,0.64994602175707,0.049937368320582,10.390055051985,0.011770305088417,49.995805911741,36054.230279059
2.96,5.0693449786649,0.64994599031518,0.049937345749377,10.318337141953,0.011773177249606,49.99580944814,36054.230396776
2.965,5.0692861059987,0.64994595897529,0.049937323269998,10.247126597472,0.011775942775361,49.995812985386,36054.230514522
2.97,5.0692272197682,0.64994592773705,0.049937300882101,10.176419797146,0.011778602513039,49.995816523448,36054.230632294
2.975,5.0691683205004,0.6499458966001,0.049937278585346,10.106213145669,0.011781157303829,49.995820062293,36054.230750093
2.98,5.0691094087179,0.64994586556409,0.049937256379392,10.036503073627,0.011783607982802,49.995823601889,36054.230867916
2.985,5.0690504849391,0.64994583462868,0.049937234263903,9.9672860373123,0.011785955378956,49.995827142207,36054.230985764
2.99,5.0689915496784,0.64994580379352,0.049937212238538,9.8985585185329,0.011788200315256,49.995830683214,36054.231103634
2.995,5.0689326034462,0.64994577305826,0.049937190302964,9.8303170244244,0.011790343608682,49.99583422488,36054.231221527
3,5.0688736467486,0.64994574242255,0.049937168456845,9.7625580872654,0.011792386070269,49.995837767176,36054.23133944
3.005,5.0688146800877,0.64994571188606,0.049937146699848,9.6952782642925,0.011794328505153,49.995841310069,36054.231457373
3.01,5.0687557039617,0.64994568144844,0.04993712503164,9.6284741375167,0.011796171712612,49.995844853532,36054.231575326
3.015,5.0686967188647,0.64994565110935,0.04993710345189,9.5621423135424,0.011797916486108,49.995848397534,36054.231693296
3.02,5.068637725287,0.64994562086845,0.049937081960269,9.4962794233866,0.011799563613332,49.995851942045,36054.231811283
3.025,5.0685787237149,0.6499455907254,0.049937060556449,9.4308821223006,0.011801113876243,49.995855487036,36054.231929286
3.03,5.0685197146306,0.64994556067986,0.049937039240102,9.3659470895913,0.01180256805111,49.995859032479,36054.232047304
3.035,5.0684606985129,0.6499455307315,0.049937018010901,9.3014710284466,0.011803926908554,49.995862578344,36054.232165337
3.04,5.0684016758362,0.64994550087998,0.049936996868523,9.2374506657592,0.01180519121359,49.995866124604,36054.232283382
3.045,5.0683426470716,0.64994547112496,0.049936975812644,9.1738827519537,0.011806361725665,49.995869671229,36054.23240144
3.05,5.0682836126861,0.64994544146611,0.049936954842942,9.110764060814,0.0118074391987,49.995873218192,36054.232519508
3.055,5.068224573143,0.6499454119031,0.049936933959095,9.0480913893134,0.011808424381129,49.995876765465,36054.232637587
3.06,5.0681655289019,0.6499453824356,0.049936913160784,8.9858615574438,0.011809318015942,49.99588031302,36054.232755676
3.065,5.0681064804187,0.64994535306327,0.04993689244769,8.9240714080481,0.011810120840718,49.99588386083,36054.232873773
3.07,5.0680474281457,0.6499453237858,0.049936871819495,8.8627178066532,0.011810833587671,49.995887408868,36054.232991877
3.075,5.0679883725314,0.64994529460284,0.049936851275884,8.801797641304,0.011811456983686,49.995890957106,36054.233109989
3.08,5.0679293140208,0.64994526551409,0.04993683081654,8.7413078223992,0.011811991750354,49.995894505519,36054.233228106
3.085,5.0678702530553,0.6499452365192,0.049936810441152,8.6812452825278,0.011812438604019,49.995898054079,36054.233346228
3.09,5.0678111900726,0.64994520761785,0.049936790149405,8.6216069763076,0.011812798255806,49.99590160276,36054.233464354
3.095,5.067752125507,0.64994517880973,0.049936769940988,8.5623898802239,0.011813071411666,49.995905151536,36054.233582483
3.1,5.0676930597892,0.64994515009451,0.049936749815591,8.50359099247,0.011813258772411,49.995908700382,36054.233700614
3.105,5.0676339933465,0.64994512147186,0.049936729772905,8.4452073327895,0.011813361033751,49.995912249271,36054.233818747
3.11,5.0675749266027,0.64994509294147,0.049936709812621,8.3872359423184,0.01181337888633,49.995915798178,36054.23393688
3.115,5.067515859978,0.64994506450303,0.049936689934434,8.3296738834298,0.011813313015764,49.995919347078,36054.234055014
3.12,5.0674567938894,0.6499450361562,0.049936670138036,8.2725182395787,0.011813164102678,49.995922895946,36054.234173146
3.125,5.0673977287505,0.64994500790068,0.049936650423124,8.2157661151485,0.011812932822741,49.995926444757,36054.234291276
3.13,5.0673386649714,0.64994497973615,0.049936630789394,8.1594146352986,0.011812619846701,49.995929993486,36054.234409404
3.135,5.0672796029589,0.64994495166229,0.049936611236544,8.1034609458135,0.011812225840422,49.995933542109,36054.234527528
3.14,5.0672205431165,0.6499449236788,0.049936591764272,8.0479022129521,0.011811751464919,49.995937090601,36054.234645647
3.145,5.0671614858444,0.64994489578535,0.04993657237228,7.9927356232988,0.011811197376393,49.995940638939,36054.234763762
3.15,5.0671024315397,0.64994486798165,0.049936553060267,7.9379583836157,0.011810564226264,49.995944187099,36054.234881871
3.155,5.0670433805959,0.64994484026737,0.049936533827936,7.8835677206963,0.011809852661211,49.995947735057,36054.234999972
3.16,5.0669843334035,0.64994481264221,0.049936514674991,7.829560881219,0.011809063323199,49.995951282789,36054.235118067
3.165,5.0669252903499,0.64994478510586,0.049936495601135,7.7759351316029,0.011808196849518,49.995954830273,36054.235236153
3.17,5.0668662518191,0.64994475765801,0.049936476606075,7.7226877578644,0.011807253872814,49.995958377485,36054.23535423
3.175,5.0668072181921,0.64994473029836,0.049936457689517,7.669816065475,0.011806235021126,49.995961924403,36054.235472297
3.18,5.0667481898468,0.6499447030266,0.049936438851169,7.6173173792195,0.011805140917915,49.995965471003,36054.235590354
3.185,5.0666891671577,0.64994467584244,0.049936420090739,7.5651890430558,0.011803972182101,49.995969017263,36054.235708399
3.19,5.0666301504966,0.64994464874555,0.049936401407938,7.513428419976,0.011802729428092,49.995972563161,36054.235826433
3.195,5.066571140232,0.64994462173566,0.049936382802476,7.4620328918678,0.011801413265821,49.995976108675,36054.235944453
3.2,5.0665121367294,0.64994459481244,0.049936364274066,7.4109998593779,0.011800024300773,49.995979653782,36054.23606246
3.205,5.0664531403515,0.64994456797561,0.049936345822421,7.3603267417751,0.011798563134023,49.995983198461,36054.236180453
3.21,5.0663941514576,0.64994454122487,0.049936327447255,7.310010976816,0.011797030362261,49.995986742691,36054.236298431
3.215,5.0663351704044,0.64994451455991,0.049936309148284,7.2600500206106,0.011795426577831,49.99599028645,36054.236416393
3.22,5.0662761975455,0.64994448798045,0.049936290925223,7.2104413474887,0.011793752368756,49.995993829716,36054.236534339
3.225,5.0662172332314,0.64994446148618,0.04993627277779,7.1611824498688,0.011792008318775,49.995997372469,36054.236652267
3.23,5.06615827781,0.64994443507681,0.049936254705703,7.1122708381262,0.011790195007368,49.996000914688,36054.236770178
3.235,5.0660993316262,0.64994440875205,0.049936236708683,7.0637040404633,0.011788313009791,49.996004456351,36054.23688807
3.24,5.066040395022,0.6499443825116,0.049936218786449,7.01547960278,0.011786362897104,49.996007997439,36054.237005944
3.245,5.0659814683364,0.64994435635518,0.049936200938724,6.9675950885459,0.011784345236203,49.996011537931,36054.237123797
3.25,5.0659225519059,0.64994433028249,0.049936183165229,6.920048078673,0.01178226058985,49.996015077807,36054.23724163
3.255,5.0658636460641,0.64994430429325,0.049936165465689,6.8728361713893,0.011780109516702,49.996018617047,36054.237359442
3.26,5.0658047511415,0.64994427838716,0.049936147839828,6.8259569821134,0.011777892571339,49.99602215563,36054.237477231
3.265,5.0657458674663,0.64994425256393,0.049936130287372,6.7794081433303,0.011775610304297,49.996025693538,36054.237594999
3.27,5.0656869953637,0.64994422682329,0.049936112808047,6.7331873044677,0.011773263262095,49.996029230751,36054.237712743
3.275,5.0656281351562,0.64994420116495,0.049936095401581,6.6872921317736,0.011770851987264,49.996032767249,36054.237830463
3.28,5.0655692871637,0.64994417558862,0.049936078067704,6.6417203081942,0.011768377018375,49.996036303013,36054.237948159
3.285,5.0655104517032,0.64994415009401,0.049936060806144,6.5964695332539,0.011765838890071,49.996039838024,36054.23806583
3.29,5.0654516290893,0.64994412468085,0.049936043616633,6.5515375229345,0.01176323813309,49.996043372263,36054.238183475
3.295,5.0653928196337,0.64994409934886,0.049936026498902,6.5069220095572,0.011760575274299,49.996046905711,36054.238301094
3.3,5.0653340236457,0.64994407409775,0.049936009452684,6.4626207416637,0.011757850836716,49.996050438351,36054.238418686
3.305,5.0652752414319,0.64994404892724,0.049935992477713,6.4186314838994,0.011755065339542,49.996053970162,36054.238536251
3.31,5.0652164732963,0.64994402383705,0.049935975573723,6.3749520168969,0.011752219298188,49.996057501128,36054.238653787
3.315,5.0651577195404,0.64994399882692,0.04993595874045,6.3315801371607,0.0117493132243,49.99606103123,36054.238771295
3.32,5.065098980463,0.64994397389656,0.049935941977631,6.2885136569522,0.011746347625788,49.99606456045,36054.238888773
3.325,5.0650402563605,0.64994394904569,0.049935925285003,6.2457504041762,0.011743323006853,49.99606808877,36054.239006221
3.33,5.0649815475268,0.64994392427404,0.049935908662305,6.2032882222679,0.011740239868012,49.996071616173,36054.239123639
3.335,5.0649228542532,0.64994389958134,0.049935892109277,6.1611249700809,0.011737098706127,49.996075142641,36054.239241025
3.34,5.0648641768286,0.64994387496731,0.049935875625659,6.1192585217755,0.01173390001443,49.996078668157,36054.23935838
3.345,5.0648055155395,0.64994385043169,0.049935859211192,6.0776867667088,0.011730644282548,49.996082192703,36054.239475703
3.35,5.0647468706698,0.64994382597419,0.049935842865619,6.0364076093246,0.011727331996531,49.996085716263,36054.239592992
3.355,5.0646882425011,0.64994380159456,0.049935826588684,5.9954189690451,0.011723963638877,49.996089238819,36054.239710249
3.36,5.0646296313126,0.64994377729252,0.049935810380131,5.9547187801621,0.011720539688557,49.996092760355,36054.239827471
3.365,5.064571037381,0.6499437530678,0.049935794239704,5.9143049917304,0.011717060621041,49.996096280854,36054.239944659
3.37,5.0645124609808,0.64994372892014,0.049935778167151,5.8741755674612,0.011713526908324,49.9960998003,36054.240061812
3.375,5.064453902384,0.64994370484927,0.049935762162218,5.8343284856161,0.011709939018949,49.996103318676,36054.240178929
3.38,5.0643953618603,0.64994368085493,0.049935746224654,5.7947617389028,0.011706297418033,49.996106835967,36054.24029601
3.385,5.0643368396772,0.64994365693685,0.049935730354207,5.7554733343706,0.011702602567292,49.996110352155,36054.240413054
3.3899999999999,5.0642783360997,0.64994363309476,0.049935714550627,5.7164612933072,0.011698854925066,49.996113867225,36054.240530061
3.3949999999999,5.0642198513908,0.64994360932841,0.049935698813666,5.6777236511358,0.011695054946339,49.996117381162,36054.240647031
3.3999999999999,5.0641613858108,0.64994358563754,0.049935683143075,5.6392584573139,0.011691203082771,49.99612089395,36054.240763962
3.4049999999999,5.0641029396183,0.64994356202187,0.049935667538607,5.6010637752318,0.011687299782714,49.996124405572,36054.240880854
3.4099999999999,5.0640445130691,0.64994353848116,0.049935652000015,5.5631376821119,0.011683345491241,49.996127916014,36054.240997708
3.4149999999999,5.0639861064172,0.64994351501514,0.049935636527053,5.5254782689101,0.011679340650167,49.996131425261,36054.241114521
3.4199999999999,5.0639277199142,0.64994349162356,0.049935621119478,5.488083640216,0.011675285698075,49.996134933298,36054.241231294
3.4249999999999,5.0638693538097,0.64994346830616,0.049935605777046,5.4509519141552,0.011671181070334,49.996138440108,36054.241348026
3.4299999999999,5.0638110083508,0.64994344506268,0.049935590499513,5.414081222292,0.01166702719913,49.996141945678,36054.241464717
3.4349999999999,5.0637526837828,0.64994342189287,0.049935575286638,5.3774697095322,0.011662824513482,49.996145449993,36054.241581366
3.4399999999999,5.0636943803487,0.64994339879647,0.04993556013818,5.3411155340276,0.011658573439267,49.996148953039,36054.241697973
3.4449999999999,5.0636360982893,0.64994337577323,0.049935545053899,5.3050168670803,0.011654274399244,49.9961524548,36054.241814537
3.4499999999999,5.0635778378435,0.64994335282289,0.049935530033555,5.2691718930484,0.011649927813076,49.996155955262,36054.241931058
3.4549999999999,5.0635195992479,0.64994332994522,0.04993551507691,5.2335788092521,0.011645534097351,49.996159454412,36054.242047535
3.4599999999999,5.0634613827372,0.64994330713994,0.049935500183727,5.1982358258804,0.011641093665602,49.996162952234,36054.242163968
3.4649999999999,5.0634031885438,0.64994328440682,0.049935485353768,5.1631411658982,0.011636606928337,49.996166448716,36054.242280357
3.4699999999999,5.0633450168984,0.64994326174561,0.049935470586799,5.1282930649552,0.011632074293051,49.996169943843,36054.2423967
3.4749999999999,5.0632868680294,0.64994323915605,0.049935455882583,5.0936897712943,0.011627496164255,49.996173437601,36054.242512998
3.4799999999999,5.0632287421632,0.6499432166379,0.049935441240888,5.0593295456609,0.011622872943493,49.996176929978,36054.242629249
3.4849999999999,5.0631706395244,0.64994319419091,0.04993542666148,5.0252106612135,0.011618205029365,49.996180420959,36054.242745455
3.4899999999999,5.0631125603354,0.64994317181484,0.049935412144127,4.9913314034342,0.01161349281755,49.996183910531,36054.242861613
3.4949999999999,5.0630545048167,0.64994314950945,0.049935397688597,4.95769007004,0.011608736700822,49.99618739868,36054.242977724
3.4999999999999,5.062996473187,0.64994312727448,0.049935383294659,4.9242849708953,0.011603937069077,49.996190885395,36054.243093787
3.5049999999999,5.0629384656627,0.6499431051097,0.049935368962084,4.8911144279245,0.011599094309349,49.996194370661,36054.243209802
3.5099999999999,5.0628804824586,0.64994308301486,0.049935354690643,4.8581767750253,0.011594208805832,49.996197854466,36054.243325769
3.5149999999999,5.0628225237874,0.64994306098972,0.049935340480108,4.8254703579827,0.011589280939901,49.996201336796,36054.243441686
3.5199999999999,5.06276458986,0.64994303903404,0.049935326330251,4.7929935343838,0.011584311090134,49.996204817641,36054.243557554
3.5249999999999,5.0627066808855,0.64994301714759,0.049935312240846,4.7607446735332,0.011579299632327,49.996208296986,36054.243673372
3.5299999999999,5.0626487970708,0.64994299533012,0.049935298211667,4.7287221563681,0.011574246939519,49.996211774819,36054.24378914
3.5349999999999,5.0625909386213,0.64994297358139,0.04993528424249,4.696924375376,0.011569153382009,49.996215251128,36054.243904856
3.5399999999999,5.0625331057404,0.64994295190117,0.04993527033309,4.6653497345105,0.011564019327377,49.996218725901,36054.244020522
3.5449999999999,5.0624752986296,0.64994293028923,0.049935256483245,4.6339966491103,0.011558845140503,49.996222199126,36054.244136136
3.5499999999999,5.0624175174888,0.64994290874532,0.049935242692732,4.6028635458165,0.011553631183586,49.99622567079,36054.244251699
3.5549999999999,5.0623597625157,0.6499428872692,0.04993522896133,4.5719488624919,0.011548377816165,49.996229140882,36054.244367209
3.5599999999999,5.0623020339068,0.64994286586066,0.049935215288818,4.5412510481407,0.011543085395136,49.99623260939,36054.244482666
3.5649999999999,5.0622443318562,0.64994284451945,0.049935201674975,4.5107685628281,0.011537754274771,49.996236076302,36054.24459807
3.5699999999999,5.0621866565566,0.64994282324535,0.049935188119584,4.4804998776014,0.011532384806739,49.996239541607,36054.244713421
3.5749999999999,5.062129008199,0.64994280203811,0.049935174622424,4.450443474411,0.011526977340125,49.996243005294,36054.244828717
3.5799999999999,5.0620713869724,0.64994278089751,0.04993516118328,4.4205978460322,0.011521532221443,49.99624646735,36054.24494396
3.5849999999999,5.0620137930642,0.64994275982333,0.049935147801935,4.3909614959878,0.011516049794663,49.996249927765,36054.245059148
3.5899999999999,5.0619562266601,0.64994273881532,0.049935134478171,4.3615329384709,0.011510530401221,49.996253386527,36054.24517428
3.5949999999999,5.0618986879442,0.64994271787327,0.049935121211775,4.3323106982683,0.011504974380043,49.996256843625,36054.245289358
3.5999999999999,5.0618411770986,0.64994269699695,0.049935108002532,4.3032933106846,0.01149938206756,49.99626029905,36054.245404379
3.6049999999999,5.0617836943041,0.64994267618612,0.049935094850228,4.2744793214672,0.011493753797729,49.996263752788,36054.245519345
3.6099999999999,5.0617262397396,0.64994265544057,0.049935081754651,4.2458672867308,0.011488089902046,49.996267204831,36054.245634254
3.6149999999999,5.0616688135824,0.64994263476006,0.049935068715588,4.2174557728837,0.011482390709568,49.996270655167,36054.245749106
3.6199999999999,5.0616114160082,0.64994261414438,0.049935055732828,4.1892433565536,0.011476656546929,49.996274103785,36054.245863902
3.6249999999999,5.061554047191,0.6499425935933,0.049935042806162,4.1612286245147,0.011470887738357,49.996277550676,36054.245978639
3.6299999999999,5.0614967073032,0.6499425731066,0.049935029935378,4.1334101736148,0.011465084605691,49.996280995828,36054.246093319
3.6349999999999,5.0614393965157,0.64994255268406,0.049935017120268,4.1057866107033,0.0114592474684,49.996284439232,36054.246207941
3.6399999999999,5.0613821149978,0.64994253232545,0.049935004360625,4.0783565525593,0.011453376643598,49.996287880878,36054.246322504
3.6449999999999,5.061324862917,0.64994251203055,0.04993499165624,4.0511186258209,0.011447472446061,49.996291320755,36054.246437008
3.6499999999999,5.0612676404394,0.64994249179916,0.049934979006907,4.0240714669142,0.011441535188247,49.996294758853,36054.246551453
3.6549999999999,5.0612104477296,0.64994247163103,0.049934966412419,3.9972137219836,0.011435565180308,49.996298195162,36054.246665838
3.6599999999999,5.0611532849506,0.64994245152597,0.049934953872573,3.9705440468216,0.011429562730109,49.996301629674,36054.246780164
3.6649999999999,5.0610961522638,0.64994243148375,0.049934941387163,3.9440611068004,0.011423528143246,49.996305062377,36054.246894429
3.6699999999999,5.0610390498291,0.64994241150415,0.049934928955985,3.9177635768029,0.011417461723058,49.996308493262,36054.247008634
3.6749999999999,5.0609819778049,0.64994239158697,0.049934916578838,3.8916501411546,0.011411363770647,49.996311922321,36054.247122778
3.6799999999999,5.0609249363483,0.64994237173198,0.049934904255517,3.8657194935565,0.011405234584892,49.996315349543,36054.247236861
3.6849999999999,5.0608679256145,0.64994235193896,0.049934891985823,3.8399703370172,0.011399074462467,49.996318774919,36054.247350882
3.6899999999999,5.0608109457576,0.64994233220772,0.049934879769554,3.8144013837872,0.011392883697855,49.996322198439,36054.247464842
3.6949999999999,5.06075399693,0.64994231253803,0.049934867606511,3.7890113552919,0.011386662583363,49.996325620096,36054.24757874
3.6999999999999,5.0606970792828,0.64994229292968,0.049934855496494,3.7637989820666,0.011380411409141,49.996329039879,36054.247692575
3.7049999999999,5.0606401929655,0.64994227338247,0.049934843439304,3.7387630036911,0.011374130463194,49.996332457779,36054.247806348
3.7099999999999,5.0605833381263,0.64994225389617,0.049934831434744,3.7139021687247,0.0113678200314,49.996335873789,36054.247920057
3.7149999999999,5.0605265149119,0.64994223447059,0.049934819482616,3.6892152346424,0.011361480397524,49.996339287898,36054.248033704
3.7199999999999,5.0604697234677,0.64994221510551,0.049934807582725,3.6647009677708,0.011355111843231,49.996342700098,36054.248147287
3.7249999999999,5.0604129639374,0.64994219580072,0.049934795734874,3.640358143225,0.011348714648107,49.996346110381,36054.248260806
3.7299999999999,5.0603562364637,0.64994217655602,0.049934783938869,3.6161855448458,0.011342289089667,49.996349518738,36054.248374261
3.7349999999999,5.0602995411876,0.64994215737121,0.049934772194515,3.592181965137,0.011335835443376,49.99635292516,36054.248487651
3.7399999999999,5.060242878249,0.64994213824606,0.049934760501618,3.5683462052036,0.011329353982658,49.996356329639,36054.248600977
3.7449999999999,5.0601862477862,0.64994211918038,0.049934748859987,3.5446770746905,0.011322844978916,49.996359732167,36054.248714238
3.7499999999999,5.0601296499363,0.64994210017397,0.049934737269428,3.521173391721,0.011316308701543,49.996363132736,36054.248827434
3.7549999999999,5.0600730848349,0.64994208122662,0.049934725729751,3.4978339828364,0.011309745417937,49.996366531337,36054.248940564
3.7599999999999,5.0600165526165,0.64994206233813,0.049934714240764,3.4746576829362,0.011303155393519,49.996369927962,36054.249053628
3.7649999999999,5.059960053414,0.64994204350829,0.049934702802278,3.4516433352175,0.011296538891738,49.996373322604,36054.249166627
3.7699999999999,5.0599035873593,0.6499420247369,0.049934691414103,3.4287897911166,0.011289896174099,49.996376715254,36054.249279559
3.7749999999999,5.0598471545827,0.64994200602377,0.04993468007605,3.4060959102495,0.011283227500162,49.996380105904,36054.249392424
3.7799999999999,5.0597907552134,0.64994198736868,0.049934668787931,3.3835605603534,0.011276533127567,49.996383494548,36054.249505223
3.7849999999999,5.0597343893793,0.64994196877145,0.04993465754956,3.3611826172294,0.011269813312043,49.996386881176,36054.249617955
3.7899999999999,5.0596780572069,0.64994195023188,0.049934646360749,3.3389609646839,0.011263068307424,49.996390265782,36054.249730619
3.7949999999999,5.0596217588215,0.64994193174976,0.049934635221313,3.316894494472,0.011256298365658,49.996393648358,36054.249843216
3.7999999999999,5.0595654943473,0.6499419133249,0.049934624131065,3.2949821062406,0.011249503736827,49.996397028896,36054.249955745
3.8049999999999,5.059509263907,0.64994189495709,0.049934613089823,3.2732227074717,0.011242684669156,49.99640040739,36054.250068206
3.8099999999999,5.0594530676222,0.64994187664616,0.0499346020974,3.2516152134271,0.011235841409027,49.996403783831,36054.250180598
3.8149999999999,5.0593969056132,0.64994185839189,0.049934591153616,3.2301585470921,0.011228974200994,49.996407158213,36054.250292922
3.8199999999999,5.0593407779993,0.6499418401941,0.049934580258286,3.2088516391205,0.011222083287795,49.996410530529,36054.250405178
3.8249999999999,5.0592846848983,0.64994182205259,0.049934569411228,3.1876934277804,0.011215168910362,49.99641390077,36054.250517364
3.8299999999999,5.0592286264269,0.64994180396717,0.049934558612263,3.1666828588989,0.011208231307841,49.996417268932,36054.250629481
3.8349999999999,5.0591726027007,0.64994178593764,0.049934547861208,3.1458188858089,0.0112012707176,49.996420635005,36054.250741528
3.8399999999999,5.0591166138341,0.64994176796382,0.049934537157884,3.125100469295,0.01119428737524,49.996423998984,36054.250853506
3.8449999999999,5.0590606599402,0.64994175004551,0.049934526502111,3.1045265775403,0.011187281514612,49.996427360862,36054.250965414
3.8499999999999,5.059004741131,0.64994173218252,0.049934515893712,3.0840961860739,0.011180253367828,49.996430720632,36054.251077251
3.8549999999999,5.0589488575173,0.64994171437466,0.049934505332507,3.0638082777183,0.011173203165273,49.996434078287,36054.251189019
3.8599999999999,5.058893009209,0.64994169662174,0.04993449481832,3.0436618425369,0.011166131135617,49.996437433821,36054.251300715
3.8649999999999,5.0588371963146,0.64994167892358,0.049934484350973,3.0236558777832,0.011159037505828,49.996440787227,36054.251412341
3.8699999999999,5.0587814189414,0.64994166127998,0.049934473930291,3.0037893878484,0.011151922501186,49.996444138499,36054.251523896
3.8749999999999,5.0587256771959,0.64994164369076,0.049934463556098,2.9840613842114,0.011144786345292,49.99644748763,36054.251635379
3.8799999999999,5.0586699711832,0.64994162615574,0.049934453228219,2.9644708853874,0.011137629260082,49.996450834615,36054.251746791
3.8849999999999,5.0586143010074,0.64994160867472,0.049934442946481,2.9450169168784,0.011130451465837,49.996454179446,36054.251858132
3.8899999999999,5.0585586667715,0.64994159124752,0.049934432710709,2.9256985111226,0.011123253181198,49.996457522118,36054.2519694
3.8949999999999,5.0585030685775,0.64994157387395,0.049934422520731,2.9065147074457,0.011116034623175,49.996460862624,36054.252080596
3.8999999999999,5.0584475065261,0.64994155655384,0.049934412376374,2.8874645520108,0.011108796007161,49.996464200959,36054.252191721
3.9049999999999,5.0583919807171,0.649941539287,0.049934402277467,2.8685470977705,0.01110153754694,49.996467537116,36054.252302772
3.9099999999999,5.0583364912493,0.64994152207324,0.049934392223838,2.8497614044176,0.011094259454703,49.996470871089,36054.252413751
3.9149999999999,5.0582810382202,0.64994150491239,0.049934382215317,2.8311065383378,0.011086961941058,49.996474202874,36054.252524657
3.9199999999999,5.0582256217265,0.64994148780426,0.049934372251735,2.8125815725616,0.011079645215038,49.996477532463,36054.25263549
3.9249999999999,5.0581702418636,0.64994147074867,0.049934362332922,2.7941855867166,0.011072309484118,49.996480859851,36054.25274625
3.9299999999999,5.0581148987262,0.64994145374544,0.049934352458709,2.7759176669807,0.01106495495422,49.996484185033,36054.252856936
3.9349999999999,5.0580595924076,0.6499414367944,0.049934342628929,2.7577769060356,0.011057581829732,49.996487508003,36054.252967549
3.9399999999999,5.0580043230003,0.64994141989536,0.049934332843413,2.7397624030199,0.01105019031351,49.996490828754,36054.253078088
3.9449999999999,5.0579490905959,0.64994140304814,0.049934323101997,2.7218732634834,0.011042780606897,49.996494147283,36054.253188552
3.9499999999999,5.0578938952847,0.64994138625258,0.049934313404512,2.7041085993411,0.011035352909726,49.996497463583,36054.253298943
3.9549999999999,5.0578387371563,0.64994136950848,0.049934303750794,2.6864675288282,0.011027907420341,49.996500777649,36054.253409259
3.9599999999999,5.057783616299,0.64994135281568,0.049934294140678,2.6689491764543,0.011020444335596,49.996504089475,36054.253519501
3.9649999999999,5.0577285328004,0.64994133617399,0.049934284573999,2.6515526729594,0.011012963850875,49.996507399057,36054.253629668
3.9699999999999,5.057673486747,0.64994131958325,0.049934275050593,2.6342771552691,0.011005466160099,49.996510706389,36054.25373976
3.9749999999999,5.0576184782243,0.64994130304328,0.049934265570298,2.6171217664504,0.010997951455735,49.996514011466,36054.253849777
3.9799999999999,5.057563507317,0.64994128655391,0.04993425613295,2.6000856556681,0.01099041992881,49.996517314283,36054.253959719
3.9849999999999,5.0575085741087,0.64994127011496,0.049934246738388,2.5831679781411,0.010982871768918,49.996520614835,36054.254069585
3.9899999999999,5.057453678682,0.64994125372625,0.049934237386451,2.5663678950995,0.010975307164233,49.996523913117,36054.254179376
3.9949999999999,5.0573988211188,0.64994123738763,0.049934228076977,2.5496845737415,0.010967726301517,49.996527209124,36054.254289091
3.9999999999999,5.0573440014999,0.64994122109891,0.049934218809806,2.5331171871908,0.010960129366131,49.996530502851,36054.254398731
4.0049999999999,5.0572892199051,0.64994120485992,0.049934209584778,2.5166649144547,0.010952516542046,49.996533794294,36054.254508294
4.0099999999999,5.0572344764134,0.6499411886705,0.049934200401735,2.5003269403816,0.010944888011851,49.996537083447,36054.254617781
4.0149999999999,5.057179771103,0.64994117253048,0.049934191260518,2.4841024556199,0.010937243956766,49.996540370306,36054.254727191
4.0199999999999,5.057125104051,0.64994115643968,0.049934182160969,2.4679906565762,0.010929584556648,49.996543654866,36054.254836526
4.0249999999999,5.0570704753337,0.64994114039794,0.049934173102931,2.4519907453746,0.010921909990003,49.996546937124,36054.254945783
4.0299999999999,5.0570158850265,0.64994112440509,0.049934164086246,2.4361019298156,0.010914220433997,49.996550217073,36054.255054964
4.0349999999999,5.0569613332039,0.64994110846096,0.049934155110759,2.4203234233359,0.010906516064461,49.99655349471,36054.255164067
4.0399999999999,5.0569068199395,0.64994109256539,0.049934146176314,2.4046544449682,0.010898797055908,49.996556770031,36054.255273094
4.0449999999999,5.0568523453061,0.64994107671822,0.049934137282756,2.3890942193011,0.010891063581534,49.99656004303,36054.255382043
4.0499999999999,5.0567979093756,0.64994106091926,0.049934128429929,2.3736419764395,0.010883315813234,49.996563313704,36054.255490915
4.0549999999999,5.056743512219,0.64994104516837,0.049934119617681,2.3582969519656,0.010875553921608,49.996566582049,36054.255599709
4.0599999999999,5.0566891539066,0.64994102946537,0.049934110845858,2.3430583868996,0.010867778075972,49.996569848059,36054.255708426
4.0649999999999,5.0566348345076,0.6499410138101,0.049934102114307,2.3279255276609,0.010859988444365,49.996573111731,36054.255817065
4.0699999999999,5.0565805540906,0.64994099820241,0.049934093422875,2.3128976260298,0.010852185193561,49.996576373062,36054.255925625
4.0749999999999,5.0565263127234,0.64994098264212,0.049934084771412,2.2979739391091,0.010844368489077,49.996579632046,36054.256034108
4.0799999999999,5.0564721104726,0.64994096712907,0.049934076159764,2.2831537292863,0.010836538495181,49.99658288868,36054.256142513
4.0849999999999,5.0564179474044,0.64994095166311,0.049934067587783,2.2684362641958,0.010828695374902,49.996586142959,36054.256250839
4.0899999999999,5.0563638235841,0.64994093624407,0.049934059055318,2.2538208166817,0.010820839290039,49.996589394881,36054.256359086
4.0949999999999,5.056309739076,0.64994092087179,0.049934050562218,2.2393066647605,0.010812970401169,49.99659264444,36054.256467256
4.0999999999999,5.0562556939437,0.64994090554612,0.049934042108336,2.2248930915844,0.010805088867657,49.996595891634,36054.256575346
4.1049999999999,5.0562016882501,0.64994089026689,0.049934033693523,2.2105793854043,0.010797194847662,49.996599136458,36054.256683357
4.1099999999999,5.0561477220573,0.64994087503394,0.04993402531763,2.1963648395341,0.010789288498151,49.996602378909,36054.25679129
4.1149999999999,5.0560937954264,0.64994085984712,0.049934016980511,2.1822487523141,0.010781369974902,49.996605618983,36054.256899143
4.1199999999999,5.056039908418,0.64994084470627,0.049934008682018,2.1682304270755,0.010773439432515,49.996608856676,36054.257006917
4.1249999999999,5.0559860610918,0.64994082961123,0.049934000422004,2.1543091721045,0.010765497024422,49.996612091985,36054.257114611
4.1299999999999,5.0559322535067,0.64994081456185,0.049933992200325,2.1404843006075,0.010757542902892,49.996615324906,36054.257222227
4.1349999999999,5.055878485721,0.64994079955797,0.049933984016835,2.1267551306754,0.01074957721904,49.996618555436,36054.257329762
4.1399999999999,5.055824757792,0.64994078459943,0.049933975871389,2.1131209852493,0.01074160012284,49.996621783571,36054.257437218
4.1449999999999,5.0557710697764,0.64994076968609,0.049933967763842,2.0995811920859,0.010733611763126,49.996625009308,36054.257544594
4.1499999999999,5.0557174217303,0.64994075481778,0.049933959694052,2.0861350837229,0.010725612287605,49.996628232643,36054.25765189
4.1549999999999,5.0556638137088,0.64994073999435,0.049933951661874,2.072781997445,0.010717601842866,49.996631453574,36054.257759106
4.1599999999999,5.0556102457663,0.64994072521565,0.049933943667166,2.0595212752506,0.010709580574382,49.996634672097,36054.257866242
4.1649999999999,5.0555567179568,0.64994071048154,0.049933935709787,2.0463522638172,0.010701548626525,49.996637888208,36054.257973298
4.1699999999999,5.0555032303331,0.64994069579184,0.049933927789593,2.0332743144694,0.010693506142569,49.996641101905,36054.258080273
4.1749999999999,5.0554497829477,0.64994068114642,0.049933919906444,2.0202867831445,0.010685453264702,49.996644313184,36054.258187168
4.1799999999999,5.0553963758521,0.64994066654512,0.0499339120602,2.0073890303604,0.010677390134028,49.996647522043,36054.258293982
4.1849999999999,5.0553430090972,0.6499406519878,0.04993390425072,1.9945804211827,0.010669316890583,49.996650728478,36054.258400715
4.1899999999999,5.0552896827334,0.6499406374743,0.049933896477865,1.9818603251926,0.010661233673334,49.996653932486,36054.258507368
4.1949999999999,5.05523639681,0.64994062300447,0.049933888741495,1.9692281164543,0.010653140620193,49.996657134064,36054.25861394
4.1999999999999,5.055183151376,0.64994060857817,0.049933881041472,1.9566831734834,0.010645037868022,49.996660333209,36054.258720431
4.2049999999999,5.0551299464795,0.64994059419524,0.049933873377658,1.944224879215,0.01063692555264,49.996663529919,36054.258826841
4.2099999999999,5.055076782168,0.64994057985554,0.049933865749915,1.9318526209724,0.010628803808833,49.99666672419,36054.258933169
4.2149999999999,5.0550236584882,0.64994056555892,0.049933858158105,1.9195657904356,0.010620672770357,49.99666991602,36054.259039417
4.2199999999999,5.0549705754864,0.64994055130524,0.049933850602093,1.9073637836105,0.010612532569953,49.996673105406,36054.259145583
4.2249999999999,5.054917533208,0.64994053709435,0.049933843081743,1.895246000798,0.010604383339344,49.996676292345,36054.259251667
4.2299999999999,5.0548645316979,0.6499405229261,0.049933835596917,1.8832118465635,0.010596225209253,49.996679476835,36054.25935767
4.2349999999999,5.0548115710001,0.64994050880035,0.049933828147482,1.8712607297063,0.010588058309402,49.996682658873,36054.259463592
4.2399999999999,5.0547586511583,0.64994049471695,0.049933820733303,1.8593920632296,0.010579882768522,49.996685838456,36054.259569431
4.2449999999999,5.0547057722153,0.64994048067576,0.049933813354245,1.8476052643108,0.010571698714363,49.996689015581,36054.259675189
4.2499999999999,5.0546529342134,0.64994046667664,0.049933806010175,1.835899754271,0.010563506273696,49.996692190247,36054.259780865
4.2549999999999,5.0546001371942,0.64994045271944,0.04993379870096,1.8242749585467,0.010555305572324,49.99669536245,36054.259886459
4.2599999999999,5.0545473811987,0.64994043880402,0.049933791426466,1.8127303066591,0.010547096735087,49.996698532189,36054.259991971
4.2649999999999,5.0544946662672,0.64994042493024,0.049933784186562,1.8012652321864,0.010538879885869,49.99670169946,36054.260097401
4.2699999999999,5.0544419924396,0.64994041109795,0.049933776981116,1.7898791727337,0.010530655147606,49.996704864261,36054.260202749
4.2749999999999,5.0543893597549,0.64994039730702,0.049933769809997,1.7785715699049,0.010522422642293,49.996708026591,36054.260308014
4.2799999999999,5.0543367682517,0.64994038355731,0.049933762673073,1.7673418692746,0.010514182490987,49.996711186446,36054.260413197
4.2849999999999,5.0542842179679,0.64994036984867,0.049933755570214,1.756189520359,0.010505934813821,49.996714343825,36054.260518298
4.2899999999999,5.0542317089409,0.64994035618096,0.049933748501291,1.7451139765885,0.010497679730002,49.996717498725,36054.260623316
4.2949999999999,5.0541792412073,0.64994034255405,0.049933741466174,1.7341146952793,0.010489417357825,49.996720651144,36054.260728251
4.2999999999999,5.0541268148034,0.6499403289678,0.049933734464735,1.7231911376062,0.010481147814676,49.996723801079,36054.260833104
4.3049999999999,5.0540744297647,0.64994031542207,0.049933727496843,1.7123427685748,0.010472871217037,49.99672694853,36054.260937874
4.3099999999999,5.0540220861263,0.64994030191672,0.049933720562373,1.7015690569945,0.010464587680498,49.996730093492,36054.261042561
4.3149999999999,5.0539697839224,0.64994028845162,0.049933713661195,1.6908694754512,0.010456297319757,49.996733235966,36054.261147166
4.3199999999999,5.0539175231869,0.64994027502662,0.049933706793184,1.6802435002804,0.010448000248633,49.996736375948,36054.261251687
4.3249999999999,5.0538653039531,0.64994026164159,0.049933699958212,1.6696906115407,0.010439696580065,49.996739513436,36054.261356126
4.3299999999999,5.0538131262538,0.64994024829641,0.049933693156153,1.6592102929871,0.010431386426125,49.996742648428,36054.261460481
4.3349999999999,5.053760990121,0.64994023499092,0.049933686386882,1.6488020320448,0.010423069898019,49.996745780924,36054.261564753
4.3399999999999,5.0537088955864,0.649940221725,0.049933679650273,1.6384653197829,0.010414747106099,49.99674891092,36054.261668942
4.3449999999999,5.053656842681,0.64994020849851,0.049933672946201,1.628199650889,0.010406418159862,49.996752038414,36054.261773048
4.3499999999999,5.0536048314353,0.64994019531132,0.049933666274542,1.6180045236423,0.010398083167963,49.996755163406,36054.261877071
4.3549999999999,5.0535528618793,0.64994018216329,0.049933659635173,1.6078794398895,0.010389742238217,49.996758285893,36054.26198101
4.3599999999999,5.0535009340424,0.6499401690543,0.049933653027969,1.5978239050182,0.010381395477604,49.996761405873,36054.262084866
4.3649999999999,5.0534490479534,0.6499401559842,0.049933646452808,1.5878374279324,0.010373042992282,49.996764523345,36054.262188638
4.3699999999999,5.0533972036408,0.64994014295288,0.049933639909568,1.577919521027,0.010364684887584,49.996767638307,36054.262292326
4.3749999999999,5.0533454011324,0.64994012996019,0.049933633398125,1.5680697001633,0.010356321268028,49.996770750757,36054.262395931
4.3799999999999,5.0532936404554,0.649940117006,0.049933626918359,1.5582874846441,0.010347952237325,49.996773860694,36054.262499453
4.3849999999999,5.0532419216368,0.6499401040902,0.049933620470148,1.5485723971895,0.010339577898382,49.996776968115,36054.26260289
4.3899999999999,5.0531902447027,0.64994009121263,0.049933614053371,1.5389239639121,0.010331198353308,49.996780073021,36054.262706244
4.3949999999999,5.053138609679,0.64994007837318,0.049933607667908,1.5293417142933,0.010322813703421,49.996783175408,36054.262809514
4.3999999999999,5.053087016591,0.64994006557172,0.049933601313639,1.519825181159,0.010314424049251,49.996786275275,36054.2629127
4.4049999999999,5.0530354654633,0.64994005280812,0.049933594990445,1.5103739006562,0.01030602949055,49.996789372622,36054.263015803
4.4099999999999,5.0529839563203,0.64994004008224,0.049933588698206,1.5009874122287,0.010297630126295,49.996792467446,36054.263118821
4.4149999999999,5.0529324891858,0.64994002739397,0.049933582436804,1.4916652585943,0.010289226054691,49.996795559745,36054.263221755
4.4199999999999,5.0528810640831,0.64994001474317,0.049933576206121,1.4824069857211,0.010280817373184,49.99679864952,36054.263324605
4.4249999999999,5.0528296810349,0.64994000212972,0.049933570006039,1.4732121428045,0.010272404178457,49.996801736768,36054.263427372
4.4299999999999,5.0527783400636,0.6499399895535,0.04993356383644,1.4640802822442,0.010263986566445,49.996804821487,36054.263530054
4.4349999999999,5.0527270411911,0.64993997701436,0.049933557697208,1.4550109596215,0.010255564632332,49.996807903677,36054.263632651
4.4399999999999,5.0526757844387,0.6499399645122,0.049933551588226,1.4460037336765,0.010247138470563,49.996810983337,36054.263735165
4.4449999999999,5.0526245698273,0.64993995204688,0.049933545509378,1.4370581662855,0.010238708174844,49.996814060464,36054.263837594
4.4499999999999,5.0525733973774,0.64993993961828,0.049933539460549,1.4281738224391,0.010230273838152,49.996817135059,36054.263939939
4.4549999999999,5.0525222671089,0.64993992722628,0.049933533441623,1.4193502702196,0.010221835552737,49.996820207119,36054.264042199
4.4599999999999,5.0524711790414,0.64993991487075,0.049933527452485,1.4105870807794,0.010213393410129,49.996823276643,36054.264144376
4.4649999999999,5.0524201331939,0.64993990255157,0.049933521493021,1.4018838283187,0.010204947501142,49.996826343631,36054.264246467
4.4699999999999,5.052369129585,0.64993989026861,0.049933515563117,1.3932400900641,0.01019649791588,49.99682940808,36054.264348474
4.4749999999999,5.0523181682329,0.64993987802176,0.04993350966266,1.384655446247,0.010188044743741,49.996832469991,36054.264450397
4.4799999999999,5.0522672491552,0.64993986581089,0.049933503791535,1.3761294800823,0.010179588073426,49.996835529362,36054.264552235
4.4849999999999,5.0522163723694,0.64993985363588,0.049933497949632,1.3676617777469,0.010171127992936,49.996838586192,36054.264653989
4.4899999999999,5.0521655378921,0.64993984149661,0.049933492136836,1.359251928359,0.010162664589587,49.99684164048,36054.264755658
4.4949999999999,5.0521147457399,0.64993982939295,0.049933486353036,1.3508995239568,0.010154197950007,49.996844692225,36054.264857242
4.4999999999999,5.0520639959286,0.6499398173248,0.049933480598122,1.3426041594779,0.010145728160146,49.996847741426,36054.264958742
4.5049999999999,5.0520132884738,0.64993980529202,0.04993347487198,1.3343654327387,0.010137255305276,49.996850788082,36054.265060157
4.5099999999999,5.0519626233907,0.6499397932945,0.049933469174502,1.3261829444138,0.01012877947,49.996853832192,36054.265161487
4.5149999999999,5.0519120006938,0.64993978133212,0.049933463505576,1.3180562980157,0.010120300738259,49.996856873755,36054.265262732
4.5199999999999,5.0518614203976,0.64993976940477,0.049933457865092,1.3099850998748,0.010111819193327,49.996859912771,36054.265363893
4.5249999999999,5.0518108825158,0.64993975751231,0.049933452252942,1.3019689591188,0.010103334917828,49.996862949239,36054.265464969
4.5299999999999,5.0517603870618,0.64993974565464,0.049933446669016,1.2940074876534,0.010094847993732,49.996865983157,36054.26556596
4.5349999999999,5.0517099340489,0.64993973383164,0.049933441113204,1.2861003001425,0.010086358502362,49.996869014526,36054.265666866
4.5399999999999,5.0516595234894,0.64993972204319,0.0499334355854,1.2782470139878,0.010077866524402,49.996872043343,36054.265767687
4.5449999999999,5.0516091553958,0.64993971028917,0.049933430085494,1.2704472493103,0.010069372139896,49.99687506961,36054.265868423
4.5499999999999,5.0515588297799,0.64993969856947,0.049933424613379,1.2627006289303,0.010060875428258,49.996878093324,36054.265969074
4.5549999999999,5.051508546653,0.64993968688397,0.049933419168949,1.2550067783486,0.010052376468272,49.996881114485,36054.26606964
4.5599999999999,5.0514583060262,0.64993967523256,0.049933413752096,1.2473653257271,0.0100438753381,49.996884133092,36054.266170122
4.5649999999999,5.0514081079103,0.64993966361513,0.049933408362714,1.23977590187,0.010035372115285,49.996887149146,36054.266270518
4.5699999999999,5.0513579523154,0.64993965203155,0.049933403000697,1.232238140205,0.010026866876755,49.996890162644,36054.266370829
4.5749999999999,5.0513078392514,0.64993964048171,0.04993339766594,1.2247516767647,0.010018359698829,49.996893173587,36054.266471055
4.5799999999999,5.0512577687279,0.64993962896551,0.049933392358336,1.2173161501679,0.010009850657219,49.996896181975,36054.266571196
4.5849999999999,5.051207740754,0.64993961748282,0.049933387077782,1.2099312016013,0.010001339827037,49.996899187805,36054.266671252
4.5899999999999,5.0511577553384,0.64993960603353,0.049933381824172,1.2025964748013,0.0099928272827989,49.996902191079,36054.266771223
4.5949999999999,5.0511078124895,0.64993959461754,0.049933376597403,1.1953116160355,0.0099843130984263,49.996905191795,36054.266871109
4.5999999999999,5.0510579122154,0.64993958323472,0.049933371397371,1.1880762740851,0.0099757973472534,49.996908189954,36054.266970909
4.6049999999999,5.0510080545237,0.64993957188498,0.049933366223972,1.1808901002269,0.0099672801020308,49.996911185553,36054.267070625
4.6099999999999,5.0509582394217,0.64993956056819,0.049933361077105,1.1737527482156,0.0099587614349294,49.996914178594,36054.267170255
4.6149999999999,5.0509084669163,0.64993954928424,0.049933355956665,1.1666638742659,0.0099502414175437,49.996917169075,36054.2672698
4.6199999999999,5.0508587370141,0.64993953803304,0.049933350862551,1.1596231370351,0.0099417201208979,49.996920156997,36054.26736926
4.6249999999999,5.0508090497213,0.64993952681445,0.04993334579466,1.1526301976059,0.0099331976154483,49.996923142359,36054.267468634
4.6299999999999,5.0507594050438,0.64993951562838,0.049933340752893,1.1456847194691,0.0099246739710883,49.99692612516,36054.267567924
4.6349999999999,5.0507098029871,0.64993950447472,0.049933335737146,1.1387863685063,0.0099161492571521,49.9969291054,36054.267667128
4.6399999999999,5.0506602435564,0.64993949335335,0.04993333074732,1.1319348129729,0.0099076235424195,49.99693208308,36054.267766247
4.6449999999999,5.0506107267565,0.64993948226418,0.049933325783315,1.1251297234814,0.0098990968951182,49.996935058197,36054.26786528
4.6499999999999,5.0505612525919,0.64993947120708,0.049933320845029,1.1183707729844,0.0098905693829304,49.996938030754,36054.267964228
4.6549999999999,5.0505118210668,0.64993946018196,0.049933315932364,1.1116576367583,0.0098820410729948,49.996941000748,36054.268063092
4.6599999999999,5.050462432185,0.6499394491887,0.04993331104522,1.1049899923862,0.0098735120319099,49.99694396818,36054.268161869
4.6649999999999,5.05041308595,0.6499394382272,0.049933306183499,1.0983675197419,0.0098649823257399,49.99694693305,36054.268260562
4.6699999999999,5.0503637823649,0.64993942729735,0.049933301347101,1.0917899009736,0.0098564520200178,49.996949895357,36054.268359169
4.6749999999999,5.0503145214326,0.64993941639904,0.049933296535928,1.0852568204876,0.0098479211797489,49.996952855102,36054.268457691
4.6799999999999,5.0502653031557,0.64993940553217,0.049933291749883,1.0787679649322,0.0098393898694151,49.996955812284,36054.268556127
4.6849999999999,5.0502161275361,0.64993939469664,0.049933286988868,1.0723230231819,0.009830858152978,49.996958766902,36054.268654479
4.6899999999999,5.050166994576,0.64993938389234,0.049933282252787,1.0659216863213,0.0098223260938835,49.996961718958,36054.268752745
4.6949999999999,5.0501179042768,0.64993937311916,0.049933277541541,1.0595636476296,0.009813793755065,49.996964668451,36054.268850925
4.6999999999999,5.0500688566397,0.649939362377,0.049933272855035,1.053248602565,0.0098052611989472,49.99696761538,36054.26894902
4.7049999999999,5.0500198516657,0.64993935166575,0.049933268193172,1.046976248749,0.0097967284874503,49.996970559746,36054.26904703
4.7099999999999,5.0499708893554,0.64993934098532,0.049933263555857,1.0407462859512,0.0097881956819926,49.996973501548,36054.269144955
4.7149999999999,5.0499219697092,0.64993933033559,0.049933258942995,1.0345584160739,0.0097796628434953,49.996976440787,36054.269242794
4.7199999999999,5.049873092727,0.64993931971647,0.04993325435449,1.0284123431369,0.0097711300323853,49.996979377463,36054.269340548
4.7249999999999,5.0498242584086,0.64993930912786,0.049933249790248,1.0223077732626,0.0097625973085991,49.996982311575,36054.269438217
4.7299999999999,5.0497754667533,0.64993929856964,0.049933245250174,1.0162444146608,0.0097540647315861,49.996985243124,36054.2695358
4.7349999999999,5.0497267177604,0.64993928804172,0.049933240734174,1.0102219776141,0.0097455323603124,49.99698817211,36054.269633298
4.7399999999999,5.0496780114286,0.649939277544,0.049933236242155,1.0042401744629,0.0097370002532647,49.996991098533,36054.269730711
4.7449999999999,5.0496293477564,0.64993926707638,0.049933231774023,0.99829871959098,0.009728468468453,49.996994022392,36054.269828038
4.7499999999999,5.0495807267421,0.64993925663875,0.049933227329685,0.99239732941083,0.0097199370634139,49.996996943688,36054.26992528
4.7549999999999,5.0495321483837,0.64993924623101,0.049933222909049,0.98653572234925,0.0097114060952154,49.996999862422,36054.270022437
4.7599999999999,5.0494836126788,0.64993923585307,0.049933218512021,0.980713618833,0.009702875620459,49.997002778593,36054.270119508
4.7649999999999,5.0494351196249,0.64993922550482,0.049933214138512,0.9749307412746,0.0096943456952831,49.997005692201,36054.270216494
4.7699999999999,5.049386669219,0.64993921518617,0.049933209788427,0.96918681405815,0.0096858163753676,49.997008603247,36054.270313395
4.7749999999999,5.049338261458,0.64993920489702,0.049933205461677,0.96348156352543,0.0096772877159362,49.99701151173,36054.270410211
4.7799999999999,5.0492898963384,0.64993919463727,0.04993320115817,0.95781471796173,0.0096687597717592,49.997014417651,36054.270506941
4.7849999999999,5.0492415738566,0.64993918440681,0.049933196877816,0.95218600758227,0.0096602325971577,49.997017321011,36054.270603586
4.7899999999999,5.0491932940085,0.64993917420555,0.049933192620524,0.94659516451837,0.0096517062460075,49.997020221809,36054.270700146
4.7949999999999,5.0491450567898,0.6499391640334,0.049933188386204,0.94104192280369,0.0096431807717408,49.997023120046,36054.27079662
4.7999999999999,5.0490968621962,0.64993915389026,0.049933184174766,0.93552601836094,0.0096346562273502,49.997026015722,36054.270893009
4.8049999999999,5.0490487102228,0.64993914377603,0.049933179986122,0.93004718898826,0.0096261326653918,49.997028908837,36054.270989313
4.8099999999999,5.0490006008645,0.6499391336906,0.049933175820182,0.92460517434585,0.0096176101379883,49.997031799391,36054.271085532
4.8149999999999,5.0489525341161,0.6499391236339,0.049933171676857,0.91919971594296,0.0096090886968328,49.997034687386,36054.271181665
4.8199999999999,5.048904509972,0.64993911360582,0.04993316755606,0.91383055712448,0.0096005683931901,49.997037572821,36054.271277714
4.8249999999999,5.0488565284264,0.64993910360626,0.049933163457701,0.90849744305788,0.0095920492779024,49.997040455696,36054.271373677
4.8299999999999,5.0488085894732,0.64993909363513,0.049933159381694,0.90320012072045,0.0095835314013902,49.997043336012,36054.271469555
4.8349999999999,5.048760693106,0.64993908369233,0.04993315532795,0.89793833888626,0.0095750148136568,49.997046213769,36054.271565347
4.8399999999999,5.0487128393184,0.64993907377778,0.049933151296383,0.89271184811346,0.0095664995642905,49.997049088968,36054.271661055
4.8449999999999,5.0486650281036,0.64993906389137,0.049933147286906,0.8875204007314,0.0095579857024671,49.99705196161,36054.271756677
4.8499999999999,5.0486172594544,0.64993905403302,0.049933143299433,0.88236375082836,0.0095494732769549,49.997054831693,36054.271852215
4.8549999999999,5.0485695333635,0.64993904420262,0.049933139333877,0.87724165423869,0.0095409623361153,49.99705769922,36054.271947667
4.8599999999999,5.0485218498235,0.64993903440009,0.049933135390152,0.87215386853067,0.0095324529279085,49.99706056419,36054.272043034
4.8649999999999,5.0484742088264,0.64993902462534,0.049933131468173,0.86710015299388,0.009523945099893,49.997063426604,36054.272138316
4.8699999999999,5.0484266103644,0.64993901487826,0.049933127567855,0.86208026862719,0.0095154388992311,49.997066286463,36054.272233513
4.8749999999999,5.0483790544292,0.64993900515877,0.049933123689113,0.85709397812655,0.0095069343726912,49.997069143766,36054.272328625
4.8799999999999,5.0483315410122,0.64993899546677,0.049933119831861,0.85214104587291,0.0094984315666503,49.997071998515,36054.272423652
4.8849999999999,5.0482840701048,0.64993898580218,0.049933115996017,0.84722123792007,0.0094899305270963,49.997074850709,36054.272518593
4.8899999999999,5.048236641698,0.64993897616491,0.049933112181496,0.84233432198301,0.0094814312996324,49.99707770035,36054.27261345
4.8949999999999,5.0481892557826,0.64993896655485,0.049933108388213,0.83748006742595,0.0094729339294793,49.997080547438,36054.272708222
4.8999999999999,5.0481419123493,0.64993895697192,0.049933104616087,0.83265824525062,0.0094644384614768,49.997083391974,36054.272802909
4.9049999999999,5.0480946113884,0.64993894741604,0.049933100865033,0.82786862808466,0.0094559449400883,49.997086233957,36054.272897511
4.9099999999999,5.0480473528901,0.64993893788711,0.04993309713497,0.82311099016989,0.0094474534094019,49.99708907339,36054.272992028
4.9149999999999,5.0480001368443,0.64993892838504,0.049933093425814,0.81838510735112,0.0094389639131349,49.997091910271,36054.27308646
4.9199999999999,5.0479529632407,0.64993891890974,0.049933089737483,0.81369075706447,0.0094304764946349,49.997094744603,36054.273180807
4.9249999999999,5.0479058320688,0.64993890946112,0.049933086069896,0.80902771832624,0.0094219911968842,49.997097576385,36054.27327507
4.9299999999999,5.047858743318,0.64993890003909,0.04993308242297,0.80439577172141,0.0094135080624999,49.997100405618,36054.273369247
4.9349999999999,5.0478116969773,0.64993889064357,0.049933078796626,0.79979469939277,0.0094050271337391,49.997103232304,36054.27346334
4.9399999999999,5.0477646930355,0.64993888127447,0.049933075190781,0.79522428502967,0.0093965484525007,49.997106056442,36054.273557348
4.9449999999999,5.0477177314814,0.6499388719317,0.049933071605354,0.79068431385705,0.0093880720603269,49.997108878033,36054.273651271
4.9499999999999,5.0476708123034,0.64993886261517,0.049933068040267,0.78617457262452,0.0093795979984084,49.997111697078,36054.273745109
4.9549999999999,5.0476239354897,0.6499388533248,0.049933064495438,0.7816948495955,0.0093711263075835,49.997114513577,36054.273838863
4.9599999999999,5.0475771010283,0.64993884406049,0.049933060970787,0.77724493453646,0.0093626570283435,49.997117327532,36054.273932532
4.9649999999999,5.0475303089072,0.64993883482216,0.049933057466236,0.77282461870619,0.0093541902008336,49.997120138943,36054.274026116
4.9699999999999,5.047483559114,0.64993882560973,0.049933053981705,0.76843369484525,0.0093457258648565,49.997122947811,36054.274119615
4.9749999999999,5.047436851636,0.64993881642311,0.049933050517115,0.76407195716536,0.0093372640598744,49.997125754136,36054.27421303
4.9799999999999,5.0473901864606,0.64993880726221,0.049933047072387,0.75973920133896,0.0093288048250111,49.99712855792,36054.274306361
4.9849999999999,5.0473435635748,0.64993879812694,0.049933043647443,0.75543522448881,0.0093203481990556,49.997131359163,36054.274399607
4.9899999999999,5.0472969829655,0.64993878901724,0.049933040242205,0.75115982517768,0.0093118942204629,49.997134157866,36054.274492768
4.9949999999999,5.0472504446193,0.64993877993299,0.049933036856595,0.74691280339815,0.0093034429273589,49.997136954029,36054.274585844
4.9999999999999,5.0472039485227,0.64993877087414,0.049933033490536,0.74269396056227,0.0092949943575395,49.997139747654,36054.274678837
