time,aq_si,fluid_min,phi_min,power,rate,solid_mass,water
0,4.9983968454956,0.65,0.05,1449.5234002198,-0.22314328544769,50,36054.376302192
0.005,4.9994878753516,0.64999982382709,0.049999534274625,1406.0627169208,-0.21820597119652,49.999934447653,36054.374120132
0.01,5.000563472481,0.64999964785168,0.049999077458592,1366.2104445538,-0.21357615321604,49.999869822551,36054.371968938
0.015,5.0016194548158,0.6499994721398,0.049998631442442,1329.6400656878,-0.20923498751329,49.999806375964,36054.369856973
0.02,5.002655271628,0.64999929671366,0.049998195988307,1295.8762264607,-0.20514681017538,49.999744140983,36054.36778534
0.025,5.0036714719003,0.64999912158089,0.049997770332217,1264.4992402751,-0.20127840045574,49.999683084622,36054.365752939
0.03,5.0046688794464,0.64999894674422,0.049997353671589,1235.170940346,-0.19760223662326,49.999623157384,36054.363758124
0.035,5.0056483352887,0.64999877220478,0.049996945290364,1207.6223632835,-0.19409599805094,49.999564308739,36054.361799212
0.04,5.0066106255017,0.64999859796316,0.049996544574589,1181.6375903396,-0.19074147969965,49.999506491456,36054.359874632
0.045,5.0075564676984,0.64999842401976,0.049996150999783,1157.0406609801,-0.18752363770075,49.999449662419,36054.357982948
0.05,5.0084865146451,0.64999825037493,0.049995764114399,1133.6859693397,-0.18442986432016,49.999393782408,36054.356122854
0.055,5.0094013618111,0.64999807702899,0.049995383525527,1111.4513447903,-0.18144945514789,49.999338815646,36054.354293159
0.06,5.0103015549228,0.64999790398228,0.0499950088877,1090.2330275787,-0.17857321691948,49.999284729343,36054.352492773
0.065,5.0111875965431,0.6499977312351,0.049994639894315,1069.9419599728,-0.17579317491294,49.999231493305,36054.35072069
0.07,5.0120599515863,0.64999755878778,0.04999427627104,1050.5009975887,-0.17310235091395,49.999179079597,36054.34897598
0.075,5.0129190519068,0.64999738664065,0.04999391777068,1031.842775043,-0.17049459185759,49.999127462272,36054.347257779
0.08,5.013765300132,0.64999721479402,0.049993564169113,1013.9080457153,-0.16796443549196,49.99907661714,36054.345565283
0.085,5.0145990728856,0.64999704324824,0.049993215262039,996.64437144889,-0.16550700356768,49.999026521572,36054.343897737
0.09,5.0154207235229,0.64999687200361,0.049992870862326,980.0050749995,-0.16311791583599,49.998977154336,36054.342254436
0.095,5.0162305844688,0.64999670106048,0.049992530797834,963.94839285279,-0.1607932200173,49.998928495461,36054.340634714
0.1,5.0170289692314,0.64999653041917,0.049992194909598,948.43678298588,-0.15852933419648,49.99888052611,36054.339037945
0.105,5.0178161741489,0.64999636008001,0.049991863050307,933.43635395862,-0.15632299900707,49.998833228477,36054.337463535
0.11,5.0185924799135,0.64999619004334,0.049991535083014,918.91639009247,-0.1541712376131,49.998786585697,36054.335910923
0.115,5.0193581529082,0.64999602030949,0.049991210880035,904.84895352997,-0.15207132196511,49.998740581767,36054.334379577
0.12,5.020113446387,0.64999585087879,0.049990890322004,891.2085483828,-0.15002074415106,49.998695201469,36054.33286899
0.125,5.0208586015196,0.64999568175159,0.049990573297055,877.97183545146,-0.14801719191958,49.998650430313,36054.33137868
0.13,5.0215938483227,0.64999551292822,0.049990259700112,865.11738845979,-0.14605852764615,49.998606254479,36054.329908186
0.135,5.0223194064909,0.64999534440902,0.049989949432263,852.62548461565,-0.14414277016084,49.998562660768,36054.32845707
0.14,5.0230354861435,0.64999517619434,0.049989642400221,840.47792374447,-0.14226807896983,49.998519636554,36054.327024911
0.145,5.023742288496,0.64999500828451,0.049989338515836,828.65787135398,-0.1404327404918,49.998477169748,36054.325611306
0.15,5.0244400064669,0.64999484067989,0.049989037695671,817.14972185874,-0.13863515599987,49.998435248759,36054.32421587
0.155,5.0251288252272,0.64999467338082,0.04998873986062,805.93897887886,-0.13687383101479,49.998393862462,36054.322838233
0.16,5.0258089227005,0.64999450638764,0.049988444935571,795.01215007276,-0.1351473659393,49.998353000165,36054.321478038
0.165,5.0264804700174,0.64999433970071,0.049988152849101,784.3566544003,-0.13345444775884,49.998312651588,36054.320134943
0.17,5.0271436319319,0.64999417332038,0.049987863533203,773.96074006446,-0.13179384266237,49.998272806831,36054.318808619
0.175,5.0277985672016,0.649994007247,0.049987576923037,763.81341166502,-0.13016438946048,49.998233456355,36054.317498749
0.18,5.0284454289372,0.64999384148093,0.049987292956712,753.90436533084,-0.12856499369709,49.998194590961,36054.316205025
0.185,5.0290843649236,0.64999367602251,0.049987011575082,744.22393078786,-0.12699462236648,49.99815620177,36054.314927153
0.19,5.0297155179163,0.64999351087212,0.049986732721561,734.76301947823,-0.12545229916084,49.998118280205,36054.313664847
0.195,5.0303390259144,0.64999334603011,0.049986456341958,725.51307797601,-0.12393710018399,49.998080817974,36054.312417831
0.2,5.0309550224141,0.64999318149684,0.049986182384322,716.46604605411,-0.12244815007616,49.998043807056,36054.311185838
0.205,5.0315636366423,0.64999301727267,0.049985910798804,707.61431884797,-0.1209846185023,49.998007239688,36054.30996861
0.21,5.0321649937749,0.64999285335797,0.04998564153753,698.95071263825,-0.11954571696276,49.997971108347,36054.308765895
0.215,5.0327592151388,0.6499926897531,0.049985374554481,690.46843383904,-0.11813069589062,49.997935405745,36054.307577453
0.22,5.0333464184001,0.64999252645844,0.049985109805384,682.16105083305,-0.11673884200465,49.997900124811,36054.306403046
0.225,5.0339267177401,0.64999236347435,0.049984847247615,674.02246834159,-0.11536947589061,49.997865258686,36054.305242448
0.23,5.0345002240194,0.64999220080121,0.049984586840105,666.04690405694,-0.11402194978725,49.997830800708,36054.304095435
0.235,5.0350670449311,0.64999203843938,0.049984328543253,658.22886729836,-0.11269564555593,49.997796744407,36054.302961793
0.24,5.0356272851443,0.64999187638925,0.04998407231885,650.56313948263,-0.11138997281562,49.997763083495,36054.301841313
0.245,5.0361810464395,0.64999171465119,0.049983818130002,643.04475622459,-0.11010436722697,49.997729811855,36054.30073379
0.25,5.0367284278343,0.64999155322558,0.049983565941067,635.66899090533,-0.10883828891095,49.997696923538,36054.299639027
0.255,5.0372695257025,0.6499913921128,0.049983315717583,628.43133956403,-0.10759122098949,49.997664412755,36054.298556832
0.26,5.037804433886,0.64999123131323,0.049983067426218,621.32750698627,-0.10636266823662,49.997632273867,36054.297487015
0.265,5.0383332437999,0.64999107082726,0.049982821034707,614.35339387537,-0.10515215583003,49.997600501381,36054.296429395
0.27,5.0388560445319,0.64999091065528,0.049982576511805,607.50508500614,-0.10395922819401,49.997569089944,36054.295383794
0.275,5.0393729229356,0.64999075079766,0.049982333827237,600.77883827107,-0.10278344792578,49.997538034339,36054.294350037
0.28,5.0398839637195,0.64999059125481,0.049982092951652,594.17107453859,-0.10162439479774,49.997507329476,36054.293327956
0.285,5.0403892495303,0.64999043202711,0.049981853856582,587.67836825148,-0.10048166482936,49.997476970388,36054.292317384
0.29,5.0408888610319,0.64999027311495,0.0499816165144,581.2974387009,-0.099354869422766,49.997446952231,36054.291318161
0.295,5.041382876981,0.64999011451873,0.049981380898285,575.02514191788,-0.098243634556634,49.99741727027,36054.290330129
0.3,5.0418713742975,0.64998995623885,0.049981146982186,568.8584631302,-0.097147600033801,49.997387919886,36054.289353134
0.305,5.0423544281322,0.6499897982757,0.049980914740787,562.79450973744,-0.096066418778149,49.997358896562,36054.288387027
0.31,5.0428321119311,0.64998964062968,0.049980684149477,556.83050476165,-0.094999756176902,49.997330195887,36054.287431659
0.315,5.0433044974956,0.6499894833012,0.049980455184322,550.96378073524,-0.093947289464791,49.997301813545,36054.286486888
0.32,5.0437716550409,0.64998932629065,0.049980227822032,545.19177399102,-0.092908707146845,49.997273745318,36054.285552573
0.325,5.0442336532508,0.64998916959843,0.049980002039943,539.51201932303,-0.091883708456894,49.99724598708,36054.284628576
0.33,5.0446905593303,0.64998901322496,0.049979777815984,533.92214498903,-0.090872002849107,49.997218534792,36054.283714764
0.335,5.0451424390552,0.64998885717063,0.049979555128658,528.41986802889,-0.089873309520117,49.997191384502,36054.282811005
0.34,5.0455893568201,0.64998870143586,0.049979333957017,523.00298987467,-0.08888735695952,49.997164532342,36054.281917169
0.345,5.0460313756834,0.64998854602105,0.049979114280644,517.66939223089,-0.087913882526707,49.997137974523,36054.281033132
0.35,5.0464685574114,0.6499883909266,0.049978896079629,512.41703320505,-0.086952632052156,49.997111707333,36054.280158768
0.355,5.0469009625189,0.64998823615294,0.049978679334554,507.24394367018,-0.086003359461475,49.997085727137,36054.279293958
0.36,5.0473286503095,0.64998808170045,0.049978464026472,502.14822384279,-0.085065826420635,49.997060030371,36054.278438582
0.365,5.047751678913,0.64998792756956,0.049978250136889,497.1280400611,-0.084139802000931,49.997034613544,36054.277592525
0.37,5.0481701053221,0.64998777376068,0.049978037647753,492.18162174937,-0.083225062362355,49.99700947323,36054.276755672
0.375,5.0485839854266,0.64998762027421,0.049977826541431,487.30725855551,-0.082321390454159,49.996984606072,36054.275927912
0.38,5.0489933740472,0.64998746711057,0.049977616800699,482.50329765034,-0.081428575731462,49.996960008775,36054.275109135
0.385,5.049398324967,0.64998731427015,0.049977408408726,477.76814117723,-0.08054641388688,49.996935678109,36054.274299233
0.39,5.0497988909623,0.64998716175338,0.049977201349064,473.10024384251,-0.079674706596203,49.996911610902,36054.273498101
0.395,5.0501951238317,0.64998700956066,0.049976995605628,468.49811063699,-0.078813261277229,49.996887804043,36054.272705635
0.4,5.0505870744243,0.6499868576924,0.04997679116269,463.96029468039,-0.077961890860941,49.996864254475,36054.271921734
0.405,5.0509747926671,0.64998670614901,0.049976588004864,459.48539518049,-0.07712041357425,49.9968409592,36054.271146298
0.41,5.0513583275905,0.64998655493088,0.049976386117099,455.0720554999,-0.0762886527336,49.996817915271,36054.270379228
0.415,5.0517377273534,0.64998640403843,0.04997618548466,450.71896132347,-0.075466436548785,49.996795119795,36054.269620428
0.42,5.0521130392675,0.64998625347206,0.049975986093128,446.42483892035,-0.074653597936357,49.99677256993,36054.268869804
0.425,5.0524843098201,0.64998610323217,0.04997578792838,442.18845349451,-0.073849974342054,49.996750262881,36054.268127263
0.43,5.0528515846961,0.64998595331916,0.049975590976589,438.00860761868,-0.073055407571739,49.996728195905,36054.267392714
0.435,5.0532149088003,0.64998580373343,0.049975395224207,433.8841397464,-0.072269743630336,49.996706366302,36054.266666065
0.44,5.0535743262769,0.64998565447536,0.049975200657963,429.81392279771,-0.071492832568309,49.996684771422,36054.26594723
0.445,5.0539298805302,0.64998550554536,0.049975007264848,425.796862814,-0.070724528335266,49.996663408656,36054.265236122
0.45,5.0542816142434,0.64998535694382,0.049974815032113,421.83189767803,-0.069964688640278,49.996642275439,36054.264532655
0.455,5.0546295693972,0.64998520867112,0.049974623947259,417.91799589537,-0.069213174818545,49.99662136925,36054.263836744
0.46,5.0549737872875,0.64998506072764,0.049974433998028,414.05415543367,-0.068469851704053,49.996600687606,36054.263148308
0.465,5.0553143085426,0.64998491311377,0.049974245172398,410.23940261657,-0.067734587507905,49.996580228068,36054.262467266
0.47,5.05565117314,0.64998476582989,0.049974057458577,406.47279106905,-0.067007253702017,49.996559988232,36054.261793537
0.475,5.0559844204222,0.64998461887636,0.049973870844993,402.75340071151,-0.066287724907883,49.996539965736,36054.261127042
0.48,5.0563140891122,0.64998447225356,0.049973685320292,399.08033679976,-0.065575878790158,49.996520158252,36054.260467705
0.485,5.0566402173287,0.64998432596186,0.049973500873327,395.45272900853,-0.064871595954792,49.99650056349,36054.259815448
0.49,5.0569628426004,0.64998418000161,0.049973317493158,391.86973055601,-0.064174759851492,49.996481179196,36054.259170198
0.495,5.0572820018799,0.64998403437317,0.049973135169043,388.33051736733,-0.063485256680268,49.996462003149,36054.258531879
0.5,5.0575977315574,0.64998388907689,0.04997295389043,384.83428727493,-0.062802975301888,49.996443033163,36054.25790042
0.505,5.0579100674737,0.64998374411313,0.049972773646959,381.38025925373,-0.062127807152014,49.996424267084,36054.257275748
0.51,5.058219044933,0.64998359948222,0.049972594428449,377.96767268945,-0.061459646158849,49.996405702791,36054.256657793
0.515,5.058524698715,0.64998345518451,0.0499724162249,374.59578667828,-0.060798388664125,49.996387338195,36054.256046486
0.52,5.0588270630868,0.64998331122031,0.049972239026484,371.26387935628,-0.060143933347259,49.996369171236,36054.255441757
0.525,5.0591261718146,0.64998316758997,0.049972062823541,367.97124725713,-0.059496181152526,49.996351199887,36054.254843539
0.53,5.0594220581746,0.6499830242938,0.049971887606577,364.71720469658,-0.058855035219108,49.996333422147,36054.254251767
0.535,5.059714754964,0.64998288133211,0.049971713366257,361.50108318248,-0.058220400813877,49.996315836045,36054.253666373
0.54,5.0600042945113,0.64998273870521,0.049971540093403,358.322230849,-0.057592185266782,49.996298439641,36054.253087294
0.545,5.0602907086868,0.6499825964134,0.049971367778988,355.18001191393,-0.05697029790872,49.996281231018,36054.252514466
0.55,5.060574028912,0.64998245445699,0.049971196414136,352.07380615782,-0.056354650011778,49.996264208289,36054.251947825
0.555,5.0608542861695,0.64998231283625,0.049971025990112,349.0030084241,-0.055745154731731,49.996247369592,36054.251387311
0.56,5.0611315110122,0.64998217155148,0.049970856498326,345.96702813896,-0.055141727052693,49.996230713092,36054.250832861
0.565,5.0614057335722,0.64998203060294,0.049970687930324,342.9652888502,-0.054544283733833,49.996214236978,36054.250284416
0.57,5.0616769835697,0.64998188999091,0.049970520277787,339.99722778409,-0.053952743258049,49.996197939464,36054.249741916
0.575,5.0619452903215,0.64998174971564,0.049970353532527,337.06229541945,-0.053367025782519,49.99618181879,36054.249205302
0.58,5.0622106827491,0.64998160977738,0.049970187686484,334.15995507809,-0.052787053091055,49.996165873216,36054.248674517
0.585,5.0624731893867,0.6499814701764,0.049970022731724,331.28968253092,-0.052212748548161,49.99615010103,36054.248149504
0.59,5.0627328383895,0.64998133091291,0.049969858660435,328.45096561895,-0.05164403705474,49.996134500539,36054.247630206
0.595,5.0629896575404,0.64998119198716,0.049969695464924,325.64330388856,-0.05108084500537,49.996119070074,36054.247116568
0.6,5.0632436742582,0.64998105339936,0.049969533137615,322.86620824041,-0.050523100247078,49.996103807987,36054.246608534
0.605,5.0634949156043,0.64998091514974,0.049969371671046,320.11920059127,-0.049970732039556,49.996088712654,36054.246106052
0.61,5.0637434082897,0.64998077723849,0.049969211057867,317.40181354841,-0.049423671016756,49.996073782468,36054.245609066
0.615,5.063989178682,0.64998063966582,0.049969051290836,314.71359009575,-0.048881849149807,49.996059015845,36054.245117526
0.62,5.0642322528118,0.64998050243191,0.049968892362819,312.05408329144,-0.048345199711187,49.996044411222,36054.244631377
0.625,5.0644726563792,0.64998036553695,0.049968734266785,309.42285597631,-0.047813657240125,49.996029967055,36054.24415057
0.63,5.06471041476,0.64998022898112,0.049968576995805,306.81948049272,-0.047287157509152,49.996015681818,36054.243675053
0.635,5.0649455530119,0.64998009276457,0.049968420543051,304.2435384134,-0.046765637491781,49.996001554006,36054.243204777
0.64,5.0651780958804,0.64997995688746,0.049968264901791,301.69462027978,-0.046249035331243,49.995987582133,36054.242739691
0.645,5.0654080678042,0.64997982134994,0.049968110065389,299.17232534951,-0.045737290310268,49.99597376473,36054.242279747
0.65,5.0656354929216,0.64997968615216,0.049967956027304,296.67626135275,-0.045230342821843,49.995960100347,36054.241824897
0.655,5.0658603950751,0.64997955129423,0.049967802781083,294.20604425682,-0.044728134340925,49.995946587551,36054.241375093
0.66,5.0660827978177,0.64997941677628,0.049967650320367,291.76129803894,-0.044230607397062,49.995933224927,36054.240930287
0.665,5.066302724417,0.64997928259843,0.04996749863888,289.34165446668,-0.043737705547888,49.995920011077,36054.240490434
0.67,5.0665201978613,0.64997914876077,0.049967347730436,286.94675288581,-0.043249373353469,49.99590694462,36054.240055487
0.675,5.0667352408639,0.6499790152634,0.049967197588931,284.5762400153,-0.042765556351453,49.995894024191,36054.239625401
0.68,5.0669478758682,0.64997888210641,0.049967048208345,282.22976974913,-0.042286201032997,49.995881248442,36054.239200131
0.685,5.0671581250524,0.64997874928986,0.049966899582735,279.90700296467,-0.041811254819454,49.99586861604,36054.238779633
0.69,5.0673660103339,0.64997861681384,0.049966751706242,277.60760733732,-0.041340666039768,49.995856125669,36054.238363862
0.695,5.0675715533741,0.64997848467839,0.049966604573082,275.33125716128,-0.040874383908575,49.995843776027,36054.237952776
0.7,5.0677747755825,0.64997835288356,0.049966458177546,273.07763317605,-0.040412358504972,49.995831565827,36054.237546332
0.705,5.0679756981211,0.6499782214294,0.049966312514003,270.84642239862,-0.039954540751921,49.995819493798,36054.237144487
0.71,5.0681743419087,0.64997809031592,0.049966167576891,268.63731796094,-0.039500882396292,49.995807558683,36054.236747199
0.715,5.0683707276245,0.64997795954316,0.049966023360722,266.45001895267,-0.039051335989482,49.99579575924,36054.236354428
0.72,5.0685648757127,0.64997782911113,0.049965879860079,264.28423026878,-0.03860585486863,49.99578409424,36054.235966132
0.725,5.0687568063858,0.64997769901982,0.049965737069612,262.13966246208,-0.03816439313838,49.99577256247,36054.23558227
0.73,5.0689465396291,0.64997756926923,0.04996559498404,260.01603160025,-0.037726905653182,49.995761162727,36054.235202804
0.735,5.0691340952035,0.64997743985934,0.049965453598146,257.91305912739,-0.037293348000109,49.995749893826,36054.234827693
0.74,5.0693194926499,0.64997731079014,0.049965312906781,255.83047172977,-0.036863676482173,49.995738754591,36054.234456898
0.745,5.0695027512924,0.64997718206157,0.049965172904859,253.76800120576,-0.036437848102132,49.995727743862,36054.23409038
0.75,5.0696838902417,0.6499770536736,0.049965033587356,251.72538433972,-0.036015820546747,49.995716860491,36054.233728102
0.755,5.0698629283987,0.64997692562617,0.04996489494931,249.70236277969,-0.035597552171502,49.995706103341,36054.233370026
0.76,5.0700398844577,0.64997679791923,0.049964756985819,247.69868291878,-0.035183001985751,49.99569547129,36054.233016114
0.765,5.0702147769094,0.64997667055269,0.04996461969204,245.71409578013,-0.034772129638281,49.995684963227,36054.232666329
0.77,5.0703876240447,0.64997654352649,0.049964483063189,243.74835690526,-0.034364895403292,49.995674578052,36054.232320635
0.775,5.070558443957,0.64997641684052,0.04996434709454,241.80122624578,-0.033961260166756,49.99566431468,36054.231978995
0.78,5.0707272545458,0.64997629049469,0.049964211781421,239.87246805827,-0.033561185413161,49.995654172033,36054.231641374
0.785,5.0708940735195,0.64997616448889,0.049964077119217,237.96185080219,-0.033164633212617,49.995644149049,36054.231307736
0.79,5.0710589183981,0.649976038823,0.049963943103366,236.06914704086,-0.032771566208321,49.995634244674,36054.230978046
0.795,5.0712218065163,0.6499759134969,0.04996380972936,234.19413334524,-0.032381947604355,49.995624457867,36054.23065227
0.8,5.0713827550262,0.64997578851045,0.049963676992742,232.33659020047,-0.031995741153826,49.995614787598,36054.230330373
0.805,5.0715417809,0.64997566386351,0.049963544889108,230.49630191516,-0.03161291114732,49.995605232846,36054.230012321
0.81,5.0716989009326,0.64997553955591,0.049963413414104,228.6730565332,-0.031233422401659,49.995595792603,36054.229698081
0.815,5.0718541317443,0.64997541558751,0.049963282563425,226.8666457481,-0.030857240248977,49.99558646587,36054.22938762
0.82,5.0720074897833,0.64997529195813,0.049963152332815,225.0768648197,-0.030484330526063,49.995577251659,36054.229080903
0.825,5.0721589913281,0.64997516866759,0.049963022718068,223.30351249333,-0.030114659564007,49.995568148992,36054.2287779
0.83,5.0723086524904,0.6499750457157,0.049962893715021,221.54639092106,-0.0297481941781,49.9955591569,36054.228478578
0.835,5.0724564892166,0.64997492310226,0.049962765319561,219.80530558527,-0.029384901658009,49.995550274426,36054.228182905
0.84,5.0726025172912,0.64997480082707,0.049962637527619,218.08006522428,-0.029024749758203,49.995541500622,36054.227890848
0.845,5.0727467523384,0.64997467888992,0.049962510335172,216.37048176,-0.028667706688628,49.995532834547,36054.227602378
0.85,5.0728892098245,0.64997455729058,0.049962383738239,214.67637022759,-0.028313741105623,49.995524275274,36054.227317463
0.855,5.0730299050602,0.64997443602882,0.049962257732884,212.99754870703,-0.027962822103064,49.995515821882,36054.227036073
0.86,5.0731688532028,0.6499743151044,0.049962132315213,211.33383825651,-0.027614919203738,49.995507473461,36054.226758177
0.865,5.0733060692581,0.64997419451707,0.049962007481376,209.68506284766,-0.027270002350932,49.995499229109,36054.226483744
0.87,5.0734415680829,0.64997407426658,0.04996188322756,208.05104930245,-0.026928041900242,49.995491087933,36054.226212747
0.875,5.0735753643865,0.64997395435266,0.049961759549996,206.43162723184,-0.026589008611573,49.995483049049,36054.225945154
0.88,5.0737074727332,0.64997383477505,0.049961636444955,204.82662897601,-0.026252873641351,49.995475111584,36054.225680938
0.885,5.0738379075439,0.64997371553345,0.049961513908746,203.23588954617,-0.025919608534928,49.995467274669,36054.225420068
0.89,5.0739666830982,0.64997359662759,0.049961391937718,201.65924656791,-0.025589185219164,49.995459537447,36054.225162517
0.895,5.0740938135363,0.64997347805717,0.049961270528255,200.09654022606,-0.025261575995202,49.995451899069,36054.224908256
0.9,5.0742193128607,0.64997335982188,0.049961149676783,198.54761321089,-0.024936753531417,49.995444358693,36054.224657257
0.905,5.0743431949384,0.64997324192141,0.049961029379763,197.0123106658,-0.024614690856536,49.995436915486,36054.224409493
0.91,5.0744654735022,0.64997312435544,0.04996090963369,195.4904801363,-0.024295361352922,49.995429568623,36054.224164936
0.915,5.0745861621526,0.64997300712365,0.049960790435099,193.98197152034,-0.023978738750025,49.995422317287,36054.223923559
0.92,5.0747052743598,0.6499728902257,0.049960671780558,192.48663701986,-0.023664797117987,49.995415160669,36054.223685334
0.925,5.074822823465,0.64997277366125,0.049960553666669,191.00433109357,-0.023353510861401,49.995408097966,36054.223450236
0.93,5.0749388226825,0.64997265742995,0.04996043609007,189.534910411,-0.023044854713216,49.995401128385,36054.223218238
0.935,5.0750532851007,0.64997254153145,0.049960319047431,188.0782338076,-0.022738803728792,49.995394251139,36054.222989313
0.94,5.0751662236844,0.64997242596537,0.049960202535457,186.63416224106,-0.022435333280088,49.99538746545,36054.222763436
0.945,5.0752776512758,0.64997231073136,0.049960086550885,185.20255874862,-0.022134419049988,49.995380770546,36054.22254058
0.95,5.0753875805964,0.64997219582903,0.049959971090482,183.78328840553,-0.021836037026767,49.995374165663,36054.222320722
0.955,5.0754960242482,0.64997208125799,0.049959856151051,182.37621828448,-0.021540163498672,49.995367650043,36054.222103834
0.96,5.0756029947157,0.64997196701787,0.049959741729422,180.98121741608,-0.02124677504864,49.995361222936,36054.221889894
0.965,5.0757085043666,0.64997185310825,0.049959627822459,179.59815675021,-0.020955848549134,49.9953548836,36054.221678874
0.97,5.0758125654542,0.64997173952873,0.049959514427055,178.22690911843,-0.020667361157089,49.995348631298,36054.221470752
0.975,5.0759151901177,0.6499716262789,0.049959401540132,176.86734919724,-0.020381290308989,49.9953424653,36054.221265503
0.98,5.0760163903846,0.64997151335835,0.049959289158643,175.51935347221,-0.020097613716046,49.995336384884,36054.221063102
0.985,5.0761161781714,0.64997140076664,0.049959177279569,174.182800203,-0.019816309359483,49.995330389335,36054.220863527
0.99,5.0762145652863,0.64997128850336,0.049959065899922,172.85756938896,-0.0195373554857,49.995324477942,36054.220666752
0.995,5.0763115634275,0.64997117656805,0.049958955016738,171.54354273655,-0.019260730602405,49.995318650003,36054.220472756
1,5.076407184187,0.64997106496028,0.049958844627084,170.24060362616,-0.0189864134737,49.995312904821,36054.220281515
1.005,5.0765014390515,0.64997095367959,0.049958734728055,168.94863708048,-0.018714383115855,49.995307241706,36054.220093005
1.01,5.0765943394032,0.64997084272553,0.04995862531677,167.66752973345,-0.018444618793125,49.995301659974,36054.219907204
1.015,5.0766858965213,0.64997073209765,0.049958516390378,166.39716980004,-0.018177100013636,49.995296158948,36054.21972409
1.02,5.0767761215833,0.64997062179546,0.049958407946051,165.13744704659,-0.017911806525368,49.995290737955,36054.21954364
1.025,5.0768650256658,0.6499705118185,0.04995829998099,163.88825276197,-0.017648718312209,49.995285396331,36054.219365832
1.03,5.0769526197461,0.64997040216628,0.04995819249242,162.64947972935,-0.017387815590113,49.995280133416,36054.219190643
1.035,5.077038914703,0.64997029283833,0.049958085477591,161.42102219857,-0.017129078803319,49.995274948557,36054.219018054
1.04,5.0771239213182,0.64997018383415,0.04995797893378,160.20277585925,-0.01687248862067,49.995269841104,36054.21884804
1.045,5.0772076502771,0.64997007515324,0.049957872858285,158.99463781442,-0.016618025932,49.995264810417,36054.218680582
1.05,5.0772901121704,0.64996996679511,0.049957767248431,157.79650655483,-0.016365671844604,49.995259855859,36054.218515659
1.055,5.0773713174944,0.64996985875925,0.049957662101566,156.60828193375,-0.016115407679774,49.9952549768,36054.218353248
1.06,5.0774512766531,0.64996975104514,0.049957557415063,155.42986514244,-0.015867214969419,49.995250172614,36054.21819333
1.065,5.0775299999582,0.64996964365226,0.049957453186315,154.2611586861,-0.01562107545275,49.995245442682,36054.218035883
1.07,5.0776074976309,0.6499695365801,0.049957349412742,153.1020663604,-0.015376971073035,49.995240786389,36054.217880888
1.075,5.0776837798024,0.64996942982813,0.049957246091783,151.95249322848,-0.015134883974423,49.995236203127,36054.217728323
1.08,5.0777588565152,0.64996932339582,0.049957143220902,150.81234559854,-0.014894796498831,49.995231692293,36054.21757817
1.085,5.0778327377241,0.64996921728262,0.049957040797583,149.68153100188,-0.0146566911829,49.995227253289,36054.217430407
1.09,5.0779054332969,0.64996911148799,0.049956938819335,148.55995817139,-0.014420550755008,49.995222885521,36054.217285016
1.095,5.0779769530156,0.64996900601139,0.049956837283683,147.44753702061,-0.01418635813235,49.995218588401,36054.217141977
1.1,5.0780473065772,0.64996890085227,0.04995673618818,146.34417862313,-0.013954096418073,49.995214361348,36054.21700127
1.105,5.0781165035947,0.64996879601007,0.049956635530394,145.24979519254,-0.01372374889847,49.995210203784,36054.216862876
1.11,5.0781845535979,0.64996869148423,0.049956535307918,144.16430006277,-0.013495299040233,49.995206115136,36054.216726776
1.115,5.0782514660346,0.64996858727419,0.049956435518362,143.08760766883,-0.013268730487758,49.995202094836,36054.216592951
1.12,5.0783172502709,0.64996848337937,0.04995633615936,142.01963352804,-0.013044027060507,49.995198142322,36054.216461382
1.125,5.0783819155928,0.6499683797992,0.049956237228561,140.96029422157,-0.012821172750421,49.995194257035,36054.216332052
1.13,5.0784454712064,0.64996827653311,0.049956138723638,139.90950737645,-0.012600151719383,49.995190438423,36054.21620494
1.135,5.0785079262392,0.64996817358051,0.049956040642282,138.86719164794,-0.012380948296735,49.995186685938,36054.21608003
1.14,5.0785692897406,0.64996807094081,0.049955942982202,137.83326670226,-0.012163546976839,49.995182999034,36054.215957303
1.145,5.078629570683,0.64996796861344,0.049955845741127,136.80765319967,-0.011947932416693,49.995179377175,36054.215836742
1.15,5.0786887779624,0.64996786659778,0.049955748916805,135.79027277798,-0.011734089433583,49.995175819824,36054.215718327
1.155,5.0787469203994,0.64996776489326,0.049955652507002,134.78104803631,-0.011522003002788,49.995172326452,36054.215602042
1.16,5.0788040067398,0.64996766349925,0.049955556509501,133.77990251927,-0.011311658255331,49.995168896533,36054.215487869
1.165,5.0788600456554,0.64996756241517,0.049955460922106,132.7867607014,-0.011103040475766,49.995165529547,36054.215375792
1.17,5.0789150457447,0.64996746164039,0.049955365742637,131.80154797201,-0.010896135100016,49.995162224977,36054.215265791
1.175,5.078969015534,0.64996736117432,0.04995527096893,130.82419062027,-0.010690927713242,49.99515898231,36054.215157852
1.18,5.0790219634778,0.64996726101633,0.049955176598841,129.8546158206,-0.010487404047762,49.995155801039,36054.215051956
1.185,5.0790738979595,0.6499671611658,0.049955082630242,128.89275161843,-0.010285549981005,49.995152680659,36054.214948087
1.19,5.0791248272923,0.64996706162211,0.049954989061023,127.93852691621,-0.010085351533504,49.995149620672,36054.214846228
1.195,5.0791747597199,0.64996696238465,0.049954895889089,126.99187145966,-0.0098867948669236,49.995146620582,36054.214746363
1.2,5.0792237034171,0.64996686345276,0.049954803112362,126.05271582438,-0.0096898662821335,49.995143679898,36054.214648476
1.205,5.0792716664907,0.64996676482584,0.049954710728781,125.12099140267,-0.0094945522173071,49.995140798133,36054.21455255
1.21,5.0793186569799,0.64996666650323,0.049954618736302,124.19663039067,-0.0093008392460605,49.995137974803,36054.214458569
1.215,5.0793646828569,0.64996656848431,0.049954527132894,123.27956577569,-0.0091087140756268,49.995135209431,36054.214366517
1.22,5.0794097520282,0.64996647076843,0.049954435916545,122.36973132384,-0.0089181635450599,49.99513250154,36054.214276379
1.225,5.0794538723344,0.64996637335495,0.049954345085258,121.4670615679,-0.0087291746234752,49.995129850659,36054.214188138
1.23,5.0794970515516,0.64996627624322,0.049954254637049,120.57149179543,-0.0085417344083205,49.995127256322,36054.21410178
1.235,5.0795392973915,0.64996617943259,0.049954164569951,119.6829580371,-0.0083558301236765,49.995124718066,36054.214017288
1.24,5.0795806175023,0.64996608292242,0.049954074882013,118.80139705528,-0.0081714491185914,49.995122235429,36054.213934648
1.245,5.0796210194691,0.64996598671204,0.049953985571298,117.92674633278,-0.0079885788654421,49.995119807958,36054.213853844
1.25,5.079660510815,0.6499658908008,0.049953896635883,117.05894406196,-0.0078072069583273,49.9951174352,36054.213774861
1.255,5.079699099001,0.64996579518804,0.04995380807386,116.19792913385,-0.0076273211114857,49.995115116706,36054.213697685
1.26,5.0797367914273,0.6499656998731,0.049953719883336,115.34364112767,-0.0074489091577474,49.995112852032,36054.2136223
1.265,5.0797735954332,0.64996560485532,0.049953632062432,114.49602030042,-0.0072719590470069,49.995110640737,36054.213548692
1.27,5.0798095182984,0.64996551013402,0.049953544609282,113.65500757675,-0.0070964588447265,49.995108482383,36054.213476846
1.275,5.0798445672429,0.64996541570854,0.049953457522036,112.82054453897,-0.006922396730465,49.995106376537,36054.213406748
1.28,5.0798787494281,0.64996532157821,0.049953370798855,111.99257341731,-0.0067497609964306,49.995104322769,36054.213338384
1.285,5.079912071957,0.64996522774235,0.049953284437917,111.17103708029,-0.0065785400460622,49.995102320652,36054.213271739
1.29,5.0799445418749,0.64996513420029,0.04995319843741,110.35587902535,-0.0064087223926302,49.995100369762,36054.213206799
1.295,5.0799761661701,0.64996504095135,0.049953112795537,109.5470433696,-0.0062402966578664,49.995098469679,36054.21314355
1.3,5.080006951774,0.64996494799485,0.049953027510515,108.74447484076,-0.0060732515706126,49.995096619988,36054.213081979
1.305,5.0800369055622,0.64996485533012,0.049952942580572,107.94811876832,-0.0059075759654967,49.995094820274,36054.213022072
1.31,5.0800660343546,0.64996476295647,0.04995285800395,107.15792107476,-0.0057432587816274,49.995093070129,36054.212963814
1.315,5.0800943449158,0.64996467087321,0.049952773778905,106.37382826704,-0.0055802890613124,49.995091369146,36054.212907193
1.32,5.0801218439564,0.64996457907965,0.049952689903703,105.59578742817,-0.005418655948798,49.995089716921,36054.212852195
1.325,5.0801485381325,0.64996448757512,0.049952606376624,104.82374620902,-0.0052583486890317,49.995088113055,36054.212798807
1.33,5.080174434047,0.64996439635891,0.049952523195959,104.05765282016,-0.0050993566264401,49.995086557151,36054.212747015
1.335,5.0801995382494,0.64996430543034,0.049952440360014,103.29745602397,-0.0049416692037325,49.995085048815,36054.212696806
1.34,5.0802238572371,0.64996421478872,0.049952357867104,102.54310512684,-0.0047852759607211,49.995083587657,36054.212648168
1.345,5.080247397455,0.64996412443335,0.049952275715558,101.79454997149,-0.0046301665331636,49.99508217329,36054.212601088
1.35,5.0802701652968,0.64996403436353,0.049952193903715,101.05174092949,-0.0044763306516189,49.99508080533,36054.212555552
1.355,5.0802921671048,0.64996394457857,0.049952112429927,100.31462889384,-0.0043237581403277,49.995079483395,36054.212511549
1.36,5.0803134091708,0.64996385507777,0.049952031292557,99.583165271772,-0.0041724389161075,49.995078207108,36054.212469064
1.365,5.0803338977363,0.64996376586042,0.049951950489981,98.8573019776,-0.0040223629872658,49.995076976094,36054.212428087
1.37,5.0803536389933,0.64996367692584,0.049951870020584,98.136991425746,-0.003873520452532,49.99507578998,36054.212388605
1.375,5.0803726390842,0.64996358827331,0.049951789882762,97.422186523879,-0.0037259015000068,49.995074648397,36054.212350605
1.38,5.0803909041028,0.64996349990213,0.049951710074925,96.712840666165,-0.0035794964061238,49.99507355098,36054.212314075
1.385,5.0804084400944,0.64996341181159,0.049951630595492,96.008907726657,-0.0034342955346329,49.995072497365,36054.212279003
1.39,5.0804252530562,0.649963324001,0.049951551442892,95.310342052778,-0.0032902893355994,49.995071487192,36054.212245377
1.395,5.0804413489383,0.64996323646965,0.049951472615567,94.617098458943,-0.0031474683444119,49.995070520103,36054.212213185
1.4,5.0804567336431,0.64996314921682,0.049951394111967,93.929132220271,-0.0030058231808148,49.995069595744,36054.212182415
1.405,5.0804714130268,0.6499630622418,0.049951315930555,93.246399066422,-0.0028653445479496,49.995068713763,36054.212153057
1.41,5.080485392899,0.6499629755439,0.049951238069803,92.568855175534,-0.0027260232314152,49.99506787381,36054.212125097
1.415,5.0804986790237,0.6499628891224,0.049951160528194,91.896457168266,-0.002587850098337,49.99506707554,36054.212098525
1.42,5.0805112771191,0.64996280297658,0.049951083304221,91.229162101946,-0.0024508160964586,49.995066318609,36054.212073329
1.425,5.0805231928586,0.64996271710574,0.049951006396386,90.566927464817,-0.0023149122532367,49.995065602675,36054.212049497
1.43,5.080534431871,0.64996263150916,0.049950929803202,89.909711170381,-0.0021801296749612,49.995064927402,36054.212027019
1.435,5.0805449997404,0.64996254618613,0.049950853523193,89.257471551848,-0.0020464595458786,49.995064292452,36054.212005883
1.44,5.0805549020076,0.64996246113594,0.049950777554892,88.610167356666,-0.0019138931273351,49.995063697495,36054.211986079
1.445,5.0805641441693,0.64996237635787,0.049950701896839,87.967757741153,-0.0017824217569295,49.995063142198,36054.211967594
1.45,5.0805727316796,0.6499622918512,0.049950626547588,87.33020226522,-0.0016520368476802,49.995062626234,36054.211950419
1.455,5.0805806699496,0.64996220761522,0.0499505515057,86.697460887175,-0.0015227298872025,49.995062149279,36054.211934543
1.46,5.0805879643479,0.64996212364922,0.049950476769746,86.069493958626,-0.0013944924369008,49.99506171101,36054.211919954
1.465,5.0805946202013,0.64996203995248,0.049950402338306,85.446262219456,-0.0012673161311708,49.995061311106,36054.211906642
1.47,5.0806006427948,0.64996195652428,0.04995032820997,84.827726792891,-0.0011411926766132,49.995060949251,36054.211894597
1.475,5.0806060373724,0.6499618733639,0.049950254383336,84.21384918065,-0.0010161138512592,49.995060625129,36054.211883808
1.48,5.0806108091368,0.64996179047062,0.049950180857011,83.604591258167,-0.00089207150380968,49.995060338427,36054.211874264
1.485,5.0806149632503,0.64996170784374,0.049950107629614,82.999915269899,-0.00076905755288037,49.995060088835,36054.211865956
1.49,5.0806185048349,0.64996162548252,0.049950034699768,82.399783824711,-0.00064706398626271,49.995059876046,36054.211858873
1.495,5.0806214389728,0.64996154338626,0.049949962066109,81.804159891329,-0.00052608286019268,49.995059699754,36054.211853005
1.5,5.0806237707066,0.64996146155422,0.049949889727279,81.213006793878,-0.00040610629862939,49.995059559657,36054.211848341
1.505,5.0806255050397,0.6499613799857,0.04994981768193,80.626288207484,-0.00028712649254661,49.995059455453,36054.211844873
1.51,5.0806266469366,0.64996129867998,0.049949745928723,80.043968153949,-0.00016913569923158,49.995059386844,36054.211842589
1.515,5.0806272013232,0.64996121763633,0.049949674466326,79.466010997499,-5.212624159559e-05,49.995059353535,36054.21184148
1.52,5.0806271730872,0.64996113685404,0.049949603293416,78.892381440596,6.3909492506703e-05,49.995059355232,36054.211841537
1.525,5.0806265670786,0.64996105633238,0.049949532408679,78.323044519818,0.00017897905094938,49.995059391642,36054.211842749
1.53,5.0806253881095,0.64996097607065,0.049949461810808,77.757965601809,0.0002930899179954,49.995059462478,36054.211845107
1.535,5.0806236409549,0.64996089606811,0.049949391498505,77.197110379285,0.00040624951494903,49.995059567453,36054.211848601
1.54,5.0806213303528,0.64996081632405,0.049949321470479,76.640444867111,0.00051846520080126,49.995059706281,36054.211853222
1.545,5.0806184610047,0.64996073683775,0.04994925172545,76.087935398434,0.00062974427286502,49.99505987868,36054.211858961
1.55,5.0806150375756,0.6499606576085,0.049949182262142,75.539548620884,0.00074009396739869,49.99506008437,36054.211865808
1.555,5.0806110646946,0.64996057863557,0.049949113079289,74.995251492825,0.00084952146022657,49.995060323072,36054.211873753
1.56,5.0806065469548,0.64996049991824,0.049949044175633,74.45501127967,0.0009580338673475,49.995060594512,36054.211882789
1.565,5.0806014889142,0.6499604214558,0.049948975549922,73.918795550256,0.0010656382455346,49.995060898414,36054.211892905
1.57,5.0805958950955,0.64996034324752,0.049948907200915,73.386572173267,0.0011723415929318,49.995061234507,36054.211904093
1.575,5.0805897699866,0.6499602652927,0.049948839127373,72.858309313718,0.0012781508496352,49.995061602522,36054.211916343
1.58,5.0805831180407,0.64996018759061,0.049948771328071,72.333975429495,0.0013830728982746,49.995062002191,36054.211929647
1.585,5.0805759436771,0.64996011014053,0.049948703801787,71.813539267938,0.0014871145645796,49.995062433248,36054.211943995
1.59,5.0805682512806,0.64996003294175,0.049948636547307,71.29696986249,0.0015902826179445,49.995062895431,36054.21195938
1.595,5.0805600452026,0.64995995599355,0.049948569563427,70.784236529383,0.0016925837719834,49.995063388476,36054.211975792
1.6,5.0805513297612,0.64995987929522,0.049948502848946,70.275308864385,0.0017940246850769,49.995063912126,36054.211993223
1.605,5.0805421092409,0.64995980284604,0.049948436402673,69.770156739589,0.0018946119609146,49.995064466123,36054.212011664
1.61,5.0805323878938,0.64995972664529,0.049948370223424,69.268750300257,0.0019943521490271,49.995065050211,36054.212031107
1.615,5.0805221699391,0.64995965069226,0.049948304310021,68.7710599617,0.0020932517453141,49.995065664136,36054.212051543
1.62,5.0805114595637,0.64995957498623,0.049948238661294,68.27705640622,0.0021913171925634,49.995066307647,36054.212072964
1.625,5.0805002609224,0.6499594995265,0.04994817327608,67.786710580084,0.0022885548809655,49.995066980495,36054.212095361
1.63,5.0804885781383,0.64995942431234,0.049948108153221,67.299993690548,0.0023849711486201,49.995067682432,36054.212118726
1.635,5.0804764153027,0.64995934934304,0.049948043291567,66.816877202926,0.0024805722820376,49.995068413212,36054.212143052
1.64,5.0804637764759,0.6499592746179,0.049947978689976,66.337332837702,0.002575364516633,49.99506917259,36054.21216833
1.645,5.080450665687,0.6499592001362,0.049947914347311,65.861332567681,0.0026693540372133,49.995069960326,36054.212194551
1.65,5.0804370869342,0.64995912589723,0.049947850262441,65.388848615183,0.0027625469784612,49.995070776178,36054.212221709
1.655,5.0804230441853,0.64995905190027,0.049947786434245,64.919853449281,0.0028549494254088,49.995071619909,36054.212249794
1.66,5.0804085413777,0.64995897814463,0.049947722861605,64.454319783076,0.0029465674139104,49.995072491281,36054.2122788
1.665,5.0803935824189,0.64995890462958,0.04994765954341,63.992220571011,0.003037406931105,49.99507339006,36054.212308718
1.67,5.0803781711863,0.64995883135442,0.049947596478557,63.533529006221,0.0031274739158766,49.995074316013,36054.21233954
1.675,5.080362311528,0.64995875831845,0.049947533665948,63.078218517929,0.0032167742593056,49.995075268909,36054.21237126
1.68,5.0803460072627,0.64995868552096,0.049947471104492,62.626262768875,0.0033053138051177,49.995076248518,36054.212403868
1.685,5.0803292621798,0.64995861296123,0.049947408793103,62.177635652774,0.003393098350125,49.995077254613,36054.212437358
1.69,5.0803120800402,0.64995854063857,0.049947346730703,61.732311291826,0.0034801336446638,49.995078286967,36054.212471723
1.695,5.0802944645758,0.64995846855227,0.04994728491622,61.290264034244,0.0035664253930258,49.995079345357,36054.212506954
1.7,5.0802764194902,0.64995839670163,0.049947223348586,60.851468451829,0.0036519792538848,49.99508042956,36054.212543044
1.705,5.080257948459,0.64995832508593,0.04994716202674,60.415899337575,0.0037368008407169,49.995081539355,36054.212579986
1.71,5.0802390551296,0.64995825370449,0.049947100949629,59.983531703305,0.0038208957222187,49.995082674523,36054.212617772
1.715,5.0802197431218,0.6499581825566,0.049947040116203,59.554340777342,0.0039042694227177,49.995083834847,36054.212656396
1.72,5.0802000160279,0.64995811164156,0.049946979525419,59.128302002214,0.0039869274225782,49.99508502011,36054.212695851
1.725,5.0801798774128,0.64995804095867,0.049946919176241,58.705391032388,0.0040688751586053,49.995086230098,36054.212736128
1.73,5.0801593308145,0.64995797050724,0.049946859067637,58.285583732036,0.0041501180244396,49.995087464599,36054.212777221
1.735,5.0801383797439,0.64995790028655,0.049946799198582,57.868856172831,0.0042306613709514,49.995088723402,36054.212819123
1.74,5.0801170276854,0.64995783029592,0.049946739568055,57.455184631774,0.0043105105066266,49.995090006298,36054.212861827
1.745,5.080095278097,0.64995776053465,0.049946680175043,57.044545589051,0.004389670697953,49.995091313079,36054.212905327
1.75,5.0800731344104,0.64995769100205,0.049946621018537,56.636915725918,0.0044681471697974,49.995092643538,36054.212949614
1.755,5.0800506000312,0.64995762169743,0.049946562097534,56.232271922614,0.0045459451057813,49.995093997471,36054.212994683
1.76,5.0800276783394,0.64995755262008,0.049946503411036,55.830591256304,0.0046230696486498,49.995095374675,36054.213040526
1.765,5.0800043726893,0.64995748376932,0.049946444958052,55.431850999047,0.0046995259006407,49.995096774948,36054.213087137
1.77,5.0799806864095,0.64995741514446,0.049946386737594,55.036028615795,0.0047753189238447,49.995098198091,36054.21313451
1.775,5.0799566228039,0.6499573467448,0.049946328748682,54.643101762412,0.0048504537405621,49.995099643905,36054.213182637
1.78,5.079932185151,0.64995727856967,0.049946270990339,54.25304828373,0.0049249353336603,49.995101112192,36054.213231512
1.785,5.0799073767046,0.64995721061836,0.049946213461594,53.865846211616,0.0049987686469203,49.995102602758,36054.213281129
1.79,5.0798822006939,0.64995714289021,0.049946156161483,53.481473763079,0.0050719585853857,49.995104115408,36054.213331481
1.795,5.0798566603237,0.64995707538451,0.049946099089045,53.099909338393,0.0051445100157043,49.99510564995,36054.213382562
1.8,5.0798307587745,0.64995700810059,0.049946042243325,52.721131519246,0.0052164277664644,49.995107206193,36054.213434365
1.805,5.0798044992028,0.64995694103776,0.049945985623372,52.345119066918,0.0052877166285325,49.995108783947,36054.213486884
1.81,5.0797778847411,0.64995687419534,0.049945929228243,51.97185092047,0.0053583813553829,49.995110383024,36054.213540113
1.815,5.0797509184984,0.64995680757266,0.049945873056997,51.601306194976,0.0054284266634256,49.995112003237,36054.213594046
1.82,5.0797236035601,0.64995674116902,0.049945817108699,51.233464179758,0.0054978572323302,49.9951136444,36054.213648676
1.825,5.0796959429884,0.64995667498376,0.049945761382419,50.868304336657,0.005566677705346,49.99511530633,36054.213703997
1.83,5.0796679398222,0.64995660901619,0.049945705877233,50.50580629832,0.0056348926896198,49.995116988844,36054.213760003
1.835,5.0796395970777,0.64995654326564,0.049945650592221,50.14594986651,0.0057025067565092,49.995118691762,36054.213816689
1.84,5.0796109177482,0.64995647773143,0.049945595526467,49.788715010439,0.0057695244418918,49.995120414902,36054.213874047
1.845,5.0795819048042,0.6499564124129,0.04994554067906,49.434081865119,0.0058359502464715,49.995122158086,36054.213932073
1.85,5.0795525611942,0.64995634730936,0.049945486049096,49.082030729738,0.0059017886360847,49.995123921139,36054.21399076
1.855,5.0795228898441,0.64995628242015,0.049945431635672,48.732542066053,0.005967044042,49.995125703882,36054.214050103
1.86,5.0794928936579,0.6499562177446,0.049945377437894,48.385596496803,0.0060317208612133,49.995127506143,36054.214110095
1.865,5.0794625755177,0.64995615328204,0.049945323454869,48.041174804143,0.0060958234567421,49.995129327748,36054.214170732
1.87,5.0794319382838,0.6499560890318,0.049945269685711,47.6992579281,0.0061593561579186,49.995131168525,36054.214232006
1.875,5.0794009847951,0.64995602499322,0.049945216129537,47.359826965042,0.0062223232606763,49.995133028303,36054.214293913
1.88,5.0793697178688,0.64995596116562,0.04994516278547,47.022863166173,0.0062847290278351,49.995134906914,36054.214356447
1.885,5.0793381403011,0.64995589754835,0.049945109652636,46.68834793604,0.006346577689382,49.995136804189,36054.214419602
1.89,5.0793062548671,0.64995583414075,0.049945056730166,46.356262831061,0.0064078734427536,49.995138719962,36054.214483373
1.895,5.079274064321,0.64995577094216,0.049945004017196,46.026589558072,0.0064686204531063,49.995140654066,36054.214547754
1.9,5.0792415713962,0.6499557079519,0.049944951512867,45.699309972894,0.0065288228535954,49.995142606339,36054.21461274
1.905,5.0792087788055,0.64995564516934,0.049944899216322,45.374406078908,0.0065884847456429,49.995144576616,36054.214678325
1.91,5.0791756892413,0.6499555825938,0.049944847126711,45.051860025657,0.0066476101992048,49.995146564736,36054.214744504
1.915,5.0791423053758,0.64995552022464,0.049944795243187,44.731654107462,0.0067062032530367,49.995148570539,36054.214811272
1.92,5.079108629861,0.6499554580612,0.049944743564908,44.413770762052,0.0067642679149562,49.995150593865,36054.214878623
1.925,5.0790746653288,0.64995539610283,0.049944692091035,44.098192569212,0.0068218081621023,49.995152634556,36054.214946552
1.93,5.0790404143917,0.64995533434887,0.049944640820734,43.784902249448,0.0068788279411932,49.995154692455,36054.215015054
1.935,5.0790058796422,0.64995527279868,0.049944589753175,43.473882662669,0.0069353311687783,49.995156767406,36054.215084123
1.94,5.0789710636533,0.64995521145161,0.049944538887533,43.165116806878,0.0069913217314926,49.995158859255,36054.215153755
1.945,5.0789359689787,0.64995515030701,0.049944488222986,42.858587816889,0.0070468034863058,49.995160967849,36054.215223945
1.95,5.078900598153,0.64995508936423,0.049944437758717,42.554278963047,0.007101780260767,49.995163093034,36054.215294686
1.955,5.0788649536917,0.64995502862263,0.049944387493913,42.252173649976,0.0071562558532509,49.99516523466,36054.215365975
1.96,5.0788290380912,0.64995496808157,0.049944337427764,41.95225541533,0.0072102340331993,49.995167392577,36054.215437807
1.965,5.0787928538292,0.64995490774041,0.049944287559466,41.654507928563,0.0072637185413609,49.995169566636,36054.215510175
1.97,5.078756403365,0.6499548475985,0.049944237888216,41.358914989719,0.007316713090027,49.995171756689,36054.215583076
1.975,5.0787196891391,0.64995478765521,0.049944188413217,41.065460528224,0.0073692213632693,49.99517396259,36054.215656504
1.98,5.0786827135738,0.6499547279099,0.049944139133677,40.774128601703,0.0074212470171694,49.995176184193,36054.215730456
1.985,5.0786454790731,0.64995466836193,0.049944090048806,40.484903394804,0.0074727936800513,49.995178421354,36054.215804925
1.99,5.0786079880231,0.64995460901067,0.049944041157818,40.19776921804,0.0075238649527085,49.995180673928,36054.215879907
1.995,5.0785702427918,0.64995454985549,0.049943992459931,39.912710506637,0.0075744644086292,49.995182941775,36054.215955397
2,5.0785322457294,0.64995449089576,0.049943943954369,39.629711819406,0.0076245955942213,49.995185224753,36054.216031391
2.005,5.0784939991685,0.64995443213084,0.049943895640356,39.348757837616,0.0076742620290329,49.995187522721,36054.216107884
2.01,5.0784555054243,0.6499543735601,0.049943847517122,39.069833363889,0.0077234672059714,49.99518983554,36054.216184872
2.015,5.0784167667943,0.64995431518293,0.049943799583901,38.792923321104,0.0077722145915221,49.995192163074,36054.216262349
2.02,5.0783777855589,0.64995425699868,0.04994375183993,38.51801275131,0.0078205076259628,49.995194505183,36054.216340312
2.025,5.0783385639814,0.64995419900675,0.04994370428445,38.245086814656,0.0078683497235758,49.995196861733,36054.216418755
2.03,5.078299104308,0.64995414120651,0.049943656916706,37.974130788332,0.007915744272861,49.995199232589,36054.216497674
2.035,5.0782594087681,0.64995408359733,0.049943609735945,37.70513006552,0.0079626946367426,49.995201617616,36054.216577065
2.04,5.0782194795743,0.64995402617859,0.049943562741419,37.438070154357,0.0080092041527778,49.995204016682,36054.216656924
2.045,5.0781793189227,0.64995396894969,0.049943515932384,37.172936676911,0.0080552761333628,49.995206429654,36054.216737245
2.05,5.0781389289926,0.64995391191,0.049943469308099,36.909715368168,0.0081009138659331,49.995208856402,36054.216818025
2.055,5.0780983119472,0.6499538550589,0.049943422867826,36.648392075025,0.0081461206131673,49.995211296796,36054.216899259
2.06,5.0780574699334,0.64995379839578,0.049943376610831,36.388952755305,0.0081908996131858,49.995213750707,36054.216980943
2.065,5.0780164050819,0.64995374192004,0.049943330536385,36.131383476771,0.0082352540797482,49.995216218006,36054.217063073
2.07,5.0779751195075,0.64995368563106,0.049943284643759,35.875670416158,0.008279187202449,49.995218698568,36054.217145644
2.075,5.0779336153089,0.64995362952822,0.04994323893223,35.621799858212,0.0083227021469109,49.995221192264,36054.217228652
2.08,5.0778918945692,0.64995357361093,0.049943193401078,35.369758194742,0.0083658020549789,49.995223698972,36054.217312094
2.085,5.0778499593558,0.64995351787858,0.049943148049587,35.11953192368,0.0084084900449086,49.995226218565,36054.217395964
2.09,5.0778078117207,0.64995346233056,0.049943102877043,34.871107648153,0.0084507692115557,49.995228750921,36054.217480259
2.095,5.0777654537003,0.64995340696627,0.049943057882736,34.624472075562,0.0084926426265613,49.995231295918,36054.217564975
2.1,5.0777228873157,0.6499533517851,0.049943013065959,34.379612016675,0.0085341133385398,49.995233853434,36054.217650108
2.105,5.077680114573,0.64995329678647,0.04994296842601,34.136514384725,0.008575184373261,49.995236423349,36054.217735654
2.11,5.077637137463,0.64995324196976,0.049942923962188,33.895166194521,0.0086158587338309,49.995239005543,36054.217821608
2.115,5.0775939579617,0.64995318733439,0.049942879673796,33.655554561568,0.0086561394008724,49.995241599897,36054.217907967
2.12,5.0775505780301,0.64995313287976,0.049942835560141,33.417666701196,0.0086960293327047,49.995244206293,36054.217994727
2.125,5.0775069996148,0.64995307860527,0.049942791620532,33.181489927693,0.0087355314655186,49.995246824615,36054.218081883
2.13,5.0774632246473,0.64995302451033,0.049942747854283,32.94701165346,0.0087746487135529,49.995249454746,36054.218169433
2.135,5.0774192550449,0.64995297059435,0.04994270426071,32.714219388157,0.0088133839692668,49.995252096572,36054.218257373
2.14,5.0773750927105,0.64995291685674,0.049942660839131,32.483100737877,0.0088517401035138,49.995254749978,36054.218345697
2.145,5.0773307395325,0.64995286329692,0.04994261758887,32.253643404312,0.0088897199657111,49.99525741485,36054.218434404
2.15,5.0772861973852,0.64995280991429,0.049942574509252,32.025835183938,0.0089273263840085,49.995260091075,36054.218523488
2.155,5.077241468129,0.64995275670828,0.049942531599605,31.799663967205,0.0089645621654564,49.995262778543,36054.218612946
2.16,5.0771965536099,0.6499527036783,0.049942488859261,31.575117737732,0.0090014300961709,49.995265477142,36054.218702775
2.165,5.0771514556605,0.64995265082377,0.049942446287556,31.352184571519,0.0090379329414995,49.995268186763,36054.218792971
2.17,5.0771061760992,0.64995259814411,0.049942403883826,31.13085263616,0.0090740734461841,49.995270907294,36054.218883531
2.175,5.077060716731,0.64995254563873,0.049942361647413,30.911110190062,0.0091098543345222,49.99527363863,36054.218974449
2.18,5.0770150793472,0.64995249330708,0.049942319577661,30.692945581682,0.0091452783105254,49.995276380661,36054.219065724
2.185,5.0769692657258,0.64995244114856,0.049942277673916,30.47634724876,0.0091803480580815,49.99527913328,36054.219157351
2.19,5.0769232776312,0.64995238916261,0.049942235935529,30.261303717569,0.0092150662411105,49.995281896383,36054.219249327
2.195,5.0768771168147,0.64995233734865,0.049942194361852,30.047803602166,0.0092494355037185,49.995284669863,36054.219341649
2.2,5.0768307850143,0.64995228570611,0.049942152952241,29.835835603655,0.0092834584703558,49.995287453617,36054.219434313
2.205,5.0767842839551,0.64995223423443,0.049942111706054,29.625388509455,0.0093171377459686,49.99529024754,36054.219527315
2.21,5.076737615349,0.64995218293304,0.049942070622653,29.416451192579,0.0093504759161494,49.99529305153,36054.219620652
2.215,5.0766907808951,0.64995213180136,0.049942029701403,29.20901261091,0.0093834755472911,49.995295865485,36054.219714321
2.22,5.0766437822799,0.64995208083885,0.049941988941671,29.003061806499,0.0094161391867323,49.995298689302,36054.219808318
2.225,5.076596621177,0.64995203004492,0.049941948342826,28.798587904859,0.0094484693629085,49.995301522883,36054.21990264
2.23,5.0765492992474,0.64995197941903,0.049941907904242,28.59558011427,0.0094804685854968,49.995304366126,36054.219997284
2.235,5.0765018181398,0.64995192896062,0.049941867625295,28.39402772509,0.009512139345563,49.995307218934,36054.220092246
2.24,5.0764541794902,0.64995187866911,0.049941827505362,28.193920109072,0.0095434841157043,49.995310081207,36054.220187524
2.245,5.0764063849225,0.64995182854397,0.049941787543826,27.995246718691,0.0095745053501936,49.995312952848,36054.220283113
2.25,5.0763584360483,0.64995177858463,0.049941747740071,27.797997086474,0.0096052054851191,49.99531583376,36054.220379011
2.255,5.0763103344672,0.64995172879055,0.049941708093483,27.602160824338,0.009635586938528,49.995318723847,36054.220475214
2.26,5.0762620817664,0.64995167916116,0.049941668603451,27.407727622933,0.0096656521105629,49.995321623014,36054.220571719
2.265,5.0762136795216,0.64995162969592,0.049941629269368,27.214687250995,0.0096954033836011,49.995324531166,36054.220668524
2.27,5.0761651292963,0.64995158039428,0.04994159009063,27.023029554702,0.0097248431223923,49.99532744821,36054.220765624
2.275,5.0761164326423,0.6499515312557,0.049941551066632,26.832744457039,0.0097539736741927,49.995330374051,36054.220863017
2.28,5.0760675910997,0.64995148227962,0.049941512196777,26.64382195716,0.0097827973689008,49.995333308597,36054.220960701
2.285,5.0760186061972,0.6499514334655,0.049941473480466,26.456252129775,0.0098113165191905,49.995336251757,36054.22105867
2.29,5.0759694794516,0.64995138481281,0.049941434917105,26.270025124522,0.0098395334206426,49.995339203439,36054.221156924
2.295,5.0759202123686,0.649951336321,0.049941396506103,26.085131165356,0.0098674503518786,49.995342163553,36054.221255458
2.3,5.0758708064423,0.64995128798953,0.049941358246869,25.901560549947,0.0098950695746875,49.99534513201,36054.22135427
2.305,5.0758212631558,0.64995123981787,0.049941320138818,25.719303649073,0.0099223933341574,49.995348108719,36054.221453356
2.31,5.0757715839808,0.64995119180547,0.049941282181365,25.538350906029,0.0099494238588026,49.995351093593,36054.221552715
2.315,5.075721770378,0.6499511439518,0.049941244373928,25.358692836034,0.0099761633606899,49.995354086543,36054.221652342
2.32,5.0756718237969,0.64995109625634,0.049941206715929,25.180320025648,0.010002614035563,49.995357087484,36054.221752235
2.325,5.0756217456764,0.64995104871855,0.049941169206791,25.003223132195,0.010028778062972,49.995360096328,36054.221852391
2.33,5.0755715374442,0.64995100133789,0.04994113184594,24.827392883187,0.010054657606393,49.995363112989,36054.221952808
2.335,5.0755212005174,0.64995095411384,0.049941094632804,24.652820075758,0.010080254813349,49.995366137382,36054.222053482
2.34,5.0754707363025,0.64995090704588,0.049941057566814,24.479495576101,0.010105571815541,49.995369169424,36054.22215441
2.345,5.0754201461951,0.64995086013348,0.049941020647404,24.30741031891,0.010130610728955,49.995372209029,36054.22225559
2.35,5.0753694315804,0.64995081337611,0.04994098387401,24.136555306831,0.010155373653993,49.995375256115,36054.22235702
2.355,5.0753185938333,0.64995076677325,0.049940947246069,23.966921609909,0.010179862675584,49.9953783106,36054.222458695
2.36,5.0752676343181,0.64995072032439,0.049940910763023,23.798500365053,0.010204079863309,49.9953813724,36054.222560614
2.365,5.0752165543888,0.64995067402899,0.049940874424315,23.631282775494,0.01022802727151,49.995384441436,36054.222662774
2.37,5.0751653553892,0.64995062788656,0.04994083822939,23.465260110255,0.01025170693941,49.995387517625,36054.222765172
2.375,5.0751140386531,0.64995058189656,0.049940802177695,23.300423703625,0.010275120891229,49.995390600889,36054.222867805
2.38,5.0750626055039,0.64995053605849,0.049940766268682,23.136764954635,0.010298271136293,49.995393691147,36054.222970672
2.385,5.0750110572553,0.64995049037183,0.049940730501802,22.974275326542,0.010321159669153,49.99539678832,36054.223073768
2.39,5.0749593952109,0.64995044483607,0.049940694876511,22.812946346316,0.01034378846969,49.995399892331,36054.223177092
2.395,5.0749076206644,0.6499503994507,0.049940659392267,22.652769604131,0.010366159503232,49.995403003101,36054.223280641
2.4,5.0748557348999,0.64995035421522,0.049940624048527,22.493736752863,0.010388274720661,49.995406120553,36054.223384413
2.405,5.0748037391915,0.64995030912911,0.049940588844755,22.33583950759,0.010410136058524,49.995409244611,36054.223488404
2.41,5.074751634804,0.64995026419187,0.049940553780414,22.179069645101,0.010431745439139,49.995412375199,36054.223592613
2.415,5.0746994229922,0.649950219403,0.049940518854971,22.023419003399,0.010453104770704,49.995415512241,36054.223697037
2.42,5.0746471050018,0.64995017476199,0.049940484067894,21.868879481225,0.010474215947405,49.995418655663,36054.223801673
2.425,5.0745946820689,0.64995013026835,0.049940449418655,21.71544303757,0.010495080849518,49.99542180539,36054.223906519
2.43,5.0745421554201,0.64995008592157,0.049940414906726,21.563101691202,0.010515701343517,49.995424961349,36054.224011572
2.435,5.0744895262729,0.64995004172116,0.049940380531583,21.41184752019,0.010536079282177,49.995428123466,36054.22411683
2.44,5.0744367958355,0.64994999766662,0.049940346292704,21.261672661442,0.010556216504676,49.995431291669,36054.224222291
2.445,5.0743839653069,0.64994995375745,0.049940312189568,21.112569310233,0.010576114836701,49.995434465886,36054.224327952
2.45,5.0743310358771,0.64994990999318,0.049940278221657,20.964529719754,0.010595776090543,49.995437646044,36054.224433811
2.455,5.0742780087269,0.64994986637329,0.049940244388455,20.817546200647,0.010615202065204,49.995440832075,36054.224539865
2.46,5.0742248850284,0.6499498228973,0.049940210689449,20.671611120563,0.010634394546496,49.995444023906,36054.224646113
2.465,5.0741716659446,0.64994977956473,0.049940177124126,20.526716903705,0.010653355307133,49.995447221468,36054.224752551
2.47,5.0741183526296,0.64994973637509,0.049940143691979,20.382856030391,0.010672086106841,49.995450424692,36054.224859177
2.475,5.074064946229,0.64994969332788,0.049940110392498,20.240021036611,0.010690588692446,49.995453633509,36054.22496599
2.48,5.0740114478794,0.64994965042263,0.04994007722518,20.098204513594,0.010708864797973,49.99545684785,36054.225072987
2.485,5.0739578587091,0.64994960765886,0.049940044189521,19.95739910737,0.010726916144746,49.995460067648,36054.225180165
2.49,5.0739041798376,0.64994956503608,0.049940011285019,19.817597518351,0.010744744441476,49.995463292836,36054.225287523
2.495,5.0738504123758,0.64994952255382,0.049939978511177,19.678792500896,0.010762351384363,49.995466523346,36054.225395058
2.5,5.0737965574263,0.64994948021159,0.049939945867497,19.540976862898,0.010779738657183,49.995469759113,36054.225502768
2.505,5.0737426160834,0.64994943800891,0.049939913353484,19.404143465363,0.010796907931386,49.995473000071,36054.225610651
2.51,5.0736885894329,0.64994939594533,0.049939880968647,19.268285221998,0.010813860866187,49.995476246154,36054.225718704
2.515,5.0736344785524,0.64994935402035,0.049939848712493,19.133395098802,0.010830599108652,49.995479497298,36054.225826926
2.52,5.0735802845112,0.64994931223351,0.049939816584534,18.999466113656,0.010847124293799,49.995482753439,36054.225935314
2.525,5.0735260083707,0.64994927058434,0.049939784584285,18.866491335924,0.010863438044675,49.995486014512,36054.226043866
2.53,5.073471651184,0.64994922907237,0.049939752711259,18.734463886053,0.010879541972459,49.995489280455,36054.22615258
2.535,5.0734172139962,0.64994918769713,0.049939720964975,18.603376935173,0.010895437676542,49.995492551205,36054.226261455
2.54,5.0733626978444,0.64994914645816,0.049939689344951,18.473223704711,0.010911126744614,49.995495826699,36054.226370487
2.545,5.073308103758,0.64994910535498,0.049939657850709,18.343997465999,0.010926610752758,49.995499106875,36054.226479675
2.55,5.0732534327583,0.64994906438714,0.049939626481773,18.215691539884,0.010941891265529,49.995502391673,36054.226589017
2.555,5.073198685859,0.64994902355418,0.049939595237667,18.088299296353,0.010956969836046,49.995505681031,36054.226698511
2.56,5.0731438640658,0.64994898285563,0.049939564117919,17.961814154149,0.010971848006072,49.995508974888,36054.226808155
2.565,5.0730889683771,0.64994894229103,0.049939533122057,17.836229580398,0.010986527306102,49.995512273186,36054.226917946
2.57,5.0730339997834,0.64994890185994,0.049939502249613,17.711539090231,0.011001009255444,49.995515575864,36054.227027883
2.575,5.0729789592676,0.64994886156189,0.04993947150012,17.587736246421,0.011015295362307,49.995518882863,36054.227137964
2.58,5.0729238478053,0.64994882139642,0.049939440873112,17.464814659013,0.011029387123877,49.995522194125,36054.227248187
2.585,5.0728686663644,0.64994878136309,0.049939410368126,17.342767984961,0.011043286026403,49.995525509592,36054.22735855
2.59,5.0728134159056,0.64994874146144,0.049939379984701,17.221589927768,0.011056993545276,49.995528829205,36054.227469051
2.595,5.0727580973822,0.64994870169103,0.049939349722377,17.101274237128,0.011070511145112,49.995532152908,36054.227579688
2.6,5.0727027117402,0.6499486620514,0.049939319580696,16.981814708575,0.011083840279832,49.995535480644,36054.227690459
2.605,5.0726472599182,0.6499486225421,0.049939289559204,16.863205183128,0.011096982392736,49.995538812355,36054.227801363
2.61,5.0725917428478,0.6499485831627,0.049939259657445,16.745439546943,0.011109938916588,49.995542147988,36054.227912397
2.615,5.0725361614534,0.64994854391274,0.049939229874967,16.628511730972,0.011122711273693,49.995545487484,36054.22802356
2.62,5.0724805166524,0.64994850479179,0.049939200211321,16.512415710616,0.01113530087597,49.995548830791,36054.228134849
2.625,5.072424809355,0.6499484657994,0.049939170666058,16.397145505386,0.011147709125032,49.995552177853,36054.228246264
2.63,5.0723690404645,0.64994842693512,0.04993914123873,16.282695178569,0.011159937412265,49.995555528615,36054.228357802
2.635,5.0723132108772,0.64994838819854,0.049939111928894,16.169058836893,0.0111719871189,49.995558883024,36054.228469461
2.64,5.0722573214828,0.64994834958919,0.049939082736106,16.056230630194,0.011183859616086,49.995562241026,36054.22858124
2.645,5.0722013731638,0.64994831110666,0.049939053659924,15.944204751088,0.011195556264972,49.995565602569,36054.228693136
2.65,5.072145366796,0.6499482727505,0.04993902469991,15.832975434651,0.011207078416771,49.9955689676,36054.228805149
2.655,5.0720893032488,0.64994823452028,0.049938995855626,15.722536958086,0.011218427412844,49.995572336066,36054.228917276
2.66,5.0720331833844,0.64994819641557,0.049938967126634,15.612883640412,0.011229604584763,49.995575707916,36054.229029516
2.665,5.0719770080588,0.64994815843595,0.049938938512502,15.504009842142,0.011240611254391,49.995579083098,36054.229141867
2.67,5.0719207781211,0.64994812058097,0.049938910012796,15.395909964969,0.011251448733947,49.995582461561,36054.229254326
2.675,5.0718644944142,0.64994808285021,0.049938881627086,15.288578451453,0.011262118326083,49.995585843255,36054.229366894
2.68,5.0718081577741,0.64994804524325,0.049938853354942,15.182009784711,0.011272621323952,49.99558922813,36054.229479567
2.685,5.0717517690307,0.64994800775967,0.049938825195938,15.076198488113,0.011282959011276,49.995592616134,36054.229592345
2.69,5.0716953290074,0.64994797039903,0.049938797149647,14.971139124973,0.01129313266242,49.99559600722,36054.229705225
2.695,5.0716388385211,0.64994793316092,0.049938769215646,14.86682629825,0.011303143542455,49.995599401338,36054.229818206
2.7,5.0715822983827,0.64994789604491,0.049938741393511,14.763254650244,0.011312992907233,49.995602798439,36054.229931286
2.705,5.0715257093965,0.64994785905059,0.049938713682824,14.660418862305,0.01132268200345,49.995606198475,36054.230044464
2.71,5.0714690723609,0.64994782217754,0.049938686083163,14.558313654534,0.011332212068716,49.995609601398,36054.230157738
2.715,5.071412388068,0.64994778542535,0.049938658594113,14.456933785491,0.011341584331619,49.995613007161,36054.230271107
2.72,5.0713556573036,0.64994774879358,0.049938631215258,14.356274051905,0.011350800011795,49.995616415715,36054.230384568
2.725,5.0712988808478,0.64994771228185,0.049938603946183,14.256329288388,0.011359860319993,49.995619827015,36054.230498121
2.73,5.0712420594743,0.64994767588972,0.049938576786476,14.157094367148,0.011368766458135,49.995623241014,36054.230611764
2.735,5.0711851939511,0.64994763961679,0.049938549735727,14.058564197705,0.011377519619391,49.995626657665,36054.230725495
2.74,5.07112828504,0.64994760346265,0.049938522793526,13.960733726615,0.011386120988233,49.995630076923,36054.230839313
2.745,5.0710713334972,0.64994756742689,0.049938495959466,13.863597937184,0.011394571740505,49.995633498743,36054.230953216
2.75,5.0710143400728,0.64994753150911,0.049938469233141,13.767151849201,0.011402873043485,49.995636923079,36054.231067203
2.755,5.0709573055112,0.6499474957089,0.049938442614146,13.671390518654,0.011411026055948,49.995640349886,36054.231181272
2.76,5.0709002305509,0.64994746002585,0.049938416102079,13.576309037468,0.011419031928226,49.995643779121,36054.231295422
2.765,5.0708431159248,0.64994742445956,0.049938389696539,13.481902533228,0.011426891802274,49.995647210739,36054.231409651
2.77,5.07078596236,0.64994738900963,0.049938363397126,13.388166168914,0.011434606811727,49.995650644697,36054.231523958
2.775,5.0707287705782,0.64994735367566,0.049938337203442,13.29509514264,0.011442178081966,49.99565408095,36054.231638342
2.78,5.0706715412951,0.64994731845725,0.049938311115091,13.202684687382,0.011449606730174,49.995657519457,36054.2317528
2.785,5.0706142752212,0.649947283354,0.049938285131678,13.110930070727,0.011456893865398,49.995660960175,36054.231867332
2.79,5.0705569730613,0.64994724836552,0.049938259252809,13.019826594606,0.01146404058861,49.995664403061,36054.231981937
2.795,5.0704996355147,0.6499472134914,0.049938233478093,12.929369595041,0.011471047992762,49.995667848072,36054.232096612
2.8,5.0704422632753,0.64994717873127,0.049938207807139,12.839554441891,0.01147791716285,49.995671295169,36054.232211356
2.805,5.0703848570316,0.64994714408472,0.049938182239559,12.750376538598,0.011484649175967,49.995674744308,36054.232326169
2.81,5.0703274174667,0.64994710955136,0.049938156774966,12.661831321933,0.011491245101365,49.995678195449,36054.232441048
2.815,5.0702699452584,0.6499470751308,0.049938131412973,12.573914261755,0.011497706000511,49.995681648552,36054.232555992
2.82,5.0702124410792,0.64994704082266,0.049938106153197,12.486620860757,0.011504032927142,49.995685103576,36054.232671001
2.825,5.0701549055964,0.64994700662655,0.049938080995255,12.399946654224,0.011510226927326,49.99568856048,36054.232786072
2.83,5.070097339472,0.64994697254208,0.049938055938765,12.313887209791,0.011516289039511,49.995692019226,36054.232901204
2.835,5.0700397433628,0.64994693856886,0.049938030983348,12.228438127201,0.01152222029459,49.995695479773,36054.233016396
2.84,5.0699821179208,0.64994690470652,0.049938006128625,12.143595038067,0.011528021715947,49.995698942082,36054.233131647
2.845,5.0699244637923,0.64994687095467,0.049937981374221,12.059353605632,0.011533694319518,49.995702406115,36054.233246955
2.85,5.0698667816191,0.64994683731292,0.049937956719758,11.975709524539,0.011539239113843,49.995705871833,36054.233362319
2.855,5.0698090720378,0.64994680378091,0.049937932164865,11.892658520592,0.011544657100121,49.995709339198,36054.233477739
2.86,5.0697513356797,0.64994677035825,0.049937907709167,11.810196350529,0.011549949272262,49.995712808171,36054.233593211
2.865,5.0696935731717,0.64994673704457,0.049937883352294,11.728318801787,0.011555116616942,49.995716278716,36054.233708736
2.87,5.0696357851353,0.64994670383948,0.049937859093877,11.647021692282,0.011560160113655,49.995719750795,36054.233824312
2.875,5.0695779721873,0.64994667074262,0.049937834933547,11.566300870174,0.011565080734764,49.99572322437,36054.233939938
2.88,5.0695201349399,0.64994663775361,0.049937810870938,11.486152213651,0.011569879445557,49.995726699406,36054.234055613
2.885,5.0694622740001,0.64994660487208,0.049937786905685,11.4065716307,0.011574557204293,49.995730175864,36054.234171335
2.89,5.0694043899702,0.64994657209766,0.049937763037422,11.327555058889,0.011579114962259,49.995733653711,36054.234287103
2.895,5.0693464834481,0.64994653942997,0.049937739265789,11.249098465147,0.011583553663816,49.995737132908,36054.234402916
2.9,5.0692885550266,0.64994650686866,0.049937715590424,11.171197845549,0.011587874246452,49.995740613421,36054.234518773
2.905,5.0692306052939,0.64994647441335,0.049937692010966,11.093849225096,0.011592077640833,49.995744095215,36054.234634672
2.91,5.0691726348338,0.64994644206368,0.049937668527059,11.017048657507,0.01159616477085,49.995747578254,36054.234750613
2.915,5.0691146442253,0.64994640981928,0.049937645138344,10.940792225,0.011600136553669,49.995751062504,36054.234866594
2.92,5.0690566340427,0.64994637767979,0.049937621844467,10.865076038087,0.011603993899783,49.99575454793,36054.234982615
2.925,5.0689986048562,0.64994634564485,0.049937598645073,10.78989623536,0.011607737713056,49.995758034498,36054.235098673
2.93,5.0689405572311,0.64994631371409,0.049937575539809,10.715248983287,0.011611368890774,49.995761522173,36054.235214768
2.935,5.0688824917283,0.64994628188716,0.049937552528324,10.641130476008,0.011614888323694,49.995765010923,36054.235330899
2.94,5.0688244089043,0.6499462501637,0.049937529610267,10.567536935126,0.011618296896087,49.995768500713,36054.235447065
2.945,5.0687663093114,0.64994621854335,0.04993750678529,10.494464609505,0.01162159548579,49.995771991511,36054.235563264
2.95,5.0687081934972,0.64994618702576,0.049937484053046,10.421909775075,0.011624784964251,49.995775483283,36054.235679496
2.955,5.0686500620052,0.64994615561057,0.049937461413188,10.349868734624,0.011627866196574,49.995778975998,36054.235795759
2.96,5.0685919153744,0.64994612429742,0.049937438865371,10.278337817607,0.011630840041567,49.995782469622,36054.235912052
2.965,5.0685337541396,0.64994609308596,0.049937416409252,10.207313379945,0.011633707351788,49.995785964123,36054.236028374
2.97,5.0684755788314,0.64994606197585,0.049937394044488,10.136791803834,0.011636468973589,49.99578945947,36054.236144725
2.975,5.0684173899762,0.64994603096673,0.049937371770739,10.066769497548,0.011639125747161,49.995792955631,36054.236261103
2.98,5.0683591880961,0.64994600005826,0.049937349587666,9.9972428952505,0.011641678506581,49.995796452575,36054.236377507
2.985,5.0683009737092,0.64994596925008,0.049937327494929,9.9282084568004,0.011644128079854,49.99579995027,36054.236493935
2.99,5.0682427473292,0.64994593854185,0.049937305492192,9.8596626675665,0.011646475288957,49.995803448685,36054.236610388
2.995,5.0681845094661,0.64994590793323,0.049937283579119,9.7916020382386,0.011648720949886,49.995806947791,36054.236726864
3,5.0681262606255,0.64994587742386,0.049937261755375,9.7240231046414,0.011650865872696,49.995810447556,36054.236843361
3.005,5.068068001309,0.64994584701341,0.049937240020629,9.6569224275499,0.011652910861544,49.99581394795,36054.23695988
3.01,5.0680097320145,0.64994581670154,0.049937218374546,9.5902965925066,0.011654856714738,49.995817448944,36054.237076419
3.015,5.0679514532356,0.6499457864879,0.049937196816798,9.5241422096394,0.011656704224768,49.995820950508,36054.237192976
3.02,5.067893165462,0.64994575637216,0.049937175347054,9.4584559134815,0.01165845417836,49.995824452613,36054.237309552
3.025,5.0678348691797,0.64994572635397,0.049937153964986,9.3932343627924,0.011660107356511,49.995827955228,36054.237426144
3.03,5.0677765648704,0.649945696433,0.049937132670268,9.32847424038,0.011661664534532,49.995831458326,36054.237542753
3.035,5.0677182530124,0.64994566660892,0.049937111462574,9.2641722529244,0.011663126482088,49.995834961877,36054.237659377
3.04,5.0676599340799,0.64994563688138,0.049937090341578,9.2003251308035,0.011664493963244,49.995838465854,36054.237776015
3.045,5.0676016085432,0.64994560725006,0.049937069306959,9.1369296279185,0.011665767736498,49.995841970227,36054.237892666
3.05,5.0675432768692,0.64994557771462,0.049937048358394,9.0739825215228,0.011666948554829,49.995845474969,36054.238009329
3.055,5.0674849395206,0.64994554827473,0.049937027495563,9.0114806120503,0.011668037165731,49.995848980052,36054.238126004
3.06,5.0674265969567,0.64994551893006,0.049937006718145,8.9494207229456,0.011669034311256,49.995852485448,36054.238242689
3.065,5.067368249633,0.64994548968029,0.049936986025822,8.8877997004963,0.011669940728053,49.99585599113,36054.238359383
3.07,5.0673098980013,0.64994546052507,0.049936965418278,8.8266144136659,0.011670757147405,49.995859497072,36054.238476087
3.075,5.0672515425097,0.64994543146409,0.049936944895196,8.7658617539274,0.011671484295273,49.995863003245,36054.238592798
3.08,5.0671931836029,0.64994540249703,0.049936924456262,8.7055386350992,0.011672122892326,49.995866509623,36054.238709515
3.085,5.0671348217218,0.64994537362354,0.049936904101162,8.6456419931819,0.011672673653989,49.99587001618,36054.238826239
3.09,5.0670764573038,0.64994534484332,0.049936883829583,8.5861687861962,0.011673137290476,49.995873522889,36054.238942968
3.095,5.0670180907827,0.64994531615604,0.049936863641215,8.5271159940221,0.011673514506826,49.995877029725,36054.239059701
3.1,5.066959722589,0.64994528756137,0.049936843535747,8.4684806182391,0.011673806002944,49.995880536661,36054.239176438
3.105,5.0669013531496,0.64994525905901,0.04993682351287,8.4102596819682,0.011674012473637,49.995884043672,36054.239293176
3.11,5.0668429828877,0.64994523064862,0.049936803572278,8.3524502297146,0.011674134608649,49.995887550732,36054.239409917
3.115,5.0667846122235,0.64994520232989,0.049936783713662,8.2950493272113,0.011674173092704,49.995891057817,36054.239526658
3.12,5.0667262415734,0.6499451741025,0.049936763936718,8.2380540612652,0.011674128605531,49.995894564901,36054.2396434
3.125,5.0666678713506,0.64994514596614,0.049936744241141,8.1814615396023,0.011674001821913,49.995898071959,36054.23976014
3.13,5.066609501965,0.6499451179205,0.049936724626629,8.1252688907163,0.011673793411712,49.995901578967,36054.239876879
3.135,5.0665511338229,0.64994508996525,0.04993670509288,8.0694732637167,0.011673504039913,49.9959050859,36054.239993615
3.14,5.0664927673277,0.64994506210009,0.049936685639591,8.014071828179,0.011673134366653,49.995908592734,36054.240110348
3.145,5.0664344028792,0.6499450343247,0.049936666266465,7.9590617739951,0.01167268504726,49.995912099445,36054.240227077
3.15,5.0663760408739,0.64994500663878,0.049936646973202,7.9044403112258,0.011672156732285,49.995915606009,36054.240343801
3.155,5.0663176817052,0.64994497904201,0.049936627759504,7.850204669954,0.011671550067539,49.995919112403,36054.240460519
3.16,5.0662593257633,0.64994495153409,0.049936608625076,7.7963521001386,0.011670865694125,49.995922618603,36054.240577231
3.165,5.0662009734352,0.6499449241147,0.049936589569622,7.7428798714706,0.011670104248476,49.995926124586,36054.240693936
3.17,5.0661426251046,0.64994489678355,0.049936570592847,7.6897852732289,0.011669266362382,49.995929630329,36054.240810632
3.175,5.0660842811523,0.64994486954033,0.04993655169446,7.637065614138,0.01166835266303,49.995933135809,36054.24092732
3.18,5.0660259419555,0.64994484238473,0.049936532874167,7.5847182222273,0.011667363773034,49.995936641003,36054.241043999
3.185,5.0659676078889,0.64994481531645,0.049936514131679,7.5327404446895,0.01166630031047,49.995940145888,36054.241160667
3.19,5.0659092793238,0.64994478833518,0.049936495466704,7.4811296477431,0.011665162888906,49.995943650444,36054.241277324
3.195,5.0658509566283,0.64994476144064,0.049936476878955,7.4298832164921,0.011663952117436,49.995947154646,36054.241393969
3.2,5.0657926401678,0.64994473463251,0.049936458368144,7.3789985547904,0.011662668600715,49.995950658474,36054.241510602
3.205,5.0657343303046,0.64994470791049,0.049936439933984,7.3284730851053,0.011661312938986,49.995954161905,36054.241627222
3.21,5.0656760273977,0.6499446812743,0.04993642157619,7.2783042483818,0.011659885728115,49.995957664919,36054.241743828
3.215,5.0656177318036,0.64994465472363,0.049936403294478,7.2284895039095,0.011658387559623,49.995961167493,36054.241860419
3.22,5.0655594438754,0.64994462825819,0.049936385088563,7.1790263291884,0.011656819020716,49.995964669607,36054.241976995
3.225,5.0655011639638,0.64994460187769,0.049936366958164,7.1299122197976,0.011655180694315,49.995968171239,36054.242093555
3.23,5.065442892416,0.64994457558182,0.049936348903,7.0811446892635,0.011653473159092,49.995971672368,36054.242210098
3.235,5.0653846295768,0.64994454937029,0.04993633092279,7.0327212689302,0.011651696989493,49.995975172974,36054.242326624
3.24,5.0653263757879,0.64994452324282,0.049936313017255,6.9846395078302,0.011649852755774,49.995978673037,36054.242443131
3.245,5.0652681313881,0.64994449719912,0.049936295186116,6.9368969725559,0.011647941024034,49.995982172535,36054.24255962
3.25,5.0652098967137,0.64994447123888,0.049936277429098,6.8894912471325,0.011645962356235,49.995985671449,36054.242676089
3.255,5.0651516720979,0.64994444536184,0.049936259745923,6.8424199328919,0.011643917310241,49.995989169758,36054.242792539
3.26,5.0650934578711,0.64994441956769,0.049936242136317,6.7956806483471,0.011641806439843,49.995992667444,36054.242908967
3.265,5.0650352543612,0.64994439385615,0.049936224600006,6.7492710290676,0.011639630294792,49.995996164485,36054.243025374
3.27,5.0649770618932,0.64994436822693,0.049936207136716,6.7031887275563,0.011637389420823,49.995999660863,36054.243141759
3.275,5.0649188807893,0.64994434267976,0.049936189746176,6.6574314131264,0.011635084359688,49.996003156559,36054.243258121
3.28,5.0648607113692,0.64994431721434,0.049936172428115,6.6119967717803,0.011632715649185,49.996006651552,36054.24337446
3.285,5.0648025539497,0.64994429183039,0.049936155182262,6.5668825060883,0.011630283823183,49.996010145824,36054.243490775
3.29,5.0647444088452,0.64994426652764,0.049936138008349,6.5220863350692,0.011627789411653,49.996013639356,36054.243607065
3.295,5.0646862763672,0.64994424130579,0.049936120906108,6.4776059940708,0.011625232940697,49.99601713213,36054.24372333
3.3,5.0646281568248,0.64994421616458,0.049936103875271,6.4334392346519,0.011622614932571,49.996020624127,36054.243839569
3.305,5.0645700505243,0.64994419110372,0.049936086915574,6.3895838244653,0.011619935905721,49.996024115327,36054.243955782
3.31,5.0645119577696,0.64994416612293,0.049936070026749,6.3460375471418,0.011617196374801,49.996027605714,36054.244071967
3.315,5.0644538788618,0.64994414122194,0.049936053208535,6.3027982021738,0.011614396850708,49.996031095269,36054.244188125
3.32,5.0643958140998,0.64994411640047,0.049936036460667,6.2598636048008,0.011611537840605,49.996034583975,36054.244304254
3.325,5.0643377637796,0.64994409165825,0.049936019782883,6.2172315858963,0.01160861984795,49.996038071812,36054.244420355
3.33,5.0642797281949,0.649944066995,0.049936003174923,6.1748999918544,0.01160564337252,49.996041558764,36054.244536426
3.335,5.064221707637,0.64994404241045,0.049935986636526,6.1328666844775,0.01160260891044,49.996045044813,36054.244652467
3.34,5.0641637023946,0.64994401790433,0.049935970167433,6.0911295408651,0.011599516954209,49.996048529942,36054.244768478
3.345,5.0641057127537,0.64994399347636,0.049935953767386,6.0496864533041,0.011596367992725,49.996052014134,36054.244884457
3.35,5.0640477389984,0.64994396912628,0.049935937436127,6.008535329158,0.011593162511313,49.996055497371,36054.245000405
3.355,5.06398978141,0.64994394485381,0.049935921173401,5.9676740907583,0.011589900991746,49.996058979637,36054.24511632
3.36,5.0639318402675,0.64994392065869,0.049935904978951,5.9271006752971,0.011586583912279,49.996062460914,36054.245232202
3.365,5.0638739158475,0.64994389654065,0.049935888852523,5.8868130347195,0.011583211747664,49.996065941187,36054.245348051
3.37,5.0638160084243,0.64994387249943,0.049935872793864,5.8468091356168,0.011579784969185,49.996069420439,36054.245463866
3.375,5.0637581182698,0.64994384853475,0.049935856802722,5.8070869591214,0.011576304044676,49.996072898653,36054.245579646
3.38,5.0637002456534,0.64994382464636,0.049935840878844,5.7676445008017,0.011572769438549,49.996076375814,36054.245695391
3.385,5.0636423908426,0.64994380083398,0.04993582502198,5.7284797705579,0.011569181611819,49.996079851904,36054.245811101
3.3899999999999,5.0635845541023,0.64994377709737,0.049935809231879,5.6895907925185,0.011565541022124,49.996083326909,36054.245926774
3.3949999999999,5.0635267356951,0.64994375343624,0.049935793508294,5.6509756049381,0.011561848123758,49.996086800812,36054.246042411
3.3999999999999,5.0634689358815,0.64994372985036,0.049935777850976,5.6126322600955,0.011558103367687,49.996090273599,36054.246158011
3.4049999999999,5.0634111549196,0.64994370633944,0.049935762259679,5.5745588241921,0.011554307201575,49.996093745252,36054.246273573
3.4099999999999,5.0633533930654,0.64994368290325,0.049935746734155,5.5367533772524,0.011550460069809,49.996097215758,36054.246389097
3.4149999999999,5.0632956505726,0.6499436595415,0.04993573127416,5.4992140130235,0.011546562413525,49.9961006851,36054.246504582
3.4199999999999,5.0632379276928,0.64994363625396,0.049935715879449,5.4619388388775,0.011542614670627,49.996104153264,36054.246620027
3.4249999999999,5.0631802246753,0.64994361304036,0.04993570054978,5.4249259757117,0.011538617275809,49.996107620234,36054.246735433
3.4299999999999,5.0631225417672,0.64994358990045,0.049935685284909,5.3881735578523,0.011534570660585,49.996111085996,36054.246850799
3.4349999999999,5.0630648792137,0.64994356683397,0.049935670084594,5.3516797329579,0.011530475253307,49.996114550535,36054.246966124
3.4399999999999,5.0630072372576,0.64994354384067,0.049935654948596,5.3154426619222,0.011526331479188,49.996118013837,36054.247081408
3.4449999999999,5.0629496161397,0.64994352092029,0.049935639876674,5.2794605187803,0.011522139760324,49.996121475887,36054.24719665
3.4499999999999,5.0628920160987,0.64994349807259,0.049935624868589,5.243731490613,0.011517900515721,49.99612493667,36054.247311851
3.4549999999999,5.0628344373711,0.64994347529731,0.049935609924103,5.2082537774531,0.011513614161312,49.996128396173,36054.247427008
3.4599999999999,5.0627768801916,0.64994345259421,0.049935595042979,5.1730255921927,0.01150928110998,49.996131854381,36054.247542122
3.4649999999999,5.0627193447925,0.64994342996303,0.049935580224981,5.1380451604899,0.011504901771583,49.99613531128,36054.247657193
3.4699999999999,5.0626618314043,0.64994340740352,0.049935565469872,5.1033107206779,0.011500476552973,49.996138766857,36054.24777222
3.4749999999999,5.0626043402554,0.64994338491544,0.049935550777419,5.0688205236729,0.011496005858018,49.996142221098,36054.247887202
3.4799999999999,5.0625468715721,0.64994336249854,0.049935536147387,5.0345728328841,0.011491490087624,49.996145673988,36054.24800214
3.4849999999999,5.0624894255789,0.64994334015257,0.049935521579544,5.0005659241236,0.011486929639757,49.996149125516,36054.248117032
3.4899999999999,5.0624320024981,0.6499433178773,0.049935507073657,4.9667980855176,0.011482324909464,49.996152575667,36054.248231878
3.4949999999999,5.0623746025502,0.64994329567247,0.049935492629495,4.9332676174172,0.01147767628889,49.996156024428,36054.248346678
3.4999999999999,5.0623172259537,0.64994327353784,0.049935478246829,4.8999728323114,0.011472984167306,49.996159471786,36054.248461431
3.5049999999999,5.0622598729251,0.64994325147317,0.049935463925427,4.866912054739,0.011468248931123,49.996162917728,36054.248576137
3.5099999999999,5.062202543679,0.64994322947822,0.049935449665063,4.8340836212024,0.011463470963918,49.996166362241,36054.248690795
3.5149999999999,5.0621452384282,0.64994320755275,0.049935435465507,4.8014858800819,0.01145865064645,49.996169805313,36054.248805406
3.5199999999999,5.0620879573834,0.64994318569651,0.049935421326533,4.7691171915495,0.011453788356683,49.99617324693,36054.248919968
3.5249999999999,5.0620307007535,0.64994316390927,0.049935407247915,4.7369759274852,0.011448884469806,49.99617668708,36054.249034481
3.5299999999999,5.0619734687457,0.6499431421908,0.049935393229427,4.7050604713917,0.011443939358251,49.99618012575,36054.249148945
3.5349999999999,5.0619162615652,0.64994312054084,0.049935379270845,4.6733692183126,0.011438953391713,49.99618356293,36054.24926336
3.5399999999999,5.0618590794152,0.64994309895917,0.049935365371945,4.6419005747476,0.011433926937174,49.996186998605,36054.249377724
3.5449999999999,5.0618019224973,0.64994307744555,0.049935351532504,4.6106529585716,0.011428860358916,49.996190432764,36054.249492038
3.5499999999999,5.0617447910113,0.64994305599975,0.049935337752299,4.5796247989525,0.011423754018545,49.996193865395,36054.249606301
3.5549999999999,5.0616876851551,0.64994303462153,0.049935324031111,4.5488145362703,0.011418608275011,49.996197296486,36054.249720512
3.5599999999999,5.0616306051247,0.64994301331065,0.049935310368718,4.518220622036,0.011413423484621,49.996200726025,36054.249834672
3.5649999999999,5.0615735511146,0.64994299206689,0.049935296764901,4.4878415188125,0.011408200001064,49.996204154002,36054.24994878
3.5699999999999,5.0615165233173,0.64994297089002,0.04993528321944,4.4576757001349,0.011402938175429,49.996207580403,36054.250062836
3.5749999999999,5.0614595219237,0.6499429497798,0.049935269732118,4.4277216504317,0.011397638356221,49.996211005217,36054.250176839
3.5799999999999,5.0614025471228,0.649942928736,0.049935256302718,4.397977864947,0.011392300889381,49.996214428434,36054.250290788
3.5849999999999,5.0613455991021,0.64994290775839,0.049935242931022,4.3684428496622,0.011386926118305,49.996217850042,36054.250404684
3.5899999999999,5.0612886780473,0.64994288684676,0.049935229616816,4.3391151212197,0.011381514383863,49.99622127003,36054.250518527
3.5949999999999,5.0612317841423,0.64994286600086,0.049935216359885,4.3099932068457,0.011376066024414,49.996224688387,36054.250632314
3.5999999999999,5.0611749175693,0.64994284522047,0.049935203160014,4.281075644275,0.011370581375828,49.996228105101,36054.250746048
3.6049999999999,5.0611180785091,0.64994282450536,0.049935190016989,4.2523609816751,0.0113650607715,49.996231520162,36054.250859726
3.6099999999999,5.0610612671406,0.64994280385532,0.0499351769306,4.2238477775718,0.011359504542371,49.99623493356,36054.250973348
3.6149999999999,5.061004483641,0.64994278327011,0.049935163900633,4.1955346007743,0.011353913016945,49.996238345283,36054.251086915
3.6199999999999,5.0609477281861,0.64994276274951,0.049935150926877,4.167420030302,0.011348286521305,49.996241755321,36054.251200426
3.6249999999999,5.0608910009499,0.6499427422933,0.049935138009124,4.1395026553112,0.011342625379131,49.996245163663,36054.251313881
3.6299999999999,5.0608343021047,0.64994272190126,0.049935125147162,4.1117810750224,0.011336929911718,49.9962485703,36054.251427278
3.6349999999999,5.0607776318216,0.64994270157317,0.049935112340783,4.084253898648,0.011331200437993,49.99625197522,36054.251540619
3.6399999999999,5.0607209902696,0.6499426813088,0.04993509958978,4.0569197453207,0.011325437274533,49.996255378415,36054.251653902
3.6449999999999,5.0606643776165,0.64994266110794,0.049935086893945,4.0297772440227,0.011319640735577,49.996258779873,36054.251767127
3.6499999999999,5.0606077940283,0.64994264097036,0.049935074253072,4.0028250335145,0.011313811133051,49.996262179585,36054.251880295
3.6549999999999,5.0605512396697,0.64994262089585,0.049935061666956,3.9760617622658,0.011307948776577,49.99626557754,36054.251993403
3.6599999999999,5.0604947147036,0.6499426008842,0.04993504913539,3.9494860883847,0.011302053973495,49.99626897373,36054.252106453
3.6649999999999,5.0604382192914,0.64994258093517,0.049935036658171,3.9230966795496,0.011296127028873,49.996272368143,36054.252219444
3.6699999999999,5.0603817535932,0.64994256104857,0.049935024235096,3.8968922129404,0.011290168245533,49.996275760772,36054.252332376
3.6749999999999,5.0603253177674,0.64994254122417,0.049935011865962,3.8708713751703,0.011284177924058,49.996279151606,36054.252445247
3.6799999999999,5.060268911971,0.64994252146176,0.049934999550567,3.845032862218,0.011278156362811,49.996282540635,36054.252558059
3.6849999999999,5.0602125363593,0.64994250176112,0.049934987288709,3.8193753793615,0.011272103857954,49.996285927851,36054.25267081
3.6899999999999,5.0601561910864,0.64994248212205,0.049934975080189,3.7938976411103,0.011266020703462,49.996289313244,36054.252783501
3.6949999999999,5.0600998763048,0.64994246254433,0.049934962924806,3.7685983711401,0.011259907191133,49.996292696805,36054.25289613
3.6999999999999,5.0600435921655,0.64994244302775,0.049934950822362,3.7434763022269,0.011253763610616,49.996296078525,36054.253008698
3.7049999999999,5.0599873388183,0.6499424235721,0.049934938772658,3.7185301761821,0.011247590249413,49.996299458395,36054.253121205
3.7099999999999,5.0599311164112,0.64994240417716,0.049934926775496,3.6937587437875,0.011241387392905,49.996302836406,36054.25323365
3.7149999999999,5.0598749250911,0.64994238484274,0.04993491483068,3.6691607647308,0.011235155324361,49.996306212549,36054.253346033
3.7199999999999,5.0598187650033,0.64994236556861,0.049934902938014,3.6447350075428,0.011228894324955,49.996309586815,36054.253458353
3.7249999999999,5.0597626362918,0.64994234635458,0.049934891097302,3.6204802495331,0.011222604673781,49.996312959197,36054.25357061
3.7299999999999,5.0597065390992,0.64994232720044,0.049934879308349,3.596395276728,0.01121628664787,49.996316329684,36054.253682804
3.7349999999999,5.0596504735665,0.64994230810598,0.049934867570962,3.5724788838074,0.011209940522201,49.99631969827,36054.253794936
3.7399999999999,5.0595944398338,0.64994228907099,0.049934855884946,3.5487298740438,0.011203566569718,49.996323064945,36054.253907003
3.7449999999999,5.0595384380393,0.64994227009528,0.04993484425011,3.5251470592398,0.011197165061345,49.9963264297,36054.254019007
3.7499999999999,5.0594824683203,0.64994225117863,0.049934832666262,3.5017292596677,0.011190736265999,49.996329792529,36054.254130946
3.7549999999999,5.0594265308124,0.64994223232084,0.04993482113321,3.4784753040086,0.011184280450606,49.996333153422,36054.254242821
3.7599999999999,5.0593706256502,0.64994221352171,0.049934809650764,3.4553840292927,0.011177797880113,49.996336512372,36054.254354631
3.7649999999999,5.0593147529667,0.64994219478105,0.049934798218734,3.4324542808391,0.011171288817507,49.996339869371,36054.254466377
3.7699999999999,5.0592589128938,0.64994217609864,0.04993478683693,3.4096849121966,0.011164753523824,49.99634322441,36054.254578057
3.7749999999999,5.059203105562,0.64994215747428,0.049934775505165,3.3870747850846,0.011158192258164,49.996346577482,36054.254689672
3.7799999999999,5.0591473311005,0.64994213890779,0.049934764223251,3.3646227693355,0.011151605277705,49.996349928579,36054.254801221
3.7849999999999,5.0590915896371,0.64994212039895,0.049934752991,3.3423277428359,0.011144992837723,49.996353277693,36054.254912703
3.7899999999999,5.0590358812987,0.64994210194757,0.049934741808227,3.3201885914691,0.011138355191594,49.996356624817,36054.25502412
3.7949999999999,5.0589802062106,0.64994208355346,0.049934730674745,3.298204209058,0.011131692590817,49.996359969943,36054.25513547
3.7999999999999,5.058924564497,0.64994206521641,0.049934719590369,3.2763734973087,0.011125005285024,49.996363313064,36054.255246754
3.8049999999999,5.0588689562807,0.64994204693623,0.049934708554915,3.2546953657532,0.011118293521994,49.996366654173,36054.25535797
3.8099999999999,5.0588133816834,0.64994202871272,0.0499346975682,3.2331687316946,0.011111557547666,49.996369993261,36054.255469119
3.8149999999999,5.0587578408257,0.6499420105457,0.04993468663004,3.2117925201506,0.011104797606152,49.996373330323,36054.255580201
3.8199999999999,5.0587023338266,0.64994199243495,0.049934675740252,3.1905656637989,0.011098013939753,49.99637666535,36054.255691215
3.8249999999999,5.0586468608043,0.6499419743803,0.049934664898656,3.1694871029222,0.011091206788965,49.996379998335,36054.255802161
3.8299999999999,5.0585914218756,0.64994195638155,0.04993465410507,3.1485557853539,0.0110843763925,49.996383329273,36054.255913039
3.8349999999999,5.058536017156,0.6499419384385,0.049934643359314,3.1277706664238,0.011077522987294,49.996386658154,36054.256023848
3.8399999999999,5.0584806467601,0.64994192055097,0.049934632661207,3.1071307089056,0.011070646808523,49.996389984974,36054.256134589
3.8449999999999,5.0584253108012,0.64994190271876,0.049934622010572,3.0866348829623,0.01106374808961,49.996393309724,36054.256245261
3.8499999999999,5.0583700093914,0.64994188494169,0.049934611407228,3.0662821660942,0.011056827062246,49.996396632399,36054.256355864
3.8549999999999,5.0583147426416,0.64994186721956,0.049934600851,3.0460715430863,0.011049883956394,49.996399952991,36054.256466397
3.8599999999999,5.0582595106616,0.64994184955218,0.049934590341709,3.0260020059563,0.011042919000308,49.996403271494,36054.256576861
3.8649999999999,5.0582043135603,0.64994183193938,0.049934579879179,3.0060725539028,0.011035932420539,49.996406587902,36054.256687256
3.8699999999999,5.058149151445,0.64994181438095,0.049934569463234,2.9862821932542,0.011028924441954,49.996409902207,36054.25679758
3.8749999999999,5.0580940244223,0.64994179687672,0.049934559093698,2.9666299374172,0.011021895287745,49.996413214404,36054.256907834
3.8799999999999,5.0580389325974,0.64994177942649,0.049934548770398,2.9471148068273,0.011014845179438,49.996416524486,36054.257018017
3.8849999999999,5.0579838760747,0.64994176203009,0.04993453849316,2.9277358288973,0.011007774336912,49.996419832447,36054.257128131
3.8899999999999,5.0579288549572,0.64994174468732,0.049934528261809,2.9084920379684,0.011000682978402,49.996423138281,36054.257238173
3.8949999999999,5.057873869347,0.64994172739801,0.049934518076174,2.8893824752604,0.010993571320518,49.996426441981,36054.257348144
3.8999999999999,5.0578189193449,0.64994171016197,0.049934507936081,2.8704061888224,0.010986439578255,49.996429743542,36054.257458044
3.9049999999999,5.0577640050511,0.64994169297901,0.049934497841361,2.8515622334844,0.010979287965004,49.996433042958,36054.257567873
3.9099999999999,5.0577091265641,0.64994167584896,0.049934487791841,2.8328496708084,0.010972116692559,49.996436340222,36054.25767763
3.9149999999999,5.0576542839819,0.64994165877163,0.049934477787352,2.8142675690407,0.010964925971139,49.996439635329,36054.257787315
3.9199999999999,5.0575994774011,0.64994164174684,0.049934467827724,2.7958150030641,0.01095771600939,49.996442928272,36054.257896928
3.9249999999999,5.0575447069175,0.64994162477442,0.049934457912788,2.7774910543504,0.010950487014399,49.996446219047,36054.258006469
3.9299999999999,5.0574899726257,0.64994160785417,0.049934448042376,2.7592948109133,0.010943239191705,49.996449507648,36054.258115937
3.9349999999999,5.0574352746192,0.64994159098593,0.04993443821632,2.7412253672618,0.010935972745315,49.996452794068,36054.258225333
3.9399999999999,5.0573806129908,0.64994157416952,0.049934428434453,2.723281824354,0.010928687877706,49.996456078303,36054.258334657
3.9449999999999,5.057325987832,0.64994155740475,0.049934418696608,2.7054632895506,0.010921384789843,49.996459360346,36054.258443907
3.9499999999999,5.0572713992335,0.64994154069145,0.049934409002619,2.6877688765696,0.010914063681189,49.996462640193,36054.258553084
3.9549999999999,5.0572168472848,0.64994152402945,0.049934399352321,2.6701977054405,0.010906724749711,49.996465917838,36054.258662188
3.9599999999999,5.0571623320747,0.64994150741856,0.04993438974555,2.6527489024599,0.010899368191897,49.996469193275,36054.258771219
3.9649999999999,5.0571078536906,0.64994149085862,0.04993438018214,2.6354216001461,0.010891994202763,49.9964724665,36054.258880175
3.9699999999999,5.0570534122193,0.64994147434944,0.049934370661929,2.6182149371949,0.010884602975865,49.996475737507,36054.258989058
3.9749999999999,5.0569990077465,0.64994145789086,0.049934361184754,2.6011280584358,0.010877194703308,49.996479006291,36054.259097867
3.9799999999999,5.056944640357,0.6499414414827,0.049934351750452,2.5841601147876,0.010869769575758,49.996482272847,36054.259206602
3.9849999999999,5.0568903101346,0.64994142512479,0.049934342358861,2.5673102632157,0.010862327782453,49.996485537169,36054.259315262
3.9899999999999,5.056836017162,0.64994140881695,0.049934333009821,2.5505776666883,0.010854869511208,49.996488799254,36054.259423848
3.9949999999999,5.0567817615214,0.64994139255901,0.04993432370317,2.5339614941339,0.010847394948434,49.996492059096,36054.25953236
3.9999999999999,5.0567275432936,0.64994137635081,0.049934314438749,2.5174609203986,0.01083990427914,49.996495316689,36054.259640796
4.0049999999999,5.0566733625587,0.64994136019217,0.049934305216398,2.501075126204,0.010832397686948,49.996498572031,36054.259749158
4.0099999999999,5.0566192193958,0.64994134408293,0.049934296035958,2.4848032981052,0.010824875354101,49.996501825114,36054.259857444
4.0149999999999,5.0565651138834,0.64994132802291,0.049934286897271,2.468644628449,0.010817337461473,49.996505075936,36054.259965655
4.0199999999999,5.0565110460986,0.64994131201194,0.049934277800179,2.4525983153332,0.01080978418858,49.99650832449,36054.260073791
4.0249999999999,5.0564570161179,0.64994129604986,0.049934268744526,2.4366635625646,0.010802215713588,49.996511570774,36054.26018185
4.0299999999999,5.056403024017,0.6499412801365,0.049934259730154,2.4208395796192,0.010794632213323,49.996514814781,36054.260289835
4.0349999999999,5.0563490698705,0.6499412642717,0.049934250756908,2.4051255816011,0.010787033863284,49.996518056508,36054.260397743
4.0399999999999,5.0562951537522,0.64994124845528,0.049934241824631,2.3895207892027,0.010779420837646,49.99652129595,36054.260505575
4.0449999999999,5.0562412757351,0.64994123268708,0.04993423293317,2.3740244286645,0.010771793309277,49.996524533103,36054.260613331
4.0499999999999,5.0561874358912,0.64994121696694,0.049934224082369,2.3586357317362,0.010764151449742,49.996527767962,36054.260721011
4.0549999999999,5.0561336342918,0.64994120129469,0.049934215272076,2.3433539356362,0.010756495429314,49.996531000524,36054.260828614
4.0599999999999,5.0560798710073,0.64994118567018,0.049934206502137,2.3281782830141,0.010748825416983,49.996534230783,36054.260936141
4.0649999999999,5.0560261461072,0.64994117009322,0.049934197772398,2.3131080219107,0.010741141580466,49.996537458737,36054.26104359
4.0699999999999,5.0559724596602,0.64994115456367,0.049934189082709,2.2981424057201,0.010733444086217,49.996540684379,36054.261150963
4.0749999999999,5.0559188117342,0.64994113908136,0.049934180432917,2.2832806931516,0.010725733099434,49.996543907708,36054.261258259
4.0799999999999,5.0558652023963,0.64994112364612,0.049934171822872,2.2685221481912,0.010718008784067,49.996547128718,36054.261365478
4.0849999999999,5.0558116317126,0.64994110825781,0.049934163252423,2.2538660400649,0.010710271302831,49.996550347405,36054.261472619
4.0899999999999,5.0557580997487,0.64994109291625,0.04993415472142,2.2393116432006,0.010702520817214,49.996553563766,36054.261579683
4.0949999999999,5.0557046065691,0.64994107762129,0.049934146229713,2.224858237191,0.010694757487482,49.996556777797,36054.26168667
4.0999999999999,5.0556511522376,0.64994106237277,0.049934137777155,2.2105051067572,0.010686981472691,49.996559989493,36054.261793578
4.1049999999999,5.0555977368174,0.64994104717053,0.049934129363596,2.196251541712,0.010679192930695,49.996563198852,36054.261900409
4.1099999999999,5.0555443603706,0.64994103201441,0.049934120988889,2.1820968369232,0.010671392018157,49.996566405869,36054.262007162
4.1149999999999,5.0554910229587,0.64994101690425,0.049934112652887,2.1680402922781,0.010663578890552,49.996569610541,36054.262113837
4.1199999999999,5.0554377246423,0.6499410018399,0.049934104355443,2.1540812126473,0.010655753702181,49.996572812863,36054.262220433
4.1249999999999,5.0553844654816,0.6499409868212,0.049934096096411,2.1402189078494,0.010647916606176,49.996576012834,36054.262326952
4.1299999999999,5.0553312455354,0.649940971848,0.049934087875644,2.1264526926155,0.010640067754511,49.996579210448,36054.262433392
4.1349999999999,5.0552780648624,0.64994095692014,0.049934079692999,2.1127818865544,0.010632207298009,49.996582405702,36054.262539753
4.1399999999999,5.0552249235201,0.64994094203746,0.049934071548331,2.0992058141177,0.010624335386348,49.996585598593,36054.262646036
4.1449999999999,5.0551718215655,0.64994092719981,0.049934063441494,2.0857238045652,0.010616452168076,49.996588789118,36054.26275224
4.1499999999999,5.0551187590546,0.64994091240703,0.049934055372347,2.0723351919309,0.010608557790609,49.996591977273,36054.262858365
4.1549999999999,5.055065736043,0.64994089765898,0.049934047340746,2.0590393149886,0.01060065240025,49.996595163054,36054.262964411
4.1599999999999,5.0550127525853,0.64994088295551,0.049934039346548,2.0458355172184,0.010592736142189,49.99659834646,36054.263070378
4.1649999999999,5.0549598087355,0.64994086829645,0.049934031389611,2.0327231467729,0.010584809160516,49.996601527485,36054.263176265
4.1699999999999,5.054906904547,0.64994085368165,0.049934023469795,2.0197015564441,0.010576871598224,49.996604706127,36054.263282074
4.1749999999999,5.0548540400721,0.64994083911098,0.049934015586957,2.0067701036301,0.010568923597222,49.996607882384,36054.263387803
4.1799999999999,5.0548012153628,0.64994082458427,0.049934007740958,1.9939281503026,0.01056096529834,49.99661105625,36054.263493452
4.1849999999999,5.0547484304703,0.64994081010137,0.049933999931658,1.9811750629741,0.010552996841336,49.996614227725,36054.263599022
4.1899999999999,5.0546956854449,0.64994079566214,0.049933992158917,1.9685102126654,0.010545018364906,49.996617396805,36054.263704512
4.1949999999999,5.0546429803364,0.64994078126643,0.049933984422596,1.9559329748733,0.010537030006691,49.996620563486,36054.263809922
4.1999999999999,5.0545903151939,0.64994076691409,0.049933976722557,1.9434427295396,0.010529031903284,49.996623727765,36054.263915252
4.2049999999999,5.0545376900657,0.64994075260497,0.049933969058662,1.9310388610184,0.010521024190237,49.996626889641,36054.264020503
4.2099999999999,5.0544851049997,0.64994073833892,0.049933961430773,1.9187207580451,0.01051300700207,49.996630049109,36054.264125673
4.2149999999999,5.0544325600427,0.6499407241158,0.049933953838754,1.9064878137053,0.010504980472279,49.996633206168,36054.264230763
4.2199999999999,5.0543800552413,0.64994070993546,0.049933946282468,1.8943394254034,0.010496944733339,49.996636360814,36054.264335772
4.2249999999999,5.0543275906411,0.64994069579776,0.049933938761779,1.882274994832,0.010488899916717,49.996639513045,36054.264440701
4.2299999999999,5.0542751662872,0.64994068170255,0.049933931276552,1.8702939279416,0.010480846152875,49.996642662857,36054.26454555
4.2349999999999,5.054222782224,0.64994066764968,0.049933923826652,1.8583956349098,0.010472783571281,49.996645810249,36054.264650318
4.2399999999999,5.0541704384953,0.64994065363901,0.049933916411945,1.8465795301116,0.010464712300411,49.996648955217,36054.264755006
4.2449999999999,5.0541181351441,0.6499406396704,0.049933909032295,1.834845032089,0.010456632467763,49.996652097759,36054.264859612
4.2499999999999,5.0540658722131,0.64994062574371,0.049933901687571,1.8231915635218,0.010448544199858,49.996655237873,36054.264964138
4.2549999999999,5.054013649744,0.64994061185879,0.049933894377638,1.8116185511979,0.010440447622249,49.996658375556,36054.265068583
4.2599999999999,5.0539614677781,0.64994059801549,0.049933887102365,1.8001254259838,0.01043234285953,49.996661510805,36054.265172947
4.2649999999999,5.053909326356,0.64994058421368,0.049933879861619,1.7887116227959,0.010424230035338,49.996664643618,36054.26527723
4.2699999999999,5.0538572255178,0.64994057045322,0.049933872655269,1.7773765805717,0.010416109272368,49.996667773992,36054.265381432
4.2749999999999,5.0538051653027,0.64994055673397,0.049933865483183,1.7661197422405,0.010407980692371,49.996670901926,36054.265485552
4.2799999999999,5.0537531457496,0.64994054305578,0.049933858345232,1.7549405546956,0.010399844416166,49.996674027417,36054.265589591
4.2849999999999,5.0537011668967,0.64994052941852,0.049933851241284,1.7438384687659,0.010391700563646,49.996677150463,36054.265693549
4.2899999999999,5.0536492287816,0.64994051582204,0.04993384417121,1.7328129391878,0.010383549253783,49.99668027106,36054.265797425
4.2949999999999,5.0535973314412,0.64994050226621,0.049933837134882,1.7218634245772,0.010375390604635,49.996683389208,36054.26590122
4.2999999999999,5.0535454749119,0.6499404887509,0.049933830132169,1.7109893874023,0.010367224733356,49.996686504904,36054.266004933
4.3049999999999,5.0534936592297,0.64994047527595,0.049933823162945,1.7001902939553,0.010359051756197,49.996689618146,36054.266108564
4.3099999999999,5.0534418844296,0.64994046184124,0.049933816227081,1.6894656143263,0.010350871788517,49.996692728931,36054.266212114
4.3149999999999,5.0533901505464,0.64994044844663,0.049933809324449,1.6788148223754,0.010342684944788,49.996695837258,36054.266315582
4.3199999999999,5.0533384576143,0.64994043509198,0.049933802454924,1.6682373957062,0.0103344913386,49.996698943124,36054.266418967
4.3249999999999,5.0532868056666,0.64994042177715,0.049933795618378,1.6577328156388,0.01032629108267,49.996702046528,36054.266522271
4.3299999999999,5.0532351947364,0.64994040850202,0.049933788814685,1.6473005671838,0.010318084288845,49.996705147468,36054.266625493
4.3349999999999,5.0531836248561,0.64994039526644,0.049933782043721,1.6369401390154,0.01030987106811,49.996708245941,36054.266728633
4.3399999999999,5.0531320960576,0.64994038207028,0.049933775305359,1.6266510234461,0.010301651530597,49.996711341946,36054.266831691
4.3449999999999,5.0530806083721,0.64994036891342,0.049933768599476,1.6164327164,0.010293425785587,49.99671443548,36054.266934666
4.3499999999999,5.0530291618305,0.6499403557957,0.049933761925947,1.6062847173875,0.010285193941515,49.996717526543,36054.267037559
4.3549999999999,5.0529777564629,0.64994034271701,0.049933755284649,1.5962065294795,0.010276956105983,49.996720615132,36054.26714037
4.3599999999999,5.0529263922991,0.64994032967721,0.049933748675458,1.5861976592824,0.010268712385759,49.996723701245,36054.267243098
4.3649999999999,5.0528750693682,0.64994031667616,0.049933742098251,1.5762576169125,0.010260462886787,49.99672678488,36054.267345744
4.3699999999999,5.0528237876989,0.64994030371374,0.049933735552906,1.5663859159712,0.01025220771419,49.996729866037,36054.267448307
4.3749999999999,5.0527725473192,0.64994029078982,0.049933729039302,1.5565820735204,0.010243946972279,49.996732944713,36054.267550788
4.3799999999999,5.0527213482567,0.64994027790425,0.049933722557316,1.5468456100572,0.010235680764558,49.996736020906,36054.267653186
4.3849999999999,5.0526701905386,0.64994026505693,0.049933716106827,1.5371760494902,0.010227409193727,49.996739094615,36054.267755502
4.3899999999999,5.0526190741914,0.6499402522477,0.049933709687716,1.5275729191145,0.010219132361693,49.996742165839,36054.267857734
4.3949999999999,5.0525679992411,0.64994023947645,0.049933703299861,1.5180357495882,0.01021085036957,49.996745234575,36054.267959884
4.3999999999999,5.0525169657132,0.64994022674305,0.049933696943144,1.508564074908,0.01020256331769,49.996748300822,36054.268061951
4.4049999999999,5.0524659736329,0.64994021404737,0.049933690617445,1.4991574323855,0.010194271305603,49.996751364579,36054.268163935
4.4099999999999,5.0524150230247,0.64994020138927,0.049933684322644,1.4898153626237,0.01018597443209,49.996754425845,36054.268265837
4.4149999999999,5.0523641139127,0.64994018876864,0.049933678058624,1.4805374094937,0.01017767279516,49.996757484617,36054.268367655
4.4199999999999,5.0523132463203,0.64994017618535,0.049933671825266,1.4713231201109,0.010169366492062,49.996760540895,36054.26846939
4.4249999999999,5.0522624202708,0.64994016363926,0.049933665622454,1.4621720448125,0.01016105561929,49.996763594676,36054.268571042
4.4299999999999,5.0522116357868,0.64994015113026,0.049933659450069,1.4530837371339,0.010152740272584,49.99676664596,36054.268672611
4.4349999999999,5.0521608928902,0.64994013865821,0.049933653307995,1.4440577537868,0.01014442054694,49.996769694746,36054.268774097
4.4399999999999,5.052110191603,0.649940126223,0.049933647196116,1.4350936546355,0.010136096536614,49.996772741031,36054.268875499
4.4449999999999,5.0520595319461,0.64994011382449,0.049933641114316,1.4261910026755,0.010127768335124,49.996775784815,36054.268976819
4.4499999999999,5.0520089139403,0.64994010146257,0.049933635062479,1.4173493640104,0.010119436035263,49.996778826097,36054.269078055
4.4549999999999,5.051958337606,0.64994008913711,0.049933629040491,1.4085683078301,0.010111099729095,49.996781864875,36054.269179207
4.4599999999999,5.0519078029628,0.64994007684798,0.049933623048236,1.3998474063888,0.010102759507968,49.996784901148,36054.269280277
4.4649999999999,5.0518573100303,0.64994006459507,0.049933617085601,1.3911862349833,0.010094415462515,49.996787934915,36054.269381263
4.4699999999999,5.0518068588271,0.64994005237825,0.049933611152471,1.3825843719309,0.01008606768266,49.996790966174,36054.269482165
4.4749999999999,5.0517564493719,0.6499400401974,0.049933605248734,1.3740413985484,0.010077716257624,49.996793994926,36054.269582984
4.4799999999999,5.0517060816825,0.64994002805239,0.049933599374276,1.3655568991304,0.010069361275928,49.996797021167,36054.269683719
4.4849999999999,5.0516557557767,0.64994001594311,0.049933593528985,1.3571304609283,0.0100610028254,49.996800044899,36054.269784371
4.4899999999999,5.0516054716714,0.64994000386944,0.049933587712749,1.3487616741291,0.010052640993181,49.996803066119,36054.269884939
4.4949999999999,5.0515552293834,0.64993999183125,0.049933581925455,1.3404501318343,0.010044275865727,49.996806084826,36054.269985424
4.4999999999999,5.051505028929,0.64993997982842,0.049933576166993,1.3321954300398,0.010035907528815,49.99680910102,36054.270085825
4.5049999999999,5.051454870324,0.64993996786084,0.049933570437252,1.3239971676144,0.010027536067549,49.996812114699,36054.270186142
4.5099999999999,5.0514047535838,0.64993995592839,0.04993356473612,1.3158549462802,0.010019161566364,49.996815125864,36054.270286376
4.5149999999999,5.0513546787233,0.64993994403094,0.049933559063489,1.3077683705914,0.010010784109031,49.996818134511,36054.270386525
4.5199999999999,5.0513046457572,0.64993993216839,0.049933553419247,1.2997370479151,0.01000240377866,49.996821140642,36054.270486591
4.5249999999999,5.0512546546997,0.6499399203406,0.049933547803287,1.2917605884106,0.0099940206577105,49.996824144255,36054.270586573
4.5299999999999,5.0512047055644,0.64993990854747,0.049933542215498,1.2838386050096,0.0099856348279886,49.996827145349,36054.270686472
4.5349999999999,5.0511547983647,0.64993989678888,0.049933536655773,1.2759707133965,0.0099772463706577,49.996830143923,36054.270786286
4.5399999999999,5.0511049331136,0.6499398850647,0.049933531124002,1.2681565319888,0.0099688553662386,49.996833139977,36054.270886016
4.5449999999999,5.0510551098236,0.64993987337483,0.049933525620079,1.2603956819181,0.0099604618946184,49.99683613351,36054.270985663
4.5499999999999,5.0510053285068,0.64993986171915,0.049933520143897,1.2526877870098,0.0099520660350524,49.99683912452,36054.271085226
4.5549999999999,5.050955589175,0.64993985009754,0.049933514695347,1.2450324737648,0.0099436678661686,49.996842113009,36054.271184704
4.5599999999999,5.0509058918395,0.64993983850989,0.049933509274323,1.2374293713399,0.0099352674659736,49.996845098974,36054.271284099
4.5649999999999,5.0508562365113,0.64993982695609,0.04993350388072,1.2298781115291,0.0099268649118563,49.996848082415,36054.27138341
4.5699999999999,5.050806623201,0.64993981543601,0.049933498514431,1.2223783287451,0.0099184602805933,49.996851063331,36054.271482636
4.5749999999999,5.0507570519187,0.64993980394955,0.049933493175352,1.2149296599999,0.0099100536483516,49.996854041723,36054.271581779
4.5799999999999,5.0507075226743,0.64993979249659,0.049933487863376,1.207531744887,0.0099016450906939,49.996857017588,36054.271680837
4.5849999999999,5.0506580354772,0.64993978107702,0.049933482578399,1.2001842255629,0.0098932346825833,49.996859990928,36054.271779812
4.5899999999999,5.0506085903366,0.64993976969073,0.049933477320317,1.1928867467285,0.0098848224983876,49.99686296174,36054.271878702
4.5949999999999,5.050559187261,0.6499397583376,0.049933472089026,1.1856389556112,0.0098764086118829,49.996865930025,36054.271977508
4.5999999999999,5.0505098262588,0.64993974701752,0.049933466884422,1.1784405019468,0.0098679930962592,49.996868895782,36054.27207623
4.6049999999999,5.050460507338,0.64993973573039,0.049933461706403,1.1712910379622,0.0098595760241229,49.996871859011,36054.272174868
4.6099999999999,5.0504112305061,0.64993972447609,0.049933456554865,1.1641902183566,0.0098511574675022,49.996874819711,36054.272273422
4.6149999999999,5.0503619957705,0.6499397132545,0.049933451429707,1.1571377002849,0.0098427374978515,49.996877777881,36054.272371891
4.6199999999999,5.050312803138,0.64993970206553,0.049933446330825,1.1501331433396,0.0098343161860542,49.996880733522,36054.272470276
4.6249999999999,5.0502636526152,0.64993969090906,0.049933441258119,1.1431762095338,0.0098258936024282,49.996883686633,36054.272568577
4.6299999999999,5.0502145442082,0.64993967978498,0.049933436211486,1.1362665632835,0.0098174698167299,49.996886637213,36054.272666794
4.6349999999999,5.0501654779229,0.64993966869318,0.049933431190827,1.1294038713911,0.0098090448981577,49.996889585263,36054.272764927
4.6399999999999,5.0501164537647,0.64993965763355,0.04993342619604,1.1225878030281,0.0098006189153555,49.996892530782,36054.272862975
4.6449999999999,5.0500674717389,0.64993964660599,0.049933421227026,1.1158180297181,0.0097921919364181,49.996895473769,36054.272960939
4.6499999999999,5.0500185318502,0.64993963561038,0.049933416283684,1.1090942253201,0.0097837640288945,49.996898414224,36054.273058819
4.6549999999999,5.0499696341031,0.64993962464663,0.049933411365915,1.1024160660121,0.0097753352597916,49.996901352147,36054.273156614
4.6599999999999,5.0499207785017,0.64993961371462,0.049933406473619,1.0957832302744,0.009766905695578,49.996904287538,36054.273254326
4.6649999999999,5.0498719650499,0.64993960281424,0.049933401606699,1.0891953988733,0.0097584754021891,49.996907220397,36054.273351953
4.6699999999999,5.0498231937512,0.64993959194539,0.049933396765055,1.0826522548447,0.0097500444450301,49.996910150723,36054.273449495
4.6749999999999,5.0497744646086,0.64993958110797,0.04993339194859,1.0761534834779,0.0097416128889793,49.996913078516,36054.273546953
4.6799999999999,5.0497257776251,0.64993957030186,0.049933387157206,1.0696987722998,0.0097331807983934,49.996916003776,36054.273644327
4.6849999999999,5.0496771328032,0.64993955952697,0.049933382390806,1.0632878110588,0.0097247482371093,49.996918926503,36054.273741617
4.6899999999999,5.0496285301449,0.64993954878318,0.049933377649292,1.0569202917089,0.0097163152684495,49.996921846696,36054.273838822
4.6949999999999,5.0495799696523,0.6499395380704,0.049933372932568,1.0505959083943,0.0097078819552257,49.996924764357,36054.273935943
4.6999999999999,5.049531451327,0.64993952738851,0.049933368240538,1.0443143574332,0.0096994483597416,49.996927679483,36054.27403298
4.7049999999999,5.04948297517,0.64993951673743,0.049933363573105,1.0380753373033,0.0096910145437975,49.996930592076,36054.274129932
4.7099999999999,5.0494345411825,0.64993950611703,0.049933358930175,1.0318785486253,0.0096825805686929,49.996933502135,36054.2742268
4.7149999999999,5.049386149365,0.64993949552722,0.049933354311652,1.0257236941486,0.0096741464952312,49.996936409661,36054.274323584
4.7199999999999,5.0493377997179,0.6499394849679,0.04993334971744,1.0196104787353,0.0096657123837224,49.996939314653,36054.274420283
4.7249999999999,5.0492894922412,0.64993947443897,0.049933345147447,1.0135386093459,0.0096572782939882,49.996942217111,36054.274516898
4.7299999999999,5.0492412269347,0.64993946394031,0.049933340601576,1.0075077950241,0.0096488442853639,49.996945117035,36054.274613429
4.7349999999999,5.0491930037978,0.64993945347184,0.049933336079735,1.0015177468814,0.0096404104167021,49.996948014426,36054.274709875
4.7399999999999,5.0491448228296,0.64993944303344,0.04993333158183,0.99556817808346,0.0096319767463768,49.996950909283,36054.274806237
4.7449999999999,5.0490966840292,0.64993943262503,0.049933327107768,0.98965880383458,0.0096235433322873,49.996953801607,36054.274902515
4.7499999999999,5.0490485873949,0.64993942224649,0.049933322657455,0.98378934136359,0.0096151102318606,49.996956691397,36054.274998708
4.7549999999999,5.0490005329251,0.64993941189773,0.0499333182308,0.97795950990927,0.0096066775020553,49.996959578653,36054.275094817
4.7599999999999,5.0489525206179,0.64993940157865,0.04993331382771,0.97216903070613,0.0095982451993649,49.996962463377,36054.275190841
4.7649999999999,5.0489045504709,0.64993939128914,0.049933309448094,0.9664176269702,0.0095898133798219,49.996965345567,36054.275286782
4.7699999999999,5.0488566224815,0.64993938102912,0.04993330509186,0.96070502388489,0.0095813820989989,49.996968225225,36054.275382638
4.7749999999999,5.048808736647,0.64993937079848,0.049933300758916,0.95503094858695,0.0095729514120153,49.996971102349,36054.275478409
4.7799999999999,5.0487608929643,0.64993936059712,0.049933296449172,0.94939513015265,0.0095645213735389,49.996973976941,36054.275574097
4.7849999999999,5.0487130914299,0.64993935042494,0.049933292162538,0.94379729958388,0.0095560920377871,49.996976849001,36054.2756697
4.7899999999999,5.0486653320403,0.64993934028185,0.049933287898923,0.93823718979447,0.0095476634585344,49.996979718528,36054.275765219
4.7949999999999,5.0486176147914,0.64993933016775,0.049933283658237,0.93271453559655,0.0095392356891112,49.996982585524,36054.275860653
4.7999999999999,5.0485699396792,0.64993932008254,0.049933279440392,0.92722907368714,0.009530808782412,49.996985449987,36054.275956003
4.8049999999999,5.0485223066992,0.64993931002613,0.049933275245296,0.92178054263461,0.0095223827908938,49.99698831192,36054.276051269
4.8099999999999,5.0484747158466,0.64993929999842,0.049933271072863,0.91636868286533,0.0095139577665812,49.996991171321,36054.276146451
4.8149999999999,5.0484271671165,0.64993928999931,0.049933266923003,0.9109932366506,0.0095055337610712,49.996994028191,36054.276241548
4.8199999999999,5.0483796605038,0.64993928002871,0.049933262795629,0.90565394809341,0.0094971108255332,49.996996882531,36054.276336562
4.8249999999999,5.0483321960028,0.64993927008652,0.049933258690651,0.90035056311532,0.0094886890107146,49.996999734341,36054.276431491
4.8299999999999,5.0482847736079,0.64993926017265,0.049933254607983,0.8950828294436,0.0094802683669418,49.99700258362,36054.276526335
4.8349999999999,5.0482373933132,0.649939250287,0.049933250547537,0.88985049659852,0.009471848944126,49.997005430371,36054.276621096
4.8399999999999,5.0481900551123,0.64993924042948,0.049933246509227,0.88465331588023,0.0094634307917627,49.997008274592,36054.276715772
4.8449999999999,5.0481427589988,0.6499392306,0.049933242492965,0.87949104035643,0.0094550139589385,49.997011116284,36054.276810365
4.8499999999999,5.0480955049659,0.64993922079845,0.049933238498666,0.87436342484957,0.0094465984943308,49.997013955448,36054.276904873
4.8549999999999,5.0480482930069,0.64993921102476,0.049933234526243,0.86927022592449,0.0094381844462132,49.997016792084,36054.276999297
4.8599999999999,5.0480011231143,0.64993920127881,0.049933230575611,0.8642112018758,0.0094297718624567,49.997019626193,36054.277093636
4.8649999999999,5.0479539952808,0.64993919156054,0.049933226646685,0.85918611271583,0.0094213607905337,49.997022457775,36054.277187892
4.8699999999999,5.0479069094987,0.64993918186983,0.049933222739378,0.85419472016231,0.0094129512775204,49.99702528683,36054.277282064
4.8749999999999,5.0478598657601,0.64993917220659,0.049933218853608,0.84923678762612,0.0094045433701,49.997028113359,36054.277376151
4.8799999999999,5.0478128640569,0.64993916257075,0.049933214989288,0.84431208019928,0.0093961371145651,49.997030937362,36054.277470155
4.8849999999999,5.0477659043806,0.64993915296219,0.049933211146336,0.8394203646431,0.0093877325568213,49.99703375884,36054.277564074
4.8899999999999,5.0477189867227,0.64993914338085,0.049933207324666,0.83456140937611,0.0093793297423886,49.997036577794,36054.277657909
4.8949999999999,5.0476721110743,0.64993913382661,0.049933203524197,0.82973498446234,0.0093709287164054,49.997039394224,36054.277751661
4.8999999999999,5.0476252774265,0.6499391242994,0.049933199744843,0.82494086159983,0.0093625295236329,49.99704220813,36054.277845328
4.9049999999999,5.0475784857698,0.64993911479912,0.049933195986523,0.8201788141085,0.009354132208454,49.997045019513,36054.277938911
4.9099999999999,5.0475317360949,0.64993910532568,0.049933192249154,0.815448616919,0.0093457368148786,49.997047828373,36054.278032411
4.9149999999999,5.0474850283919,0.649939095879,0.049933188532654,0.81075004656114,0.0093373433865459,49.997050634712,36054.278125826
4.9199999999999,5.0474383626511,0.64993908645898,0.04993318483694,0.80608288115241,0.0093289519667265,49.99705343853,36054.278219157
4.9249999999999,5.0473917388621,0.64993907706553,0.049933181161931,0.8014469003869,0.0093205625983267,49.997056239827,36054.278312405
4.9299999999999,5.0473451570147,0.64993906769857,0.049933177507546,0.79684188552368,0.0093121753238886,49.997059038604,36054.278405569
4.9349999999999,5.0472986170983,0.64993905835801,0.049933173873702,0.7922676193761,0.0093037901855952,49.997061834862,36054.278498649
4.9399999999999,5.0472521191021,0.64993904904377,0.049933170260321,0.78772388630038,0.0092954072252714,49.997064628601,36054.278591644
4.9449999999999,5.0472056630151,0.64993903975574,0.04993316666732,0.78321047218486,0.0092870264843876,49.997067419822,36054.278684557
4.9499999999999,5.0471592488261,0.64993903049385,0.049933163094619,0.77872716443892,0.0092786480040614,49.997070208526,36054.278777385
4.9549999999999,5.0471128765236,0.64993902125801,0.04993315954214,0.77427375198226,0.0092702718250603,49.997072994713,36054.27887013
4.9599999999999,5.0470665460962,0.64993901204813,0.049933156009802,0.76985002523416,0.0092618979878069,49.997075778384,36054.278962791
4.9649999999999,5.0470202575319,0.64993900286413,0.049933152497525,0.76545577610266,0.0092535265323767,49.99707855954,36054.279055368
4.9699999999999,5.0469740108189,0.64993899370592,0.049933149005231,0.76109079797404,0.0092451574985035,49.997081338181,36054.279147861
4.9749999999999,5.0469278059448,0.64993898457341,0.049933145532841,0.75675488570239,0.009236790925583,49.997084114309,36054.279240271
4.9799999999999,5.0468816428972,0.64993897546652,0.049933142080277,0.75244783559895,0.0092284268526717,49.997086887923,36054.279332597
4.9849999999999,5.0468355216636,0.64993896638517,0.049933138647459,0.74816944542197,0.0092200653184924,49.997089659025,36054.279424839
4.9899999999999,5.0467894422312,0.64993895732926,0.049933135234311,0.74391951436621,0.0092117063614356,49.997092427616,36054.279516998
4.9949999999999,5.046743404587,0.64993894829872,0.049933131840755,0.73969784305283,0.0092033500195621,49.997095193695,36054.279609074
4.9999999999999,5.0466974087179,0.64993893929346,0.049933128466713,0.73550423351913,0.0091949963306052,49.997097957265,36054.279701065
