time,aq_si,fluid_min,phi_min,power,rate,solid_mass,water
0,4.9936053736973,0.65,0.05,1441.6204230253,-0.22314284160765,50,36054.401865485
0.005,4.9946966247744,0.64999982479586,0.049999541509207,1398.6985378247,-0.21825021541338,49.999934434362,36054.399682983
0.01,4.9957725745619,0.64999964978971,0.049999091409936,1359.3131929532,-0.21365982853286,49.99986978807,36054.397531084
0.015,4.9968290691048,0.64999947504775,0.049998651543725,1323.147435163,-0.20935338414059,49.999806310709,36054.395418094
0.02,4.9978655537949,0.64999930059224,0.049998221742015,1289.736734719,-0.20529595272322,49.999744035599,36054.393345125
0.025,4.9988825652871,0.64999912643081,0.049997801323019,1258.6707202928,-0.20145497866842,49.999682930498,36054.391311102
0.03,4.9998809140663,0.64999895256623,0.049997389553454,1229.6186551997,-0.19780348453774,49.999622946708,36054.389314405
0.035,5.0008614289371,0.64999877899961,0.049996985771258,1202.3173965047,-0.19431958331328,49.999564034433,36054.387353375
0.04,5.0018248852778,0.64999860573156,0.049996589404107,1176.555598152,-0.19098541513617,49.999506147086,36054.385426462
0.045,5.0027719914356,0.64999843276246,0.049996199960027,1152.1609288142,-0.18778621326115,49.999449242106,36054.38353225
0.05,5.0037033921381,0.64999826009268,0.049995817013355,1128.990698497,-0.18470959496008,49.999393280758,36054.381669448
0.055,5.004619675841,0.64999808772254,0.049995440192203,1106.925108203,-0.18174504064177,49.999338227684,36054.379836881
0.06,5.0055213821104,0.64999791565237,0.049995069168478,1085.8623494783,-0.17888351052726,49.999284050467,36054.378033468
0.065,5.0064090080624,0.64999774388249,0.049994703650157,1065.7149870552,-0.17611715865078,49.999230719236,36054.376258217
0.07,5.0072830137657,0.64999757241323,0.049994343375298,1046.4072385359,-0.17343911580237,49.999178206352,36054.374510205
0.075,5.0081438267401,0.64999740124491,0.049993988107347,1027.8728917741,-0.17084332196676,49.999126486126,36054.372788579
0.08,5.0089918457146,0.64999723037785,0.049993637631417,1010.0536842906,-0.16832439491967,49.999075534602,36054.371092541
0.085,5.0098274437918,0.64999705981239,0.049993291751277,992.89802374335,-0.16587752570958,49.999025329363,36054.369421345
0.09,5.0106509711324,0.64999688954886,0.049992950286902,976.35996452883,-0.16349839446715,49.998975849369,36054.36777429
0.095,5.011462757252,0.64999671958758,0.049992613072452,960.39837975754,-0.16118310182039,49.998927074824,36054.366150718
0.1,5.0122631130001,0.64999654992889,0.049992279954577,944.97628436301,-0.15892811245589,49.998878987049,36054.364550007
0.105,5.0130523322769,0.64999638057313,0.049991950790998,930.06027659795,-0.15673020825136,49.998831568388,36054.362971568
0.11,5.0138306935327,0.64999621152062,0.049991625449297,915.62007332373,-0.15458644903493,49.998784802108,36054.361414846
0.115,5.0145984610829,0.6499960427717,0.049991303805889,901.62812037378,-0.1524941394833,49.998738672331,36054.359879311
0.12,5.0153558862696,0.64999587432672,0.049990985745123,888.05926357044,-0.1504508010069,49.998693163953,36054.35836446
0.125,5.0161032084909,0.64999570618601,0.049990671158522,874.89046916408,-0.14845414772029,49.998648262592,36054.356869816
0.13,5.0168406561173,0.64999553834991,0.049990359944105,862.1005848592,-0.14650206578497,49.998603954526,36054.35539492
0.135,5.0175684473113,0.64999537081877,0.049990052005802,849.67013441258,-0.1445925955561,49.998560226648,36054.353939338
0.14,5.0182867907629,0.64999520359293,0.049989747252935,837.58114018706,-0.14272391607556,49.998517066418,36054.352502651
0.145,5.0189958863519,0.64999503667273,0.049989445599763,825.81696912827,-0.14089433154072,49.998474461828,36054.35108446
0.15,5.0196959257464,0.64999487005853,0.049989146965074,814.36219848017,-0.13910225944604,49.998432401361,36054.349684381
0.155,5.020387092945,0.64999470375067,0.049988851271826,803.20249822403,-0.13734622014866,49.998390873962,36054.348302047
0.16,5.0210695647701,0.6499945377495,0.049988558446823,792.32452775798,-0.13562482765218,49.998349869008,36054.346937103
0.165,5.0217435113166,0.64999437205538,0.049988268420423,781.71584475976,-0.13393678143739,49.998309376277,36054.34558921
0.17,5.0224090963627,0.64999420666865,0.049987981126283,771.3648245193,-0.13228085919659,49.998269385931,36054.34425804
0.175,5.0230664777459,0.64999404158968,0.049987696501117,761.2605883061,-0.13065591035127,49.998229888485,36054.342943277
0.18,5.0237158077078,0.64999387681882,0.049987414484487,751.39293956392,-0.12906085025121,49.998190874793,36054.341644617
0.185,5.0243572332117,0.64999371235643,0.04998713501861,741.75230691209,-0.1274946549687,49.998152336025,36054.340361766
0.19,5.024990896235,0.64999354820288,0.049986858048179,732.32969308662,-0.12595635661432,49.998114263649,36054.33909444
0.195,5.0256169340398,0.64999338435851,0.049986583520207,723.11662908225,-0.1244450391112,49.99807664942,36054.337842365
0.2,5.0262354794227,0.6499932208237,0.049986311383877,714.10513286285,-0.1229598343736,49.998039485358,36054.336605274
0.205,5.0268466609465,0.64999305759881,0.049986041590408,705.28767209664,-0.12149991884327,49.998002763738,36054.335382911
0.21,5.0274506031555,0.64999289468421,0.049985774092935,696.65713044781,-0.12006451034302,49.997966477078,36054.334175026
0.215,5.0280474267759,0.64999273208027,0.049985508846393,688.2067770191,-0.11865286521253,49.997930618125,36054.332981379
0.22,5.0286372489017,0.64999256978737,0.049985245807413,679.93023859337,-0.11726427569578,49.997895179842,36054.331801735
0.225,5.0292201831688,0.64999240780586,0.049984984934227,671.82147436815,-0.11589806755348,49.997860155403,36054.330635866
0.23,5.0297963399174,0.64999224613613,0.049984726186576,663.87475291537,-0.11455359787705,49.997825538177,36054.329483553
0.235,5.0303658263439,0.64999208477856,0.049984469525633,656.08463113232,-0.11323025308356,49.997791321724,36054.32834458
0.24,5.030928746643,0.64999192373352,0.049984214913919,648.44593497818,-0.11192744707372,49.997757499783,36054.327218739
0.245,5.0314852021411,0.64999176300139,0.049983962315241,640.95374181496,-0.11064461953662,49.997724066268,36054.326105828
0.25,5.0320352914218,0.64999160258256,0.049983711694619,633.60336419341,-0.10938123438736,49.997691015253,36054.32500565
0.255,5.0325791104431,0.64999144247742,0.049983463018225,626.39033494234,-0.10813677832485,49.997658340975,36054.323918012
0.26,5.0331167526486,0.64999128268634,0.049983216253332,619.31039343632,-0.10691075949857,49.997626037818,36054.322842727
0.265,5.0336483090713,0.64999112320972,0.049982971368251,612.35947293031,-0.1057027062745,49.997594100314,36054.321779615
0.27,5.0341738684325,0.64999096404796,0.049982728332289,605.53368886221,-0.10451216609114,49.997562523131,36054.320728496
0.275,5.0346935172342,0.64999080520143,0.049982487115699,598.8293280349,-0.10333870439776,49.997531301072,36054.319689198
0.28,5.035207339847,0.64999064667055,0.049982247689634,592.24283859868,-0.10218190366772,49.997500429068,36054.318661553
0.285,5.0357154185929,0.6499904884557,0.049982010026111,585.77082076344,-0.10104136248039,49.997469902173,36054.317645396
0.29,5.0362178338237,0.64999033055728,0.049981774097966,579.4100181768,-0.099916694666018,49.997439715558,36054.316640565
0.295,5.0367146639957,0.64999017297571,0.049981539878822,573.15730991136,-0.098807528508213,49.997409864511,36054.315646905
0.3,5.0372059857397,0.64999001571138,0.049981307343056,567.00970300948,-0.097713505999377,49.997380344427,36054.314664261
0.305,5.0376918739282,0.64998985876469,0.049981076465761,560.96432553924,-0.09663428214489,49.997351150807,36054.313692485
0.31,5.0381724017387,0.64998970213606,0.04998084722272,555.01842011968,-0.09556952431212,49.997322279254,36054.312731429
0.315,5.0386476407143,0.6499895458259,0.049980619590377,549.16933787745,-0.094518911620792,49.997293725471,36054.311780951
0.32,5.0391176608207,0.64998938983461,0.049980393545809,543.41453280039,-0.093482134371549,49.997265485253,36054.310840911
0.325,5.0395825305012,0.64998923416261,0.0499801690667,537.751556457,-0.092458893509779,49.997237554488,36054.309911172
0.33,5.0400423167285,0.64998907881032,0.049979946131319,532.17805305339,-0.091448900122114,49.997209929152,36054.308991599
0.335,5.0404970850541,0.64998892377814,0.049979724718492,526.69175480188,-0.090451874963155,49.997182605307,36054.308082063
0.34,5.040946899656,0.64998876906651,0.049979504807588,521.29047757788,-0.089467548010247,49.997155579096,36054.307182433
0.345,5.0413918233835,0.64998861467583,0.049979286378491,515.97211684345,-0.088495658044301,49.997128846744,36054.306292586
0.35,5.0418319178001,0.64998846060653,0.049979069411585,510.73464381806,-0.087535952254789,49.997102404551,36054.305412397
0.355,5.0422672432252,0.64998830685903,0.049978853887732,505.57610187866,-0.08658818586726,49.997076248893,36054.304541746
0.36,5.0426978587729,0.64998815343375,0.049978639788259,500.49460317247,-0.08565212179179,49.997050376219,36054.303680515
0.365,5.0431238223898,0.64998800033111,0.049978427094936,495.48832542767,-0.084727530290973,49.997024783047,36054.302828588
0.37,5.0435451908909,0.64998784755154,0.049978215789964,490.55550894805,-0.083814188666114,49.996999465964,36054.301985851
0.375,5.0439620199945,0.64998769509545,0.049978005855958,485.69445377893,-0.082911880960422,49.996974421621,36054.301152193
0.38,5.0443743643547,0.64998754296328,0.049977797275932,480.90351703271,-0.082020397678104,49.996949646734,36054.300327504
0.385,5.0447822775931,0.64998739115544,0.049977590033287,476.18111036336,-0.081139535518308,49.996925138083,36054.299511678
0.39,5.0451858123297,0.64998723967237,0.049977384111797,471.52569757978,-0.080269097122967,49.996900892506,36054.298704608
0.395,5.0455850202113,0.64998708851447,0.049977179495594,466.93579238904,-0.079408890837684,49.996876906898,36054.297906192
0.4,5.0459799519401,0.64998693768218,0.049976976169161,462.40995626102,-0.078558730484816,49.996853178215,36054.297116329
0.405,5.0463706573002,0.64998678717591,0.049976774117315,457.94679640659,-0.077718435148023,49.996829703465,36054.296334918
0.41,5.0467571851835,0.64998663699608,0.049976573325201,453.54496386215,-0.07688782896757,49.99680647971,36054.295561862
0.415,5.0471395836144,0.64998648714312,0.049976373778279,449.20315167387,-0.076066740945728,49.996783504066,36054.294797065
0.42,5.0475178997739,0.64998633761743,0.049976175462312,444.92009317536,-0.075255004761693,49.996760773696,36054.294040433
0.425,5.0478921800224,0.64998618841944,0.049975978363361,440.69456035307,-0.074452458595426,49.996738285816,36054.293291873
0.43,5.0482624699218,0.64998603954956,0.049975782467772,436.52536229408,-0.073658944959928,49.996716037688,36054.292551293
0.435,5.0486288142567,0.64998589100819,0.049975587762169,432.41134371127,-0.072874310541425,49.996694026621,36054.291818604
0.44,5.0489912570551,0.64998574279575,0.049975394233445,428.35138354133,-0.072098406047051,49.99667224997,36054.291093719
0.445,5.0493498416082,0.64998559491264,0.049975201868753,424.34439361122,-0.071331086059563,49.996650705135,36054.290376549
0.45,5.0497046104888,0.64998544735926,0.049975010655501,420.3893173692,-0.070572208898723,49.996629389556,36054.289667012
0.455,5.0500556055707,0.64998530013601,0.049974820581341,416.48512867656,-0.069821636488971,49.996608300718,36054.288965022
0.46,5.0504028680454,0.64998515324329,0.049974631634163,412.6308306567,-0.069079234233024,49.996587436147,36054.288270497
0.465,5.05074643844,0.64998500668149,0.049974443802091,408.8254545982,-0.068344870891114,49.996566793407,36054.287583356
0.47,5.051086356633,0.64998486045099,0.049974257073471,405.06805890898,-0.067618418465525,49.996546370102,36054.286903519
0.475,5.051422661871,0.64998471455219,0.049974071436869,401.35772811855,-0.066899752090169,49.996526163875,36054.286230909
0.48,5.0517553927834,0.64998456898545,0.049973886881063,397.69357192586,-0.066188749924937,49.996506172403,36054.285565447
0.485,5.0520845873977,0.64998442375116,0.049973703395039,394.07472429012,-0.065485293054552,49.996486393403,36054.284907058
0.49,5.0524102831538,0.64998427884968,0.04997352096798,390.5003425624,-0.064789265391714,49.996466824625,36054.284255666
0.495,5.0527325169178,0.64998413428138,0.049973339589267,386.96960665574,-0.064100553584313,49.996447463854,36054.283611199
0.5,5.0530513249955,0.64998399004662,0.04997315924847,383.48171825172,-0.063419046926488,49.996428308908,36054.282973583
0.505,5.0533667431457,0.64998384614575,0.049972979935346,380.03590004169,-0.062744637273359,49.996409357639,36054.282342746
0.51,5.0536788065923,0.64998370257912,0.049972801639828,376.63139500068,-0.062077218959234,49.996390607931,36054.28171862
0.515,5.0539875500369,0.64998355934707,0.049972624352027,373.26746569245,-0.061416688719131,49.996372057699,36054.281101133
0.52,5.0542930076705,0.64998341644994,0.049972448062223,369.94339360401,-0.060762945613429,49.996353704888,36054.280490217
0.525,5.0545952131848,0.64998327388805,0.049972272760865,366.65847850816,-0.060115890955538,49.996335547474,36054.279885806
0.53,5.0548941997838,0.64998313166174,0.04997209843856,363.41203785259,-0.059475428242393,49.996317583462,36054.279287833
0.535,5.0551900001937,0.64998298977131,0.049971925086075,360.20340617427,-0.058841463087682,49.996299810886,36054.278696232
0.54,5.0554826466742,0.64998284821708,0.049971752694331,357.03193453782,-0.058213903157642,49.996282227808,36054.278110939
0.545,5.0557721710281,0.64998270699935,0.049971581254399,353.89698999679,-0.057592658109335,49.996264832316,36054.277531891
0.55,5.0560586046111,0.64998256611841,0.049971410757495,350.79795507658,-0.056977639531258,49.996247622527,36054.276959023
0.555,5.0563419783418,0.64998242557456,0.049971241194979,347.73422727808,-0.056368760886206,49.996230596583,36054.276392276
0.56,5.0566223227102,0.64998228536807,0.049971072558349,344.70521860106,-0.05576593745627,49.996213752652,36054.275831587
0.565,5.0568996677873,0.64998214549921,0.04997090483924,341.71035508623,-0.055169086289872,49.996197088928,36054.275276897
0.57,5.0571740432335,0.64998200596825,0.04997073802942,338.74907637523,-0.054578126150759,49.996180603628,36054.274728146
0.575,5.0574454783071,0.64998186677545,0.049970572120783,335.82083528766,-0.053992977468853,49.996164294995,36054.274185276
0.58,5.0577140018726,0.64998172792106,0.049970407105355,332.92509741435,-0.053413562292886,49.996148161293,36054.273648229
0.585,5.0579796424086,0.64998158940532,0.04997024297528,330.06134072616,-0.052839804244737,49.996132200813,36054.273116948
0.59,5.0582424280155,0.64998145122845,0.049970079722826,327.22905519758,-0.052271628475394,49.996116411865,36054.272591377
0.595,5.0585023864233,0.64998131339069,0.049969917340377,324.42774244444,-0.051708961622482,49.996100792784,36054.27207146
0.6,5.0587595449984,0.64998117589224,0.049969755820434,321.65691537517,-0.051151731769276,49.996085341926,36054.271557143
0.605,5.0590139307515,0.64998103873332,0.049969595155608,318.91609785491,-0.050599868405147,49.996070057667,36054.271048371
0.61,5.0592655703438,0.64998090191413,0.049969435338621,316.204824382,-0.050053302387373,49.996054938405,36054.270545092
0.615,5.0595144900942,0.64998076543484,0.049969276362304,313.52263977619,-0.049511965904266,49.99603998256,36054.270047253
0.62,5.0597607159858,0.64998062929565,0.049969118219592,310.86909887823,-0.048975792439544,49.996025188569,36054.269554801
0.625,5.0600042736722,0.64998049349671,0.049968960903521,308.24376626014,-0.048444716737929,49.996010554893,36054.269067685
0.63,5.0602451884835,0.6499803580382,0.049968804407231,305.6462159459,-0.047918674771878,49.995996080008,36054.268585856
0.635,5.060483485433,0.64998022292027,0.049968648723957,303.07603114197,-0.047397603709438,49.995981762413,36054.268109262
0.64,5.0607191892224,0.64998008814306,0.049968493847033,300.53280397732,-0.046881441883159,49.995967600622,36054.267637854
0.645,5.0609523242481,0.6499799537067,0.049968339769886,298.0161352525,-0.046370128760032,49.99595359317,36054.267171584
0.65,5.0611829146064,0.64997981961132,0.049968186486036,295.52563419744,-0.045863604912403,49.99593973861,36054.266710403
0.655,5.0614109840991,0.64997968585703,0.049968033989092,293.06091823755,-0.045361811989839,49.99592603551,36054.266254264
0.66,5.061636556239,0.64997955244393,0.049967882272751,290.62161276788,-0.044864692691888,49.995912482459,36054.26580312
0.665,5.0618596542547,0.64997941937214,0.0499677313308,288.20735093485,-0.044372190741719,49.995899078061,36054.265356924
0.67,5.0620803010962,0.64997928664172,0.049967581157107,285.81777342544,-0.043884250860598,49.995885820937,36054.264915631
0.675,5.0622985194392,0.64997915425276,0.049967431745625,283.4525282634,-0.043400818743162,49.995872709724,36054.264479194
0.68,5.0625143316903,0.64997902220533,0.049967283090388,281.11127061219,-0.042921841033476,49.995859743077,36054.264047569
0.685,5.0627277599916,0.64997889049948,0.04996713518551,278.79366258453,-0.042447265301833,49.995846919664,36054.263620713
0.69,5.0629388262255,0.64997875913526,0.049966988025181,276.49937305818,-0.041977040022266,49.995834238172,36054.26319858
0.695,5.0631475520186,0.64997862811271,0.049966841603672,274.22807749763,-0.041511114550759,49.9958216973,36054.262781129
0.7,5.0633539587467,0.64997849743186,0.049966695915324,271.97945778174,-0.041049439104116,49.995809295764,36054.262368315
0.705,5.0635580675385,0.64997836709272,0.049966550954556,269.75320203677,-0.04059196473948,49.995797032296,36054.261960098
0.71,5.0637598992802,0.64997823709531,0.049966406715856,267.54900447488,-0.040138643334453,49.995784905639,36054.261556434
0.715,5.0639594746193,0.64997810743963,0.049966263193785,265.3665652377,-0.039689427567834,49.995772914554,36054.261157283
0.72,5.0641568139687,0.64997797812566,0.049966120382971,263.20559024482,-0.03924427090091,49.995761057814,36054.260762605
0.725,5.0643519375104,0.64997784915338,0.049965978278113,261.06579104716,-0.038803127559311,49.995749334206,36054.260372358
0.73,5.0645448651993,0.64997772052277,0.049965836873974,258.94688468476,-0.038365952515395,49.995737742532,36054.259986502
0.735,5.0647356167672,0.64997759223379,0.049965696165385,256.84859354909,-0.03793270147115,49.995726281606,36054.259604999
0.74,5.064924211726,0.64997746428639,0.049965556147239,254.77064524958,-0.037503330841592,49.995714950255,36054.259227809
0.745,5.0651106693713,0.6499773366805,0.049965416814494,252.71277248424,-0.037077797738637,49.99570374732,36054.258854894
0.75,5.0652950087863,0.64997720941607,0.049965278162169,250.67471291423,-0.036656059955449,49.995692671655,36054.258486215
0.755,5.0654772488445,0.64997708249301,0.049965140185344,248.65620904218,-0.036238075951217,49.995681722126,36054.258121735
0.76,5.0656574082133,0.64997695591124,0.049965002879159,246.65700809428,-0.035823804836379,49.99567089761,36054.257761416
0.765,5.0658355053575,0.64997682967066,0.049964866238811,244.67686190579,-0.035413206358257,49.995660196999,36054.257405222
0.77,5.0660115585418,0.64997670377116,0.049964730259557,242.71552681004,-0.03500624088709,49.995649619196,36054.257053116
0.775,5.0661855858346,0.64997657821263,0.049964594936708,240.77276353065,-0.034602869402467,49.995639163114,36054.256705061
0.78,5.0663576051105,0.64997645299495,0.049964460265634,238.848337077,-0.034203053480124,49.99562882768,36054.256361022
0.785,5.0665276340533,0.64997632811798,0.049964326241755,236.94201664267,-0.033806755279118,49.995618611831,36054.256020965
0.79,5.0666956901594,0.64997620358158,0.049964192860548,235.05357550692,-0.03341393752934,49.995608514516,36054.255684852
0.795,5.0668617907398,0.64997607938559,0.049964060117541,233.18279093893,-0.033024563519377,49.995598534695,36054.255352651
0.8,5.0670259529236,0.64997595552986,0.049963928008316,231.32944410493,-0.032638597084705,49.995588671338,36054.255024327
0.805,5.0671881936601,0.64997583201421,0.049963796528501,229.49331997783,-0.032256002596187,49.995578923428,36054.254699845
0.81,5.0673485297222,0.64997570883847,0.04996366567378,227.67420724956,-0.031876744948895,49.995569289957,36054.254379173
0.815,5.067506977708,0.64997558600244,0.049963535439881,225.87189824577,-0.031500789551223,49.995559769926,36054.254062277
0.82,5.0676635540443,0.64997546350593,0.049963405822582,224.08618884306,-0.031128102314289,49.99555036235,36054.253749125
0.825,5.0678182749886,0.64997534134873,0.049963276817711,222.31687838843,-0.030758649641617,49.995541066252,36054.253439683
0.83,5.0679711566314,0.64997521953063,0.049963148421138,220.56376962101,-0.030392398419091,49.995531880664,36054.253133919
0.835,5.068122214899,0.64997509805139,0.049963020628783,218.82666859598,-0.030029316005173,49.99552280463,36054.252831803
0.84,5.0682714655556,0.6499749769108,0.049962893436608,217.10538461053,-0.029669370221369,49.995513837203,36054.252533302
0.845,5.0684189242057,0.64997485610861,0.049962766840622,215.39973013195,-0.029312529342948,49.995504977445,36054.252238384
0.85,5.068564606296,0.64997473564457,0.049962640836875,213.70952072755,-0.028958762089897,49.995496224428,36054.25194702
0.855,5.0687085271181,0.64997461551841,0.049962515421461,212.0345749966,-0.028608037618109,49.995487577233,36054.251659178
0.86,5.0688507018105,0.64997449572989,0.049962390590517,210.37471450406,-0.028260325510793,49.995479034951,36054.251374829
0.865,5.0689911453606,0.64997437627871,0.049962266340222,208.7297637161,-0.027915595770102,49.995470596681,36054.251093942
0.87,5.0691298726066,0.64997425716459,0.049962142666793,207.09954993731,-0.027573818808974,49.995462261532,36054.250816487
0.875,5.0692668982401,0.64997413838726,0.049962019566489,205.48390324965,-0.027234965443175,49.995454028621,36054.250542436
0.88,5.0694022368076,0.6499740199464,0.049961897035609,203.88265645296,-0.026899006883544,49.995445897074,36054.250271759
0.885,5.0695359027125,0.64997390184171,0.049961775070491,202.29564500705,-0.026565914728427,49.995437866025,36054.250004427
0.89,5.0696679102173,0.64997378407287,0.049961653667511,200.72270697534,-0.0262356609563,49.995429934618,36054.249740412
0.895,5.0697982734453,0.64997366663956,0.049961532823081,199.16368296994,-0.025908217918572,49.995422102004,36054.249479686
0.9,5.0699270063824,0.64997354954146,0.049961412533652,197.61841609813,-0.025583558332567,49.995414367343,36054.24922222
0.905,5.070054122879,0.64997343277821,0.049961292795712,196.08675191032,-0.025261655274675,49.995406729803,36054.248967987
0.91,5.0701796366518,0.64997331634949,0.049961173605784,194.56853834924,-0.024942482173665,49.995399188559,36054.248716959
0.915,5.0703035612854,0.64997320025492,0.049961054960427,193.0636257005,-0.024626012804167,49.995391742795,36054.24846911
0.92,5.0704259102342,0.64997308449416,0.049960936856233,191.57186654436,-0.024312221280305,49.995384391703,36054.248224412
0.925,5.070546696824,0.64997296906683,0.049960819289831,190.0931157088,-0.024001082049486,49.995377134483,36054.247982839
0.93,5.0706659342535,0.64997285397256,0.049960702257883,188.62723022369,-0.023692569886332,49.99536997034,36054.247744364
0.935,5.0707836355963,0.64997273921096,0.049960585757083,187.17406927619,-0.023386659886758,49.99536289849,36054.247508962
0.94,5.0708998138021,0.64997262478165,0.04996046978416,185.73349416715,-0.02308332746219,49.995355918155,36054.247276605
0.945,5.0710144816985,0.64997251068423,0.049960354335874,184.30536826877,-0.022782548333922,49.995349028564,36054.247047269
0.95,5.0711276519924,0.64997239691829,0.049960239409017,182.88955698315,-0.022484298527593,49.995342228953,36054.246820929
0.955,5.0712393372716,0.64997228348343,0.049960125000413,181.48592770194,-0.022188554367808,49.995335518567,36054.246597558
0.96,5.0713495500062,0.64997217037922,0.049960011106916,180.09434976698,-0.02189529247287,49.995328896655,36054.246377133
0.965,5.0714583025503,0.64997205760525,0.049959897725412,178.71469443187,-0.021604489749641,49.995322362476,36054.246159628
0.97,5.0715656071429,0.64997194516109,0.049959784852815,177.34683482454,-0.021316123388519,49.995315915294,36054.245945018
0.975,5.07167147591,0.64997183304628,0.04995967248607,175.99064591063,-0.021030170858526,49.995309554381,36054.245733281
0.98,5.0717759208654,0.6499717212604,0.049959560622151,174.64600445785,-0.020746609902514,49.995303279014,36054.245524391
0.985,5.0718789539123,0.649971609803,0.049959449258061,173.31278900115,-0.020465418532473,49.99529708848,36054.245318325
0.99,5.0719805868447,0.64997149867361,0.049959338390831,171.99087980872,-0.02018657502495,49.995290982068,36054.245115059
0.995,5.0720808313485,0.64997138787177,0.04995922801752,170.68015884884,-0.019910057916565,49.995284959078,36054.24491457
1,5.0721796990031,0.64997127739703,0.049959118135214,169.38050975745,-0.019635845999631,49.995279018813,36054.244716835
1.005,5.0722772012824,0.64997116724889,0.049959008741027,168.09181780655,-0.019363918317871,49.995273160583,36054.24452183
1.01,5.072373349556,0.64997105742689,0.049958899832101,166.81396987332,-0.019094254162226,49.995267383706,36054.244329534
1.015,5.0724681550908,0.64997094793054,0.049958791405601,165.54685440998,-0.018826833066761,49.995261687506,36054.244139923
1.02,5.0725616290517,0.64997083875934,0.049958683458721,164.29036141429,-0.018561634804655,49.99525607131,36054.243952975
1.025,5.0726537825033,0.64997072991279,0.049958575988679,163.04438240081,-0.018298639384281,49.995250534454,36054.243768668
1.03,5.0727446264107,0.64997062139041,0.049958468992721,161.80881037284,-0.018037827045372,49.995245076279,36054.24358698
1.035,5.0728341716406,0.64997051319167,0.049958362468115,160.58353979489,-0.017779178255267,49.995239696133,36054.243407889
1.04,5.072922428963,0.64997040531606,0.049958256412154,159.3684665659,-0.017522673705241,49.995234393368,36054.243231375
1.045,5.0730094090514,0.64997029776307,0.049958150822158,158.16348799304,-0.017268294306909,49.995229167344,36054.243057415
1.05,5.0730951224849,0.64997019053217,0.049958045695467,156.96850276606,-0.017016021188713,49.995224017424,36054.242885988
1.055,5.0731795797483,0.64997008362283,0.049957941029449,155.78341093231,-0.016765835692478,49.995218942978,36054.242717073
1.06,5.0732627912341,0.64996997703451,0.049957836821493,154.60811387221,-0.016517719370043,49.995213943382,36054.24255065
1.065,5.0733447672426,0.64996987076668,0.049957733069009,153.44251427539,-0.016271653979961,49.995209018018,36054.242386698
1.07,5.0734255179844,0.6499697648188,0.049957629769435,152.28651611712,-0.016027621484106,49.995204166271,36054.242225197
1.075,5.0735050535792,0.64996965919031,0.049957526920226,151.14002463589,-0.015785604044958,49.995199387534,36054.242066126
1.08,5.0735833840582,0.64996955388066,0.049957424518864,150.00294631075,-0.015545584022145,49.995194681204,36054.241909465
1.085,5.0736605193651,0.64996944888929,0.049957322562849,148.87518883942,-0.015307543969469,49.995190046683,36054.241755194
1.09,5.0737364693568,0.64996934421564,0.049957221049704,147.75666111703,-0.015071466631944,49.99518548338,36054.241603294
1.095,5.0738112438045,0.64996923985915,0.049957119976974,146.64727321514,-0.014837334942897,49.995180990707,36054.241453745
1.1,5.0738848523945,0.64996913581923,0.049957019342224,145.54693636137,-0.014605132021123,49.995176568082,36054.241306528
1.105,5.073957304729,0.64996903209531,0.049956919143041,144.45556291932,-0.014374841168084,49.995172214928,36054.241161623
1.11,5.0740286103273,0.64996892868682,0.049956819377032,143.3730663691,-0.014146445865181,49.995167930674,36054.241019012
1.115,5.0740987786266,0.64996882559317,0.049956720041822,142.2993612881,-0.013919929771074,49.995163714752,36054.240878675
1.12,5.0741678189827,0.64996872281376,0.04995662113506,141.2343633323,-0.013695276719047,49.9951595666,36054.240740595
1.125,5.074235740671,0.64996862034801,0.049956522654412,140.17798921796,-0.013472470714443,49.995155485662,36054.240604751
1.13,5.0743025528874,0.64996851819532,0.049956424597563,139.13015670364,-0.013251495932131,49.995151471383,36054.240471127
1.135,5.0743682647492,0.64996841635509,0.04995632696222,138.09078457269,-0.013032336714038,49.995147523218,36054.240339703
1.14,5.0744328852956,0.64996831482671,0.049956229746107,137.05979261602,-0.012814977566725,49.995143640621,36054.240210462
1.145,5.0744964234888,0.64996821360958,0.049956132946967,136.03710161534,-0.012599403159002,49.995139823056,36054.240083386
1.15,5.0745588882148,0.64996811270308,0.049956036562561,135.02263332663,-0.012385598319604,49.995136069988,36054.239958456
1.155,5.0746202882841,0.6499680121066,0.04995594059067,134.01631046408,-0.012173548034903,49.995132380888,36054.239835656
1.16,5.0746806324325,0.64996791181952,0.049955845029092,133.01805668427,-0.011963237446663,49.99512875523,36054.239714968
1.165,5.074739929322,0.64996781184122,0.049955749875642,132.02779657074,-0.011754651849843,49.995125192495,36054.239596374
1.17,5.0747981875413,0.64996771217107,0.049955655128154,131.04545561885,-0.011547776690442,49.995121692167,36054.239479858
1.175,5.0748554156068,0.64996761280844,0.04995556078448,130.07096022093,-0.011342597563384,49.995118253733,36054.239365401
1.18,5.0749116219631,0.6499675137527,0.049955466842487,129.10423765181,-0.011139100210434,49.995114876687,36054.239252989
1.185,5.0749668149841,0.64996741500322,0.04995537330006,128.14521605458,-0.010937270518176,49.995111560524,36054.239142603
1.19,5.0750210029733,0.64996731655935,0.049955280155102,127.19382442667,-0.010737094516003,49.995108304747,36054.239034227
1.195,5.0750741941647,0.64996721842045,0.049955187405531,126.2499926062,-0.01053855837416,49.995105108861,36054.238927844
1.2,5.0751263967237,0.64996712058589,0.049955095049282,125.3136512586,-0.010341648401826,49.995101972375,36054.238823439
1.205,5.0751776187472,0.649967023055,0.049955003084307,124.38473186355,-0.010146351045214,49.995098894802,36054.238720995
1.21,5.0752278682652,0.64996692582715,0.049954911508573,123.46316670211,-0.0099526528857302,49.99509587566,36054.238620496
1.215,5.0752771532404,0.64996682890167,0.049954820320062,122.54888884417,-0.0097605406381445,49.995092914471,36054.238521926
1.22,5.0753254815697,0.64996673227792,0.049954729516775,121.64183213609,-0.0095700011488118,49.99509001076,36054.238425269
1.225,5.0753728610845,0.64996663595523,0.049954639096724,120.74193118867,-0.0093810213939148,49.995087164057,36054.23833051
1.23,5.0754192995515,0.64996653993295,0.049954549057939,119.84912136526,-0.0091935884777431,49.995084373894,36054.238237634
1.235,5.0754648046729,0.6499664442104,0.049954459398466,118.96333877021,-0.0090076896310014,49.99508163981,36054.238146623
1.24,5.0755093840879,0.64996634878693,0.049954370116363,118.08452023743,-0.0088233122091529,49.995078961345,36054.238057464
1.245,5.0755530453722,0.64996625366186,0.049954281209705,117.21260331928,-0.0086404436907868,49.995076338044,36054.237970142
1.25,5.0755957960396,0.64996615883452,0.049954192676582,116.34752627562,-0.0084590716760178,49.995073769456,36054.237884641
1.255,5.0756376435421,0.64996606430425,0.049954104515095,115.48922806307,-0.008279183884911,49.995071255133,36054.237800946
1.26,5.0756785952705,0.64996597007036,0.049954016723364,114.63764832453,-0.0081007681559384,49.99506879463,36054.237719042
1.265,5.0757186585551,0.64996587613218,0.049953929299519,113.79272737885,-0.0079238124444629,49.995066387508,36054.237638915
1.27,5.0757578406664,0.64996578248903,0.049953842241708,112.95440621068,-0.0077483048212433,49.995064033329,36054.237560551
1.275,5.0757961488155,0.64996568914022,0.049953755548088,112.12262646064,-0.0075742334709713,49.99506173166,36054.237483935
1.28,5.0758335901545,0.64996559608508,0.049953669216833,111.29733041547,-0.0074015866908304,49.995059482072,36054.237409052
1.285,5.0758701717774,0.64996550332292,0.04995358324613,110.47846099861,-0.0072303528890815,49.995057284139,36054.237335889
1.29,5.0759059007207,0.64996541085305,0.049953497634179,109.66596176073,-0.0070605205836724,49.995055137437,36054.237264431
1.295,5.0759407839635,0.64996531867478,0.049953412379194,108.85977687061,-0.0068920784008696,49.995053041547,36054.237194665
1.3,5.0759748284283,0.64996522678742,0.049953327479399,108.0598511061,-0.0067250150739155,49.995050996053,36054.237126576
1.305,5.0760080409817,0.64996513519028,0.049953242933035,107.26612984529,-0.0065593194417073,49.995049000544,36054.237060151
1.31,5.0760404284346,0.64996504388266,0.049953158738353,106.4785590578,-0.0063949804474983,49.995047054608,36054.236995376
1.315,5.0760719975431,0.64996495286387,0.049953074893619,105.69708529631,-0.0062319871376222,49.995045157842,36054.236932237
1.32,5.0761027550084,0.64996486213322,0.049952991397108,104.92165568814,-0.006070328660235,49.995043309841,36054.236870723
1.325,5.076132707478,0.64996477168999,0.049952908247111,104.15221792712,-0.0059099942640843,49.995041510207,36054.236810818
1.33,5.0761618615458,0.6499646815335,0.049952825441928,103.38872026546,-0.0057509732972901,49.995039758543,36054.236752509
1.335,5.0761902237528,0.64996459166303,0.049952742979874,102.6311115059,-0.0055932552061565,49.995038054456,36054.236695785
1.34,5.0762178005871,0.6499645020779,0.049952660859275,101.87934099393,-0.0054368295339929,49.995036397557,36054.236640631
1.345,5.0762445984853,0.64996441277738,0.049952579078467,101.13335861016,-0.0052816859199604,49.995034787459,36054.236587036
1.35,5.0762706238319,0.64996432376078,0.0499524976358,100.39311476285,-0.0051278140979358,49.995033223778,36054.236534985
1.355,5.0762958829608,0.64996423502739,0.049952416529635,99.658560380559,-0.0049752038953914,49.995031706134,36054.236484467
1.36,5.0763203821547,0.64996414657651,0.049952335758344,98.929646904938,-0.0048238452323002,49.995030234149,36054.236435468
1.365,5.0763441276467,0.64996405840741,0.049952255320311,98.206326283642,-0.0046737281200457,49.995028807449,36054.236387977
1.37,5.0763671256199,0.6499639705194,0.04995217521393,97.488550963372,-0.0045248426603633,49.995027425662,36054.236341981
1.375,5.076389382208,0.64996388291176,0.049952095437607,96.776273883041,-0.0043771790442899,49.995026088419,36054.236297468
1.38,5.0764109034961,0.64996379558378,0.04995201598976,96.069448467065,-0.0042307275511315,49.995024795356,36054.236254426
1.385,5.0764316955209,0.64996370853475,0.049951936868816,95.368028618765,-0.00408547854745,49.995023546108,36054.236212842
1.39,5.076451764271,0.64996362176394,0.049951858073214,94.671968713899,-0.0039414224860615,49.995022340318,36054.236172704
1.395,5.0764711156877,0.64996353527066,0.049951779601402,93.981223594288,-0.0037985499050549,49.995021177626,36054.236134001
1.4,5.0764897556649,0.64996344905417,0.049951701451841,93.295748561573,-0.0036568514268203,49.995020057681,36054.236096721
1.405,5.07650769005,0.64996336311377,0.049951623623001,92.615499371068,-0.0035163177570994,49.995018980129,36054.236060852
1.41,5.0765249246443,0.64996327744874,0.049951546113363,91.940432225727,-0.0033769396840432,49.995017944623,36054.236026383
1.415,5.0765414652028,0.64996319205836,0.049951468921417,91.270503770209,-0.0032387080772907,49.995016950817,36054.235993302
1.42,5.0765573174355,0.64996310694191,0.049951392045664,90.605671085049,-0.0031016138870568,49.995015998367,36054.235961598
1.425,5.0765724870071,0.64996302209867,0.049951315484615,89.945891680936,-0.0029656481432349,49.995015086934,36054.235931259
1.43,5.0765869795377,0.64996293752793,0.049951239236791,89.291123493074,-0.002830801954516,49.995014216179,36054.235902273
1.435,5.0766008006032,0.64996285322896,0.049951163300722,88.64132487565,-0.0026970665075187,49.995013385768,36054.235874631
1.44,5.0766139557354,0.64996276920104,0.04995108767495,87.996454596395,-0.0025644330659312,49.995012595368,36054.235848321
1.445,5.076626450423,0.64996268544345,0.049951012358023,87.356471831233,-0.0024328929696688,49.99501184465,36054.235823332
1.45,5.0766382901111,0.64996260195547,0.049950937348503,86.721336159025,-0.002302437634042,49.995011133286,36054.235799652
1.455,5.0766494802025,0.64996251873638,0.049950862644957,86.091007556397,-0.0021730585489375,49.995010460952,36054.235777272
1.46,5.0766600260575,0.64996243578546,0.049950788245963,85.465446392661,-0.0020447472780131,49.995009827325,36054.23575618
1.465,5.0766699329942,0.64996235310198,0.049950714150111,84.844613424808,-0.0019174954578993,49.995009232087,36054.235736367
1.47,5.0766792062893,0.64996227068522,0.049950640355996,84.228469792603,-0.0017912947974175,49.995008674919,36054.23571782
1.475,5.0766878511781,0.64996218853446,0.049950566862224,83.616977013745,-0.0016661370768081,49.995008155508,36054.23570053
1.48,5.076695872855,0.64996210664897,0.049950493667411,83.010096979112,-0.0015420141469691,49.995007673542,36054.235684487
1.485,5.0767032764739,0.64996202502803,0.049950420770179,82.407791948087,-0.0014189179287052,49.99500722871,36054.23566968
1.49,5.0767100671485,0.64996194367092,0.049950348169162,81.810024543961,-0.0012968404119887,49.995006820706,36054.235656098
1.495,5.0767162499524,0.64996186257692,0.049950275863001,81.216757749405,-0.0011757736552329,49.995006449225,36054.235643733
1.5,5.0767218299198,0.64996178174529,0.049950203850345,80.627954902021,-0.001055709784571,49.995006113964,36054.235632573
1.505,5.0767268120457,0.64996170117533,0.049950132129854,80.043579689961,-0.00093664099314816,49.995005814623,36054.235622608
1.51,5.0767312012864,0.64996162086629,0.049950060700194,79.463596147624,-0.00081855954042398,49.995005550904,36054.23561383
1.515,5.0767350025592,0.64996154081747,0.049949989560041,78.887968651412,-0.00070145775148445,49.995005322512,36054.235606227
1.52,5.0767382207437,0.64996146102813,0.049949918708079,78.316661915564,-0.00058532801635958,49.995005129154,36054.235599791
1.525,5.0767408606814,0.64996138149756,0.049949848142999,77.749640988047,-0.00047016278935857,49.995004970538,36054.235594511
1.53,5.0767429271761,0.64996130222503,0.049949777863501,77.186871246521,-0.00035595458840604,49.995004846377,36054.235590378
1.535,5.0767444249944,0.64996122320981,0.049949707868295,76.628318394361,-0.0002426959943917,49.995004756384,36054.235587383
1.54,5.0767453588662,0.64996114445118,0.049949638156096,76.07394845675,-0.00013037965052848,49.995004700274,36054.235585515
1.545,5.0767457334845,0.64996106594843,0.049949568725628,75.52372777682,-1.8998261718084e-05,49.995004677766,36054.235584766
1.55,5.076745553506,0.64996098770082,0.049949499575624,74.97762301187,9.1455406074414e-05,49.99500468858,36054.235585126
1.555,5.0767448235516,0.64996090970765,0.049949430704823,74.435601129632,0.00020098852643502,49.995004732437,36054.235586585
1.56,5.0767435482063,0.64996083196817,0.049949362111973,73.897629404593,0.00030960821311055,49.995004809064,36054.235589136
1.565,5.0767417320195,0.64996075448168,0.04994929379583,73.363675414389,0.00041732152061019,49.995004918186,36054.235592768
1.57,5.076739379506,0.64996067724744,0.049949225755156,72.833707036234,0.0005241354447964,49.995005059532,36054.235597474
1.575,5.0767364951452,0.64996060026475,0.049949157988722,72.307692443423,0.00063005692346563,49.995005232833,36054.235603242
1.58,5.0767330833823,0.64996052353288,0.049949090495305,71.785600101874,0.00073509283693246,49.995005437822,36054.235610066
1.585,5.0767291486281,0.64996044705111,0.04994902327369,71.267398766731,0.00083925000859297,49.995005674234,36054.235617935
1.59,5.0767246952594,0.64996037081871,0.049948956322671,70.75305747902,0.00094253520548798,49.995005941806,36054.235626842
1.595,5.0767197276196,0.64996029483498,0.049948889641047,70.242545562345,0.0010449551388576,49.995006240276,36054.235636777
1.6,5.0767142500182,0.64996021909919,0.049948823227625,69.735832619649,0.0011465164646858,49.995006569387,36054.235647732
1.605,5.0767082667319,0.64996014361062,0.049948757081218,69.232888530008,0.0012472257842466,49.995006928881,36054.235659699
1.61,5.0767017820045,0.64996006836856,0.049948691200649,68.733683445488,0.0013470896446309,49.995007318503,36054.235672669
1.615,5.076694800047,0.64995999337229,0.049948625584746,68.238187788037,0.0014461145392747,49.995007738,36054.235686632
1.62,5.0766873250383,0.64995991862109,0.049948560232342,67.746372246431,0.0015443069084796,49.995008187121,36054.235701582
1.625,5.076679361125,0.64995984411424,0.049948495142281,67.25820777326,0.0016416731399251,49.995008665617,36054.23571751
1.63,5.0766709124221,0.64995976985104,0.049948430313411,66.773665581962,0.0017382195691738,49.99500917324,36054.235734408
1.635,5.076661983013,0.64995969583076,0.049948365744588,66.292717143898,0.0018339524801748,49.995009709746,36054.235752266
1.64,5.0766525769498,0.6499596220527,0.049948301434674,65.815334185474,0.0019288781057542,49.99501027489,36054.235771079
1.645,5.0766426982534,0.64995954851613,0.049948237382537,65.341488685301,0.002023002628103,49.995010868432,36054.235790836
1.65,5.0766323509141,0.64995947522035,0.049948173587053,64.871152871394,0.0021163321792605,49.995011490131,36054.235811531
1.655,5.0766215388916,0.64995940216465,0.049948110047104,64.404299218423,0.0022088728415903,49.99501213975,36054.235833155
1.66,5.0766102661154,0.64995932934831,0.049948046761579,63.940900444987,0.0023006306482471,49.995012817052,36054.2358557
1.665,5.0765985364848,0.64995925677062,0.049947983729372,63.480929510943,0.0023916115836441,49.995013521804,36054.23587916
1.67,5.0765863538695,0.64995918443087,0.049947920949384,63.024359614763,0.0024818215839076,49.995014253772,36054.235903525
1.675,5.0765737221093,0.64995911232837,0.049947858420523,62.571164190933,0.0025712665373336,49.995015012726,36054.235928788
1.68,5.0765606450151,0.64995904046238,0.049947796141702,62.121316907387,0.0026599522848332,49.995015798437,36054.235954942
1.685,5.0765471263684,0.64995896883222,0.049947734111842,61.674791662982,0.0027478846203731,49.995016610678,36054.23598198
1.69,5.076533169922,0.64995889743717,0.049947672329868,61.231562584998,0.0028350692914149,49.995017449223,36054.236009893
1.695,5.0765187793999,0.64995882627654,0.049947610794713,60.79160402669,0.0029215119993466,49.995018313849,36054.236038674
1.7,5.076503958498,0.6499587553496,0.049947549505315,60.354890564854,0.0030072183999054,49.995019204333,36054.236068316
1.705,5.0764887108838,0.64995868465567,0.049947488460617,59.921396997448,0.0030921941036007,49.995020120455,36054.236098811
1.71,5.0764730401969,0.64995861419403,0.049947427659571,59.491098341226,0.0031764446761321,49.995021061997,36054.236130152
1.715,5.0764569500492,0.64995854396399,0.049947367101131,59.063969829423,0.0032599756387978,49.995022028741,36054.236162332
1.72,5.0764404440252,0.64995847396485,0.04994730678426,58.639986909456,0.0033427924689022,49.995023020473,36054.236195344
1.725,5.0764235256819,0.6499584041959,0.049947246707926,58.21912524067,0.003424900600159,49.995024036978,36054.236229181
1.73,5.0764061985495,0.64995833465645,0.049947186871101,57.801360692105,0.0035063054230858,49.995025078044,36054.236263835
1.735,5.0763884661312,0.6499582653458,0.049947127272765,57.3866693403,0.0035870122853979,49.995026143461,36054.2362993
1.74,5.0763703319035,0.64995819626325,0.049947067911902,56.975027467122,0.0036670264923956,49.99502723302,36054.236335569
1.745,5.0763517993167,0.64995812740811,0.049947008787503,56.56641155763,0.0037463533073487,49.995028346513,36054.236372634
1.75,5.0763328717947,0.64995805877968,0.049946949898564,56.16079829796,0.0038249979518752,49.995029483735,36054.236410489
1.755,5.0763135527354,0.64995799037727,0.049946891244086,55.758164573248,0.0039029656063136,49.995030644482,36054.236449127
1.76,5.076293845511,0.64995792220019,0.049946832823075,55.358487465572,0.0039802614100974,49.995031828551,36054.236488541
1.765,5.0762737534681,0.64995785424775,0.049946774634545,54.961744251929,0.0040568904621177,49.995033035742,36054.236528726
1.77,5.0762532799278,0.64995778651925,0.049946716677512,54.56791240223,0.0041328578210885,49.995034265853,36054.236569673
1.775,5.0762324281861,0.64995771901401,0.049946658951,54.176969577333,0.0042081685059026,49.995035518689,36054.236611376
1.78,5.0762112015139,0.64995765173133,0.049946601454036,53.788893627093,0.004282827495986,49.995036794051,36054.236653829
1.785,5.0761896031575,0.64995758467054,0.049946544185655,53.403662588439,0.0043568397316491,49.995038091745,36054.236697026
1.79,5.0761676363384,0.64995751783094,0.049946487144895,53.021254683482,0.004430210114432,49.995039411577,36054.23674096
1.795,5.0761453042538,0.64995745121185,0.0499464303308,52.64164831764,0.0045029435074468,49.995040753356,36054.236785624
1.8,5.0761226100765,0.64995738481259,0.049946373742419,52.264822077791,0.004575044735716,49.99504211689,36054.236831012
1.805,5.0760995569555,0.64995731863248,0.049946317378807,51.890754730452,0.0046465185865098,49.995043501991,36054.236877119
1.81,5.0760761480159,0.64995725267083,0.049946261239021,51.51942521998,0.0047173698096734,49.99504490847,36054.236923936
1.815,5.076052386359,0.64995718692696,0.049946205322127,51.150812666792,0.0047876031179578,49.995046336142,36054.23697146
1.82,5.0760282750629,0.64995712140021,0.049946149627193,50.784896365613,0.0048572231873418,49.995047784821,36054.237019682
1.825,5.076003817182,0.64995705608988,0.049946094153294,50.421655783748,0.0049262346573562,49.995049254324,36054.237068598
1.83,5.075979015748,0.64995699099531,0.049946038899509,50.061070559369,0.0049946421313946,49.995050744468,36054.237118201
1.835,5.0759538737695,0.64995692611581,0.049945983864921,49.703120499827,0.0050624501770335,49.995052255074,36054.237168485
1.84,5.0759283942323,0.64995686145072,0.049945929048618,49.347785579992,0.0051296633263394,49.995053785961,36054.237219444
1.845,5.0759025800997,0.64995679699936,0.049945874449696,48.9950459406,0.0051962860761751,49.995055336951,36054.237271072
1.85,5.0758764343126,0.64995673276106,0.04994582006725,48.644881886636,0.0052623228885059,49.995056907869,36054.237323364
1.855,5.0758499597897,0.64995666873516,0.049945765900385,48.297273885725,0.0053277781906986,49.995058498537,36054.237376313
1.86,5.0758231594275,0.64995660492098,0.049945711948208,47.952202566548,0.0053926563758195,49.995060108784,36054.237429914
1.865,5.0757960361008,0.64995654131786,0.04994565820983,47.609648717282,0.0054569618029272,49.995061738434,36054.23748416
1.87,5.0757685926627,0.64995647792512,0.04994560468437,47.26959328405,0.0055206987973669,49.995063387318,36054.237539047
1.875,5.0757408319445,0.64995641474212,0.049945551370947,46.932017369399,0.0055838716510562,49.995065055266,36054.237594569
1.88,5.0757127567564,0.64995635176818,0.049945498268689,46.59690223079,0.0056464846227695,49.995066742107,36054.237650719
1.885,5.0756843698873,0.64995628900264,0.049945445376724,46.264229279111,0.0057085419384216,49.995068447676,36054.237707493
1.89,5.0756556741051,0.64995622644484,0.049945392694189,45.933980077207,0.0057700477913465,49.995070171804,36054.237764884
1.895,5.0756266721565,0.64995616409412,0.049945340220222,45.606136338424,0.0058310063425751,49.995071914328,36054.237822888
1.9,5.075597366768,0.64995610194983,0.049945287953966,45.280679925178,0.0058914217211077,49.995073675084,36054.237881499
1.905,5.0755677606452,0.64995604001131,0.049945235894571,44.957592847536,0.0059512980241819,49.995075453909,36054.237940711
1.91,5.0755378564732,0.64995597827791,0.049945184041188,44.636857261815,0.0060106393175451,49.995077250641,36054.23800052
1.915,5.0755076569171,0.64995591674896,0.049945132392973,44.318455469197,0.0060694496357185,49.995079065121,36054.238060919
1.92,5.0754771646219,0.64995585542382,0.049945080949089,44.002369914366,0.0061277329822584,49.99508089719,36054.238121903
1.925,5.0754463822124,0.64995579430184,0.049945029708699,43.688583184151,0.0061854933300158,49.995082746689,36054.238183468
1.93,5.0754153122939,0.64995573338237,0.049944978670973,43.377078006197,0.0062427346213949,49.995084613463,36054.238245608
1.935,5.0753839574519,0.64995567266476,0.049944927835085,43.06783724764,0.0062994607686084,49.995086497356,36054.238308318
1.94,5.0753523202524,0.64995561214836,0.049944877200212,42.760843913811,0.0063556756539274,49.995088398214,36054.238371592
1.945,5.0753204032422,0.64995555183254,0.049944826765537,42.45608114694,0.006411383129934,49.995090315884,36054.238435426
1.95,5.0752882089488,0.64995549171664,0.049944776530244,42.153532224888,0.0064665870197656,49.995092250213,36054.238499815
1.955,5.0752557398807,0.64995543180002,0.049944726493525,41.853180559885,0.0065212911173609,49.995094201052,36054.238564753
1.96,5.0752229985274,0.64995537208205,0.049944676654572,41.555009697292,0.0065754991877015,49.995096168251,36054.238630235
1.965,5.0751899873598,0.64995531256208,0.049944627012584,41.259003314366,0.0066292149670533,49.995098151661,36054.238696258
1.97,5.07515670883,0.64995525323948,0.049944577566762,40.965145219045,0.0066824421632015,49.995100151135,36054.238762815
1.975,5.075123165372,0.6499551941136,0.049944528316313,40.673419348753,0.0067351844556888,49.995102166526,36054.238829902
1.98,5.075089359401,0.64995513518383,0.049944479260447,40.383809769206,0.0067874454960469,49.995104197691,36054.238897514
1.985,5.0750552933144,0.64995507644951,0.049944430398376,40.096300673244,0.0068392289080249,49.995106244483,36054.238965646
1.99,5.0750209694913,0.64995501791003,0.049944381729319,39.810876379667,0.0068905382878222,49.995108306762,36054.239034294
1.995,5.0749863902929,0.64995495956474,0.049944333252496,39.527521332087,0.0069413772043112,49.995110384384,36054.239103452
2,5.0749515580628,0.64995490141303,0.049944284967133,39.246220097798,0.0069917491992617,49.995112477208,36054.239173116
2.005,5.0749164751269,0.64995484345426,0.04994423687246,38.966957366653,0.0070416577875654,49.995114585096,36054.239243282
2.01,5.0748811437934,0.64995478568781,0.049944188967707,38.689717949953,0.0070911064574504,49.995116707909,36054.239313945
2.015,5.0748455663534,0.64995472811305,0.049944141252113,38.414486779354,0.0071400986707029,49.995118845508,36054.2393851
2.02,5.0748097450806,0.64995467072936,0.049944093724916,38.141248905781,0.0071886378628833,49.995120997758,36054.239456742
2.025,5.0747736822315,0.64995461353612,0.049944046385362,37.869989498359,0.0072367274435362,49.995123164522,36054.239528868
2.03,5.0747373800459,0.64995455653271,0.049943999232696,37.600693843347,0.0072843707964056,49.995125345666,36054.239601472
2.035,5.0747008407464,0.64995449971851,0.049943952266171,37.333347343097,0.0073315712796408,49.995127541057,36054.239674551
2.04,5.0746640665393,0.64995444309291,0.04994390548504,37.067935515013,0.0073783322260066,49.995129750562,36054.239748099
2.045,5.0746270596137,0.64995438665529,0.049943858888563,36.804443990527,0.0074246569430859,49.995131974049,36054.239822113
2.05,5.0745898221429,0.64995433040503,0.049943812476,36.542858514083,0.0074705487134863,49.995134211388,36054.239896588
2.055,5.0745523562833,0.64995427434152,0.049943766246618,36.283164942138,0.0075160107950404,49.995136462449,36054.23997152
2.06,5.0745146641754,0.64995421846415,0.049943720199684,36.025349242167,0.0075610464210057,49.995138727104,36054.240046904
2.065,5.0744767479435,0.64995416277232,0.049943674334472,35.769397491682,0.0076056588002626,49.995141005225,36054.240122737
2.07,5.0744386096959,0.64995410726542,0.049943628650257,35.515295877262,0.0076498511175087,49.995143296685,36054.240199013
2.075,5.0744002515249,0.64995405194283,0.049943583146317,35.263030693594,0.0076936265334555,49.995145601359,36054.240275729
2.08,5.0743616755073,0.64995399680396,0.049943537821936,35.012588342521,0.0077369881850202,49.995147919122,36054.240352881
2.085,5.0743228837042,0.6499539418482,0.0499434926764,34.763955332102,0.0077799391855163,49.99515024985,36054.240430465
2.09,5.0742838781611,0.64995388707495,0.049943447708998,34.517118275688,0.0078224826248416,49.99515259342,36054.240508476
2.095,5.0742446609082,0.64995383248361,0.049943402919022,34.272063890995,0.0078646215696674,49.99515494971,36054.240586911
2.1,5.0742052339604,0.64995377807358,0.049943358305768,34.028778999199,0.0079063590636201,49.9951573186,36054.240665765
2.105,5.0741655993174,0.64995372384427,0.049943313868537,33.787250524033,0.00794769812747,49.995159699968,36054.240745034
2.11,5.0741257589639,0.64995366979508,0.049943269606629,33.547465490898,0.007988641759309,49.995162093696,36054.240824715
2.115,5.0740857148696,0.64995361592542,0.049943225519352,33.309411025981,0.008029192934734,49.995164499665,36054.240904803
2.12,5.0740454689896,0.64995356223469,0.049943181606014,33.073074355385,0.0080693546070246,49.995166917758,36054.240985295
2.125,5.0740050232639,0.6499535087223,0.049943137865928,32.838442804262,0.0081091297073202,49.995169347859,36054.241066186
2.13,5.0739643796182,0.64995345538767,0.049943094298408,32.605503795962,0.0081485211447964,49.995171789851,36054.241147473
2.135,5.0739235399636,0.6499534022302,0.049943050902773,32.374244851187,0.0081875318068355,49.99517424362,36054.241229153
2.14,5.0738825061969,0.64995334924932,0.049943007678346,32.144653587157,0.0082261645592034,49.995176709052,36054.24131122
2.145,5.0738412802006,0.64995329644444,0.049942964624451,31.916717716779,0.008264422246219,49.995179186033,36054.241393672
2.15,5.0737998638429,0.64995324381496,0.049942921740416,31.69042504783,0.0083023076909228,49.995181674452,36054.241476505
2.155,5.073758258978,0.64995319136033,0.049942879025572,31.465763482144,0.0083398236952455,49.995184174197,36054.241559715
2.16,5.0737164674463,0.64995313907994,0.049942836479253,31.242721014814,0.0083769730401741,49.995186685158,36054.241643298
2.165,5.0736744910741,0.64995308697323,0.049942794100797,31.021285733396,0.0084137584859158,49.995189207224,36054.24172725
2.17,5.0736323316742,0.64995303503962,0.049942751889544,30.801445817118,0.0084501827720626,49.995191740288,36054.241811569
2.175,5.0735899910455,0.64995298327854,0.049942709844836,30.583189536113,0.0084862486177532,49.99519428424,36054.24189625
2.18,5.0735474709735,0.6499529316894,0.049942667966021,30.366505250638,0.008521958721833,49.995196838973,36054.241981291
2.185,5.0735047732304,0.64995288027164,0.049942626252447,30.151381410317,0.0085573157630136,49.995199404382,36054.242066686
2.19,5.0734618995747,0.6499528290247,0.049942584703466,29.937806553385,0.0085923224000303,49.99520198036,36054.242152433
2.195,5.0734188517519,0.64995277794799,0.049942543318435,29.725769305944,0.008626981271797,49.995204566802,36054.242238529
2.2,5.0733756314943,0.64995272704096,0.049942502096709,29.515258381218,0.0086612949975646,49.995207163605,36054.242324969
2.205,5.0733322405212,0.64995267630303,0.049942461037652,29.306262578825,0.0086952661770729,49.995209770664,36054.242411751
2.21,5.0732886805389,0.64995262573365,0.049942420140626,29.098770784051,0.0087288973906995,49.995212387879,36054.242498871
2.215,5.0732449532408,0.64995257533225,0.049942379404998,28.892771967134,0.0087621911996171,49.995215015146,36054.242586326
2.22,5.0732010603077,0.64995252509827,0.049942338830137,28.688255182549,0.0087951501459378,49.995217652365,36054.242674112
2.225,5.0731570034075,0.64995247503115,0.049942298415416,28.48520956831,0.008827776752863,49.995220299436,36054.242762226
2.23,5.0731127841957,0.64995242513034,0.04994225816021,28.283624345269,0.0088600735248308,49.995222956259,36054.242850664
2.235,5.0730684043153,0.64995237539527,0.049942218063898,28.083488816429,0.0088920429476638,49.995225622735,36054.242939424
2.24,5.0730238653969,0.6499523258254,0.049942178125858,27.884792366262,0.0089236874887083,49.995228298767,36054.243028502
2.245,5.0729791690588,0.64995227642017,0.049942138345476,27.687524460029,0.0089550095969843,49.995230984257,36054.243117894
2.25,5.0729343169071,0.64995222717903,0.049942098722138,27.491674643115,0.0089860117033198,49.995233679109,36054.243207599
2.255,5.0728893105358,0.64995217810143,0.049942059255231,27.297232540361,0.0090166962204983,49.995236383227,36054.243297611
2.26,5.0728441515269,0.64995212918682,0.049942019944149,27.104187855411,0.0090470655433967,49.995239096515,36054.243387929
2.265,5.0727988414505,0.64995208043465,0.049941980788285,26.912530370062,0.0090771220491204,49.995241818881,36054.24347855
2.27,5.0727533818647,0.64995203184439,0.049941941787036,26.722249943618,0.0091068680971439,49.995244550229,36054.243569469
2.275,5.072707774316,0.64995198341548,0.049941902939802,26.533336512253,0.0091363060294464,49.995247290467,36054.243660684
2.28,5.0726620203392,0.64995193514738,0.049941864245986,26.345780088379,0.0091654381706459,49.995250039504,36054.243752192
2.285,5.0726161214575,0.64995188703956,0.049941825704991,26.159570760021,0.0091942668281331,49.995252797246,36054.24384399
2.29,5.0725700791827,0.64995183909148,0.049941787316227,25.974698690197,0.0092227942922049,49.995255563604,36054.243936074
2.295,5.072523895015,0.64995179130259,0.049941749079103,25.791154116308,0.0092510228361932,49.995258338488,36054.244028442
2.3,5.0724775704434,0.64995174367237,0.049941710993031,25.608927349521,0.0092789547165994,49.995261121807,36054.244121092
2.305,5.0724311069456,0.64995169620028,0.049941673057428,25.428008774177,0.0093065921732204,49.995263913473,36054.244214019
2.31,5.0723845059883,0.64995164888578,0.04994163527171,25.24838884719,0.0093339374292769,49.995266713398,36054.244307221
2.315,5.0723377690269,0.64995160172835,0.049941597635299,25.070058097456,0.0093609926915425,49.995269521495,36054.244400694
2.32,5.0722908975059,0.64995155472745,0.049941560147618,24.893007125267,0.0093877601504698,49.995272337677,36054.244494437
2.325,5.072243892859,0.64995150788257,0.049941522808091,24.717226601738,0.0094142419803116,49.995275161857,36054.244588447
2.33,5.0721967565089,0.64995146119316,0.049941485616146,24.542707268222,0.009440440339251,49.99527799395,36054.244682719
2.335,5.0721494898677,0.64995141465871,0.049941448571215,24.369439935751,0.0094663573695189,49.995280833872,36054.244777253
2.34,5.0721020943366,0.6499513682787,0.04994141167273,24.197415484467,0.009491995197517,49.995283681538,36054.244872044
2.345,5.0720545713065,0.6499513220526,0.049941374920126,24.026624863067,0.0095173559339416,49.995286536864,36054.24496709
2.35,5.0720069221576,0.64995127597989,0.049941338312841,23.857059088247,0.0095424416738997,49.995289399768,36054.245062388
2.355,5.0719591482596,0.64995123006006,0.049941301850316,23.688709244156,0.0095672544970308,49.995292270167,36054.245157936
2.36,5.0719112509721,0.64995118429258,0.049941265531992,23.521566481852,0.0095917964676227,49.99529514798,36054.245253731
2.365,5.0718632316441,0.64995113867695,0.049941229357315,23.355622018766,0.0096160696347296,49.995298033125,36054.245349769
2.37,5.0718150916147,0.64995109321264,0.049941193325733,23.190867138166,0.0096400760322875,49.995300925522,36054.245446049
2.375,5.0717668322127,0.64995104789915,0.049941157436694,23.027293188635,0.0096638176792295,49.995303825092,36054.245542568
2.38,5.0717184547568,0.64995100273596,0.049941121689652,22.864891583539,0.0096872965796008,49.995306731755,36054.245639323
2.385,5.0716699605557,0.64995095772257,0.049941086084059,22.703653800517,0.0097105147226683,49.995309645432,36054.245736311
2.39,5.0716213509084,0.64995091285847,0.049941050619375,22.543571380963,0.0097334740830368,49.995312566045,36054.245833531
2.395,5.071572627104,0.64995086814315,0.049941015295056,22.384635929519,0.0097561766207595,49.995315493517,36054.245930978
2.4,5.0715237904215,0.64995082357611,0.049940980110565,22.226839113569,0.0097786242814462,49.995318427772,36054.246028652
2.405,5.0714748421308,0.64995077915684,0.049940945065366,22.07017266274,0.0098008189963739,49.995321368732,36054.246126548
2.41,5.0714257834916,0.64995073488485,0.049940910158924,21.914628368407,0.009822762682596,49.995324316322,36054.246224666
2.415,5.0713766157544,0.64995069075963,0.049940875390707,21.760198083204,0.0098444572430489,49.995327270467,36054.246323001
2.42,5.0713273401601,0.64995064678068,0.049940840760186,21.606873720535,0.0098659045666594,49.995330231093,36054.246421552
2.425,5.0712779579403,0.64995060294751,0.049940806266834,21.454647254092,0.0098871065284515,49.995333198125,36054.246520317
2.43,5.071228470317,0.64995055925963,0.049940771910126,21.303510717381,0.0099080649896508,49.99533617149,36054.246619292
2.435,5.0711788785033,0.64995051571653,0.049940737689538,21.153456203245,0.0099287817977863,49.995339151115,36054.246718475
2.44,5.0711291837028,0.64995047231773,0.04994070360455,21.004475863396,0.0099492587867978,49.995342136927,36054.246817865
2.445,5.07107938711,0.64995042906273,0.049940669654644,20.856561907952,0.0099694977771348,49.995345128856,36054.246917458
2.45,5.0710294899105,0.64995038595105,0.049940635839302,20.709706604973,0.009989500575861,49.995348126829,36054.247017253
2.455,5.0709794932808,0.64995034298219,0.049940602158012,20.563902280009,0.010009268976753,49.995351130777,36054.247117246
2.46,5.0709293983884,0.64995030015568,0.049940568610261,20.41914131564,0.010028804760403,49.995354140628,36054.247217436
2.465,5.0708792063919,0.64995025747102,0.049940535195539,20.275416151037,0.010048109694316,49.995357156314,36054.24731782
2.47,5.0708289184413,0.64995021492774,0.049940501913339,20.13271928151,0.010067185533006,49.995360177765,36054.247418396
2.475,5.0707785356777,0.64995017252535,0.049940468763155,19.99104325807,0.010086034018099,49.995363204913,36054.247519161
2.48,5.0707280592336,0.64995013026337,0.049940435744483,19.850380686993,0.010104656878429,49.995366237689,36054.247620114
2.485,5.0706774902328,0.64995008814133,0.049940402856822,19.710724229385,0.010123055830127,49.995369276026,36054.247721252
2.49,5.0706268297907,0.64995004615873,0.049940370099673,19.572066600754,0.010141232576726,49.995372319857,36054.247822573
2.495,5.0705760790139,0.64995000431512,0.049940337472538,19.434400570586,0.010159188809248,49.995375369116,36054.247924074
2.5,5.070525239001,0.64994996261002,0.049940304974922,19.29771896192,0.010176926206304,49.995378423737,36054.248025754
2.505,5.0704743108419,0.64994992104294,0.049940272606333,19.162014650935,0.010194446434183,49.995381483653,36054.248127611
2.51,5.0704232956184,0.64994987961343,0.049940240366279,19.027280566529,0.010211751146945,49.995384548801,36054.248229641
2.515,5.0703721944039,0.64994983832101,0.04994020825427,18.893509689914,0.010228841986513,49.995387619115,36054.248331844
2.52,5.0703210082639,0.64994979716521,0.049940176269821,18.760695054206,0.010245720582762,49.995390694532,36054.248434216
2.525,5.0702697382553,0.64994975614556,0.049940144412446,18.628829744023,0.010262388553615,49.995393774988,36054.248536756
2.53,5.0702183854275,0.64994971526161,0.049940112681661,18.497906895083,0.010278847505124,49.99539686042,36054.248639462
2.535,5.0701669508214,0.64994967451288,0.049940081076987,18.367919693808,0.010295099031568,49.995399950766,36054.248742331
2.54,5.0701154354704,0.64994963389892,0.049940049597943,18.238861376932,0.010311144715531,49.995403045962,36054.248845362
2.545,5.0700638403996,0.64994959341926,0.049940018244053,18.110725231109,0.010326986127997,49.995406145949,36054.248948552
2.55,5.0700121666266,0.64994955307344,0.049939987014841,17.983504592529,0.010342624828434,49.995409250664,36054.249051899
2.555,5.0699604151611,0.649949512861,0.049939955909835,17.857192846531,0.010358062364878,49.995412360048,36054.249155402
2.56,5.069908587005,0.6499494727815,0.049939924928563,17.731783427226,0.010373300274024,49.995415474039,36054.249259058
2.565,5.0698566831527,0.64994943283447,0.049939894070555,17.60726981712,0.010388340081303,49.995418592578,36054.249362866
2.57,5.0698047045909,0.64994939301946,0.049939863335345,17.483645546741,0.010403183300972,49.995421715606,36054.249466823
2.575,5.0697526522989,0.64994935333601,0.049939832722466,17.360904194266,0.010417831436195,49.995424843064,36054.249570928
2.58,5.0697005272483,0.64994931378368,0.049939802231456,17.239039385156,0.010432285979123,49.995427974893,36054.249675178
2.585,5.0696483304034,0.64994927436202,0.049939771861852,17.118044791792,0.01044654841098,49.995431111036,36054.249779572
2.59,5.0695960627211,0.64994923507058,0.049939741613195,16.997914133114,0.010460620202146,49.995434251435,36054.249884107
2.595,5.069543725151,0.64994919590891,0.049939711485026,16.87864117426,0.010474502812228,49.995437396034,36054.249988782
2.6,5.0694913186353,0.64994915687657,0.049939681476889,16.760219726217,0.010488197690152,49.995440544774,36054.250093595
2.605,5.0694388441092,0.64994911797311,0.049939651588331,16.642643645464,0.010501706274236,49.995443697601,36054.250198544
2.61,5.0693863025005,0.64994907919809,0.049939621818898,16.525906833624,0.010515029992267,49.995446854459,36054.250303627
2.615,5.0693336947301,0.64994904055107,0.04993959216814,16.410003237121,0.010528170261585,49.995450015291,36054.250408843
2.62,5.0692810217116,0.64994900203162,0.049939562635609,16.294926846833,0.010541128489157,49.995453180044,36054.250514189
2.625,5.0692282843519,0.64994896363928,0.049939533220857,16.180671697756,0.010553906071652,49.995456348663,36054.250619664
2.63,5.0691754835507,0.64994892537364,0.049939503923438,16.067231868661,0.010566504395523,49.995459521094,36054.250725265
2.635,5.0691226202008,0.64994888723424,0.049939474742911,15.954601481765,0.010578924837077,49.995462697282,36054.250830992
2.64,5.0690696951884,0.64994884922066,0.049939445678832,15.842774702394,0.010591168762556,49.995465877176,36054.250936842
2.645,5.0690167093924,0.64994881133247,0.049939416730763,15.731745738661,0.010603237528206,49.995469060721,36054.251042814
2.65,5.0689636636855,0.64994877356923,0.049939387898265,15.621508841131,0.010615132480356,49.995472247867,36054.251148905
2.655,5.0689105589334,0.64994873593052,0.049939359180901,15.512058302506,0.010626854955485,49.995475438559,36054.251255115
2.66,5.0688573959951,0.6499486984159,0.049939330578238,15.403388457298,0.0106384062803,49.995478632748,36054.25136144
2.665,5.0688041757231,0.64994866102496,0.049939302089842,15.295493681513,0.01064978777181,49.995481830382,36054.251467881
2.67,5.0687508989633,0.64994862375726,0.049939273715282,15.188368392336,0.010661000737392,49.995485031409,36054.251574435
2.675,5.0686975665551,0.64994858661237,0.049939245454129,15.082007047816,0.010672046474865,49.99548823578,36054.251681099
2.68,5.0686441793315,0.64994854958989,0.049939217305956,14.976404146559,0.010682926272564,49.995491443445,36054.251787874
2.685,5.0685907381189,0.64994851268939,0.049939189270335,14.871554227417,0.010693641409402,49.995494654353,36054.251894756
2.69,5.0685372437376,0.64994847591044,0.049939161346844,14.767451869183,0.010704193154949,49.995497868456,36054.252001745
2.695,5.0684836970012,0.64994843925263,0.049939133535059,14.664091690291,0.010714582769493,49.995501085705,36054.252108838
2.7,5.0684300987174,0.64994840271554,0.04993910583456,14.561468348512,0.010724811504113,49.995504306051,36054.252216035
2.705,5.0683764496875,0.64994836629875,0.049939078244927,14.459576540659,0.010734880600747,49.995507529445,36054.252323333
2.71,5.0683227507066,0.64994833000186,0.049939050765743,14.358411002291,0.010744791292257,49.995510755841,36054.252430731
2.715,5.0682690025636,0.64994829382445,0.049939023396592,14.257966507416,0.010754544802499,49.995513985191,36054.252538227
2.72,5.0682152060414,0.6499482577661,0.049938996137059,14.158237868209,0.010764142346385,49.995517217447,36054.25264582
2.725,5.068161361917,0.64994822182641,0.049938968986733,14.059219934714,0.010773585129953,49.995520452564,36054.252753509
2.73,5.068107470961,0.64994818600497,0.049938941945201,13.960907594566,0.010782874350432,49.995523690494,36054.252861291
2.735,5.0680535339383,0.64994815030137,0.049938915012055,13.863295772702,0.010792011196305,49.995526931192,36054.252969165
2.74,5.0679995516079,0.6499481147152,0.049938888186887,13.766379431082,0.010800996847374,49.995530174613,36054.253077129
2.745,5.0679455247229,0.64994807924606,0.049938861469291,13.670153568413,0.010809832474825,49.99553342071,36054.253185183
2.75,5.0678914540304,0.64994804389355,0.049938834858863,13.574613219865,0.01081851924129,49.995536669439,36054.253293324
2.755,5.0678373402719,0.64994800865726,0.049938808355198,13.479753456803,0.010827058300911,49.995539920756,36054.253401552
2.76,5.0677831841831,0.64994797353679,0.049938781957897,13.385569386512,0.010835450799402,49.995543174617,36054.253509864
2.765,5.0677289864939,0.64994793853175,0.049938755666559,13.292056151927,0.010843697874111,49.995546430976,36054.253618259
2.77,5.0676747479287,0.64994790364173,0.049938729480786,13.199208931365,0.010851800654082,49.995549689792,36054.253726737
2.775,5.0676204692061,0.64994786886634,0.049938703400182,13.107022938263,0.010859760260114,49.99555295102,36054.253835294
2.78,5.0675661510392,0.64994783420518,0.049938677424351,13.015493420905,0.010867577804825,49.995556214619,36054.25394393
2.785,5.0675117941356,0.64994779965785,0.049938651552899,12.924615662173,0.010875254392711,49.995559480545,36054.254052644
2.79,5.0674573991973,0.64994776522398,0.049938625785436,12.834384979278,0.010882791120202,49.995562748756,36054.254161434
2.795,5.067402966921,0.64994773090315,0.04993860012157,12.744796723505,0.010890189075726,49.99556601921,36054.254270299
2.8,5.0673484979978,0.64994769669499,0.049938574560912,12.655846279961,0.010897449339767,49.995569291867,36054.254379236
2.805,5.0672939931134,0.6499476625991,0.049938549103076,12.567529067319,0.010904572984919,49.995572566684,36054.254488246
2.81,5.0672394529484,0.6499476286151,0.049938523747675,12.479840537566,0.01091156107595,49.99557584362,36054.254597327
2.815,5.0671848781778,0.6499475947426,0.049938498494324,12.392776175756,0.010918414669856,49.995579122636,36054.254706476
2.82,5.0671302694715,0.64994756098121,0.049938473342642,12.306331499762,0.010925134815918,49.995582403691,36054.254815694
2.825,5.0670756274943,0.64994752733055,0.049938448292246,12.22050206003,0.010931722555758,49.995585686745,36054.254924977
2.83,5.0670209529055,0.64994749379024,0.049938423342756,12.135283439338,0.010938178923398,49.995588971758,36054.255034327
2.835,5.0669662463594,0.6499474603599,0.049938398493795,12.050671252552,0.010944504945314,49.995592258692,36054.25514374
2.84,5.0669115085052,0.64994742703914,0.049938373744985,11.966661146388,0.010950701640489,49.995595547506,36054.255253215
2.845,5.0668567399871,0.64994739382759,0.049938349095951,11.883248799173,0.010956770020472,49.995598838163,36054.255362753
2.85,5.0668019414441,0.64994736072488,0.049938324546318,11.800429920611,0.010962711089431,49.995602130624,36054.25547235
2.855,5.0667471135103,0.64994732773061,0.049938300095715,11.71820025155,0.010968525844206,49.995605424851,36054.255582005
2.86,5.0666922568148,0.64994729484443,0.049938275743769,11.636555563748,0.010974215274362,49.995608720806,36054.255691719
2.865,5.0666373719817,0.64994726206595,0.049938251490112,11.555491659642,0.010979780362244,49.995612018451,36054.255801489
2.87,5.0665824596304,0.6499472293948,0.049938227334375,11.475004372124,0.010985222083031,49.99561531775,36054.255911313
2.875,5.0665275203753,0.64994719683062,0.049938203276191,11.395089564311,0.010990541404786,49.995618618665,36054.256021192
2.88,5.066472554826,0.64994716437302,0.049938179315195,11.315743129319,0.010995739288507,49.99562192116,36054.256131123
2.885,5.0664175635873,0.64994713202166,0.049938155451022,11.236960990046,0.011000816688181,49.995625225199,36054.256241105
2.89,5.0663625472592,0.64994709977614,0.04993813168331,11.158739098943,0.011005774550836,49.995628530745,36054.256351138
2.895,5.0663075064371,0.64994706763612,0.049938108011699,11.081073437802,0.01101061381659,49.995631837763,36054.25646122
2.9,5.0662524417117,0.64994703560122,0.049938084435827,11.003960017533,0.011015335418702,49.995635146216,36054.256571349
2.905,5.0661973536689,0.64994700367108,0.049938060955337,10.927394877951,0.011019940283623,49.995638456071,36054.256681525
2.91,5.0661422428903,0.64994697184534,0.049938037569872,10.851374087558,0.011024429331042,49.995641767292,36054.256791747
2.915,5.0660871099525,0.64994694012363,0.049938014279075,10.775893743336,0.011028803473941,49.995645079845,36054.256902013
2.92,5.0660319554278,0.64994690850561,0.049937991082594,10.70094997053,0.011033063618641,49.995648393694,36054.257012322
2.925,5.065976779884,0.6499468769909,0.049937967980073,10.626538922445,0.01103721066485,49.995651708806,36054.257122673
2.93,5.0659215838844,0.64994684557915,0.049937944971163,10.552656780231,0.011041245505711,49.995655025147,36054.257233065
2.935,5.0658663679878,0.64994681427,0.049937922055513,10.479299752682,0.011045169027856,49.995658342684,36054.257343497
2.94,5.0658111327485,0.64994678306311,0.049937899232773,10.406464076031,0.011048982111444,49.995661661383,36054.257453967
2.945,5.0657558787167,0.6499467519581,0.049937876502597,10.334146013744,0.011052685630212,49.995664981211,36054.257564475
2.95,5.0657006064379,0.64994672095464,0.049937853864638,10.262341856325,0.011056280451526,49.995668302135,36054.25767502
2.955,5.0656453164535,0.64994669005237,0.049937831318551,10.191047921108,0.011059767436422,49.995671624123,36054.2577856
2.96,5.0655900093006,0.64994665925094,0.049937808863993,10.120260552065,0.011063147439656,49.995674947143,36054.257896214
2.965,5.0655346855119,0.64994662855001,0.049937786500621,10.049976119607,0.011066421309747,49.995678271162,36054.258006861
2.97,5.0654793456161,0.64994659794921,0.049937764228095,9.9801910203893,0.011069589889022,49.995681596149,36054.258117541
2.975,5.0654239901374,0.64994656744821,0.049937742046074,9.9109016771164,0.011072654013665,49.995684922072,36054.258228252
2.98,5.0653686195962,0.64994653704666,0.049937719954221,9.8421045383523,0.011075614513757,49.995688248901,36054.258338993
2.985,5.0653132345084,0.64994650674421,0.049937697952198,9.7737960783286,0.011078472213326,49.995691576603,36054.258449763
2.99,5.065257835386,0.64994647654053,0.049937676039669,9.7059727967549,0.011081227930386,49.995694905148,36054.258560562
2.995,5.065202422737,0.64994644643527,0.0499376542163,9.6386312186324,0.011083882476983,49.995698234506,36054.258671387
3,5.0651469970651,0.64994641642808,0.049937632481759,9.5717678940655,0.011086436659237,49.995701564647,36054.258782238
3.005,5.0650915588702,0.64994638651864,0.049937610835712,9.5053793980791,0.011088891277388,49.99570489554,36054.258893115
3.01,5.0650361086482,0.64994635670659,0.049937589277829,9.439462330434,0.011091247125835,49.995708227156,36054.259004015
3.015,5.0649806468908,0.64994632699161,0.04993756780778,9.3740133154449,0.011093504993184,49.995711559465,36054.259114939
3.02,5.0649251740862,0.64994629737336,0.049937546425239,9.3090290018006,0.011095665662285,49.995714892437,36054.259225884
3.025,5.0648696907183,0.64994626785149,0.049937525129876,9.2445060623844,0.011097729910273,49.995718226044,36054.259336851
3.03,5.0648141972673,0.64994623842569,0.049937503921368,9.1804411940948,0.011099698508617,49.995721560257,36054.259447838
3.035,5.0647586942095,0.64994620909561,0.049937482799389,9.1168311176714,0.011101572223153,49.995724895048,36054.259558844
3.04,5.0647031820176,0.64994617986092,0.049937461763616,9.0536725775185,0.01110335181413,49.995728230387,36054.259669868
3.045,5.0646476611601,0.64994615072129,0.049937440813727,8.9909623415311,0.011105038036249,49.995731566246,36054.25978091
3.05,5.0645921321022,0.6499461216764,0.049937419949401,8.9286972009233,0.011106631638702,49.995734902599,36054.259891968
3.055,5.064536595305,0.64994609272591,0.049937399170319,8.8668739700561,0.011108133365215,49.995738239416,36054.260003042
3.06,5.0644810512261,0.64994606386949,0.049937378476163,8.8054894862684,0.011109543954084,49.995741576671,36054.26011413
3.065,5.0644255003193,0.64994603510683,0.049937357866615,8.7445406097079,0.01111086413822,49.995744914336,36054.260225232
3.07,5.0643699430349,0.6499460064376,0.049937337341359,8.6840242231643,0.011112094645183,49.995748252384,36054.260336346
3.075,5.0643143798195,0.64994597786146,0.04993731690008,8.6239372319029,0.01111323619722,49.995751590789,36054.260447473
3.08,5.0642588111159,0.64994594937811,0.049937296542465,8.5642765635006,0.011114289511311,49.995754929523,36054.26055861
3.085,5.0642032373638,0.64994592098721,0.049937276268202,8.5050391676815,0.011115255299199,49.995758268561,36054.260669758
3.09,5.0641476589988,0.64994589268845,0.049937256076979,8.4462220161551,0.011116134267432,49.995761607876,36054.260780914
3.095,5.0640920764535,0.6499458644815,0.049937235968487,8.3878221024558,0.011116927117403,49.995764947442,36054.26089208
3.1,5.0640364901565,0.64994583636606,0.049937215942416,8.3298364417817,0.011117634545381,49.995768287234,36054.261003252
3.105,5.0639809005334,0.6499458083418,0.049937195998458,8.272262070838,0.011118257242552,49.995771627225,36054.261114431
3.11,5.063925308006,0.6499457804084,0.049937176136308,8.2150960476783,0.011118795895058,49.995774967391,36054.261225616
3.115,5.063869712993,0.64994575256555,0.049937156355659,8.1583354515489,0.01111925118403,49.995778307706,36054.261336806
3.12,5.0638141159093,0.64994572481294,0.049937136656208,8.1019773827335,0.011119623785627,49.995781648146,36054.261448001
3.125,5.0637585171669,0.64994569715025,0.049937117037651,8.0460189623998,0.011119914371068,49.995784988685,36054.261559198
3.13,5.0637029171741,0.64994566957718,0.049937097499686,7.9904573324471,0.011120123606674,49.995788329299,36054.261670398
3.135,5.0636473163359,0.6499456420934,0.049937078042013,7.9352896553541,0.011120252153897,49.995791669964,36054.2617816
3.14,5.0635917150543,0.64994561469862,0.049937058664332,7.8805131140289,0.011120300669362,49.995795010656,36054.261892802
3.145,5.0635361137278,0.64994558739252,0.049937039366345,7.82612491166,0.011120269804894,49.995798351351,36054.262004005
3.15,5.0634805127516,0.6499455601748,0.049937020147753,7.7721222715683,0.011120160207562,49.995801692024,36054.262115207
3.155,5.0634249125178,0.64994553304514,0.04993700100826,7.7185024370593,0.011119972519704,49.995805032653,36054.262226407
3.16,5.0633693134152,0.64994550600325,0.049936981947572,7.6652626712784,0.011119707378971,49.995808373214,36054.262337606
3.165,5.0633137158297,0.64994547904881,0.049936962965395,7.6124002570656,0.011119365418352,49.995811713684,36054.262448801
3.17,5.0632581201436,0.64994545218153,0.049936944061434,7.5599124968117,0.011118947266213,49.995815054039,36054.262559992
3.175,5.0632025267364,0.6499454254011,0.049936925235399,7.5077967123161,0.01111845354633,49.995818394258,36054.262671179
3.18,5.0631469359844,0.64994539870723,0.049936906486998,7.4560502446451,0.011117884877923,49.995821734317,36054.262782361
3.185,5.0630913482609,0.64994537209961,0.049936887815942,7.4046704539916,0.011117241875683,49.995825074194,36054.262893536
3.19,5.0630357639358,0.64994534557794,0.049936869221941,7.3536547195357,0.011116525149815,49.995828413867,36054.263004705
3.195,5.0629801833765,0.64994531914192,0.04993685070471,7.303000439306,0.01111573530606,49.995831753314,36054.263115866
3.2,5.0629246069469,0.64994529279126,0.04993683226396,7.2527050300429,0.011114872945736,49.995835092513,36054.263227019
3.205,5.0628690350081,0.64994526652566,0.049936813899407,7.2027659270621,0.011113938665764,49.995838431441,36054.263338162
3.21,5.0628134679183,0.64994524034483,0.049936795610766,7.1531805841193,0.011112933058704,49.995841770079,36054.263449297
3.215,5.0627579060327,0.64994521424847,0.049936777397754,7.1039464732761,0.011111856712782,49.995845108404,36054.26356042
3.22,5.0627023497035,0.64994518823629,0.049936759260088,7.0550610847664,0.011110710211926,49.995848446395,36054.263671533
3.225,5.0626467992799,0.649945162308,0.049936741197489,7.006521926865,0.011109494135796,49.995851784031,36054.263782634
3.23,5.0625912551085,0.64994513646331,0.049936723209674,6.9583265257554,0.011108209059813,49.995855121291,36054.263893722
3.235,5.0625357175329,0.64994511070192,0.049936705296366,6.9104724254004,0.01110685555519,49.995858458155,36054.264004797
3.24,5.0624801868937,0.64994508502354,0.049936687457285,6.8629571874124,0.011105434188965,49.995861794603,36054.264115859
3.245,5.0624246635289,0.6499450594279,0.049936669692156,6.8157783909248,0.011103945524029,49.995865130613,36054.264226905
3.25,5.0623691477736,0.6499450339147,0.049936652000703,6.7689336324655,0.011102390119155,49.995868466166,36054.264337937
3.255,5.0623136399601,0.64994500848366,0.049936634382649,6.7224205258295,0.011100768529031,49.995871801242,36054.264448953
3.26,5.0622581404179,0.64994498313448,0.049936616837722,6.6762367019547,0.011099081304287,49.995875135821,36054.264559952
3.265,5.0622026494738,0.6499449578669,0.049936599365648,6.6303798087962,0.011097328991526,49.995878469883,36054.264670934
3.27,5.062147167452,0.64994493268062,0.049936581966156,6.584847511203,0.011095512133351,49.99588180341,36054.264781898
3.275,5.0620916946739,0.64994490757536,0.049936564638974,6.5396374907963,0.011093631268397,49.995885136381,36054.264892843
3.28,5.0620362314581,0.64994488255084,0.049936547383833,6.494747445846,0.011091686931357,49.995888468777,36054.26500377
3.285,5.0619807781206,0.64994485760679,0.049936530200463,6.4501750911514,0.011089679653011,49.99589180058,36054.265114676
3.29,5.0619253349749,0.64994483274292,0.049936513088598,6.4059181579205,0.011087609960255,49.99589513177,36054.265225563
3.295,5.0618699023318,0.64994480795895,0.04993649604797,6.3619743936516,0.011085478376131,49.99589846233,36054.265336428
3.3,5.0618144804993,0.64994478325461,0.049936479078313,6.3183415620141,0.01108328541985,49.99590179224,36054.265447271
3.305,5.0617590697832,0.64994475862962,0.049936462179362,6.275017442732,0.011081031606824,49.995905121482,36054.265558093
3.31,5.0617036704863,0.64994473408371,0.049936445350853,6.2319998314673,0.01107871744869,49.995908450038,36054.265668892
3.315,5.0616482829091,0.6499447096166,0.049936428592524,6.1892865397047,0.011076343453342,49.99591177789,36054.265779667
3.32,5.0615929073497,0.64994468522802,0.049936411904112,6.146875394636,0.011073910124954,49.995915105019,36054.265890418
3.325,5.0615375441033,0.6499446609177,0.049936395285357,6.1047642390474,0.011071417964007,49.995918431409,36054.266001144
3.33,5.061482193463,0.64994463668536,0.049936378735998,6.0629509312063,0.01106886746732,49.995921757042,36054.266111846
3.335,5.0614268557191,0.64994461253073,0.049936362255776,6.021433344748,0.011066259128068,49.9959250819,36054.266222521
3.34,5.0613715311597,0.64994458845355,0.049936345844434,5.9802093685662,0.011063593435818,49.995928405965,36054.26633317
3.345,5.0613162200703,0.64994456445354,0.049936329501713,5.9392769067008,0.011060870876551,49.995931729221,36054.266443792
3.35,5.0612609227341,0.64994454053045,0.049936313227359,5.8986338782291,0.011058091932685,49.995935051651,36054.266554387
3.355,5.0612056394317,0.649944516684,0.049936297021115,5.8582782171573,0.011055257083105,49.995938373238,36054.266664954
3.36,5.0611503704416,0.64994449291392,0.049936280882727,5.8182078723112,0.011052366803186,49.995941693965,36054.266775492
3.365,5.0610951160396,0.64994446921996,0.049936264811942,5.7784208072303,0.011049421564821,49.995945013815,36054.266886
3.37,5.0610398764995,0.64994444560184,0.049936248808508,5.7389150000599,0.011046421836443,49.995948332772,36054.266996479
3.375,5.0609846520926,0.64994442205931,0.049936232872172,5.6996884434471,0.011043368083049,49.99595165082,36054.267106928
3.38,5.0609294430877,0.6499443985921,0.049936217002685,5.660739144435,0.011040260766233,49.995954967943,36054.267217346
3.385,5.0608742497516,0.64994437519995,0.049936201199797,5.6220651243576,0.0110371003442,49.995958284124,36054.267327733
3.3899999999999,5.0608190723486,0.6499443518826,0.049936185463259,5.5836644187382,0.011033887271798,49.995961599348,36054.267438088
3.3949999999999,5.060763911141,0.6499443286398,0.049936169792823,5.545535077186,0.011030622000538,49.995964913599,36054.26754841
3.3999999999999,5.0607087663885,0.64994430547128,0.049936154188242,5.5076751632941,0.01102730497862,49.995968226861,36054.2676587
3.4049999999999,5.0606536383489,0.64994428237679,0.04993613864927,5.4700827545384,0.011023936650956,49.995971539119,36054.267768956
3.4099999999999,5.0605985272774,0.64994425935606,0.049936123175663,5.4327559421782,0.011020517459197,49.995974850357,36054.267879178
3.4149999999999,5.0605434334275,0.64994423640885,0.049936107767176,5.3956928311552,0.011017047841749,49.995978160561,36054.267989366
3.4199999999999,5.0604883570501,0.6499442135349,0.049936092423566,5.3588915399957,0.011013528233805,49.995981469715,36054.268099518
3.4249999999999,5.060433298394,0.64994419073396,0.04993607714459,5.3223502007116,0.011009959067363,49.995984777804,36054.268209636
3.4299999999999,5.0603782577061,0.64994416800577,0.049936061930007,5.286066958704,0.011006340771252,49.995988084814,36054.268319717
3.4349999999999,5.0603232352309,0.64994414535008,0.049936046779576,5.2500399726657,0.011002673771151,49.995991390729,36054.268429762
3.4399999999999,5.0602682312109,0.64994412276663,0.049936031693059,5.2142674144851,0.010998958489617,49.995994695536,36054.26853977
3.4449999999999,5.0602132458864,0.64994410025519,0.049936016670214,5.178747469152,0.010995195346102,49.995997999219,36054.268649741
3.4499999999999,5.0601582794957,0.64994407781549,0.049936001710806,5.1434783346618,0.010991384756981,49.996001301765,36054.268759673
3.4549999999999,5.060103332275,0.6499440554473,0.049935986814597,5.1084582219223,0.010987527135567,49.996004603159,36054.268869568
3.4599999999999,5.0600484044585,0.64994403315036,0.04993597198135,5.0736853546604,0.010983622892141,49.996007903387,36054.268979424
3.4649999999999,5.0599934962782,0.64994401092442,0.049935957210831,5.0391579693292,0.01097967243397,49.996011202435,36054.26908924
3.4699999999999,5.0599386079642,0.64994398876925,0.049935942502804,5.0048743150169,0.010975676165326,49.99601450029,36054.269199017
3.4749999999999,5.0598837397446,0.64994396668459,0.049935927857037,4.9708326533548,0.010971634487513,49.996017796937,36054.269308753
3.4799999999999,5.0598288918454,0.6499439446702,0.049935913273296,4.9370312584274,0.010967547798887,49.996021092363,36054.269418449
3.4849999999999,5.0597740644907,0.64994392272584,0.04993589875135,4.9034684166827,0.010963416494875,49.996024386555,36054.269528103
3.4899999999999,5.0597192579025,0.64994390085126,0.049935884290968,4.8701424268423,0.010959240967998,49.996027679499,36054.269637717
3.4949999999999,5.0596644723011,0.64994387904623,0.049935869891919,4.8370515998138,0.010955021607888,49.996030971183,36054.269747288
3.4999999999999,5.0596097079047,0.64994385731049,0.049935855553974,4.8041942586022,0.010950758801318,49.996034261592,36054.269856817
3.5049999999999,5.0595549649294,0.64994383564382,0.049935841276904,4.771568738223,0.010946452932215,49.996037550714,36054.269966303
3.5099999999999,5.0595002435897,0.64994381404598,0.049935827060483,4.7391733856158,0.010942104381678,49.996040838536,36054.270075745
3.5149999999999,5.0594455440981,0.64994379251671,0.049935812904482,4.7070065595578,0.010937713528008,49.996044125046,36054.270185144
3.5199999999999,5.059390866665,0.6499437710558,0.049935798808677,4.675066630579,0.010933280746722,49.99604741023,36054.270294499
3.5249999999999,5.0593362114993,0.64994374966299,0.049935784772842,4.6433519808776,0.010928806410572,49.996050694076,36054.270403809
3.5299999999999,5.0592815788078,0.64994372833806,0.049935770796752,4.6118610042349,0.010924290889568,49.996053976572,36054.270513075
3.5349999999999,5.0592269687954,0.64994370708077,0.049935756880185,4.5805921059334,0.010919734550998,49.996057257706,36054.270622295
3.5399999999999,5.0591723816654,0.64994368589089,0.049935743022917,4.549543702673,0.010915137759445,49.996060537464,36054.270731469
3.5449999999999,5.0591178176192,0.64994366476817,0.049935729224726,4.5187142224888,0.010910500876809,49.996063815836,36054.270840597
3.5499999999999,5.0590632768562,0.6499436437124,0.049935715485392,4.4881021046699,0.010905824262325,49.996067092808,36054.270949679
3.5549999999999,5.0590087595743,0.64994362272333,0.049935701804694,4.4577057996774,0.010901108272581,49.99607036837,36054.271058713
3.5599999999999,5.0589542659695,0.64994360180075,0.049935688182413,4.427523769065,0.010896353261541,49.99607364251,36054.271167701
3.5649999999999,5.0588997962359,0.6499435809444,0.049935674618331,4.3975544853988,0.01089155958056,49.996076915215,36054.27127664
3.5699999999999,5.0588453505662,0.64994356015408,0.049935661112228,4.367796432178,0.010886727578405,49.996080186474,36054.271385531
3.5749999999999,5.0587909291509,0.64994353942954,0.049935647663889,4.3382481037562,0.010881857601273,49.996083456276,36054.271494374
3.5799999999999,5.0587365321792,0.64994351877057,0.049935634273097,4.3089080052629,0.010876949992807,49.996086724609,36054.271603168
3.5849999999999,5.0586821598383,0.64994349817693,0.049935620939637,4.279774652527,0.010872005094121,49.996089991462,36054.271711913
3.5899999999999,5.0586278123138,0.6499434776484,0.049935607663294,4.250846571998,0.010867023243812,49.996093256825,36054.271820608
3.5949999999999,5.0585734897898,0.64994345718475,0.049935594443853,4.222122300672,0.010862004777979,49.996096520685,36054.271929253
3.5999999999999,5.0585191924483,0.64994343678577,0.049935581281103,4.1936003860134,0.010856950030246,49.996099783032,36054.272037848
3.6049999999999,5.0584649204701,0.64994341645121,0.049935568174831,4.1652793858815,0.010851859331773,49.996103043855,36054.272146392
3.6099999999999,5.0584106740339,0.64994339618087,0.049935555124824,4.1371578684543,0.010846733011278,49.996106303144,36054.272254884
3.6149999999999,5.0583564533172,0.64994337597452,0.049935542130873,4.1092344121552,0.010841571395053,49.996109560887,36054.272363326
3.6199999999999,5.0583022584957,0.64994335583194,0.049935529192767,4.0815076055792,0.010836374806984,49.996112817075,36054.272471715
3.6249999999999,5.0582480897432,0.64994333575291,0.049935516310298,4.0539760474191,0.010831143568564,49.996116071696,36054.272580053
3.6299999999999,5.0581939472324,0.6499433157372,0.049935503483256,4.0266383463938,0.010825877998913,49.99611932474,36054.272688338
3.6349999999999,5.0581398311341,0.64994329578461,0.049935490711434,3.9994931211759,0.010820578414795,49.996122576198,36054.27279657
3.6399999999999,5.0580857416176,0.6499432758949,0.049935477994625,3.9725390003194,0.010815245130637,49.996125826058,36054.272904749
3.6449999999999,5.0580316788505,0.64994325606787,0.049935465332623,3.9457746221899,0.010809878458541,49.996129074311,36054.273012875
3.6499999999999,5.0579776429992,0.6499432363033,0.049935452725223,3.9191986348931,0.010804478708301,49.996132320948,36054.273120946
3.6549999999999,5.0579236342281,0.64994321660097,0.049935440172219,3.8928096962052,0.010799046187428,49.996135565957,36054.273228964
3.6599999999999,5.0578696527004,0.64994319696066,0.049935427673409,3.8666064735038,0.010793581201155,49.996138809329,36054.273336927
3.6649999999999,5.0578156985776,0.64994317738217,0.049935415228588,3.8405876436979,0.010788084052463,49.996142051054,36054.273444835
3.6699999999999,5.0577617720199,0.64994315786527,0.049935402837554,3.81475189316,0.010782555042089,49.996145291124,36054.273552688
3.6749999999999,5.0577078731858,0.64994313840976,0.049935390500105,3.7890979176585,0.010776994468551,49.996148529527,36054.273660486
3.6799999999999,5.0576540022323,0.64994311901543,0.049935378216042,3.7636244222895,0.010771402628153,49.996151766256,36054.273768228
3.6849999999999,5.0576001593151,0.64994309968205,0.049935365985162,3.7383301214102,0.010765779815015,49.9961550013,36054.273875914
3.6899999999999,5.0575463445883,0.64994308040943,0.049935353807268,3.713213738572,0.010760126321073,49.99615823465,36054.273983543
3.6949999999999,5.0574925582046,0.64994306119734,0.049935341682159,3.6882740064551,0.010754442436108,49.996161466297,36054.274091116
3.6999999999999,5.0574388003152,0.64994304204559,0.049935329609639,3.6635096668023,0.010748728447754,49.996164696232,36054.274198632
3.7049999999999,5.0573850710699,0.64994302295396,0.049935317589509,3.6389194703543,0.010742984641516,49.996167924447,36054.27430609
3.7099999999999,5.0573313706171,0.64994300392225,0.049935305621573,3.6145021767845,0.010737211300785,49.996171150931,36054.274413491
3.7149999999999,5.0572776991039,0.64994298495025,0.049935293705635,3.5902565546357,0.010731408706854,49.996174375677,36054.274520834
3.7199999999999,5.0572240566756,0.64994296603774,0.049935281841501,3.5661813812564,0.01072557713893,49.996177598675,36054.274628119
3.7249999999999,5.0571704434767,0.64994294718454,0.049935270028975,3.5422754427363,0.010719716874155,49.996180819916,36054.274735346
3.7299999999999,5.0571168596497,0.64994292839043,0.049935258267864,3.5185375338453,0.010713828187616,49.996184039394,36054.274842513
3.7349999999999,5.0570633053362,0.64994290965521,0.049935246557974,3.4949664579697,0.010707911352359,49.996187257097,36054.274949622
3.7399999999999,5.0570097806763,0.64994289097867,0.049935234899114,3.4715610270518,0.010701966639408,49.996190473019,36054.275056671
3.7449999999999,5.0569562858085,0.64994287236061,0.049935223291092,3.4483200615267,0.010695994317777,49.996193687152,36054.275163661
3.7499999999999,5.0569028208705,0.64994285380084,0.049935211733716,3.425242390263,0.010689994654484,49.996196899485,36054.275270591
3.7549999999999,5.056849385998,0.64994283529914,0.049935200226798,3.4023268505015,0.010683967914567,49.996200110013,36054.27537746
3.7599999999999,5.056795981326,0.64994281685532,0.049935188770146,3.3795722877954,0.010677914361097,49.996203318726,36054.27548427
3.7649999999999,5.0567426069879,0.64994279846918,0.049935177363572,3.35697755595,0.010671834255194,49.996206525616,36054.275591018
3.7699999999999,5.0566892631156,0.64994278014053,0.049935166006889,3.3345415169647,0.010665727856038,49.996209730676,36054.275697706
3.7749999999999,5.0566359498401,0.64994276186915,0.049935154699908,3.3122630409728,0.010659595420885,49.996212933898,36054.275804333
3.7799999999999,5.0565826672909,0.64994274365486,0.049935143442442,3.2901410061844,0.010653437205083,49.996216135273,36054.275910898
3.7849999999999,5.0565294155963,0.64994272549745,0.049935132234306,3.2681742988276,0.010647253462079,49.996219334795,36054.276017401
3.7899999999999,5.0564761948833,0.64994270739674,0.049935121075315,3.2463618130915,0.01064104444344,49.996222532455,36054.276123843
3.7949999999999,5.0564230052777,0.64994268935252,0.049935109965282,3.2247024510689,0.010634810398864,49.996225728246,36054.276230222
3.7999999999999,5.0563698469039,0.6499426713646,0.049935098904025,3.2031951226994,0.010628551576191,49.99622892216,36054.276336539
3.8049999999999,5.0563167198852,0.64994265343278,0.04993508789136,3.1818387457136,0.010622268221421,49.996232114191,36054.276442793
3.8099999999999,5.0562636243437,0.64994263555688,0.049935076927104,3.1606322455769,0.010615960578722,49.99623530433,36054.276548984
3.8149999999999,5.0562105604002,0.6499426177367,0.049935066011075,3.1395745554342,0.010609628890448,49.996238492571,36054.276655112
3.8199999999999,5.0561575281744,0.64994259997205,0.049935055143092,3.1186646160545,0.010603273397147,49.996241678907,36054.276761176
3.8249999999999,5.0561045277847,0.64994258226273,0.049935044322973,3.0979013757768,0.010596894337582,49.996244863329,36054.276867177
3.8299999999999,5.0560515593483,0.64994256460856,0.049935033550539,3.0772837904551,0.010590491948734,49.996248045832,36054.276973114
3.8349999999999,5.0559986229813,0.64994254700935,0.04993502282561,3.0568108234054,0.010584066465823,49.996251226407,36054.277078987
3.8399999999999,5.0559457187985,0.6499425294649,0.049935012148008,3.0364814453516,0.010577618122315,49.996254405049,36054.277184795
3.8449999999999,5.0558928469138,0.64994251197502,0.049935001517553,3.0162946343726,0.010571147149938,49.996257581751,36054.277290539
3.8499999999999,5.0558400074396,0.64994249453954,0.04993499093407,2.9962493758494,0.010564653778696,49.996260756505,36054.277396218
3.8549999999999,5.0557872004874,0.64994247715826,0.04993498039738,2.9763446624127,0.010558138236874,49.996263929305,36054.277501832
3.8599999999999,5.0557344261675,0.64994245983099,0.049934969907309,2.9565794938916,0.010551600751057,49.996267100144,36054.27760738
3.8649999999999,5.0556816845891,0.64994244255756,0.049934959463679,2.9369528772611,0.010545041546144,49.996270269017,36054.277712863
3.8699999999999,5.0556289758601,0.64994242533776,0.049934949066316,2.9174638265918,0.010538460845355,49.996273435915,36054.277818281
3.8749999999999,5.0555763000875,0.64994240817143,0.049934938715047,2.8981113629983,0.010531858870241,49.996276600834,36054.277923632
3.8799999999999,5.0555236573772,0.64994239105836,0.049934928409696,2.8788945145888,0.010525235840705,49.996279763766,36054.278028918
3.8849999999999,5.0554710478339,0.64994237399839,0.049934918150092,2.8598123164158,0.010518591975007,49.996282924705,36054.278134137
3.8899999999999,5.0554184715611,0.64994235699133,0.049934907936061,2.8408638104253,0.010511927489777,49.996286083645,36054.278239289
3.8949999999999,5.0553659286615,0.649942340037,0.049934897767433,2.8220480454079,0.010505242600029,49.99628924058,36054.278344375
3.8999999999999,5.0553134192366,0.64994232313521,0.049934887644035,2.80336407695,0.010498537519168,49.996292395504,36054.278449394
3.9049999999999,5.0552609433868,0.64994230628578,0.049934877565698,2.7848109673845,0.010491812459008,49.99629554841,36054.278554346
3.9099999999999,5.0552085012114,0.64994228948853,0.049934867532251,2.7663877857431,0.010485067629778,49.996298699294,36054.27865923
3.9149999999999,5.0551560928088,0.64994227274329,0.049934857543525,2.7480936077078,0.010478303240136,49.996301848148,36054.278764047
3.9199999999999,5.0551037182763,0.64994225604988,0.049934847599352,2.7299275155639,0.01047151949718,49.996304994967,36054.278868796
3.9249999999999,5.0550513777101,0.64994223940811,0.049934837699563,2.7118885981518,0.010464716606458,49.996308139745,36054.278973477
3.9299999999999,5.0549990712054,0.6499422228178,0.04993482784399,2.6939759508207,0.010457894771982,49.996311282477,36054.27907809
3.9349999999999,5.0549467988566,0.64994220627879,0.049934818032468,2.6761886753822,0.010451054196238,49.996314423156,36054.279182635
3.9399999999999,5.0548945607567,0.6499421897909,0.04993480826483,2.6585258800633,0.010444195080192,49.996317561778,36054.279287111
3.9449999999999,5.054842356998,0.64994217335394,0.04993479854091,2.640986679461,0.01043731762331,49.996320698336,36054.279391518
3.9499999999999,5.0547901876717,0.64994215696775,0.049934788860543,2.6235701944963,0.01043042202356,49.996323832826,36054.279495857
3.9549999999999,5.054738052868,0.64994214063215,0.049934779223565,2.6062755523695,0.01042350847743,49.996326965241,36054.279600127
3.9599999999999,5.0546859526761,0.64994212434696,0.049934769629812,2.5891018865146,0.010416577179936,49.996330095577,36054.279704327
3.9649999999999,5.0546338871845,0.64994210811202,0.04993476007912,2.5720483365549,0.010409628324629,49.996333223828,36054.279808458
3.9699999999999,5.0545818564802,0.64994209192715,0.049934750571327,2.5551140482589,0.010402662103611,49.996336349989,36054.27991252
3.9749999999999,5.0545298606498,0.64994207579217,0.049934741106272,2.5382981734959,0.010395678707541,49.996339474054,36054.280016511
3.9799999999999,5.0544778997785,0.64994205970692,0.049934731683791,2.5215998701929,0.010388678325651,49.996342596019,36054.280120433
3.9849999999999,5.054425973951,0.64994204367122,0.049934722303726,2.5050183022906,0.01038166114575,49.996345715879,36054.280224285
3.9899999999999,5.0543740832506,0.6499420276849,0.049934712965915,2.4885526397007,0.010374627354238,49.996348833628,36054.280328066
3.9949999999999,5.05432222776,0.64994201174781,0.049934703670198,2.4722020582632,0.010367577136116,49.996351949261,36054.280431777
3.9999999999999,5.0542704075609,0.64994199585975,0.049934694416417,2.4559657397038,0.010360510674993,49.996355062774,36054.280535417
4.0049999999999,5.054218622734,0.64994198002058,0.049934685204412,2.4398428715918,0.010353428153101,49.996358174162,36054.280638987
4.0099999999999,5.0541668733592,0.64994196423011,0.049934676034027,2.4238326472986,0.010346329751302,49.99636128342,36054.280742486
4.0149999999999,5.0541151595155,0.64994194848819,0.049934666905103,2.4079342659555,0.010339215649096,49.996364390543,36054.280845913
4.0199999999999,5.0540634812808,0.64994193279464,0.049934657817484,2.3921469324129,0.010332086024636,49.996367495526,36054.28094927
4.0249999999999,5.0540118387324,0.6499419171493,0.049934648771013,2.3764698571997,0.010324941054732,49.996370598365,36054.281052555
4.0299999999999,5.0539602319466,0.649941901552,0.049934639765535,2.3609022564821,0.010317780914865,49.996373699056,36054.281155769
4.0349999999999,5.0539086609987,0.64994188600258,0.049934630800895,2.3454433520231,0.010310605779194,49.996376797593,36054.28125891
4.0399999999999,5.0538571259633,0.64994187050088,0.049934621876938,2.3300923711436,0.01030341582057,49.996379893973,36054.281361981
4.0449999999999,5.0538056269142,0.64994185504673,0.04993461299351,2.3148485466813,0.010296211210536,49.99638298819,36054.281464979
4.0499999999999,5.053754163924,0.64994183963996,0.049934604150457,2.2997111169517,0.010288992119346,49.996386080241,36054.281567905
4.0549999999999,5.0537027370649,0.64994182428042,0.049934595347627,2.2846793257093,0.010281758715971,49.996389170121,36054.281670758
4.0599999999999,5.053651346408,0.64994180896794,0.049934586584867,2.2697524221084,0.010274511168107,49.996392257826,36054.28177354
4.0649999999999,5.0535999920236,0.64994179370236,0.049934577862026,2.2549296606641,0.010267249642185,49.996395343351,36054.281876248
4.0699999999999,5.0535486739811,0.64994177848352,0.049934569178953,2.2402103012145,0.01025997430338,49.996398426693,36054.281978885
4.0749999999999,5.0534973923492,0.64994176331126,0.049934560535496,2.2255936088825,0.010252685315621,49.996401507847,36054.282081448
4.0799999999999,5.0534461471958,0.64994174818543,0.049934551931505,2.2110788540374,0.0102453828416,49.99640458681,36054.282183938
4.0849999999999,5.0533949385878,0.64994173310585,0.049934543366832,2.1966653122585,0.010238067042778,49.996407663577,36054.282286355
4.0899999999999,5.0533437665916,0.64994171807237,0.049934534841326,2.1823522642969,0.010230738079397,49.996410738144,36054.282388699
4.0949999999999,5.0532926312725,0.64994170308484,0.04993452635484,2.1681389960388,0.01022339611049,49.996413810507,36054.28249097
4.0999999999999,5.0532415326951,0.6499416881431,0.049934517907225,2.1540247984686,0.010216041293884,49.996416880663,36054.282593167
4.1049999999999,5.0531904709234,0.64994167324698,0.049934509498334,2.140008967633,0.010208673786216,49.996419948607,36054.282695291
4.1099999999999,5.0531394460203,0.64994165839634,0.049934501128021,2.1260908046041,0.010201293742934,49.996423014337,36054.28279734
4.1149999999999,5.0530884580482,0.64994164359101,0.049934492796138,2.1122696154439,0.010193901318314,49.996426077847,36054.282899316
4.1199999999999,5.0530375070686,0.64994162883085,0.04993448450254,2.0985447111683,0.01018649666546,49.996429139135,36054.283001218
4.1249999999999,5.0529865931423,0.64994161411569,0.049934476247081,2.084915407712,0.010179079936318,49.996432198196,36054.283103046
4.1299999999999,5.0529357163293,0.64994159944539,0.049934468029618,2.0713810258932,0.010171651281682,49.996435255028,36054.2832048
4.1349999999999,5.0528848766888,0.64994158481979,0.049934459850005,2.0579408913783,0.010164210851205,49.996438309626,36054.283306479
4.1399999999999,5.0528340742793,0.64994157023873,0.049934451708099,2.0445943346478,0.010156758793402,49.996441361987,36054.283408084
4.1449999999999,5.0527833091586,0.64994155570207,0.049934443603757,2.0313406909618,0.010149295255666,49.996444412108,36054.283509614
4.1499999999999,5.0527325813838,0.64994154120964,0.049934435536836,2.0181793003254,0.010141820384267,49.996447459985,36054.28361107
4.1549999999999,5.0526818910111,0.64994152676131,0.049934427507193,2.0051095074552,0.010134334324368,49.996450505614,36054.28371245
4.1599999999999,5.0526312380961,0.64994151235692,0.049934419514688,1.9921306617453,0.010126837220028,49.996453548993,36054.283813756
4.1649999999999,5.0525806226937,0.64994149799632,0.049934411559179,1.979242117234,0.010119329214211,49.996456590119,36054.283914987
4.1699999999999,5.0525300448581,0.64994148367935,0.049934403640525,1.9664432325707,0.010111810448797,49.996459628987,36054.284016143
4.1749999999999,5.0524795046427,0.64994146940588,0.049934395758587,1.9537333709827,0.010104281064585,49.996462665594,36054.284117223
4.1799999999999,5.0524290021002,0.64994145517574,0.049934387913225,1.9411119002426,0.010096741201304,49.996465699939,36054.284218228
4.1849999999999,5.0523785372827,0.6499414409888,0.049934380104299,1.9285781926358,0.010089190997622,49.996468732016,36054.284319158
4.1899999999999,5.0523281102416,0.6499414268449,0.049934372331671,1.9161316249282,0.010081630591146,49.996471761824,36054.284420012
4.1949999999999,5.0522777210275,0.6499414127439,0.049934364595203,1.9037715783343,0.010074060118442,49.996474789359,36054.28452079
4.1999999999999,5.0522273696904,0.64994139868565,0.049934356894758,1.8914974384852,0.010066479715031,49.996477814619,36054.284621493
4.2049999999999,5.0521770562796,0.64994138467001,0.049934349230198,1.8793085953973,0.010058889515404,49.996480837599,36054.28472212
4.2099999999999,5.0521267808439,0.64994137069682,0.049934341601386,1.8672044434404,0.010051289653024,49.996483858298,36054.284822671
4.2149999999999,5.0520765434311,0.64994135676595,0.049934334008187,1.855184381307,0.010043680260338,49.996486876713,36054.284923146
4.2199999999999,5.0520263440886,0.64994134287725,0.049934326450466,1.8432478119817,0.010036061468784,49.99648989284,36054.285023544
4.2249999999999,5.0519761828631,0.64994132903057,0.049934318928086,1.8313941427098,0.010028433408792,49.996492906677,36054.285123867
4.2299999999999,5.0519260598005,0.64994131522577,0.049934311440914,1.8196227849673,0.0100207962098,49.996495918221,36054.285224113
4.2349999999999,5.0518759749464,0.64994130146272,0.049934303988814,1.8079331544308,0.010013150000256,49.996498927469,36054.285324283
4.2399999999999,5.0518259283453,0.64994128774125,0.049934296571655,1.7963246709467,0.010005494907628,49.996501934419,36054.285424376
4.2449999999999,5.0517759200414,0.64994127406124,0.049934289189301,1.7847967585024,0.0099978310584066,49.996504939068,36054.285524392
4.2499999999999,5.0517259500782,0.64994126042255,0.049934281841622,1.7733488451962,0.0099901585781158,49.996507941413,36054.285624332
4.2549999999999,5.0516760184984,0.64994124682502,0.049934274528484,1.7619803632076,0.0099824775913203,49.996510941452,36054.285724195
4.2599999999999,5.0516261253445,0.64994123326852,0.049934267249756,1.7506907487688,0.0099747882216296,49.996513939183,36054.285823982
4.2649999999999,5.0515762706578,0.64994121975291,0.049934260005306,1.7394794421354,0.0099670905917074,49.996516934602,36054.285923691
4.2699999999999,5.0515264544796,0.64994120627806,0.049934252795004,1.7283458875573,0.0099593848232762,49.996519927707,36054.286023324
4.2749999999999,5.05147667685,0.64994119284381,0.04993424561872,1.717289533251,0.0099516710371279,49.996522918497,36054.286122879
4.2799999999999,5.051426937809,0.64994117945004,0.049934238476324,1.7063098313704,0.0099439493531257,49.996525906967,36054.286222357
4.2849999999999,5.0513772373957,0.6499411660966,0.049934231367686,1.6954062379794,0.009936219890215,49.996528893117,36054.286321758
4.2899999999999,5.0513275756487,0.64994115278336,0.049934224292678,1.6845782130231,0.0099284827664267,49.996531876944,36054.286421081
4.2949999999999,5.051277952606,0.64994113951018,0.04993421725117,1.6738252203009,0.0099207380988866,49.996534858445,36054.286520327
4.2999999999999,5.0512283683051,0.64994112627692,0.049934210243037,1.6631467274383,0.009912986003818,49.996537837619,36054.286619496
4.3049999999999,5.0511788227828,0.64994111308345,0.049934203268148,1.6525422058603,0.0099052265965541,49.996540814463,36054.286718587
4.3099999999999,5.0511293160754,0.64994109992962,0.049934196326379,1.6420111307633,0.0098974599915403,49.996543788974,36054.2868176
4.3149999999999,5.0510798482186,0.64994108681532,0.049934189417602,1.6315529810889,0.0098896863023396,49.996546761151,36054.286916536
4.3199999999999,5.0510304192475,0.6499410737404,0.049934182541691,1.6211672394971,0.0098819056416435,49.996549730992,36054.287015394
4.3249999999999,5.0509810291968,0.64994106070472,0.04993417569852,1.610853392339,0.0098741181212743,49.996552698495,36054.287114174
4.3299999999999,5.0509316781004,0.64994104770816,0.049934168887965,1.6006109296312,0.0098663238521918,49.996555663657,36054.287212876
4.3349999999999,5.0508823659917,0.64994103475057,0.049934162109901,1.5904393450296,0.0098585229445028,49.996558626476,36054.2873115
4.3399999999999,5.0508330929038,0.64994102183183,0.049934155364203,1.5803381358027,0.0098507155074635,49.996561586951,36054.287410047
4.3449999999999,5.050783858869,0.64994100895181,0.049934148650747,1.5703068028067,0.0098429016494869,49.996564545079,36054.287508515
4.3499999999999,5.0507346639192,0.64994099611037,0.049934141969411,1.5603448504589,0.0098350814781491,49.99656750086,36054.287606905
4.3549999999999,5.0506855080856,0.64994098330739,0.049934135320071,1.5504517867131,0.0098272551001966,49.99657045429,36054.287705216
4.3599999999999,5.0506363913989,0.64994097054272,0.049934128702604,1.5406271230339,0.0098194226215499,49.996573405367,36054.28780345
4.3649999999999,5.0505873138896,0.64994095781624,0.04993412211689,1.5308703743716,0.0098115841473121,49.996576354091,36054.287901605
4.3699999999999,5.0505382755872,0.64994094512782,0.049934115562806,1.5211810591375,0.0098037397817702,49.99657930046,36054.287999681
4.3749999999999,5.050489276521,0.64994093247733,0.049934109040231,1.5115586991791,0.0097958896284074,49.996582244471,36054.288097679
4.3799999999999,5.0504403167196,0.64994091986465,0.049934102549044,1.5020028197553,0.0097880337899043,49.996585186122,36054.288195599
4.3849999999999,5.0503913962112,0.64994090728963,0.049934096089125,1.4925129495125,0.0097801723681461,49.996588125413,36054.28829344
4.3899999999999,5.0503425150236,0.64994089475216,0.049934089660355,1.4830886204599,0.0097723054642292,49.996591062342,36054.288391202
4.3949999999999,5.0502936731838,0.64994088225211,0.049934083262614,1.473729367946,0.009764433178463,49.996593996906,36054.288488886
4.3999999999999,5.0502448707184,0.64994086978935,0.049934076895782,1.4644347306343,0.0097565556103816,49.996596929104,36054.288586491
4.4049999999999,5.0501961076538,0.64994085736374,0.049934070559742,1.4552042504797,0.0097486728587459,49.996599858936,36054.288684017
4.4099999999999,5.0501473840155,0.64994084497518,0.049934064254376,1.4460374727051,0.0097407850215484,49.996602786398,36054.288781464
4.4149999999999,5.0500986998288,0.64994083262352,0.049934057979565,1.4369339457781,0.0097328921960235,49.99660571149,36054.288878833
4.4199999999999,5.0500500551183,0.64994082030865,0.049934051735193,1.4278932213876,0.0097249944786439,49.99660863421,36054.288976122
4.4249999999999,5.0500014499082,0.64994080803044,0.049934045521142,1.4189148544211,0.0097170919651367,49.996611554557,36054.289073333
4.4299999999999,5.0499528842224,0.64994079578876,0.049934039337297,1.4099984029415,0.0097091847504826,49.996614472529,36054.289170464
4.4349999999999,5.049904358084,0.64994078358349,0.049934033183541,1.4011434281647,0.009701272928921,49.996617388125,36054.289267516
4.4399999999999,5.0498558715159,0.64994077141451,0.049934027059758,1.3923494944368,0.0096933565939576,49.996620301344,36054.289364489
4.4449999999999,5.0498074245404,0.6499407592817,0.049934020965835,1.3836161692121,0.0096854358383695,49.996623212183,36054.289461383
4.4499999999999,5.0497590171794,0.64994074718492,0.049934014901655,1.3749430230306,0.00967751075421,49.996626120643,36054.289558198
4.4549999999999,5.0497106494543,0.64994073512406,0.049934008867105,1.3663296294959,0.0096695814328142,49.996629026721,36054.289654934
4.4599999999999,5.049662321386,0.649940723099,0.049934002862071,1.3577755652538,0.0096616479648024,49.996631930416,36054.28975159
4.4649999999999,5.0496140329951,0.64994071110962,0.049933996886439,1.3492804099702,0.0096537104400892,49.996634831727,36054.289848166
4.4699999999999,5.0495657843017,0.64994069915578,0.049933990940096,1.3408437463091,0.0096457689478827,49.996637730654,36054.289944664
4.4749999999999,5.0495175753253,0.64994068723738,0.04993398502293,1.3324651599121,0.0096378235766963,49.996640627194,36054.290041082
4.4799999999999,5.0494694060851,0.6499406753543,0.049933979134829,1.3241442393765,0.0096298744143489,49.996643521346,36054.29013742
4.4849999999999,5.0494212765998,0.6499406635064,0.04993397327568,1.3158805762344,0.009621921547971,49.99664641311,36054.290233679
4.4899999999999,5.0493731868879,0.64994065169358,0.049933967445373,1.3076737649318,0.0096139650640122,49.996649302484,36054.290329859
4.4949999999999,5.0493251369671,0.64994063991572,0.049933961643796,1.2995234028077,0.009606005048243,49.996652189467,36054.290425959
4.4999999999999,5.0492771268549,0.64994062817269,0.049933955870838,1.2914290900732,0.0095980415857594,49.996655074059,36054.290521979
4.5049999999999,5.0492291565683,0.64994061646437,0.04993395012639,1.2833904297912,0.009590074760991,49.996657956258,36054.290617919
4.5099999999999,5.0491812261239,0.64994060479066,0.049933944410341,1.2754070278564,0.0095821046577038,49.996660836063,36054.29071378
4.5149999999999,5.0491333355379,0.64994059315143,0.049933938722583,1.2674784929742,0.0095741313590045,49.996663713473,36054.290809561
4.5199999999999,5.049085484826,0.64994058154656,0.049933933063006,1.2596044366418,0.0095661549473475,49.996666588487,36054.290905263
4.5249999999999,5.0490376740037,0.64994056997595,0.049933927431502,1.2517844731269,0.0095581755045362,49.996669461105,36054.291000884
4.5299999999999,5.0489899030859,0.64994055843947,0.049933921827962,1.244018219449,0.0095501931117309,49.996672331325,36054.291096426
4.5349999999999,5.0489421720872,0.649940546937,0.049933916252278,1.2363052953592,0.0095422078494523,49.996675199146,36054.291191888
4.5399999999999,5.0488944810216,0.64994053546844,0.049933910704344,1.2286453233211,0.0095342197975862,49.996678064569,36054.29128727
4.5449999999999,5.048846829903,0.64994052403366,0.049933905184052,1.2210379284908,0.0095262290353877,49.996680927591,36054.291382573
4.5499999999999,5.0487992187446,0.64994051263256,0.049933899691296,1.2134827386982,0.0095182356414854,49.996683788212,36054.291477795
4.5549999999999,5.0487516475595,0.64994050126502,0.049933894225969,1.2059793844279,0.0095102396938871,49.996686646432,36054.291572937
4.5599999999999,5.0487041163602,0.64994048993092,0.049933888787965,1.1985274987997,0.0095022412699842,49.996689502249,36054.291668
4.5649999999999,5.048656625159,0.64994047863015,0.049933883377179,1.1911267175505,0.0094942404465553,49.996692355662,36054.291762982
4.5699999999999,5.0486091739676,0.64994046736261,0.049933877993506,1.1837766790152,0.0094862372997714,49.996695206672,36054.291857885
4.5749999999999,5.0485617627974,0.64994045612817,0.049933872636841,1.1764770241081,0.0094782319052002,49.996698055278,36054.291952707
4.5799999999999,5.0485143916596,0.64994044492672,0.04993386730708,1.1692273963047,0.0094702243378096,49.996700901478,36054.292047449
4.5849999999999,5.0484670605647,0.64994043375816,0.049933862004118,1.162027441623,0.0094622146719732,49.996703745272,36054.292142111
4.5899999999999,5.0484197695232,0.64994042262237,0.049933856727853,1.1548768086062,0.0094542029814742,49.99670658666,36054.292236693
4.5949999999999,5.0483725185448,0.64994041151924,0.049933851478181,1.1477751483035,0.0094461893395099,49.99670942564,36054.292331195
4.5999999999999,5.0483253076393,0.64994040044866,0.049933846254999,1.1407221142532,0.0094381738186935,49.996712262213,36054.292425617
4.6049999999999,5.0482781368159,0.64994038941052,0.049933841058205,1.1337173624644,0.0094301564910641,49.996715096378,36054.292519959
4.6099999999999,5.0482310060833,0.64994037840471,0.049933835887697,1.1267605513994,0.0094221374280845,49.996717928133,36054.29261422
4.6149999999999,5.0481839154501,0.64994036743112,0.049933830743372,1.1198513419565,0.0094141167006501,49.99672075748,36054.292708402
4.6199999999999,5.0481368649244,0.64994035648965,0.04993382562513,1.1129893974519,0.0094060943790886,49.996723584417,36054.292802503
4.6249999999999,5.0480898545141,0.64994034558018,0.04993382053287,1.1061743836035,0.0093980705331695,49.996726408943,36054.292896523
4.6299999999999,5.0480428842266,0.6499403347026,0.049933815466491,1.0994059685126,0.0093900452321045,49.996729231059,36054.292990464
4.6349999999999,5.0479959540689,0.64994032385682,0.049933810425892,1.0926838226478,0.0093820185445505,49.996732050764,36054.293084324
4.6399999999999,5.0479490640479,0.64994031304271,0.049933805410975,1.0860076188275,0.0093739905386171,49.996734868057,36054.293178104
4.6449999999999,5.0479022141699,0.64994030226018,0.049933800421639,1.0793770322033,0.0093659612818673,49.996737682938,36054.293271804
4.6499999999999,5.0478554044411,0.64994029150912,0.049933795457785,1.0727917402436,0.0093579308413261,49.996740495407,36054.293365424
4.6549999999999,5.0478086348673,0.64994028078941,0.049933790519315,1.0662514227166,0.0093498992834791,49.996743305463,36054.293458963
4.6599999999999,5.0477619054537,0.64994027010097,0.04993378560613,1.0597557616743,0.0093418666742792,49.996746113106,36054.293552422
4.6649999999999,5.0477152162056,0.64994025944367,0.049933780718132,1.0533044414357,0.0093338330791494,49.996748918337,36054.2936458
4.6699999999999,5.0476685671277,0.64994024881741,0.049933775855223,1.0468971485711,0.0093257985629877,49.996751721153,36054.293739098
4.6749999999999,5.0476219582244,0.6499402382221,0.049933771017306,1.0405335718858,0.0093177631901712,49.996754521556,36054.293832316
4.6799999999999,5.0475753894999,0.64994022765762,0.049933766204285,1.0342134024042,0.0093097270245578,49.996757319545,36054.293925453
4.6849999999999,5.047528860958,0.64994021712387,0.049933761416061,1.0279363333538,0.0093016901294928,49.996760115119,36054.294018511
4.6899999999999,5.0474823726021,0.64994020662075,0.04993375665254,1.0217020601497,0.0092936525678088,49.996762908279,36054.294111487
4.6949999999999,5.0474359244355,0.64994019614816,0.049933751913624,1.0155102803787,0.0092856144018351,49.996765699024,36054.294204384
4.6999999999999,5.047389516461,0.64994018570599,0.04993374719922,1.009360693784,0.0092775756933954,49.996768487354,36054.2942972
4.7049999999999,5.0473431486811,0.64994017529413,0.04993374250923,1.00325300225,0.0092695365038147,49.99677127327,36054.294389935
4.7099999999999,5.0472968210982,0.6499401649125,0.049933737843561,0.99718690978627,0.0092614968939223,49.99677405677,36054.29448259
4.7149999999999,5.0472505337141,0.64994015456097,0.049933733202117,0.99116212251326,0.0092534569240554,49.996776837855,36054.294575165
4.7199999999999,5.0472042865306,0.64994014423947,0.049933728584805,0.98517834864661,0.0092454166540625,49.996779616524,36054.294667659
4.7249999999999,5.0471580795489,0.64994013394787,0.049933723991531,0.97923529848246,0.009237376143308,49.996782392778,36054.294760073
4.7299999999999,5.0471119127702,0.64994012368609,0.049933719422201,0.97333268438263,0.0092293354506737,49.996785166617,36054.294852407
4.7349999999999,5.0470657861952,0.64994011345402,0.049933714876723,0.96747022075969,0.0092212946345651,49.99678793804,36054.29494466
4.7399999999999,5.0470196998243,0.64994010325156,0.049933710355002,0.96164762406241,0.0092132537529123,49.996790707047,36054.295036833
4.7449999999999,5.0469736536578,0.64994009307861,0.049933705856947,0.95586461276117,0.0092052128631733,49.996793473639,36054.295128925
4.7499999999999,5.0469276476956,0.64994008293507,0.049933701382466,0.95012090733353,0.0091971720223394,49.996796237815,36054.295220937
4.7549999999999,5.0468816819372,0.64994007282085,0.049933696931466,0.94441623025006,0.0091891312869387,49.996798999576,36054.295312869
4.7599999999999,5.0468357563821,0.64994006273584,0.049933692503856,0.93875030595985,0.0091810907130369,49.996801758921,36054.29540472
4.7649999999999,5.0467898710292,0.64994005267995,0.049933688099546,0.93312286087661,0.009173050356244,49.996804515851,36054.29549649
4.7699999999999,5.0467440258773,0.64994004265308,0.049933683718444,0.9275336233644,0.0091650102717147,49.996807270365,36054.295588181
4.7749999999999,5.0466982209249,0.64994003265513,0.049933679360459,0.92198232372386,0.0091569705141517,49.996810022464,36054.295679791
4.7799999999999,5.0466524561704,0.649940022686,0.049933675025502,0.91646869417848,0.0091489311378126,49.996812772148,36054.29577132
4.7849999999999,5.0466067316115,0.6499400127456,0.049933670713483,0.91099246886076,0.00914089219651,49.996815519416,36054.295862769
4.7899999999999,5.0465610472461,0.64994000283383,0.049933666424312,0.9055533837983,0.0091328537436149,49.99681826427,36054.295954138
4.7949999999999,5.0465154030715,0.64993999295059,0.0499336621579,0.90015117690082,0.0091248158320618,49.996821006709,36054.296045426
4.7999999999999,5.0464697990849,0.6499399830958,0.049933657914158,0.8947855879463,0.0091167785143486,49.996823746733,36054.296136634
4.8049999999999,5.0464242352833,0.64993997326934,0.049933653692997,0.88945635856778,0.0091087418425429,49.996826484343,36054.296227762
4.8099999999999,5.0463787116631,0.64993996347114,0.04993364949433,0.88416323224001,0.0091007058682825,49.996829219539,36054.296318809
4.8149999999999,5.046333228221,0.64993995370109,0.049933645318069,0.87890595426651,0.0090926706427829,49.996831952321,36054.296409776
4.8199999999999,5.0462877849528,0.64993994395909,0.049933641164126,0.87368427176636,0.0090846362168344,49.996834682688,36054.296500663
4.8249999999999,5.0462423818547,0.64993993424506,0.049933637032413,0.86849793366114,0.0090766026408104,49.996837410643,36054.296591469
4.8299999999999,5.0461970189221,0.6499399245589,0.049933632922844,0.86334669066257,0.0090685699646685,49.996840136184,36054.296682195
4.8349999999999,5.0461516961504,0.64993991490052,0.049933628835332,0.85823029525887,0.0090605382379516,49.996842859312,36054.29677284
4.8399999999999,5.0461064135348,0.64993990526982,0.049933624769791,0.85314850170274,0.0090525075097932,49.996845580027,36054.296863405
4.8449999999999,5.0460611710702,0.64993989566671,0.049933620726135,0.84810106599859,0.0090444778289213,49.99684829833,36054.29695389
4.8499999999999,5.0460159687512,0.6499398860911,0.049933616704278,0.84308774588999,0.009036449243658,49.996851014221,36054.297044295
4.8549999999999,5.0459708065722,0.6499398765429,0.049933612704135,0.83810830084725,0.0090284218019255,49.996853727701,36054.297134619
4.8599999999999,5.0459256845273,0.64993986702201,0.049933608725621,0.83316249205505,0.0090203955512473,49.996856438768,36054.297224863
4.8649999999999,5.0458806026106,0.64993985752834,0.04993360476865,0.82825008240034,0.0090123705387526,49.996859147425,36054.297315027
4.8699999999999,5.0458355608156,0.6499398480618,0.04993360083314,0.82337083645997,0.0090043468111771,49.996861853671,36054.297405111
4.8749999999999,5.0457905591359,0.64993983862231,0.049933596919005,0.81852452048888,0.0089963244148685,49.996864557507,36054.297495114
4.8799999999999,5.0457455975647,0.64993982920977,0.049933593026161,0.81371090240789,0.0089883033957863,49.996867258933,36054.297585037
4.8849999999999,5.045700676095,0.64993981982408,0.049933589154526,0.80892975179193,0.0089802837995068,49.99686995795,36054.29767488
4.8899999999999,5.0456557947195,0.64993981046517,0.049933585304016,0.80418083985814,0.0089722656712256,49.996872654558,36054.297764643
4.8949999999999,5.0456109534308,0.64993980113293,0.049933581474548,0.79946393945426,0.0089642490557604,49.996875348757,36054.297854326
4.8999999999999,5.0455661522213,0.64993979182729,0.04993357766604,0.794778825047,0.008956233997553,49.996878040548,36054.297943928
4.9049999999999,5.0455213910829,0.64993978254814,0.049933573878408,0.79012527271021,0.0089482205406714,49.996880729931,36054.29803345
4.9099999999999,5.0454766700077,0.64993977329542,0.049933570111572,0.78550306011375,0.0089402087288163,49.996883416908,36054.298122892
4.9149999999999,5.0454319889873,0.64993976406901,0.04993356636545,0.78091196651171,0.0089321986053181,49.996886101477,36054.298212254
4.9199999999999,5.0453873480131,0.64993975486884,0.04993356263996,0.77635177273169,0.0089241902131449,49.996888783641,36054.298301536
4.9249999999999,5.0453427470764,0.64993974569483,0.04993355893502,0.77182226116294,0.0089161835949025,49.996891463399,36054.298390738
4.9299999999999,5.0452981861682,0.64993973654687,0.049933555250551,0.7673232157455,0.0089081787928359,49.996894140752,36054.29847986
4.9349999999999,5.0452536652793,0.64993972742489,0.049933551586472,0.7628544219591,0.0089001758488351,49.996896815701,36054.298568902
4.9399999999999,5.0452091844003,0.64993971832879,0.049933547942703,0.75841566681221,0.0088921748044352,49.996899488245,36054.298657864
4.9449999999999,5.0451647435217,0.6499397092585,0.049933544319163,0.75400673883091,0.0088841757008196,49.996902158387,36054.298746745
4.9499999999999,5.0451203426335,0.64993970021392,0.049933540715773,0.74962742804845,0.0088761785788239,49.996904826125,36054.298835547
4.9549999999999,5.0450759817259,0.64993969119497,0.049933537132453,0.74527752599399,0.008868183478936,49.996907491462,36054.298924269
4.9599999999999,5.0450316607885,0.64993968220157,0.049933533569126,0.74095682568244,0.0088601904413018,49.996910154397,36054.299012911
4.9649999999999,5.0449873798111,0.64993967323362,0.049933530025711,0.73666512160336,0.0088521995057237,49.996912814931,36054.299101473
4.9699999999999,5.0449431387829,0.64993966429104,0.04993352650213,0.73240220971076,0.0088442107116665,49.996915473064,36054.299189955
4.9749999999999,5.0448989376931,0.64993965537376,0.049933522998306,0.72816788741251,0.0088362240982591,49.996918128798,36054.299278357
4.9799999999999,5.0448547765309,0.64993964648168,0.049933519514161,0.72396195355993,0.008828239704295,49.996920782134,36054.299366679
4.9849999999999,5.0448106552849,0.64993963761471,0.049933516049616,0.71978420843766,0.008820257568238,49.99692343307,36054.299454922
4.9899999999999,5.0447665739438,0.64993962877279,0.049933512604594,0.71563445375321,0.0088122777282217,49.99692608161,36054.299543085
4.9949999999999,5.044722532496,0.64993961995582,0.049933509179019,0.71151249262699,0.008804300222054,49.996928727752,36054.299631167
4.9999999999999,5.0446785309298,0.64993961116371,0.049933505772813,0.70741812958195,0.0087963250872178,49.996931371498,36054.299719171
