time,aq_si,fluid_min,phi_min,power,rate,solid_mass,water
0,4.9998997147745,0.65,0.05,1452.0104038992,-0.22314342466452,50,36054.368284136
0.005,5.000990674812,0.64999982352468,0.04999953193082,1408.379271298,-0.21819200751129,49.999934451848,36054.366102216
0.01,5.002066160586,0.64999964724671,0.049999072945309,1368.3790509927,-0.21354972842943,49.999869833436,36054.363951245
0.015,5.0031219811271,0.64999947123207,0.049998624949874,1331.6803910994,-0.20919758494255,49.999806396571,36054.361839604
0.02,5.0041575869352,0.64999929550295,0.049998187682479,1297.8046043379,-0.20509968831701,49.999744174267,36054.359768392
0.025,5.0051735309039,0.64999912006697,0.049997760350892,1266.3290817415,-0.20122260978803,49.999683133305,36054.357736504
0.03,5.0061706410792,0.64999894492686,0.049997342128888,1236.9133044677,-0.19753865573844,49.999623223935,36054.355742284
0.035,5.0071497623641,0.64999877008376,0.049996932282112,1209.286457926,-0.19402536793808,49.999564395391,36054.353784041
0.04,5.0081116842309,0.64999859553824,0.049996530182604,1183.2311655362,-0.19066443153886,49.999506600239,36054.351860197
0.045,5.0090571272345,0.64999842129071,0.049996135295014,1158.5703084483,-0.18744071441378,49.999449795187,36054.349969311
0.05,5.0099867466929,0.64999824734151,0.049995747159183,1135.1573498033,-0.18434153714019,49.999393940861,36054.348110072
0.055,5.0109011403004,0.64999807369098,0.049995365375241,1112.8693617773,-0.18135613642421,49.99933900135,36054.346281285
0.06,5.0118008557366,0.64999790033943,0.049994989591986,1091.6019617944,-0.17847527011257,49.999284943748,36054.344481854
0.065,5.0126863972903,0.64999772728719,0.049994619498024,1071.2655744714,-0.17569092248705,49.999231737754,36054.342710771
0.07,5.0135582314104,0.64999755453457,0.049994254814957,1051.7826210905,-0.17299608064195,49.999179355345,36054.340967103
0.075,5.0144167913234,0.64999738208191,0.049993895292109,1033.0853686956,-0.17038456191337,49.99912777049,36054.339249983
0.08,5.0152624808898,0.64999720992951,0.049993540702346,1015.1142571585,-0.1678508786057,49.999076958923,36054.337558604
0.085,5.0160956778468,0.64999703807772,0.049993190838737,997.81657902489,-0.16539013044861,49.999026897951,36054.33589221
0.09,5.0169167365591,0.64999686652685,0.049992845511839,981.14542422858,-0.16299791801617,49.99897756628,36054.334250093
0.095,5.0177259903707,0.64999669527723,0.049992504547466,965.05882677471,-0.16067027223317,49.998928943883,36054.332631585
0.1,5.0185237536292,0.64999652432919,0.049992167784833,949.51906758848,-0.15840359639788,49.998881011873,36054.331036059
0.105,5.0193103234423,0.64999635368307,0.049991835074999,934.4920996368,-0.15619461806337,49.998833752399,36054.329462919
0.11,5.0200859812092,0.64999618333919,0.049991506279553,919.94706987295,-0.1540403487711,49.998787148554,36054.327911603
0.115,5.0208509939652,0.6499960132979,0.049991181269488,905.85591864086,-0.1519380501019,49.998741184292,36054.326381578
0.12,5.0216056155667,0.64999584355951,0.049990859924237,892.19304162764,-0.14988520485654,49.998695844363,36054.324872335
0.125,5.022350087742,0.64999567412438,0.049990542130844,878.93500275603,-0.14787949243629,49.998651114241,36054.32338339
0.13,5.023084641026,0.64999550499284,0.049990227783233,866.06028888863,-0.14591876768906,49.998606980076,36054.321914284
0.135,5.0238094955962,0.64999533616522,0.049989916781581,853.54909909974,-0.14400104263547,49.998563428639,36054.320464575
0.14,5.0245248620216,0.64999516764187,0.049989609031761,841.38316271752,-0.14212447060385,49.998520447278,36054.319033842
0.145,5.025230941938,0.64999499942314,0.049989304444848,829.54558145995,-0.14028733239271,49.998478023878,36054.317621682
0.15,5.0259279286573,0.64999483150936,0.049989002936691,818.02069186512,-0.13848802414901,49.998436146825,36054.316227708
0.155,5.0266160077194,0.64999466390088,0.049988704427524,806.79394490781,-0.13672504670662,49.998394804971,36054.31485155
0.16,5.0272953573941,0.64999449659806,0.049988408841619,795.85180024397,-0.13499699617304,49.998353987605,36054.313492851
0.165,5.0279661491376,0.64999432960123,0.049988116106982,785.18163296436,-0.13330255558884,49.998313684424,36054.312151268
0.17,5.0286285480104,0.64999416291075,0.049987826155073,774.77165109345,-0.13164048751237,49.998273885513,36054.31082647
0.175,5.0292827130594,0.64999399652697,0.049987538920557,764.61082235695,-0.13000962740628,49.998234581314,36054.30951814
0.18,5.0299287976681,0.64999383045024,0.049987254341077,754.68880897598,-0.12840887772138,49.998195762613,36054.30822597
0.185,5.0305669498797,0.64999366468093,0.04998697235705,744.99590943842,-0.12683720258924,49.998157420513,36054.306949666
0.19,5.0311973126937,0.64999349921938,0.049986692911483,735.52300635661,-0.12529362304804,49.998119546424,36054.30568894
0.195,5.0318200243408,0.64999333406595,0.0499864159498,726.2615196523,-0.1237772127371,49.99808213204,36054.304443517
0.2,5.0324352185365,0.64999316922102,0.049986141419687,717.2033644191,-0.12228709400457,49.998045169327,36054.303213129
0.205,5.0330430247164,0.64999300468493,0.049985869270957,708.3409129047,-0.1208224343805,49.998008650509,36054.301997516
0.21,5.0336435682542,0.64999284045805,0.049985599455412,699.66696013193,-0.11938244337396,49.997972568051,36054.300796429
0.215,5.0342369706654,0.64999267654075,0.049985331926728,691.17469274276,-0.11796636955815,49.997936914654,36054.299609624
0.22,5.0348233497955,0.64999251293339,0.049985066640346,682.85766070453,-0.11657349791244,49.997901683237,36054.298436866
0.225,5.0354028199968,0.64999234963635,0.049984803553368,674.70975156434,-0.1152031473938,49.997866866929,36054.297277926
0.23,5.035975492293,0.64999218665,0.049984542624466,666.72516697747,-0.11385466871394,49.997832459059,36054.296132581
0.235,5.0365414745327,0.6499920239747,0.049984283813796,658.89840127002,-0.11252744230092,49.997798453148,36054.295000617
0.24,5.037100871534,0.64999186161083,0.049984027082913,651.22422182502,-0.11122087642691,49.997764842898,36054.293881823
0.245,5.0376537852194,0.64999169955876,0.049983772394703,643.69765110686,-0.10993440548562,49.997731622185,36054.292775995
0.25,5.0382003147426,0.64999153781889,0.049983519713311,636.31395016043,-0.10866748840505,49.997698785052,36054.291682936
0.255,5.0387405566076,0.64999137639157,0.049983269004075,629.06860344053,-0.10741960718264,49.9976663257,36054.290602453
0.26,5.039274604781,0.64999121527721,0.04998302023347,621.95730484323,-0.10619026553144,49.997634238484,36054.289534356
0.265,5.0398025507976,0.64999105447617,0.049982773369047,614.97594482562,-0.10497898762719,49.997602517903,36054.288478464
0.27,5.0403244838596,0.64999089398884,0.049982528379388,608.12059851241,-0.10378531694713,49.997571158599,36054.287434598
0.275,5.0408404909309,0.64999073381561,0.049982285234048,601.38751469913,-0.10260881519245,49.997540155346,36054.286402584
0.28,5.0413506568256,0.64999057395687,0.049982043903517,594.7731056711,-0.1014490612872,49.997509503049,36054.285382252
0.285,5.041855064292,0.64999041441301,0.049981804359173,588.27393776591,-0.10030565044694,49.997479196735,36054.284373437
0.29,5.0423537940919,0.64999025518441,0.049981566573242,581.88672261443,-0.099178193311321,49.997449231552,36054.283375978
0.295,5.0428469250756,0.64999009627147,0.049981330518763,575.60830900209,-0.098066315135408,49.997419602763,36054.282389716
0.3,5.0433345342536,0.64998993767458,0.049981096169547,569.43567529796,-0.096969655034717,49.997390305741,36054.281414497
0.305,5.0438166968639,0.64998977939415,0.04998086350015,563.3659224042,-0.095887865279835,49.997361335965,36054.280450172
0.31,5.0442934864361,0.64998962143056,0.049980632485835,557.39626718321,-0.094820610636597,49.997332689017,36054.279496593
0.315,5.0447649748527,0.64998946378421,0.049980403102549,551.52403632374,-0.093767567748283,49.997304360579,36054.278553616
0.32,5.0452312324067,0.64998930645551,0.049980175326886,545.7466606109,-0.092728424556598,49.997276346426,36054.277621101
0.325,5.0456923278573,0.64998914944485,0.049979949136071,540.06166956844,-0.09170287975849,49.997248642428,36054.27669891
0.33,5.0461483284818,0.64998899275264,0.049979724507925,534.4666864441,-0.090690642296127,49.997221244543,36054.275786909
0.335,5.0465993001262,0.64998883637927,0.049979501420848,528.95942351202,-0.089691430877569,49.997194148813,36054.274884966
0.34,5.0470453072528,0.64998868032516,0.049979279853794,523.53767766821,-0.088704973525921,49.997167351367,36054.273992951
0.345,5.0474864129855,0.6499885245907,0.049979059786249,518.19932629706,-0.087731007154909,49.997140848411,36054.27311074
0.35,5.0479226791536,0.6499883691763,0.04997884119821,512.94232338914,-0.086769277168997,49.997114636231,36054.272238207
0.355,5.0483541663333,0.64998821408237,0.049978624070171,507.76469589196,-0.085819537086347,49.997088711187,36054.271375233
0.36,5.0487809338871,0.6499880593093,0.049978408383097,502.66454027696,-0.084881548183028,49.997063069712,36054.270521698
0.365,5.0492030400022,0.64998790485752,0.049978194118413,497.64001930742,-0.08395507915703,49.99703770831,36054.269677486
0.37,5.0496205417266,0.64998775072742,0.049977981257983,492.68935899323,-0.08303990581075,49.997012623554,36054.268842482
0.375,5.0500334950039,0.6499875969194,0.049977769784099,487.81084571971,-0.082135810750713,49.996987812082,36054.268016576
0.38,5.0504419547067,0.64998744343389,0.04997755967946,483.00282353836,-0.081242583103413,49.996963270598,36054.267199656
0.385,5.0508459746685,0.64998729027127,0.049977350927163,478.2636916089,-0.080360018246209,49.996938995867,36054.266391616
0.39,5.0512456077142,0.64998713743196,0.049977143510687,473.59190178223,-0.079487917552313,49.996914984715,36054.26559235
0.395,5.05164090569,0.64998698491637,0.049976937413881,468.98595631527,-0.07862608814899,49.996891234026,36054.264801754
0.4,5.0520319194909,0.64998683272489,0.04997673262095,464.44440570895,-0.077774342688125,49.996867740744,36054.264019727
0.405,5.0524186990882,0.64998668085793,0.049976529116444,459.96584666135,-0.076932499128404,49.996844501865,36054.263246168
0.41,5.0528012935558,0.64998652931589,0.049976326885248,455.5489201289,-0.076100380528384,49.996821514442,36054.262480979
0.415,5.0531797510945,0.64998637809917,0.049976125912568,451.19230948851,-0.075277814849807,49.996798775578,36054.261724064
0.42,5.0535541190566,0.64998622720817,0.049975926183924,446.89473879464,-0.07446463477054,49.996776282428,36054.260975328
0.425,5.053924443969,0.6499860766433,0.049975727685139,442.65497112523,-0.073660677506556,49.996754032196,36054.260234678
0.43,5.0542907715553,0.64998592640493,0.049975530402329,438.47180701118,-0.072865784642453,49.996732022135,36054.259502023
0.435,5.0546531467573,0.64998577649348,0.049975334321893,434.34408294438,-0.072079801969991,49.996710249546,36054.258777272
0.44,5.0550116137557,0.64998562690932,0.049975139430505,430.2706699594,-0.071302579334205,49.996688711774,36054.258060338
0.445,5.0553662159902,0.64998547765286,0.049974945715109,426.25047228478,-0.070533970486652,49.996667406207,36054.257351134
0.45,5.0557169961781,0.64998532872447,0.049974753162904,422.28242605954,-0.069773832945396,49.996646330281,36054.256649573
0.455,5.0560639963336,0.64998518012454,0.049974561761344,418.36549811142,-0.069022027861359,49.996625481471,36054.255955573
0.46,5.0564072577851,0.64998503185345,0.049974371498124,414.498684793,-0.06827841989068,49.996604857293,36054.25526905
0.465,5.0567468211925,0.64998488391158,0.049974182361176,410.68101087278,-0.067542877072767,49.996584455305,36054.254589923
0.47,5.057082726564,0.6499847362993,0.049973994338664,406.91152847774,-0.066815270713719,49.996564273103,36054.253918113
0.475,5.0574150132721,0.64998458901699,0.049973807418974,403.18931608487,-0.066095475274846,49.99654430832,36054.253253539
0.48,5.057743720069,0.649984442065,0.049973621590707,399.51347755868,-0.065383368266005,49.99652455863,36054.252596126
0.485,5.0580688851018,0.64998429544371,0.049973436842679,395.88314123235,-0.064678830143512,49.996505021739,36054.251945796
0.49,5.0583905459268,0.64998414915348,0.049973253163908,392.29745903014,-0.063981744212382,49.996485695392,36054.251302474
0.495,5.0587087395236,0.64998400319465,0.049973070543612,388.75560562878,-0.063291996532675,49.996466577366,36054.250666087
0.5,5.0590235023086,0.64998385756757,0.049972888971204,385.2567776558,-0.062609475829757,49.996447665474,36054.250036561
0.505,5.0593348701483,0.6499837122726,0.049972708436284,381.80019292287,-0.061934073408245,49.99642895756,36054.249413825
0.51,5.0596428783718,0.64998356731008,0.049972528928638,378.38508969238,-0.061265683069485,49.996410451502,36054.248797809
0.515,5.059947561783,0.64998342268033,0.049972350438228,375.01072597534,-0.060604201032368,49.996392145208,36054.248188442
0.52,5.060248954673,0.64998327838369,0.049972172955193,371.67637885926,-0.059949525857332,49.996374036619,36054.247585656
0.525,5.0605470908308,0.64998313442048,0.04997199646984,368.38134386431,-0.059301558373379,49.996356123704,36054.246989384
0.53,5.0608420035555,0.64998299079103,0.049971820972641,365.12493432638,-0.058660201607985,49.996338404463,36054.246399559
0.535,5.0611337256661,0.64998284749564,0.04997164645423,361.9064808057,-0.058025360719739,49.996320876924,36054.245816114
0.54,5.0614222895128,0.64998270453463,0.049971472905397,358.72533051976,-0.057396942933607,49.996303539142,36054.245238987
0.545,5.0617077269866,0.64998256190829,0.049971300317086,355.58084679936,-0.056774857478674,49.996286389202,36054.244668112
0.55,5.0619900695296,0.64998241961692,0.049971128680389,352.47240856662,-0.05615901552827,49.996269425215,36054.244103427
0.555,5.0622693481444,0.64998227766081,0.049970957986545,349.39940983386,-0.055549330142352,49.996252645318,36054.243544869
0.56,5.0625455934034,0.64998213604024,0.049970788226933,346.36125922252,-0.05494571621205,49.996236047674,36054.242992379
0.565,5.0628188354578,0.64998199475548,0.049970619393073,343.35737950091,-0.054348090406277,49.996219630472,36054.242445895
0.57,5.0630891040463,0.64998185380681,0.049970451476616,340.38720714015,-0.053756371120307,49.996203391924,36054.241905358
0.575,5.0633564285039,0.64998171319449,0.04997028446935,337.45019188725,-0.053170478426232,49.996187330269,36054.241370709
0.58,5.0636208377698,0.64998157291877,0.049970118363189,334.54579635475,-0.052590334025225,49.996171443767,36054.24084189
0.585,5.0638823603958,0.64998143297989,0.049969953150172,331.67349562589,-0.052015861201514,49.996155730703,36054.240318845
0.59,5.0641410245537,0.6499812933781,0.049969788822463,328.83277687487,-0.051446984778008,49.996140189384,36054.239801517
0.595,5.0643968580433,0.64998115411363,0.049969625372344,326.02313900132,-0.050883631073486,49.996124818141,36054.23928985
0.6,5.0646498882993,0.6499810151867,0.049969462792216,323.24409227847,-0.05032572786131,49.996109615324,36054.238783789
0.605,5.0649001423991,0.64998087659753,0.049969301074594,320.49515801429,-0.049773204329559,49.996094579307,36054.238283281
0.61,5.0651476470692,0.64998073834633,0.049969140212103,317.77586822518,-0.049225991042558,49.996079708484,36054.237788272
0.615,5.0653924286922,0.6499806004333,0.049968980197482,315.08576532151,-0.04868401990373,49.99606500127,36054.237298708
0.62,5.0656345133137,0.64998046285863,0.049968821023572,312.42440180453,-0.048147224119706,49.996050456099,36054.236814539
0.625,5.065873926648,0.64998032562251,0.049968662683321,309.79133997432,-0.047615538165664,49.996036071428,36054.236335712
0.63,5.0661106940853,0.64998018872512,0.049968505169781,307.18615164797,-0.047088897751825,49.99602184573,36054.235862178
0.635,5.066344840697,0.64998005216661,0.049968348476101,304.60841788794,-0.046567239791071,49.996007777499,36054.235393884
0.64,5.0665763912422,0.64997991594716,0.049968192595529,302.05772873986,-0.046050502367638,49.995993865248,36054.234930783
0.645,5.0668053701729,0.6499797800669,0.049968037521411,299.53368297959,-0.045538624706839,49.995980107507,36054.234472825
0.65,5.0670318016403,0.64997964452599,0.049967883247185,297.03588786897,-0.045031547145775,49.995966502825,36054.234019962
0.655,5.0672557094998,0.64997950932456,0.049967729766379,294.56395892003,-0.044529211105,49.995953049769,36054.233572147
0.66,5.0674771173165,0.64997937446274,0.049967577072615,292.11751966735,-0.044031559061095,49.995939746923,36054.233129331
0.665,5.0676960483704,0.64997923994063,0.049967425159601,289.69620144801,-0.043538534520127,49.995926592889,36054.232691469
0.67,5.0679125256617,0.64997910575835,0.049967274021131,287.2996431891,-0.043050081991944,49.995913586283,36054.232258514
0.675,5.0681265719154,0.649978971916,0.049967123651083,284.92749120232,-0.042566146965292,49.995900725742,36054.231830422
0.68,5.0683382095862,0.64997883841367,0.049966974043419,282.57939898541,-0.042086675883696,49.995888009916,36054.231407147
0.685,5.0685474608636,0.64997870525143,0.049966825192182,280.25502703014,-0.041611616122119,49.995875437472,36054.230988644
0.69,5.0687543476759,0.64997857242936,0.049966677091494,277.95404263671,-0.041140915964313,49.995863007091,36054.23057487
0.695,5.0689588916953,0.64997843994752,0.049966529735555,275.67611973407,-0.040674524580892,49.995850717473,36054.230165782
0.7,5.0691611143418,0.64997830780596,0.049966383118641,273.4209387062,-0.040212392008062,49.99583856733,36054.229761337
0.705,5.0693610367877,0.64997817600474,0.049966237235104,271.18818622396,-0.039754469127,49.995826555389,36054.229361492
0.71,5.0695586799618,0.64997804454388,0.049966092079367,268.97755508227,-0.039300707643856,49.995814680395,36054.228966206
0.715,5.0697540645534,0.64997791342342,0.049965947645927,266.78874404254,-0.038851060070353,49.995802941102,36054.228575437
0.72,5.0699472110163,0.64997778264336,0.04996580392935,264.62145768011,-0.038405479704968,49.995791336283,36054.228189144
0.725,5.0701381395726,0.64997765220373,0.049965660924274,262.4754062364,-0.037963920614667,49.995779864723,36054.227807287
0.73,5.0703268702168,0.6499775221045,0.049965518625402,260.35030547578,-0.037526337617181,49.99576852522,36054.227429825
0.735,5.0705134227191,0.64997739234569,0.049965377027505,258.2458765468,-0.037092686263795,49.995757316586,36054.22705672
0.74,5.0706978166293,0.64997726292726,0.049965236125417,256.16184584779,-0.036662922822645,49.995746237646,36054.226687933
0.745,5.0708800712802,0.64997713384919,0.04996509591404,254.09794489652,-0.036237004262492,49.99573528724,36054.226323423
0.75,5.0710602057913,0.64997700511145,0.049964956388336,252.05391020388,-0.035814888236963,49.995724464218,36054.225963154
0.755,5.0712382390719,0.64997687671397,0.04996481754333,250.02948315137,-0.035396533069243,49.995713767445,36054.225607088
0.76,5.0714141898245,0.64997674865672,0.049964679374107,248.0244098723,-0.034981897737205,49.995703195796,36054.225255186
0.765,5.0715880765483,0.64997662093962,0.049964541875812,246.03844113652,-0.034570941858953,49.99569274816,36054.224907413
0.77,5.0717599175418,0.6499764935626,0.049964405043647,244.07133223865,-0.034163625678774,49.995682423437,36054.224563731
0.775,5.0719297309065,0.64997636652558,0.049964268872874,242.12284288954,-0.033759910053483,49.995672220541,36054.224224104
0.78,5.0720975345495,0.64997623982846,0.04996413335881,240.19273711103,-0.033359756439149,49.995662138394,36054.223888497
0.785,5.0722633461868,0.64997611347115,0.049963998496826,238.28078313366,-0.032963126878177,49.995652175934,36054.223556873
0.79,5.0724271833458,0.64997598745353,0.049963864282349,236.38675329753,-0.032569983986759,49.995642332106,36054.223229199
0.795,5.0725890633686,0.64997586177549,0.04996373071086,234.51042395585,-0.032180290942657,49.995632605868,36054.222905439
0.8,5.0727490034145,0.64997573643689,0.049963597777891,232.65157538143,-0.03179401147332,49.995622996191,36054.222585559
0.805,5.0729070204626,0.6499756114376,0.049963465479026,230.80999167574,-0.031411109844321,49.995613502052,36054.222269525
0.81,5.0730631313148,0.64997548677748,0.049963333809899,228.98546068063,-0.03103155084811,49.995604122444,36054.221957303
0.815,5.0732173525982,0.64997536245636,0.049963202766196,227.17777389248,-0.030655299793058,49.995594856367,36054.221648861
0.82,5.0733697007676,0.6499752384741,0.04996307234365,225.38672637889,-0.0302823224928,49.995585702832,36054.221344164
0.825,5.0735201921083,0.6499751148305,0.049962942538043,223.61211669755,-0.029912585255851,49.99557666086,36054.221043182
0.83,5.0736688427381,0.64997499152541,0.049962813345203,221.85374681752,-0.029546054875508,49.995567729485,36054.22074588
0.835,5.0738156686118,0.64997486855861,0.049962684761006,220.11142204185,-0.029182698619528,49.995558907746,36054.220452229
0.84,5.0739606855189,0.64997474592993,0.049962556781374,218.38495093514,-0.028822484221816,49.995550194695,36054.220162195
0.845,5.0741039090891,0.64997462363915,0.049962429402273,216.67414524944,-0.028465379872067,49.995541589393,36054.219875748
0.85,5.0742453547949,0.64997450168605,0.049962302619712,214.97881985407,-0.028111354206817,49.995533090911,36054.219592856
0.855,5.0743850379528,0.64997438007042,0.049962176429747,213.2987926671,-0.027760376300621,49.995524698328,36054.21931349
0.86,5.0745229737258,0.64997425879202,0.049962050828474,211.63388458875,-0.027412415657435,49.995516410733,36054.219037618
0.865,5.0746591771257,0.64997413785061,0.049961925812032,209.98391943643,-0.027067442202197,49.995508227225,36054.218765211
0.87,5.0747936630148,0.64997401724595,0.049961801376601,208.34872388166,-0.02672542627262,49.995500146909,36054.21849624
0.875,5.074926446108,0.64997389697778,0.049961677518402,206.72812738854,-0.026386338611192,49.995492168903,36054.218230673
0.88,5.075057540975,0.64997377704583,0.049961554233697,205.12196215391,-0.026050150357372,49.99548429233,36054.217968484
0.885,5.0751869620423,0.64997365744984,0.049961431518786,203.53006304912,-0.025716833039982,49.995476516324,36054.217709642
0.89,5.0753147235947,0.64997353818952,0.049961309370009,201.95226756325,-0.025386358569783,49.995468840027,36054.217454118
0.895,5.0754408397776,0.64997341926458,0.049961187783744,200.38841574787,-0.02505869923224,49.995461262588,36054.217201886
0.9,5.0755653245988,0.64997330067474,0.049961066756406,198.83835016322,-0.024733827680457,49.995453783167,36054.216952916
0.905,5.0756881919303,0.64997318241968,0.049960946284448,197.30191582579,-0.024411716928291,49.995446400929,36054.216707182
0.91,5.0758094555099,0.6499730644991,0.049960826364358,195.77896015723,-0.024092340343625,49.995439115049,36054.216464655
0.915,5.0759291289432,0.64997294691267,0.049960706992662,194.26933293457,-0.02377567164181,49.995431924711,36054.216225308
0.92,5.0760472257051,0.64997282966008,0.04996058816592,192.77288624177,-0.023461684879264,49.995424829103,36054.215989114
0.925,5.0761637591418,0.64997271274098,0.049960469880727,191.28947442239,-0.023150354447215,49.995417827425,36054.215756047
0.93,5.0762787424721,0.64997259615504,0.049960352133712,189.81895403357,-0.022841655065607,49.995410918881,36054.215526081
0.935,5.0763921887893,0.64997247990191,0.049960234921539,188.36118380106,-0.022535561777138,49.995404102686,36054.215299188
0.94,5.0765041110626,0.64997236398123,0.049960118240904,186.91602457551,-0.022232049941445,49.995397378061,36054.215075343
0.945,5.076614522139,0.64997224839264,0.049960002088537,185.48333928967,-0.021931095229422,49.995390744232,36054.214854521
0.95,5.0767234347443,0.64997213313577,0.0499598864612,184.06299291686,-0.021632673617674,49.995384200436,36054.214636696
0.955,5.076830861485,0.64997201821025,0.049959771355684,182.65485243026,-0.021336761383096,49.995377745915,36054.214421843
0.96,5.07693681485,0.64997190361568,0.049959656768816,181.25878676336,-0.021043335097577,49.995371379919,36054.214209936
0.965,5.0770413072115,0.64997178935169,0.049959542697452,179.87466677132,-0.020752371622835,49.995365101705,36054.214000951
0.97,5.0771443508266,0.64997167541787,0.049959429138476,178.50236519323,-0.020463848105354,49.995358910535,36054.213794864
0.975,5.0772459578393,0.64997156181382,0.049959316088806,177.14175661535,-0.020177741971452,49.995352805681,36054.21359165
0.98,5.0773461402809,0.64997144853912,0.049959203545387,175.79271743523,-0.019894030922452,49.99534678642,36054.213391285
0.985,5.0774449100721,0.64997133559337,0.049959091505194,174.45512582662,-0.019612692929966,49.995340852035,36054.213193745
0.99,5.0775422790243,0.64997122297613,0.049958979965231,173.12886170535,-0.019333706231281,49.995335001816,36054.212999007
0.995,5.0776382588404,0.64997111068699,0.049958868922529,171.81380669591,-0.019057049324852,49.995329235061,36054.212807048
1,5.0777328611165,0.64997099872549,0.049958758374148,170.50984409884,-0.018782700965896,49.995323551072,36054.212617843
1.005,5.0778260973433,0.64997088709121,0.049958648317176,169.21685885899,-0.018510640162079,49.99531794916,36054.212431371
1.01,5.077917978907,0.64997077578369,0.049958538748728,167.93473753437,-0.018240846169305,49.99531242864,36054.212247608
1.015,5.0780085170908,0.64997066480247,0.049958429665943,166.66336826587,-0.017973298487588,49.995306988835,36054.212066531
1.02,5.0780977230757,0.6499705541471,0.049958321065991,165.4026407476,-0.017707976857027,49.995301629071,36054.211888119
1.025,5.0781856079424,0.64997044381712,0.049958212946065,164.15244619799,-0.017444861253857,49.995296348685,36054.21171235
1.03,5.0782721826717,0.64997033381204,0.049958105303384,162.91267733144,-0.01718393188659,49.995291147016,36054.2115392
1.035,5.0783574581463,0.64997022413139,0.049957998135193,161.6832283308,-0.016925169192246,49.995286023409,36054.211368649
1.04,5.0784414451513,0.64997011477469,0.049957891438762,160.4639948203,-0.016668553832651,49.995280977218,36054.211200675
1.045,5.0785241543761,0.64997000574144,0.049957785211384,159.25487383924,-0.016414066690825,49.9952760078,36054.211035257
1.05,5.0786055964147,0.64996989703116,0.04995767945038,158.05576381621,-0.016161688867448,49.995271114518,36054.210872373
1.055,5.0786857817672,0.64996978864335,0.04995757415309,156.86656454387,-0.015911401677388,49.995266296742,36054.210712002
1.06,5.0787647208409,0.64996968057749,0.049957469316881,155.6871771544,-0.015663186646323,49.995261553845,36054.210554124
1.065,5.0788424239513,0.64996957283308,0.049957364939144,154.51750409539,-0.015417025507409,49.995256885209,36054.210398718
1.07,5.0789189013227,0.6499694654096,0.04995726101729,153.35744910633,-0.015172900198042,49.99525229022,36054.210245763
1.075,5.0789941630901,0.64996935830654,0.049957157548755,152.20691719565,-0.01493079285667,49.995247768267,36054.210095239
1.08,5.0790682192993,0.64996925152336,0.049957054530997,151.06581461818,-0.014690685819682,49.995243318748,36054.209947127
1.085,5.0791410799085,0.64996914505954,0.049956951961495,149.93404885319,-0.014452561618353,49.995238941064,36054.209801406
1.09,5.0792127547888,0.64996903891453,0.049956849837752,148.81152858292,-0.014216402975857,49.995234634622,36054.209658056
1.095,5.0792832537255,0.64996893308781,0.04995674815729,147.69816367149,-0.01398219280434,49.995230398834,36054.209517058
1.1,5.0793525864191,0.64996882757882,0.049956646917654,146.59386514438,-0.013749914202053,49.995226233118,36054.209378393
1.105,5.0794207624857,0.64996872238702,0.049956546116411,145.49854516829,-0.013519550450542,49.995222136896,36054.209242041
1.11,5.0794877914586,0.64996861751184,0.049956445751145,144.41211703144,-0.013291085011896,49.995218109594,36054.209107983
1.115,5.0795536827886,0.64996851295274,0.049956345819465,143.33449512436,-0.013064501526049,49.995214150645,36054.2089762
1.12,5.0796184458452,0.64996840870915,0.049956246318996,142.26559492099,-0.012839783808137,49.995210259487,36054.208846674
1.125,5.0796820899175,0.6499683047805,0.049956147247387,141.2053329603,-0.012616915845907,49.99520643556,36054.208719386
1.13,5.0797446242148,0.64996820116622,0.049956048602303,140.15362682819,-0.012395881797179,49.995202678312,36054.208594317
1.135,5.0798060578678,0.64996809786574,0.049955950381432,139.11039513986,-0.012176665987359,49.995198987194,36054.20847145
1.14,5.079866399929,0.64996799487846,0.049955852582477,138.07555752252,-0.011959252906992,49.995195361662,36054.208350766
1.145,5.079925659374,0.64996789220382,0.049955755203164,137.0490345985,-0.011743627209378,49.995191801176,36054.208232247
1.15,5.0799838451019,0.64996778984123,0.049955658241236,136.0307479686,-0.011529773708223,49.995188305203,36054.208115875
1.155,5.0800409659363,0.64996768779008,0.049955561694455,135.02062019599,-0.011317677375339,49.995184873212,36054.208001634
1.16,5.0800970306261,0.64996758604979,0.0499554655606,134.01857479023,-0.011107323338388,49.995181504678,36054.207889504
1.165,5.0801520478461,0.64996748461975,0.049955369837469,133.02453619179,-0.010898696878671,49.995178199078,36054.20777947
1.17,5.0802060261981,0.64996738349937,0.049955274522878,132.0384297568,-0.010691783428958,49.995174955897,36054.207671513
1.175,5.0802589742111,0.64996728268803,0.04995517961466,131.06018174213,-0.010486568571361,49.995171774621,36054.207565617
1.18,5.0803109003427,0.64996718218513,0.049955085110668,130.08971929081,-0.010283038035244,49.995168654744,36054.207461765
1.185,5.0803618129794,0.64996708199005,0.049954991008767,129.12697041772,-0.010081177695175,49.99516559576,36054.207359939
1.19,5.0804117204373,0.64996698210218,0.049954897306844,128.17186399558,-0.0098809735689192,49.99516259717,36054.207260125
1.195,5.0804606309632,0.64996688252089,0.049954804002801,127.22432974119,-0.009682411815462,49.995159658479,36054.207162303
1.2,5.0805085527347,0.64996678324557,0.049954711094555,126.28429820206,-0.0094854787330778,49.995156779195,36054.20706646
1.205,5.0805554938615,0.64996668427558,0.049954618580042,125.35170074314,-0.0092901607574292,49.995153958831,36054.206972578
1.21,5.0806014623857,0.64996658561029,0.049954526457212,124.42646953398,-0.0090964444597015,49.995151196905,36054.206880641
1.215,5.0806464662827,0.64996648724908,0.049954434724034,123.50853753606,-0.008904316544775,49.995148492935,36054.206790633
1.22,5.0806905134616,0.6499663891913,0.049954343378489,122.59783849036,-0.0087137638494275,49.995145846449,36054.206702538
1.225,5.0807336117662,0.64996629143632,0.049954252418576,121.69430690526,-0.0085247733405711,49.995143256973,36054.206616342
1.23,5.0807757689751,0.6499661939835,0.049954161842309,120.79787804458,-0.0083373321135204,49.995140724042,36054.206532027
1.235,5.0808169928032,0.64996609683219,0.049954071647718,119.90848791594,-0.0081514273902925,49.995138247191,36054.20644958
1.24,5.0808572909013,0.64996599998174,0.049953981832846,119.0260732593,-0.0079670465179382,49.99513582596,36054.206368984
1.245,5.0808966708576,0.64996590343151,0.049953892395753,118.15057153573,-0.0077841769669,49.995133459894,36054.206290224
1.25,5.0809351401979,0.64996580718084,0.049953803334514,117.28192091642,-0.0076028063294048,49.995131148541,36054.206213285
1.255,5.0809727063861,0.64996571122908,0.049953714647216,116.4200602719,-0.0074229223178801,49.995128891452,36054.206138153
1.26,5.0810093768251,0.64996561557556,0.049953626331964,115.56492916144,-0.0072445127634014,49.995126688182,36054.206064812
1.265,5.0810451588571,0.64996552021964,0.049953538386873,114.71646782269,-0.007067565614165,49.99512453829,36054.205993248
1.27,5.0810800597646,0.64996542516064,0.049953450810076,113.87461716151,-0.0068920689339889,49.995122441339,36054.205923446
1.275,5.0811140867705,0.6499653303979,0.049953363599719,113.03931874197,-0.0067180109008388,49.995120396894,36054.205855392
1.28,5.0811472470388,0.64996523593076,0.049953276753959,112.21051477659,-0.0065453798053814,49.995118404526,36054.205789071
1.285,5.0811795476754,0.64996514175854,0.049953190270971,111.38814811672,-0.0063741640495607,49.995116463807,36054.20572447
1.29,5.0812109957285,0.64996504788058,0.04995310414894,110.57216224312,-0.0062043521451997,49.995114574313,36054.205661574
1.295,5.0812415981889,0.6499649542962,0.049953018386066,109.76250125673,-0.006035932712627,49.995112735626,36054.205600369
1.3,5.0812713619909,0.64996486100473,0.049952932980562,108.95910986961,-0.0058688944793246,49.995110947327,36054.205540841
1.305,5.0813002940129,0.64996476800548,0.049952847930653,108.161933396,-0.0057032262786009,49.995109209005,36054.205482977
1.31,5.0813284010773,0.64996467529779,0.049952763234579,107.37091774364,-0.0055389170482856,49.995107520248,36054.205426763
1.315,5.0813556899519,0.64996458288096,0.049952678890591,106.58600940519,-0.0053759558294457,49.99510588065,36054.205372185
1.32,5.0813821673496,0.64996449075432,0.049952594896954,105.8071554498,-0.0052143317651237,49.995104289809,36054.205319231
1.325,5.0814078399295,0.64996439891718,0.049952511251943,105.03430351488,-0.0050540340990966,49.995102747323,36054.205267885
1.33,5.081432714297,0.64996430736886,0.049952427953848,104.26740179798,-0.0048950521746561,49.995101252797,36054.205218137
1.335,5.0814567970046,0.64996421610866,0.049952345000969,103.50639904887,-0.0047373754334082,49.995099805835,36054.205169971
1.34,5.0814800945521,0.6499641251359,0.049952262391622,102.75124456169,-0.0045809934140925,49.995098406049,36054.205123376
1.345,5.0815026133874,0.64996403444988,0.049952180124129,102.00188816732,-0.0044258957514223,49.99509705305,36054.205078339
1.35,5.0815243599067,0.64996394404992,0.04995209819683,101.25828022585,-0.0042720721749424,49.995095746454,36054.205034846
1.355,5.0815453404551,0.64996385393531,0.049952016608071,100.52037161917,-0.0041195125079047,49.995094485879,36054.204992884
1.36,5.0815655613271,0.64996376410537,0.049951935356215,99.788113743754,-0.0039682066661637,49.995093270949,36054.204952443
1.365,5.0815850287668,0.6499636745594,0.049951854439632,99.061458503487,-0.0038181446570888,49.995092101287,36054.204913508
1.37,5.081603748969,0.64996358529669,0.049951773856706,98.34035830271,-0.0036693165784942,49.995090976521,36054.204876067
1.375,5.0816217280786,0.64996349631656,0.049951693605832,97.624766039327,-0.0035217126175861,49.995089896282,36054.204840109
1.38,5.0816389721923,0.64996340761829,0.049951613685414,96.91463509806,-0.0033753230499265,49.995088860204,36054.204805621
1.385,5.0816554873579,0.64996331920119,0.049951534093869,96.209919343816,-0.0032301382384129,49.995087867923,36054.204772591
1.39,5.0816712795755,0.64996323106455,0.049951454829624,95.510573115178,-0.0030861486322744,49.995086919079,36054.204741006
1.395,5.0816863547974,0.64996314320767,0.049951375891119,94.816551218003,-0.0029433447660843,49.995086013315,36054.204710856
1.4,5.0817007189292,0.64996305562985,0.049951297276801,94.127808919138,-0.002801717258787,49.995085150275,36054.204682127
1.405,5.0817143778294,0.64996296833037,0.04995121898513,93.444301940238,-0.0026612568127392,49.995084329607,36054.20465481
1.41,5.0817273373104,0.64996288130854,0.049951141014576,92.765986451705,-0.0025219542127698,49.995083550963,36054.204628891
1.415,5.0817396031387,0.64996279456364,0.049951063363618,92.092819066717,-0.002383800325249,49.995082813995,36054.204604359
1.42,5.0817511810354,0.64996270809497,0.049950986030747,91.424756835368,-0.0022467860971754,49.99508211836,36054.204581203
1.425,5.0817620766763,0.64996262190181,0.049950909014464,90.761757238912,-0.0021109025552761,49.995081463717,36054.204559412
1.43,5.0817722956929,0.64996253598346,0.04995083231328,90.103778184097,-0.0019761408051193,49.995080849728,36054.204538974
1.435,5.0817818436721,0.6499624503392,0.049950755925713,89.450777997602,-0.0018424920302423,49.995080276057,36054.204519878
1.44,5.081790726157,0.64996236496833,0.049950679850296,88.802715420566,-0.0017099474912897,49.995079742371,36054.204502113
1.445,5.0817989486472,0.64996227987012,0.049950604085567,88.159549603214,-0.0015784985251683,49.995079248339,36054.204485668
1.45,5.0818065165993,0.64996219504388,0.049950528630076,87.521240099568,-0.0014481365442122,49.995078793634,36054.204470532
1.455,5.081813435427,0.64996211048887,0.049950453482383,86.887746862248,-0.0013188530353593,49.99507837793,36054.204456695
1.46,5.0818197105017,0.6499620262044,0.049950378641056,86.259030237367,-0.0011906395593434,49.995078000904,36054.204444144
1.465,5.0818253471526,0.64996194218975,0.049950304104673,85.635050959503,-0.0010634877498949,49.995077662238,36054.204432871
1.47,5.0818303506674,0.64996185844419,0.049950229871821,85.015770146757,-0.0009373893129539,49.995077361611,36054.204422864
1.475,5.0818347262927,0.64996177496702,0.049950155941097,84.401149295896,-0.0008123360258965,49.995077098711,36054.204414113
1.48,5.0818384792337,0.64996169175752,0.049950082311105,83.791150277576,-0.00068831973677141,49.995076873223,36054.204406607
1.485,5.0818416146555,0.64996160881498,0.049950008980461,83.185735331638,-0.00056533236354556,49.995076684837,36054.204400336
1.49,5.0818441376826,0.64996152613867,0.049949935947788,82.584867062488,-0.00044336589336399,49.995076533246,36054.20439529
1.495,5.0818460533997,0.64996144372788,0.049949863211717,81.98850843455,-0.0003224123818175,49.995076418144,36054.204391459
1.5,5.0818473668521,0.64996136158189,0.04994979077089,81.39662276779,-0.00020246395222269,49.995076339228,36054.204388832
1.505,5.0818480830457,0.64996127969999,0.049949718623957,80.809173733321,-8.3512794910562e-05,49.995076296197,36054.204387399
1.51,5.0818482069477,0.64996119808146,0.049949646769575,80.226125349067,3.4448833473602e-05,49.995076288753,36054.204387151
1.515,5.0818477434865,0.64996111672557,0.049949575206411,79.647441975509,0.00015142861066014,49.995076316599,36054.204388078
1.52,5.0818466975524,0.64996103563163,0.04994950393314,79.073088311492,0.00026743414943749,49.995076379442,36054.20439017
1.525,5.0818450739979,0.6499609547989,0.049949432948445,78.503029390101,0.00038247299832296,49.99507647699,36054.204393417
1.53,5.0818428776377,0.64996087422666,0.049949362251018,77.937230574602,0.00049655264222513,49.995076608954,36054.20439781
1.535,5.0818401132495,0.64996079391421,0.049949291839559,77.375657554449,0.00060968050309673,49.995076775046,36054.204403339
1.54,5.0818367855738,0.64996071386082,0.049949221712775,76.818276341353,0.00072186394057889,49.995076974983,36054.204409994
1.545,5.0818328993145,0.64996063406577,0.049949151869382,76.265053265414,0.00083311025263672,49.995077208481,36054.204417767
1.55,5.0818284591393,0.64996055452835,0.049949082308105,75.715954971314,0.00094342667618556,49.99507747526,36054.204426647
1.555,5.0818234696798,0.64996047524784,0.049949013027675,75.170948414565,0.0010528203877087,49.995077775042,36054.204436626
1.56,5.0818179355317,0.64996039622352,0.04994894402683,74.630000857823,0.001161298503869,49.99507810755,36054.204447694
1.565,5.0818118612556,0.64996031745468,0.04994887530432,74.093079867253,0.0012688680821081,49.995078472511,36054.204459843
1.57,5.0818052513766,0.6499602389406,0.049948806858898,73.560153308956,0.0013755361212419,49.995078869652,36054.204473063
1.575,5.0817981103852,0.64996016068055,0.049948738689327,73.031189345444,0.0014813095620452,49.995079298705,36054.204487345
1.58,5.0817904427373,0.64996008267383,0.049948670794376,72.506156432175,0.0015861952878296,49.9950797594,36054.20450268
1.585,5.0817822528544,0.64996000491972,0.049948603172825,71.985023314138,0.0016902001250146,49.995080251473,36054.20451906
1.59,5.081773545124,0.6499599274175,0.049948535823456,71.467759022493,0.0017933308436895,49.995080774659,36054.204536475
1.595,5.0817643239002,0.64995985016646,0.049948468745062,70.95433287126,0.0018955941581687,49.995081328698,36054.204554918
1.6,5.0817545935033,0.64995977316588,0.049948401936444,70.444714454054,0.0019969967275405,49.995081913329,36054.204574378
1.605,5.0817443582206,0.64995969641504,0.049948335396406,69.938873640881,0.0020975451562072,49.995082528296,36054.204594849
1.61,5.0817336223065,0.64995961991324,0.049948269123764,69.436780574967,0.0021972459944208,49.995083173342,36054.204616321
1.615,5.0817223899828,0.64995954365975,0.049948203117337,68.93840566965,0.002296105738808,49.995083848214,36054.204638785
1.62,5.0817106654389,0.64995946765387,0.049948137375954,68.443719605304,0.0023941308328926,49.995084552659,36054.204662234
1.625,5.0816984528322,0.64995939189488,0.049948071898449,67.952693326317,0.0024913276676081,49.995085286429,36054.20468666
1.63,5.0816857562881,0.64995931638206,0.049948006683664,67.465298038116,0.0025877025818047,49.995086049276,36054.204712053
1.635,5.0816725799007,0.64995924111471,0.049947941730447,66.981505204226,0.0026832618627515,49.995086840953,36054.204738405
1.64,5.0816589277325,0.64995916609212,0.049947877037654,66.501286543384,0.0027780117466299,49.995087661216,36054.20476571
1.645,5.0816448038152,0.64995909131356,0.049947812604145,66.024614026684,0.0028719584190222,49.995088509823,36054.204793958
1.65,5.0816302121495,0.64995901677834,0.04994774842879,65.551459874774,0.0029651080153935,49.995089386534,36054.204823141
1.655,5.0816151567056,0.64995894248574,0.049947684510464,65.081796555085,0.0030574666215689,49.995090291111,36054.204853252
1.66,5.0815996414235,0.64995886843506,0.049947620848049,64.615596779107,0.003149040274203,49.995091223315,36054.204884282
1.665,5.081583670213,0.64995879462557,0.049947557440431,64.152833499699,0.0032398349612445,49.995092182914,36054.204916225
1.67,5.0815672469542,0.64995872105659,0.049947494286506,63.693479908443,0.0033298566223952,49.995093169672,36054.204949071
1.675,5.0815503754976,0.64995864772739,0.049947431385175,63.237509433028,0.0034191111495635,49.99509418336,36054.204982814
1.68,5.0815330596642,0.64995857463728,0.049947368735345,62.784895734682,0.0035076043873116,49.995095223747,36054.205017446
1.685,5.081515303246,0.64995850178554,0.049947306335929,62.335612705631,0.0035953421332978,49.995096290606,36054.205052959
1.69,5.0814971100063,0.64995842917147,0.049947244185847,61.8896344666,0.0036823301387138,49.995097383711,36054.205089345
1.695,5.0814784836795,0.64995835679437,0.049947182284023,61.446935364345,0.0037685741087164,49.995098502836,36054.205126598
1.7,5.0814594279716,0.64995828465353,0.049947120629392,61.007489969224,0.0038540797028533,49.99509964776,36054.205164709
1.705,5.0814399465606,0.64995821274826,0.049947059220889,60.571273072796,0.0039388525354859,49.995100818262,36054.205203672
1.71,5.0814200430965,0.64995814107784,0.049946998057459,60.138259685464,0.0040228981762041,49.995102014122,36054.205243479
1.715,5.0813997212013,0.64995806964158,0.049946937138051,59.708425034138,0.0041062221502385,49.995103235122,36054.205284123
1.72,5.0813789844699,0.64995799843878,0.049946876461622,59.281744559938,0.0041888299388675,49.995104481047,36054.205325596
1.725,5.0813578364696,0.64995792746873,0.049946816027133,58.85819391593,0.0042707269798181,49.995105751683,36054.205367892
1.73,5.0813362807407,0.64995785673075,0.04994675583355,58.437748964887,0.0043519186676643,49.995107046815,36054.205411004
1.735,5.0813143207967,0.64995778622413,0.049946695879848,58.020385777087,0.0044324103542193,49.995108366235,36054.205454924
1.74,5.0812919601242,0.64995771594817,0.049946636165005,57.606080628135,0.0045122073489219,49.995109709731,36054.205499645
1.745,5.0812692021838,0.64995764590219,0.049946576688005,57.194809996821,0.0045913149192234,49.995111077096,36054.205545161
1.75,5.0812460504094,0.64995757608547,0.049946517447838,56.786550563001,0.0046697382909623,49.995112468124,36054.205591464
1.755,5.0812225082092,0.64995750649734,0.049946458443501,56.381279205513,0.0047474826487434,49.99511388261,36054.205638549
1.76,5.0811985789654,0.6499574371371,0.049946399673993,55.978973000113,0.0048245531363053,49.995115320351,36054.205686407
1.765,5.0811742660347,0.64995736800406,0.049946341138321,55.579609217448,0.0049009548568877,49.995116781145,36054.205735033
1.77,5.0811495727483,0.64995729909752,0.049946282835498,55.183165321048,0.0049766928735935,49.995118264792,36054.20578442
1.775,5.0811245024122,0.6499572304168,0.049946224764541,54.789618965348,0.0050517722097469,49.995119771093,36054.20583456
1.78,5.0810990583075,0.6499571619612,0.049946166924472,54.398947993739,0.0051261978492473,49.995121299851,36054.205885449
1.785,5.0810732436902,0.64995709373005,0.04994610931432,54.01113043664,0.0051999747369188,49.995122850871,36054.205937078
1.79,5.0810470617919,0.64995702572264,0.049946051933117,53.626144509598,0.0052731077788577,49.995124423958,36054.205989442
1.795,5.0810205158197,0.64995695793831,0.049945994779902,53.243968611411,0.0053456018427731,49.995126018919,36054.206042534
1.8,5.0809936089565,0.64995689037636,0.04994593785372,52.86458132228,0.0054174617583268,49.995127635564,36054.206096347
1.805,5.0809663443611,0.64995682303611,0.049945881153617,52.487961401977,0.0054886923174671,49.995129273703,36054.206150877
1.81,5.0809387251685,0.64995675591688,0.04994582467865,52.114087788049,0.0055592982747602,49.995130933147,36054.206206115
1.815,5.0809107544899,0.64995668901799,0.049945768427875,51.742939594031,0.0056292843477187,49.995132613709,36054.206262056
1.82,5.080882435413,0.64995662233875,0.049945712400358,51.374496107692,0.0056986552171232,49.995134315204,36054.206318694
1.825,5.0808537710024,0.6499565558785,0.049945656595167,51.008736789302,0.0057674155273447,49.995136037448,36054.206376023
1.83,5.0808247642993,0.64995648963654,0.049945601011375,50.645641269916,0.0058355698866607,49.995137780258,36054.206434037
1.835,5.0807954183221,0.64995642361221,0.049945545648063,50.285189349688,0.0059031228675685,49.995139543452,36054.206492729
1.84,5.0807657360664,0.64995635780483,0.049945490504312,49.927360996198,0.0059700790070958,49.995141326851,36054.206552093
1.845,5.0807357205052,0.64995629221372,0.049945435579212,49.572136342807,0.0060364428071073,49.995143130276,36054.206612124
1.85,5.0807053745891,0.64995622683822,0.049945380871856,49.219495687029,0.0061022187346077,49.99514495355,36054.206672816
1.855,5.0806747012464,0.64995616167765,0.049945326381341,48.869419488924,0.0061674112220429,49.995146796496,36054.206734163
1.86,5.0806437033833,0.64995609673134,0.049945272106771,48.521888369511,0.0062320246675964,49.995148658941,36054.206796159
1.865,5.0806123838842,0.64995603199862,0.049945218047252,48.176883109203,0.0062960634354837,49.99515054071,36054.206858798
1.87,5.0805807456117,0.64995596747883,0.049945164201897,47.834384646259,0.0063595318562424,49.995152441633,36054.206922074
1.875,5.0805487914069,0.6499559031713,0.049945110569821,47.494374075255,0.0064224342270205,49.995154361537,36054.206985982
1.88,5.0805165240893,0.64995583907536,0.049945057150147,47.156832645579,0.0064847748118626,49.995156300255,36054.207050517
1.885,5.0804839464573,0.64995577519035,0.049945003942,46.821741759933,0.0065465578419886,49.995158257616,36054.207115672
1.89,5.0804510612883,0.6499557115156,0.049944950944509,46.489082972868,0.0066077875160755,49.995160233456,36054.207181443
1.895,5.0804178713387,0.64995564805046,0.04994489815681,46.158837989324,0.0066684680005319,49.995162227608,36054.207247823
1.9,5.0803843793441,0.64995558479427,0.049944845578041,45.830988663199,0.0067286034297714,49.995164239907,36054.207314807
1.905,5.0803505880196,0.64995552174636,0.049944793207347,45.505516995925,0.0067881979064835,49.995166270191,36054.207382389
1.91,5.0803165000599,0.64995545890608,0.049944741043874,45.182405135068,0.0068472555019015,49.995168318298,36054.207450565
1.915,5.0802821181391,0.64995539627277,0.049944689086775,44.861635372944,0.0069057802560653,49.995170384067,36054.207519329
1.92,5.0802474449117,0.64995533384579,0.049944637335206,44.543190145246,0.0069637761780857,49.995172467339,36054.207588675
1.925,5.0802124830118,0.64995527162446,0.049944585788329,44.227052029699,0.0070212472464035,49.995174567955,36054.207658599
1.93,5.0801772350538,0.64995520960815,0.049944534445307,43.913203744718,0.0070781974090455,49.995176685758,36054.207729095
1.935,5.0801417036326,0.64995514779621,0.049944483305311,43.601628148091,0.0071346305838799,49.995178820592,36054.207800158
1.94,5.0801058913234,0.64995508618797,0.049944432367513,43.292308235672,0.0071905506588668,49.995180972303,36054.207871783
1.945,5.080069800682,0.6499550247828,0.049944381631091,42.985227140095,0.0072459614923084,49.995183140737,36054.207943964
1.95,5.0800334342453,0.64995496358005,0.049944331095226,42.680368129499,0.0073008669130957,49.995185325742,36054.208016697
1.955,5.0799967945306,0.64995490257908,0.049944280759105,42.377714606266,0.0073552707209524,49.995187527166,36054.208089976
1.96,5.0799598840369,0.64995484177923,0.049944230621917,42.077250105782,0.0074091766866769,49.995189744859,36054.208163797
1.965,5.0799227052438,0.64995478117987,0.049944180682855,41.778958295204,0.0074625885523818,49.995191978672,36054.208238155
1.97,5.0798852606127,0.64995472078036,0.049944130941119,41.482822972243,0.0075155100317303,49.995194228458,36054.208313044
1.975,5.0798475525864,0.64995466058006,0.049944081395908,41.188828063968,0.0075679448101722,49.995196494069,36054.20838846
1.98,5.0798095835892,0.64995460057832,0.049944032046429,40.896957625612,0.0076198965451753,49.995198775361,36054.208464398
1.985,5.0797713560272,0.64995454077452,0.049943982891892,40.607195839403,0.0076713688664565,49.995201072187,36054.208540853
1.99,5.0797328722887,0.64995448116802,0.04994393393151,40.319527013401,0.0077223653762086,49.995203384406,36054.208617821
1.995,5.0796941347438,0.64995442175818,0.049943885164501,40.03393558035,0.0077728896493271,49.995205711874,36054.208695296
2,5.0796551457447,0.64995436254437,0.049943836590085,39.750406096546,0.0078229452336333,49.99520805445,36054.208773274
2.005,5.0796159076262,0.64995430352597,0.049943788207488,39.468923240716,0.0078725356500956,49.995210411994,36054.20885175
2.01,5.0795764227055,0.64995424470233,0.049943740015938,39.189471812905,0.0079216643930485,49.995212784366,36054.20893072
2.015,5.0795366932821,0.64995418607284,0.049943692014668,38.912036733385,0.007970334930411,49.995215171429,36054.209010179
2.02,5.0794967216387,0.64995412763687,0.049943644202915,38.63660304157,0.0080185507038998,49.995217573045,36054.209090122
2.025,5.0794565100405,0.64995406939378,0.049943596579917,38.363155894939,0.0080663151292438,49.995219989079,36054.209170545
2.03,5.0794160607358,0.64995401134297,0.049943549144919,38.091680567985,0.008113631596394,49.995222419394,36054.209251444
2.035,5.0793753759561,0.64995395348381,0.049943501897169,37.822162451158,0.0081605034697333,49.995224863858,36054.209332813
2.04,5.0793344579159,0.64995389581567,0.049943454835916,37.554587049837,0.0082069340882831,49.995227322337,36054.209414649
2.045,5.0792933088133,0.64995383833794,0.049943407960416,37.288939983297,0.0082529267659089,49.995229794698,36054.209496948
2.05,5.0792519308299,0.64995378105,0.049943361269926,37.025206983703,0.008298484791522,49.995232280811,36054.209579704
2.055,5.0792103261307,0.64995372395123,0.049943314763708,36.763373895101,0.0083436114292821,49.995234780547,36054.209662913
2.06,5.0791684968646,0.64995366704102,0.049943268441028,36.50342667243,0.0083883099187963,49.995237293774,36054.209746572
2.065,5.0791264451643,0.64995361031876,0.049943222301154,36.245351380541,0.008432583475316,49.995239820367,36054.209830675
2.07,5.0790841731466,0.64995355378383,0.049943176343358,35.989134193223,0.0084764352899333,49.995242360196,36054.209915219
2.075,5.0790416829123,0.64995349743563,0.049943130566916,35.734761392252,0.0085198685297743,49.995244913137,36054.210000199
2.08,5.0789989765465,0.64995344127354,0.049943084971107,35.482219366433,0.0085628863381906,49.995247479064,36054.210085612
2.085,5.0789560561184,0.64995338529697,0.049943039555213,35.231494610664,0.0086054918349506,49.995250057852,36054.210171453
2.09,5.0789129236821,0.64995332950529,0.04994299431852,34.982573725009,0.0086476881164269,49.995252649378,36054.210257718
2.095,5.0788695812758,0.64995327389792,0.049942949260317,34.735443413778,0.0086894782557841,49.99525525352,36054.210344403
2.1,5.0788260309227,0.64995321847425,0.049942904379897,34.490090484616,0.0087308653031633,49.995257870156,36054.210431503
2.105,5.0787822746308,0.64995316323367,0.049942859676556,34.246501847604,0.0087718522858645,49.995260499165,36054.210519016
2.11,5.0787383143928,0.64995310817558,0.049942815149593,34.004664514374,0.0088124422085299,49.995263140428,36054.210606937
2.115,5.0786941521866,0.6499530532994,0.04994277079831,33.76456559722,0.008852638053323,49.995265793826,36054.210695261
2.12,5.0786497899754,0.64995299860452,0.049942726622013,33.526192308233,0.0088924427801069,49.99526845924,36054.210783985
2.125,5.0786052297072,0.64995294409035,0.049942682620011,33.289531958438,0.0089318593266211,49.995271136555,36054.210873106
2.13,5.0785604733158,0.6499528897563,0.049942638791616,33.054571956938,0.0089708906086568,49.995273825653,36054.210962619
2.135,5.0785155227203,0.64995283560176,0.049942595136143,32.821299810075,0.0090095395202302,49.99527652642,36054.21105252
2.14,5.0784703798254,0.64995278162616,0.049942551652912,32.589703120587,0.0090478089337545,49.99527923874,36054.211142806
2.145,5.0784250465214,0.64995272782891,0.049942508341243,32.35976958679,0.0090857017002112,49.995281962501,36054.211233472
2.15,5.0783795246847,0.64995267420941,0.049942465200461,32.131487001754,0.0091232206493172,49.99528469759,36054.211324516
2.155,5.0783338161771,0.64995262076709,0.049942422229894,31.904843252495,0.0091603685896941,49.995287443894,36054.211415933
2.16,5.078287922847,0.64995256750135,0.049942379428873,31.679826319174,0.0091971483090326,49.995290201303,36054.21150772
2.165,5.0782418465283,0.64995251441162,0.049942336796733,31.456424274305,0.0092335625742581,49.995292969707,36054.211599872
2.17,5.0781955890417,0.64995246149731,0.04994229433281,31.234625281965,0.0092696141316927,49.995295748995,36054.211692387
2.175,5.0781491521938,0.64995240875785,0.049942252036445,31.014417597025,0.009305305707218,49.99529853906,36054.211785261
2.18,5.0781025377779,0.64995235619265,0.04994220990698,30.795789564374,0.0093406400064332,49.995301339794,36054.21187849
2.185,5.0780557475735,0.64995230380115,0.049942167943762,30.578729618162,0.0093756197148159,49.99530415109,36054.21197207
2.19,5.0780087833471,0.64995225158277,0.049942126146139,30.363226281044,0.0094102474978781,49.995306972842,36054.212065999
2.195,5.0779616468517,0.64995219953692,0.049942084513465,30.149268163435,0.0094445260013227,49.995309804944,36054.212160272
2.2,5.077914339827,0.64995214766306,0.049942043045094,29.936843962771,0.0094784578511969,49.995312647292,36054.212254886
2.205,5.077866864,0.64995209596059,0.049942001740383,29.725942462781,0.009512045654047,49.995315499782,36054.212349837
2.21,5.0778192210844,0.64995204442895,0.049941960598694,29.516552532757,0.0095452919970692,49.995318362311,36054.212445123
2.215,5.077771412781,0.64995199306759,0.049941919619391,29.308663126844,0.0095781994482608,49.995321234777,36054.21254074
2.22,5.0777234407781,0.64995194187592,0.049941878801839,29.102263283328,0.0096107705565681,49.995324117079,36054.212636684
2.225,5.0776753067509,0.6499518908534,0.049941838145409,28.897342123932,0.0096430078520361,49.995327009116,36054.212732952
2.23,5.0776270123624,0.64995183999944,0.049941797649473,28.693888853125,0.0096749138459538,49.995329910788,36054.212829541
2.235,5.0775785592628,0.64995178931351,0.049941757313405,28.491892757427,0.0097064910309997,49.995332821995,36054.212926447
2.24,5.07752994909,0.64995173879503,0.049941717136583,28.291343204736,0.0097377418813867,49.99533574264,36054.213023667
2.245,5.0774811834696,0.64995168844345,0.049941677118389,28.092229643643,0.0097686688530043,49.995338672625,36054.213121198
2.25,5.0774322640149,0.64995163825821,0.049941637258205,27.894541602773,0.0097992743835599,49.995341611853,36054.213219037
2.255,5.077383192327,0.64995158823876,0.049941597555418,27.698268690118,0.0098295608927202,49.995344560227,36054.213317181
2.26,5.0773339699951,0.64995153838454,0.049941558009416,27.50340059238,0.0098595307822497,49.995347517652,36054.213415625
2.265,5.0772845985964,0.64995148869501,0.049941518619591,27.309927074326,0.0098891864361491,49.995350484034,36054.213514368
2.27,5.0772350796961,0.64995143916961,0.049941479385338,27.117837978146,0.0099185302207919,49.995353459278,36054.213613406
2.275,5.0771854148478,0.6499513898078,0.049941440306053,26.927123222811,0.0099475644850598,49.995356443291,36054.213712736
2.28,5.0771356055931,0.64995134060903,0.049941401381136,26.737772803447,0.009976291560478,49.995359435981,36054.213812354
2.285,5.0770856534624,0.64995129157275,0.049941362609989,26.549776790709,0.010004713761348,49.995362437255,36054.213912258
2.29,5.0770355599742,0.64995124269843,0.049941323992016,26.363125330164,0.01003283338488,49.995365447022,36054.214012445
2.295,5.0769853266358,0.64995119398551,0.049941285526626,26.177808641678,0.010060652711323,49.995368465191,36054.214112912
2.3,5.076934954943,0.64995114543346,0.049941247213229,25.993817018806,0.010088174004098,49.995371491674,36054.214213655
2.305,5.0768844463804,0.64995109704174,0.049941209051237,25.811140828199,0.010115399509924,49.99537452638,36054.214314673
2.31,5.0768338024213,0.64995104880982,0.049941171040065,25.629770509001,0.010142331458944,49.995377569221,36054.21441596
2.315,5.0767830245281,0.64995100073715,0.049941133179132,25.449696572263,0.010168972064859,49.995380620109,36054.214517516
2.32,5.076732114152,0.64995095282321,0.049941095467856,25.27090960036,0.010195323525046,49.995383678957,36054.214619337
2.325,5.0766810727332,0.64995090506745,0.049941057905663,25.093400246411,0.010221388020686,49.995386745679,36054.21472142
2.33,5.0766299017013,0.64995085746936,0.049941020491976,24.917159233708,0.010247167716889,49.995389820188,36054.214823762
2.335,5.0765786024747,0.64995081002839,0.049940983226223,24.742177355144,0.010272664762811,49.995392902399,36054.21492636
2.34,5.0765271764616,0.64995076274403,0.049940946107836,24.568445472657,0.010297881291785,49.995395992228,36054.215029212
2.345,5.0764756250592,0.64995071561574,0.049940909136246,24.395954516667,0.010322819421432,49.995399089591,36054.215132315
2.35,5.0764239496542,0.649950668643,0.049940872310888,24.224695485531,0.010347481253785,49.995402194405,36054.215235666
2.355,5.076372151623,0.6499506218253,0.049940835631202,24.054659444988,0.01037186887541,49.995405306586,36054.215339262
2.36,5.0763202323314,0.64995057516209,0.049940799096626,23.885837527625,0.010395984357517,49.995408426052,36054.215443101
2.365,5.076268193135,0.64995052865287,0.049940762706603,23.718220932336,0.010419829756083,49.995411552724,36054.215547179
2.37,5.0762160353792,0.64995048229712,0.049940726460578,23.551800923791,0.010443407111964,49.995414686518,36054.215651495
2.375,5.0761637603991,0.64995043609432,0.049940690357999,23.386568831912,0.010466718451009,49.995417827356,36054.215756044
2.38,5.0761113695198,0.64995039004395,0.049940654398315,23.222516051347,0.010489765784177,49.995420975157,36054.215860826
2.385,5.0760588640564,0.6499503441455,0.049940618580977,23.059634040956,0.01051255110765,49.995424129843,36054.215965837
2.39,5.0760062453139,0.64995029839846,0.049940582905441,22.897914323297,0.010535076402938,49.995427291334,36054.216071075
2.395,5.0759535145876,0.64995025280232,0.049940547371162,22.73734848412,0.010557343637,49.995430459555,36054.216176536
2.4,5.075900673163,0.64995020735656,0.049940511977601,22.577928171862,0.010579354762347,49.995433634426,36054.216282219
2.405,5.0758477223157,0.64995016206068,0.049940476724218,22.41964509715,0.010601111717152,49.995436815872,36054.216388121
2.41,5.0757946633119,0.64995011691418,0.049940441610476,22.262491032305,0.010622616425361,49.995440003816,36054.216494239
2.415,5.075741497408,0.64995007191654,0.049940406635842,22.106457810856,0.010643870796798,49.995443198183,36054.21660057
2.42,5.075688225851,0.64995002706727,0.049940371799784,21.951537327052,0.010664876727274,49.995446398898,36054.216707114
2.425,5.0756348498783,0.64994998236586,0.049940337101772,21.797721535382,0.010685636098688,49.995449605886,36054.216813866
2.43,5.0755813707182,0.64994993781181,0.049940302541278,21.645002450099,0.010706150779138,49.995452819075,36054.216920824
2.435,5.0755277895894,0.64994989340462,0.049940268117778,21.493372144748,0.010726422623018,49.99545603839,36054.217027986
2.44,5.0754741077016,0.64994984914381,0.049940233830748,21.342822751697,0.010746453471129,49.995459263759,36054.21713535
2.445,5.0754203262551,0.64994980502886,0.049940199679667,21.193346461677,0.010766245150774,49.995462495109,36054.217242913
2.45,5.0753664464414,0.64994976105929,0.049940165664018,21.044935523315,0.010785799475863,49.99546573237,36054.217350672
2.455,5.0753124694427,0.6499497172346,0.049940131783284,20.897582242689,0.010805118247013,49.99546897547,36054.217458626
2.46,5.0752583964323,0.64994967355431,0.049940098036949,20.751278982866,0.010824203251648,49.995472224339,36054.217566772
2.465,5.0752042285746,0.64994963001792,0.049940064424503,20.606018163462,0.010843056264099,49.995475478906,36054.217675108
2.47,5.0751499670253,0.64994958662494,0.049940030945436,20.461792260195,0.0108616790457,49.995478739103,36054.217783631
2.475,5.075095612931,0.64994954337489,0.049939997599239,20.318593804448,0.010880073344886,49.99548200486,36054.217892339
2.48,5.0750411674299,0.64994950026729,0.049939964385406,20.17641538283,0.01089824089729,49.995485276109,36054.21800123
2.485,5.0749866316515,0.64994945730164,0.049939931303435,20.035249636747,0.010916183425841,49.995488552782,36054.218110302
2.49,5.0749320067166,0.64994941447747,0.049939898352823,19.895089261973,0.010933902640854,49.995491834812,36054.218219552
2.495,5.0748772937375,0.6499493717943,0.049939865533072,19.755927008227,0.010951400240131,49.995495122132,36054.218328978
2.5,5.0748224938181,0.64994932925164,0.049939832843683,19.617755678748,0.010968677909047,49.995498414676,36054.218438578
2.505,5.0747676080539,0.64994928684902,0.049939800284162,19.480568129884,0.01098573732065,49.995501712377,36054.218548349
2.51,5.074712637532,0.64994924458597,0.049939767854015,19.344357270676,0.011002580135749,49.995505015171,36054.21865829
2.515,5.0746575833314,0.649949202462,0.049939735552751,19.209116062448,0.011019208003004,49.995508322992,36054.218768399
2.52,5.0746024465227,0.64994916047665,0.049939703379881,19.074837518401,0.011035622559023,49.995511635777,36054.218878672
2.525,5.0745472281684,0.64994911862944,0.049939671334918,18.941514703211,0.011051825428445,49.995514953462,36054.218989109
2.53,5.0744919293229,0.64994907691991,0.049939639417376,18.80914073263,0.011067818224032,49.995518275982,36054.219099707
2.535,5.0744365510325,0.64994903534758,0.049939607626773,18.677708773089,0.01108360254676,49.995521603276,36054.219210463
2.54,5.0743810943358,0.64994899391199,0.049939575962627,18.547212041309,0.0110991799859,49.995524935281,36054.219321377
2.545,5.0743255602632,0.64994895261266,0.049939544424458,18.417643803908,0.011114552119115,49.995528271934,36054.219432445
2.55,5.0742699498373,0.64994891144915,0.049939513011791,18.288997377018,0.011129720512535,49.995531613176,36054.219543666
2.555,5.0742142640729,0.64994887042097,0.049939481724149,18.161266125902,0.011144686720854,49.995534958943,36054.219655037
2.56,5.0741585039772,0.64994882952768,0.049939450561059,18.034443464576,0.011159452287407,49.995538309177,36054.219766557
2.565,5.0741026705495,0.64994878876881,0.04993941952205,17.908522855432,0.011174018744255,49.995541663817,36054.219878224
2.57,5.0740467647815,0.64994874814391,0.049939388606651,17.783497808866,0.011188387612275,49.995545022803,36054.219990036
2.575,5.0739907876575,0.64994870765251,0.049939357814397,17.659361882908,0.011202560401237,49.995548386077,36054.22010199
2.58,5.0739347401542,0.64994866729416,0.04993932714482,17.53610868286,0.011216538609888,49.995551753579,36054.220214085
2.585,5.0738786232407,0.64994862706841,0.049939296597458,17.413731860924,0.011230323726034,49.995555125252,36054.220326319
2.59,5.0738224378787,0.6499485869748,0.049939266171848,17.292225115853,0.011243917226621,49.995558501037,36054.22043869
2.595,5.0737661850228,0.64994854701288,0.04993923586753,17.171582192584,0.011257320577818,49.995561880877,36054.220551195
2.6,5.0737098656201,0.64994850718221,0.049939205684046,17.051796881893,0.011270535235092,49.995565264716,36054.220663834
2.605,5.0736534806104,0.64994846748233,0.049939175620941,16.932863020035,0.011283562643291,49.995568652496,36054.220776604
2.61,5.0735970309264,0.64994842791279,0.049939145677758,16.814774488404,0.011296404236721,49.995572044163,36054.220889503
2.615,5.0735405174936,0.64994838847316,0.049939115854046,16.697525213184,0.011309061439224,49.995575439659,36054.22100253
2.62,5.0734839412304,0.64994834916298,0.049939086149354,16.581109165006,0.011321535664259,49.995578838931,36054.221115683
2.625,5.0734273030483,0.64994830998182,0.049939056563234,16.465520358612,0.011333828314971,49.995582241923,36054.221228959
2.63,5.0733706038517,0.64994827092923,0.049939027095237,16.350752852515,0.011345940784275,49.99558564858,36054.221342358
2.635,5.073313844538,0.64994823200477,0.049938997744918,16.236800748669,0.011357874454929,49.99558905885,36054.221455876
2.64,5.0732570259978,0.64994819320801,0.049938968511835,16.123658192133,0.011369630699607,49.995592472679,36054.221569513
2.645,5.0732001491147,0.6499481545385,0.049938939395544,16.011319370748,0.011381210880975,49.995595890012,36054.221683267
2.65,5.0731432147659,0.64994811599582,0.049938910395607,15.899778514811,0.011392616351766,49.995599310799,36054.221797136
2.655,5.0730862238215,0.64994807757952,0.049938881511584,15.789029896747,0.011403848454852,49.995602734986,36054.221911118
2.66,5.0730291771449,0.64994803928918,0.04993885274304,15.679067830797,0.011414908523317,49.995606162521,36054.222025211
2.665,5.0729720755931,0.64994800112436,0.049938824089539,15.569886672695,0.011425797880529,49.995609593354,36054.222139414
2.67,5.0729149200164,0.64994796308463,0.049938795550649,15.461480819352,0.011436517840211,49.995613027432,36054.222253725
2.675,5.0728577112585,0.64994792516957,0.049938767125939,15.353844708551,0.011447069706515,49.995616464706,36054.222368143
2.68,5.0728004501566,0.64994788737874,0.049938738814978,15.246972818632,0.011457454774088,49.995619905125,36054.222482665
2.685,5.0727431375415,0.64994784971173,0.049938710617339,15.140859668183,0.011467674328146,49.995623348639,36054.22259729
2.69,5.0726857742377,0.6499478121681,0.049938682532596,15.035499815743,0.011477729644542,49.995626795198,36054.222712017
2.695,5.0726283610631,0.64994777474743,0.049938654560324,14.930887859492,0.011487621989833,49.995630244754,36054.222826843
2.7,5.0725708988296,0.64994773744931,0.0499386267001,14.827018436958,0.01149735262135,49.995633697257,36054.222941768
2.705,5.0725133883424,0.6499477002733,0.049938598951504,14.723886224713,0.01150692278727,49.99563715266,36054.223056789
2.71,5.0724558304009,0.649947663219,0.049938571314116,14.621485938088,0.011516333726675,49.995640610914,36054.223171904
2.715,5.0723982257982,0.64994762628598,0.049938543787519,14.51981233087,0.011525586669624,49.995644071971,36054.223287114
2.72,5.0723405753212,0.64994758947383,0.049938516371295,14.41886019502,0.01153468283722,49.995647535785,36054.223402415
2.725,5.0722828797507,0.64994755278214,0.049938489065031,14.318624360383,0.011543623441672,49.995651002308,36054.223517806
2.73,5.0722251398616,0.64994751621048,0.049938461868314,14.219099694399,0.011552409686365,49.995654471493,36054.223633286
2.735,5.0721673564227,0.64994747975845,0.049938434780733,14.12028110183,0.01156104276592,49.995657943296,36054.223748852
2.74,5.0721095301968,0.64994744342564,0.049938407801878,14.022163524467,0.011569523866263,49.995661417669,36054.223864505
2.745,5.072051661941,0.64994740721163,0.049938380931342,13.924741940863,0.011577854164683,49.995664894567,36054.223980241
2.75,5.0719937524063,0.64994737111602,0.049938354168717,13.828011366049,0.011586034829903,49.995668373946,36054.22409606
2.755,5.071935802338,0.6499473351384,0.049938327513599,13.731966851263,0.011594067022135,49.99567185576,36054.224211961
2.76,5.0718778124756,0.64994729927837,0.049938300965585,13.636603483682,0.011601951893149,49.995675339965,36054.22432794
2.765,5.0718197835528,0.64994726353552,0.049938274524274,13.541916386145,0.011609690586328,49.995678826516,36054.224443998
2.77,5.0717617162978,0.64994722790946,0.049938248189265,13.447900716893,0.011617284236738,49.995682315371,36054.224560133
2.775,5.0717036114329,0.64994719239976,0.04993822196016,13.354551669299,0.011624733971181,49.995685806486,36054.224676342
2.78,5.0716454696749,0.64994715700605,0.049938195836563,13.26186447161,0.011632040908259,49.995689299817,36054.224792626
2.785,5.071587291735,0.64994712172792,0.049938169818077,13.169834386679,0.011639206158435,49.995692795322,36054.224908982
2.79,5.071529078319,0.64994708656496,0.049938143904309,13.078456711714,0.011646230824091,49.995696292959,36054.225025409
2.795,5.071470830127,0.6499470515168,0.049938118094867,12.987726778016,0.011653115999586,49.995699792685,36054.225141905
2.8,5.0714125478538,0.64994701658302,0.049938092389361,12.897639950726,0.011659862771318,49.995703294459,36054.22525847
2.805,5.0713542321886,0.64994698176324,0.0499380667874,12.808191628575,0.01166647221778,49.995706798239,36054.225375101
2.81,5.0712958838156,0.64994694705706,0.049938041288598,12.719377243629,0.011672945409618,49.995710303984,36054.225491798
2.815,5.0712375034132,0.6499469124641,0.049938015892568,12.631192261041,0.011679283409688,49.995713811654,36054.225608558
2.82,5.0711790916548,0.64994687798396,0.049937990598925,12.543632178809,0.011685487273114,49.995717321208,36054.225725382
2.825,5.0711206492085,0.64994684361625,0.049937965407287,12.456692527527,0.011691558047344,49.995720832605,36054.225842267
2.83,5.0710621767372,0.64994680936059,0.049937940317272,12.370368870143,0.011697496772205,49.995724345807,36054.225959212
2.835,5.0710036748985,0.6499467752166,0.0499379153285,12.284656801719,0.011703304479962,49.995727860773,36054.226076215
2.84,5.070945144345,0.64994674118388,0.049937890440591,12.199551949192,0.011708982195368,49.995731377464,36054.226193277
2.845,5.070886585724,0.64994670726206,0.04993786565317,12.115049971138,0.011714530935724,49.995734895842,36054.226310394
2.85,5.070827999678,0.64994667345075,0.049937840965859,12.031146557534,0.011719951710931,49.995738415867,36054.226427566
2.855,5.0707693868442,0.64994663974957,0.049937816378285,11.947837429528,0.011725245523541,49.995741937502,36054.226544792
2.86,5.0707107478551,0.64994660615815,0.049937791890075,11.865118339206,0.011730413368818,49.995745460708,36054.22666207
2.865,5.0706520833379,0.6499465726761,0.049937767500858,11.782985069361,0.011735456234783,49.995748985449,36054.226779399
2.87,5.0705933939152,0.64994653930305,0.049937743210263,11.701433433271,0.011740375102274,49.995752511685,36054.226896777
2.875,5.0705346802045,0.64994650603861,0.049937719017922,11.620459274464,0.011745170944993,49.995756039381,36054.227014205
2.88,5.0704759428185,0.64994647288243,0.049937694923468,11.540058466502,0.011749844729561,49.995759568499,36054.22713168
2.885,5.0704171823651,0.64994643983412,0.049937670926535,11.460226912754,0.011754397415567,49.995763099004,36054.227249201
2.89,5.0703583994474,0.64994640689332,0.049937647026759,11.380960546177,0.011758829955622,49.995766630858,36054.227366766
2.895,5.0702995946639,0.64994637405964,0.049937623223776,11.302255329096,0.011763143295409,49.995770164026,36054.227484376
2.9,5.0702407686082,0.64994634133273,0.049937599517227,11.224107252988,0.011767338373732,49.995773698471,36054.227602028
2.905,5.0701819218692,0.64994630871221,0.049937575906749,11.146512338266,0.011771416122568,49.99577723416,36054.227719722
2.91,5.0701230550313,0.64994627619772,0.049937552391986,11.069466634065,0.011775377467116,49.995780771056,36054.227837455
2.915,5.0700641686743,0.64994624378889,0.049937528972578,10.992966218029,0.011779223325846,49.995784309125,36054.227955228
2.92,5.0700052633732,0.64994621148536,0.049937505648171,10.917007196102,0.011782954610546,49.995787848332,36054.228073039
2.925,5.0699463396988,0.64994617928677,0.04993748241841,10.841585702317,0.011786572226377,49.995791388644,36054.228190886
2.93,5.0698873982171,0.64994614719274,0.049937459282941,10.766697898592,0.011790077071913,49.995794930025,36054.228308769
2.935,5.0698284394897,0.64994611520293,0.049937436241412,10.692339974522,0.011793470039196,49.995798472442,36054.228426686
2.94,5.0697694640739,0.64994608331697,0.049937413293474,10.618508147172,0.011796752013777,49.995802015862,36054.228544637
2.945,5.0697104725223,0.64994605153451,0.049937390438777,10.545198660884,0.01179992387477,49.995805560251,36054.22866262
2.95,5.0696514653835,0.64994601985518,0.049937367676972,10.472407787064,0.011802986494893,49.995809105577,36054.228780635
2.955,5.0695924432014,0.64994598827863,0.049937345007715,10.400131823992,0.011805940740516,49.995812651807,36054.228898679
2.96,5.0695334065158,0.64994595680451,0.049937322430658,10.328367096619,0.011808787471712,49.995816198908,36054.229016752
2.965,5.0694743558622,0.64994592543246,0.049937299945459,10.257109956374,0.011811527542294,49.995819746848,36054.229134854
2.97,5.0694152917716,0.64994589416213,0.049937277551774,10.186356780967,0.011814161799867,49.995823295596,36054.229252982
2.975,5.0693562147712,0.64994586299317,0.049937255249263,10.116103974197,0.011816691085872,49.99582684512,36054.229371136
2.98,5.0692971253835,0.64994583192523,0.049937233037585,10.046347965757,0.011819116235629,49.995830395387,36054.229489315
2.985,5.0692380241274,0.64994580095796,0.049937210916402,9.9770852110498,0.011821438078382,49.995833946368,36054.229607517
2.99,5.0691789115173,0.64994577009102,0.049937188885377,9.9083121909944,0.011823657437343,49.995837498031,36054.229725742
2.995,5.0691197880634,0.64994573932405,0.049937166944173,9.8400254118398,0.011825775129739,49.995841050345,36054.229843989
3,5.0690606542723,0.64994570865671,0.049937145092455,9.7722214049795,0.011827791966849,49.995844603281,36054.229962257
3.005,5.069001510646,0.64994567808866,0.049937123329891,9.7048967267665,0.011829708754054,49.995848156808,36054.230080544
3.01,5.068942357683,0.64994564761955,0.049937101656147,9.638047958331,0.011831526290874,49.995851710895,36054.23019885
3.015,5.0688831958774,0.64994561724905,0.049937080070892,9.5716717053976,0.011833245371014,49.995855265514,36054.230317173
3.02,5.0688240257196,0.64994558697681,0.049937058573797,9.505764598106,0.011834866782406,49.995858820634,36054.230435514
3.025,5.068764847696,0.6499455568025,0.049937037164534,9.4403232908315,0.011836391307249,49.995862376228,36054.23055387
3.03,5.068705662289,0.64994552672577,0.049937015842775,9.3753444620077,0.011837819722052,49.995865932264,36054.230672241
3.035,5.0686464699774,0.64994549674628,0.049936994608193,9.3108248139505,0.011839152797675,49.995869488716,36054.230790625
3.04,5.0685872712359,0.64994546686371,0.049936973460465,9.2467610726826,0.01184039129937,49.995873045554,36054.230909023
3.045,5.0685280665354,0.64994543707772,0.049936952399266,9.1831499877608,0.011841535986819,49.99587660275,36054.231027432
3.05,5.0684688563432,0.64994540738797,0.049936931424275,9.1199883321033,0.011842587614181,49.995880160276,36054.231145853
3.055,5.0684096411227,0.64994537779413,0.049936910535169,9.0572729018193,0.011843546930125,49.995883718104,36054.231264283
3.06,5.0683504213336,0.64994534829587,0.04993688973163,8.9950005160388,0.011844414677873,49.995887276207,36054.231382723
3.065,5.0682911974319,0.64994531889286,0.049936869013338,8.9331680167449,0.011845191595239,49.995890834556,36054.23150117
3.07,5.06823196987,0.64994528958478,0.049936848379976,8.8717722686065,0.011845878414669,49.995894393126,36054.231619626
3.075,5.0681727390965,0.64994526037128,0.049936827831227,8.8108101588129,0.011846475863276,49.995897951889,36054.231738087
3.08,5.0681135055564,0.64994523125205,0.049936807366777,8.7502785969091,0.011846984662886,49.995901510817,36054.231856554
3.085,5.0680542696913,0.64994520222676,0.049936786986311,8.6901745146325,0.011847405530068,49.995905069886,36054.231975026
3.09,5.067995031939,0.64994517329509,0.049936766689517,8.6304948657512,0.011847739176177,49.995908629068,36054.232093501
3.095,5.0679357927339,0.64994514445671,0.049936746476084,8.571236625903,0.011847986307393,49.995912188337,36054.23221198
3.1,5.0678765525068,0.6499451157113,0.0499367263457,8.5123967924362,0.011848147624753,49.995915747667,36054.23233046
3.105,5.067817311685,0.64994508705854,0.049936706298056,8.4539723842508,0.011848223824193,49.995919307034,36054.232448942
3.11,5.0677580706924,0.6499450584981,0.049936686332845,8.3959604416421,0.011848215596581,49.99592286641,36054.232567424
3.115,5.0676988299495,0.64994503002968,0.049936666449759,8.3383580261439,0.011848123627757,49.995926425772,36054.232685905
3.12,5.0676395898731,0.64994500165295,0.049936646648493,8.2811622203746,0.01184794859857,49.995929985093,36054.232804386
3.125,5.0675803508771,0.64994497336759,0.049936626928742,8.224370127883,0.01184769118491,49.99593354435,36054.232922864
3.13,5.0675211133715,0.64994494517329,0.049936607290203,8.1679788729962,0.011847352057746,49.995937103517,36054.233041339
3.135,5.0674618777634,0.64994491706974,0.049936587732573,8.1119856006682,0.011846931883162,49.99594066257,36054.23315981
3.14,5.0674026444563,0.64994488905661,0.049936568255551,8.05638747633,0.011846431322392,49.995944221485,36054.233278276
3.145,5.0673434138505,0.64994486113361,0.049936548858836,8.0011816857401,0.011845851031856,49.995947780237,36054.233396738
3.15,5.067284186343,0.64994483330041,0.049936529542131,7.9463654348372,0.011845191663192,49.995951338804,36054.233515193
3.155,5.0672249623277,0.6499448055567,0.049936510305137,7.8919359495931,0.011844453863294,49.99595489716,36054.233633641
3.16,5.0671657421949,0.64994477790219,0.049936491147557,7.8378904758673,0.011843638274342,49.995958455283,36054.233752081
3.165,5.0671065263323,0.64994475033655,0.049936472069096,7.784226279262,0.011842745533842,49.99596201315,36054.233870513
3.17,5.0670473151238,0.64994472285948,0.04993645306946,7.730940644979,0.011841776274654,49.995965570737,36054.233988935
3.175,5.0669881089506,0.64994469547068,0.049936434148354,7.6780308776773,0.011840731125028,49.995969128022,36054.234107347
3.18,5.0669289081904,0.64994466816984,0.049936415305487,7.6254943013315,0.011839610708639,49.995972684981,36054.234225749
3.185,5.0668697132183,0.64994464095665,0.049936396540567,7.5733282590918,0.011838415644615,49.995976241592,36054.234344139
3.19,5.0668105244057,0.64994461383082,0.049936377853304,7.5215301131448,0.011837146547577,49.995979797834,36054.234462516
3.195,5.0667513421214,0.64994458679204,0.049936359243409,7.4700972445749,0.011835804027665,49.995983353683,36054.234580881
3.2,5.066692166731,0.64994455984001,0.049936340710594,7.4190270532278,0.011834388690573,49.995986909118,36054.234699232
3.205,5.0666329985971,0.64994453297443,0.049936322254573,7.3683169575738,0.011832901137582,49.995990464117,36054.234817568
3.21,5.0665738380793,0.64994450619501,0.049936303875058,7.3179643945732,0.011831341965592,49.995994018658,36054.234935889
3.215,5.0665146855341,0.64994447950143,0.049936285571767,7.2679668195417,0.011829711767149,49.995997572721,36054.235054194
3.22,5.0664555413153,0.64994445289342,0.049936267344414,7.2183217060179,0.011828011130482,49.996001126283,36054.235172483
3.225,5.0663964057735,0.64994442637066,0.049936249192717,7.1690265456306,0.011826240639532,49.996004679324,36054.235290754
3.23,5.0663372792567,0.64994439993288,0.049936231116395,7.1200788479683,0.011824400873984,49.996008231822,36054.235409007
3.235,5.0662781621097,0.64994437357976,0.049936213115167,7.0714761404486,0.011822492409295,49.996011783758,36054.235527241
3.24,5.0662190546747,0.64994434731103,0.049936195188754,7.0232159681892,0.011820515816725,49.99601533511,36054.235645456
3.245,5.0661599572908,0.64994432112638,0.049936177336876,6.9752958938799,0.011818471663373,49.996018885858,36054.235763651
3.25,5.0661008702945,0.64994429502553,0.049936159559257,6.9277134976549,0.011816360512196,49.996022435982,36054.235881825
3.255,5.0660417940193,0.6499442690082,0.04993614185562,6.8804663769673,0.011814182922052,49.996025985462,36054.235999977
3.26,5.0659827287961,0.64994424307408,0.04993612422569,6.8335521464628,0.011811939447718,49.996029534277,36054.236118108
3.265,5.0659236749529,0.64994421722289,0.049936106669193,6.786968437856,0.011809630639926,49.99603308241,36054.236236215
3.27,5.065864632815,0.64994419145435,0.049936089185854,6.7407128998064,0.01180725704539,49.996036629838,36054.2363543
3.275,5.065805602705,0.64994416576817,0.049936071775402,6.6947831977964,0.011804819206837,49.996040176544,36054.23647236
3.28,5.0657465849428,0.64994414016407,0.049936054437565,6.6491770140091,0.011802317663031,49.996043722509,36054.236590395
3.285,5.0656875798456,0.64994411464175,0.049936037172073,6.6038920472079,0.011799752948808,49.996047267712,36054.236708406
3.29,5.0656285877278,0.64994408920095,0.049936019978657,6.5589260126163,0.011797125595098,49.996050812135,36054.23682639
3.295,5.0655696089015,0.64994406384137,0.049936002857049,6.5142766417994,0.011794436128959,49.99605435576,36054.236944347
3.3,5.0655106436758,0.64994403856274,0.04993598580698,6.4699416825452,0.011791685073599,49.996057898568,36054.237062278
3.305,5.0654516923574,0.64994401336478,0.049935968828185,6.4259188987478,0.011788872948409,49.99606144054,36054.237180181
3.31,5.0653927552504,0.64994398824721,0.049935951920398,6.3822060702913,0.011786000268988,49.996064981658,36054.237298055
3.315,5.0653338326562,0.64994396320974,0.049935935083355,6.3388009929334,0.01178306754717,49.996068521904,36054.2374159
3.32,5.0652749248739,0.64994393825211,0.049935918316793,6.2957014781919,0.011780075291051,49.996072061261,36054.237533716
3.325,5.0652160321997,0.64994391337404,0.049935901620449,6.2529053532299,0.011777024005018,49.996075599709,36054.237651501
3.33,5.0651571549277,0.64994388857525,0.049935884994061,6.2104104607436,0.011773914189774,49.996079137232,36054.237769255
3.335,5.0650982933492,0.64994386385547,0.04993586843737,6.1682146588499,0.011770746342365,49.996082673812,36054.237886979
3.34,5.0650394477532,0.64994383921442,0.049935851950115,6.126315820975,0.011767520956204,49.996086209432,36054.23800467
3.345,5.0649806184262,0.64994381465184,0.049935835532038,6.0847118357441,0.011764238521103,49.996089744075,36054.238122328
3.35,5.064921805652,0.64994379016746,0.049935819182882,6.0434006068717,0.011760899523292,49.996093277723,36054.238239954
3.355,5.0648630097125,0.64994376576099,0.049935802902389,6.0023800530529,0.01175750444545,49.996096810359,36054.238357546
3.36,5.0648042308868,0.64994374143218,0.049935786690304,5.9616481078552,0.011754053766728,49.996100341967,36054.238475103
3.365,5.0647454694517,0.64994371718075,0.049935770546372,5.9212027196113,0.011750547962774,49.996103872531,36054.238592626
3.37,5.0646867256816,0.64994369300644,0.04993575447034,5.8810418513129,0.011746987505762,49.996107402033,36054.238710114
3.375,5.0646279998487,0.64994366890898,0.049935738461954,5.8411634805046,0.011743372864412,49.996110930457,36054.238827566
3.38,5.0645692922228,0.64994364488811,0.049935722520963,5.8015655991792,0.011739704504016,49.996114457787,36054.238944981
3.385,5.0645106030711,0.64994362094356,0.049935706647115,5.7622462136739,0.011735982886467,49.996117984007,36054.239062359
3.3899999999999,5.064451932659,0.64994359707507,0.04993569084016,5.7232033445664,0.011732208470279,49.996121509102,36054.2391797
3.3949999999999,5.0643932812493,0.64994357328237,0.049935675099849,5.684435026573,0.01172838171061,49.996125033054,36054.239297003
3.3999999999999,5.0643346491025,0.6499435495652,0.049935659425934,5.6459393084461,0.011724503059292,49.99612855585,36054.239414267
3.4049999999999,5.064276036477,0.64994352592331,0.049935643818168,5.6077142528734,0.01172057296485,49.996132077472,36054.239531492
3.4099999999999,5.064217443629,0.64994350235643,0.049935628276303,5.5697579363779,0.011716591872528,49.996135597906,36054.239648678
3.4149999999999,5.0641588708122,0.64994347886431,0.049935612800095,5.5320684492176,0.011712560224312,49.996139117137,36054.239765824
3.4199999999999,5.0641003182784,0.64994345544667,0.049935597389298,5.4946438952871,0.011708478458953,49.996142635149,36054.239882929
3.4249999999999,5.0640417862771,0.64994343210328,0.04993558204367,5.4574823920197,0.01170434701199,49.996146151927,36054.239999993
3.4299999999999,5.0639832750556,0.64994340883387,0.049935566762966,5.4205820702892,0.011700166315776,49.996149667457,36054.240117015
3.4349999999999,5.0639247848591,0.64994338563818,0.049935551546946,5.3839410743139,0.011695936799497,49.996153181723,36054.240233996
3.4399999999999,5.0638663159307,0.64994336251597,0.049935536395367,5.3475575615603,0.011691658889197,49.996156694712,36054.240350933
3.4449999999999,5.0638078685112,0.64994333946697,0.04993552130799,5.3114297026479,0.0116873330078,49.996160206408,36054.240467828
3.4499999999999,5.0637494428394,0.64994331649094,0.049935506284576,5.2755556812544,0.011682959575133,49.996163716798,36054.24058468
3.4549999999999,5.0636910391521,0.64994329358762,0.049935491324886,5.2399336940222,0.011678539007947,49.996167225866,36054.240701487
3.4599999999999,5.063632657684,0.64994327075676,0.049935476428682,5.2045619504648,0.01167407171994,49.9961707336,36054.24081825
3.4649999999999,5.0635742986675,0.64994324799812,0.049935461595728,5.1694386728744,0.01166955812178,49.996174239985,36054.240934968
3.4699999999999,5.0635159623333,0.64994322531144,0.049935446825787,5.1345620962301,0.011664998621125,49.996177745007,36054.241051641
3.4749999999999,5.0634576489098,0.64994320269647,0.049935432118626,5.0999304681067,0.011660393622645,49.996181248652,36054.241168267
3.4799999999999,5.0633993586236,0.64994318015297,0.04993541747401,5.0655420485841,0.011655743528044,49.996184750908,36054.241284848
3.4849999999999,5.063341091699,0.64994315768069,0.049935402891705,5.0313951101577,0.011651048736082,49.996188251759,36054.241401382
3.4899999999999,5.0632828483587,0.64994313527938,0.049935388371479,4.9974879376486,0.011646309642594,49.996191751194,36054.241517869
3.4949999999999,5.0632246288231,0.64994311294881,0.049935373913101,4.963818828116,0.011641526640512,49.996195249198,36054.241634308
3.4999999999999,5.0631664333109,0.64994309068872,0.04993535951634,4.9303860907683,0.011636700119888,49.996198745759,36054.241750699
3.5049999999999,5.0631082620386,0.64994306849887,0.049935345180966,4.8971880468766,0.011631830467912,49.996202240864,36054.241867041
3.5099999999999,5.0630501152209,0.64994304637902,0.049935330906751,4.8642230296878,0.011626918068932,49.996205734499,36054.241983335
3.5149999999999,5.0629919930707,0.64994302432893,0.049935316693465,4.8314893843384,0.011621963304479,49.996209226652,36054.242099579
3.5199999999999,5.0629338957987,0.64994300234835,0.049935302540881,4.7989854677694,0.011616966553282,49.99621271731,36054.242215774
3.5249999999999,5.0628758236141,0.64994298043706,0.049935288448774,4.7667096486417,0.01161192819129,49.996216206462,36054.242331918
3.5299999999999,5.0628177767239,0.6499429585948,0.049935274416917,4.7346603072517,0.011606848591692,49.996219694093,36054.242448012
3.5349999999999,5.0627597553335,0.64994293682134,0.049935260445086,4.7028358354477,0.011601728124941,49.996223180192,36054.242564055
3.5399999999999,5.0627017596461,0.64994291511645,0.049935246533056,4.6712346365476,0.011596567158764,49.996226664747,36054.242680046
3.5449999999999,5.0626437898635,0.64994289347988,0.049935232680604,4.6398551252558,0.011591366058192,49.996230147745,36054.242795986
3.5499999999999,5.0625858461853,0.6499428719114,0.049935218887508,4.608695727582,0.011586125185571,49.996233629175,36054.242911873
3.5549999999999,5.0625279288096,0.64994285041078,0.049935205153547,4.5777548807602,0.011580844900589,49.996237109025,36054.243027708
3.5599999999999,5.0624700379325,0.64994282897778,0.049935191478499,4.547031033168,0.011575525560287,49.996240587283,36054.243143489
3.5649999999999,5.0624121737484,0.64994280761218,0.049935177862145,4.5165226442462,0.011570167519086,49.996244063936,36054.243259218
3.5699999999999,5.0623543364499,0.64994278631372,0.049935164304265,4.4862281844206,0.011564771128799,49.996247538975,36054.243374892
3.5749999999999,5.062296526228,0.6499427650822,0.04993515080464,4.456146135022,0.011559336738653,49.996251012386,36054.243490513
3.5799999999999,5.0622387432717,0.64994274391736,0.049935137363055,4.4262749882091,0.011553864695309,49.99625448416,36054.243606079
3.5849999999999,5.0621809877684,0.649942722819,0.049935123979291,4.3966132468901,0.011548355342877,49.996257954284,36054.24372159
3.5899999999999,5.0621232599039,0.64994270178686,0.049935110653133,4.3671594246457,0.011542809022938,49.996261422747,36054.243837045
3.5949999999999,5.0620655598622,0.64994268082074,0.049935097384365,4.3379120456532,0.011537226074559,49.996264889539,36054.243952446
3.5999999999999,5.0620078878255,0.64994265992039,0.049935084172773,4.30886964461,0.01153160683431,49.996268354648,36054.24406779
3.6049999999999,5.0619502439745,0.6499426390856,0.049935071018143,4.2800307666584,0.011525951636289,49.996271818063,36054.244183077
3.6099999999999,5.0618926284881,0.64994261831613,0.049935057920263,4.2513939673105,0.011520260812132,49.996275279774,36054.244298308
3.6149999999999,5.0618350415437,0.64994259761177,0.049935044878921,4.2229578123745,0.011514534691033,49.996278739771,36054.244413482
3.6199999999999,5.0617774833168,0.64994257697228,0.049935031893905,4.1947208778804,0.011508773599764,49.996282198042,36054.244528599
3.6249999999999,5.0617199539817,0.64994255639744,0.049935018965004,4.166681750007,0.011502977862689,49.996285654577,36054.244643657
3.6299999999999,5.0616624537106,0.64994253588704,0.049935006092009,4.1388390250092,0.011497147801786,49.996289109365,36054.244758658
3.6349999999999,5.0616049826745,0.64994251544085,0.049934993274711,4.1111913091456,0.011491283736657,49.996292562398,36054.2448736
3.6399999999999,5.0615475410425,0.64994249505864,0.049934980512902,4.0837372186072,0.011485385984551,49.996296013663,36054.244988483
3.6449999999999,5.0614901289823,0.6499424747402,0.049934967806374,4.056475379446,0.011479454860379,49.996299463152,36054.245103307
3.6499999999999,5.06143274666,0.64994245448531,0.04993495515492,4.0294044275048,0.011473490676731,49.996302910854,36054.245218072
3.6549999999999,5.0613753942401,0.64994243429375,0.049934942558334,4.0025230083465,0.011467493743893,49.99630635676,36054.245332777
3.6599999999999,5.0613180718855,0.6499424141653,0.049934930016412,3.975829777185,0.01146146436986,49.996309800859,36054.245447421
3.6649999999999,5.0612607797578,0.64994239409975,0.049934917528948,3.9493233988158,0.011455402860359,49.996313243142,36054.245562006
3.6699999999999,5.0612035180169,0.64994237409687,0.049934905095739,3.9230025475479,0.01144930951886,49.996316683599,36054.245676529
3.6749999999999,5.061146286821,0.64994235415645,0.049934892716583,3.896865907135,0.011443184646595,49.996320122221,36054.245790992
3.6799999999999,5.0610890863273,0.64994233427828,0.049934880391276,3.8709121707085,0.011437028542572,49.996323558998,36054.245905393
3.6849999999999,5.061031916691,0.64994231446213,0.049934868119617,3.8451400407102,0.011430841503592,49.996326993921,36054.246019732
3.6899999999999,5.0609747780662,0.64994229470781,0.049934855901405,3.8195482288254,0.011424623824265,49.996330426981,36054.246134009
3.6949999999999,5.0609176706053,0.6499422750151,0.049934843736441,3.7941354559173,0.011418375797027,49.996333858169,36054.246248224
3.6999999999999,5.0608605944593,0.64994225538377,0.049934831624524,3.768900451961,0.011412097712152,49.996337287475,36054.246362376
3.7049999999999,5.0608035497777,0.64994223581363,0.049934819565458,3.7438419559782,0.011405789857772,49.99634071489,36054.246476466
3.7099999999999,5.0607465367088,0.64994221630446,0.049934807559042,3.7189587159731,0.011399452519888,49.996344140407,36054.246590492
3.7149999999999,5.0606895553992,0.64994219685605,0.049934795605081,3.6942494888672,0.011393085982388,49.996347564015,36054.246704454
3.7199999999999,5.0606326059943,0.6499421774682,0.049934783703378,3.6697130404363,0.011386690527062,49.996350985706,36054.246818353
3.7249999999999,5.0605756886379,0.64994215814069,0.049934771853736,3.645348145247,0.011380266433618,49.996354405471,36054.246932188
3.7299999999999,5.0605188034725,0.64994213887332,0.049934760055962,3.6211535865936,0.011373813979693,49.996357823303,36054.247045958
3.7349999999999,5.0604619506392,0.64994211966587,0.049934748309861,3.5971281564358,0.011367333440872,49.996361239191,36054.247159664
3.7399999999999,5.0604051302778,0.64994210051815,0.049934736615239,3.573270655337,0.011360825090701,49.996364653129,36054.247273305
3.7449999999999,5.0603483425267,0.64994208142995,0.049934724971903,3.5495798924024,0.011354289200702,49.996368065108,36054.24738688
3.7499999999999,5.0602915875228,0.64994206240107,0.049934713379661,3.5260546852183,0.011347726040386,49.996371475119,36054.24750039
3.7549999999999,5.0602348654019,0.64994204343129,0.049934701838322,3.5026938597911,0.011341135877272,49.996374883154,36054.247613834
3.7599999999999,5.0601781762984,0.64994202452042,0.049934690347694,3.4794962504872,0.011334518976895,49.996378289205,36054.247727213
3.7649999999999,5.0601215203452,0.64994200566825,0.049934678907588,3.4564606999737,0.011327875602825,49.996381693265,36054.247840525
3.7699999999999,5.0600648976741,0.64994198687459,0.049934667517814,3.4335860591586,0.011321206016678,49.996385095325,36054.24795377
3.7749999999999,5.0600083084154,0.64994196813922,0.049934656178183,3.4108711871319,0.011314510478134,49.996388495377,36054.248066948
3.7799999999999,5.0599517526984,0.64994194946196,0.049934644888508,3.3883149511072,0.011307789244947,49.996391893414,36054.24818006
3.7849999999999,5.0598952306508,0.6499419308426,0.049934633648601,3.3659162263642,0.011301042572959,49.996395289429,36054.248293104
3.7899999999999,5.0598387423993,0.64994191228094,0.049934622458275,3.3436738961898,0.011294270716118,49.996398683412,36054.24840608
3.7949999999999,5.059782288069,0.64994189377679,0.049934611317344,3.3215868518224,0.011287473926487,49.996402075358,36054.248518989
3.7999999999999,5.059725867784,0.64994187532994,0.049934600225623,3.2996539923939,0.011280652454258,49.996405465258,36054.24863183
3.8049999999999,5.0596694816672,0.6499418569402,0.049934589182928,3.277874224874,0.011273806547768,49.996408853105,36054.248744602
3.8099999999999,5.0596131298401,0.64994183860737,0.049934578189073,3.2562464640139,0.011266936453511,49.996412238892,36054.248857306
3.8149999999999,5.059556812423,0.64994182033126,0.049934567243877,3.2347696322909,0.01126004241615,49.996415622611,36054.24896994
3.8199999999999,5.0595005295351,0.64994180211168,0.049934556347155,3.2134426598528,0.011253124678533,49.996419004256,36054.249082506
3.8249999999999,5.0594442812941,0.64994178394842,0.049934545498727,3.1922644844639,0.011246183481703,49.996422383819,36054.249195003
3.8299999999999,5.0593880678169,0.6499417658413,0.049934534698411,3.1712340514498,0.011239219064912,49.996425761293,36054.24930743
3.8349999999999,5.059331889219,0.64994174779012,0.049934523946026,3.1503503136439,0.011232231665635,49.996429136672,36054.249419787
3.8399999999999,5.0592757456146,0.64994172979469,0.049934513241392,3.1296122313336,0.011225221519583,49.996432509948,36054.249532074
3.8449999999999,5.0592196371169,0.64994171185482,0.049934502584329,3.1090187722071,0.011218188860711,49.996435881115,36054.249644291
3.8499999999999,5.059163563838,0.64994169397032,0.04993449197466,3.0885689113005,0.011211133921238,49.996439250166,36054.249756438
3.8549999999999,5.0591075258886,0.64994167614099,0.049934481412205,3.0682616309455,0.011204056931653,49.996442617094,36054.249868513
3.8599999999999,5.0590515233784,0.64994165836666,0.049934470896788,3.0480959207171,0.011196958120732,49.996445981893,36054.249980518
3.8649999999999,5.0589955564159,0.64994164064713,0.049934460428232,3.0280707773822,0.011189837715547,49.996449344556,36054.250092452
3.8699999999999,5.0589396251086,0.6499416229822,0.04993445000636,3.0081852048479,0.011182695941481,49.996452705076,36054.250204315
3.8749999999999,5.0588837295628,0.64994160537171,0.049934439630997,2.9884382141109,0.011175533022237,49.996456063448,36054.250316106
3.8799999999999,5.0588278698836,0.64994158781545,0.049934429301968,2.9688288232063,0.011168349179852,49.996459419666,36054.250427826
3.8849999999999,5.058772046175,0.64994157031324,0.049934419019099,2.9493560571582,0.011161144634711,49.996462773721,36054.250539473
3.8899999999999,5.0587162585402,0.6499415528649,0.049934408782216,2.9300189479291,0.011153919605555,49.99646612561,36054.250651048
3.8949999999999,5.0586605070809,0.64994153547024,0.049934398591147,2.9108165343709,0.011146674309493,49.996469475325,36054.250762551
3.8999999999999,5.0586047918979,0.64994151812908,0.049934388445718,2.8917478621752,0.011139408962018,49.99647282286,36054.250873981
3.9049999999999,5.058549113091,0.64994150084124,0.049934378345758,2.8728119838252,0.011132123777015,49.99647616821,36054.250985339
3.9099999999999,5.0584934707588,0.64994148360652,0.049934368291097,2.8540079585464,0.011124818966771,49.996479511368,36054.251096624
3.9149999999999,5.0584378649989,0.64994146642475,0.049934358281562,2.8353348522591,0.011117494741992,49.996482852329,36054.251207835
3.9199999999999,5.0583822959079,0.64994144929576,0.049934348316986,2.8167917375307,0.01111015131181,49.996486191087,36054.251318973
3.9249999999999,5.0583267635813,0.64994143221935,0.049934338397198,2.7983776935275,0.011102788883794,49.996489527635,36054.251430038
3.9299999999999,5.0582712681135,0.64994141519534,0.049934328522029,2.7800918059685,0.011095407663964,49.99649286197,36054.251541029
3.9349999999999,5.0582158095981,0.64994139822357,0.049934318691312,2.7619331670784,0.011088007856802,49.996496194084,36054.251651946
3.9399999999999,5.0581603881274,0.64994138130384,0.049934308904879,2.7439008755409,0.01108058966526,49.996499523972,36054.251762789
3.9449999999999,5.0581050037929,0.64994136443598,0.049934299162564,2.7259940364528,0.011073153290773,49.996502851629,36054.251873558
3.9499999999999,5.0580496566849,0.64994134761981,0.0499342894642,2.7082117612783,0.011065698933271,49.996506177049,36054.251984252
3.9549999999999,5.057994346893,0.64994133085516,0.049934279809621,2.6905531678037,0.011058226791188,49.996509500227,36054.252094871
3.9599999999999,5.0579390745054,0.64994131414185,0.049934270198663,2.673017380092,0.011050737061472,49.996512821158,36054.252205416
3.9649999999999,5.0578838396098,0.6499412974797,0.049934260631161,2.6556035284385,0.011043229939599,49.996516139836,36054.252315886
3.9699999999999,5.0578286422925,0.64994128086854,0.049934251106951,2.6383107493258,0.01103570561958,49.996519456257,36054.252426281
3.9749999999999,5.0577734826391,0.64994126430819,0.04993424162587,2.6211381853805,0.011028164293974,49.996522770414,36054.2525366
3.9799999999999,5.0577183607341,0.64994124779848,0.049934232187756,2.6040849853284,0.011020606153898,49.996526082304,36054.252646844
3.9849999999999,5.0576632766612,0.64994123133924,0.049934222792446,2.587150303952,0.011013031389035,49.99652939192,36054.252757012
3.9899999999999,5.0576082305029,0.64994121493029,0.049934213439778,2.5703333020465,0.011005440187649,49.996532699258,36054.252867104
3.9949999999999,5.057553222341,0.64994119857146,0.049934204129593,2.5536331463775,0.010997832736588,49.996536004314,36054.252977121
3.9999999999999,5.0574982522563,0.64994118226258,0.049934194861729,2.5370490096379,0.010990209221304,49.996539307081,36054.253087061
4.0049999999999,5.0574433203287,0.64994116600348,0.049934185636027,2.5205800704061,0.010982569825853,49.996542607556,36054.253196925
4.0099999999999,5.057388426637,0.64994114979398,0.049934176452327,2.504225513104,0.010974914732913,49.996545905734,36054.253306712
4.0149999999999,5.0573335712594,0.64994113363393,0.049934167310472,2.4879845279551,0.010967244123787,49.99654920161,36054.253416423
4.0199999999999,5.0572787542729,0.64994111752314,0.049934158210303,2.471856310943,0.010959558178421,49.996552495179,36054.253526057
4.0249999999999,5.0572239757538,0.64994110146146,0.049934149151663,2.455840063771,0.010951857075404,49.996555786437,36054.253635614
4.0299999999999,5.0571692357775,0.64994108544871,0.049934140134395,2.4399349938206,0.010944140991987,49.996559075379,36054.253745094
4.0349999999999,5.0571145344184,0.64994106948472,0.049934131158342,2.4241403141115,0.010936410104086,49.996562362,36054.253854496
4.0399999999999,5.05705987175,0.64994105356933,0.049934122223349,2.4084552432612,0.010928664586295,49.996565646297,36054.253963822
4.0449999999999,5.0570052478452,0.64994103770238,0.049934113329261,2.3928790054451,0.010920904611896,49.996568928265,36054.25407307
4.0499999999999,5.0569506627758,0.64994102188369,0.049934104475923,2.377410830357,0.010913130352864,49.9965722079,36054.25418224
4.0549999999999,5.0568961166127,0.64994100611311,0.049934095663181,2.3620499531697,0.010905341979883,49.996575485197,36054.254291332
4.0599999999999,5.0568416094261,0.64994099039046,0.049934086890881,2.3467956144959,0.010897539662348,49.996578760153,36054.254400346
4.0649999999999,5.0567871412854,0.64994097471559,0.049934078158871,2.3316470603495,0.010889723568381,49.996582032762,36054.254509283
4.0699999999999,5.0567327122589,0.64994095908833,0.049934069466999,2.3166035421072,0.010881893864836,49.996585303021,36054.254618141
4.0749999999999,5.0566783224144,0.64994094350851,0.049934060815111,2.3016643164698,0.010874050717308,49.996588570926,36054.25472692
4.0799999999999,5.0566239718186,0.64994092797599,0.049934052203058,2.2868286454252,0.010866194290145,49.996591836473,36054.254835622
4.0849999999999,5.0565696605375,0.64994091249058,0.049934043630689,2.2720957962097,0.010858324746455,49.996595099658,36054.254944244
4.0899999999999,5.0565153886363,0.64994089705214,0.049934035097852,2.2574650412712,0.010850442248115,49.996598360476,36054.255052788
4.0949999999999,5.0564611561794,0.64994088166051,0.049934026604399,2.242935658232,0.010842546955779,49.996601618925,36054.255161253
4.0999999999999,5.0564069632303,0.64994086631552,0.049934018150181,2.2285069298517,0.01083463902889,49.996604875,36054.255269639
4.1049999999999,5.0563528098518,0.64994085101701,0.049934009735048,2.2141781439908,0.010826718625685,49.996608128697,36054.255377946
4.1099999999999,5.056298696106,0.64994083576483,0.049934001358853,2.1999485935745,0.010818785903204,49.996611380014,36054.255486173
4.1149999999999,5.056244622054,0.64994082055881,0.049933993021449,2.1858175765561,0.010810841017302,49.996614628945,36054.255594321
4.1199999999999,5.0561905877563,0.64994080539881,0.049933984722688,2.1717843958817,0.010802884122656,49.996617875488,36054.25570239
4.1249999999999,5.0561365932725,0.64994079028465,0.049933976462424,2.1578483594544,0.010794915372769,49.996621119638,36054.255810379
4.1299999999999,5.0560826386614,0.6499407752162,0.049933968240512,2.1440087800989,0.010786934919986,49.996624361393,36054.255918288
4.1349999999999,5.0560287239814,0.64994076019329,0.049933960056805,2.1302649755266,0.010778942915496,49.996627600749,36054.256026117
4.1399999999999,5.0559748492897,0.64994074521576,0.049933951911159,2.116616268301,0.010770939509345,49.996630837702,36054.256133867
4.1449999999999,5.0559210146429,0.64994073028346,0.049933943803429,2.1030619858024,0.010762924850441,49.996634072249,36054.256241536
4.1499999999999,5.0558672200971,0.64994071539624,0.049933935733473,2.0896014601944,0.010754899086563,49.996637304387,36054.256349125
4.1549999999999,5.0558134657072,0.64994070055394,0.049933927701145,2.0762340283894,0.010746862364369,49.996640534112,36054.256456634
4.1599999999999,5.0557597515279,0.64994068575641,0.049933919706305,2.0629590320149,0.010738814829406,49.996643761421,36054.256564062
4.1649999999999,5.0557060776126,0.6499406710035,0.049933911748809,2.0497758173797,0.010730756626116,49.996646986311,36054.25667141
4.1699999999999,5.0556524440146,0.64994065629505,0.049933903828516,2.036683735441,0.010722687897843,49.996650208778,36054.256778677
4.1749999999999,5.0555988507859,0.64994064163092,0.049933895945284,2.0236821417709,0.010714608786844,49.99665342882,36054.256885864
4.1799999999999,5.0555452979783,0.64994062701094,0.049933888098973,2.0107703965235,0.010706519434294,49.996656646433,36054.256992969
4.1849999999999,5.0554917856425,0.64994061243498,0.049933880289443,1.9979478644028,0.010698419980295,49.996659861615,36054.257099994
4.1899999999999,5.0554383138286,0.64994059790289,0.049933872516554,1.9852139146295,0.010690310563885,49.996663074362,36054.257206938
4.1949999999999,5.0553848825863,0.6499405834145,0.049933864780167,1.9725679209096,0.010682191323042,49.996666284671,36054.2573138
4.1999999999999,5.0553314919642,0.64994056896968,0.049933857080142,1.9600092614019,0.010674062394695,49.99666949254,36054.257420581
4.2049999999999,5.0552781420104,0.64994055456827,0.049933849416343,1.9475373186866,0.010665923914732,49.996672697965,36054.257527281
4.2099999999999,5.0552248327725,0.64994054021014,0.049933841788631,1.9351514797335,0.010657776018003,49.996675900944,36054.2576339
4.2149999999999,5.055171564297,0.64994052589512,0.049933834196869,1.9228511358713,0.010649618838333,49.996679101474,36054.257740437
4.2199999999999,5.0551183366302,0.64994051162307,0.04993382664092,1.910635682756,0.010641452508524,49.996682299552,36054.257846892
4.2249999999999,5.0550651498173,0.64994049739386,0.049933819120648,1.8985045203403,0.010633277160369,49.996685495175,36054.257953266
4.2299999999999,5.0550120039033,0.64994048320732,0.049933811635918,1.886457052843,0.010625092924652,49.996688688341,36054.258059557
4.2349999999999,5.0549588989322,0.64994046906332,0.049933804186594,1.8744926887188,0.01061689993116,49.996691879047,36054.258165767
4.2399999999999,5.0549058349475,0.64994045496171,0.049933796772542,1.8626108406276,0.010608698308688,49.996695067291,36054.258271895
4.2449999999999,5.054852811992,0.64994044090235,0.049933789393626,1.8508109254053,0.010600488185048,49.996698253069,36054.258377941
4.2499999999999,5.0547998301078,0.6499404268851,0.049933782049715,1.8390923640334,0.010592269687075,49.996701436379,36054.258483905
4.2549999999999,5.0547468893366,0.6499404129098,0.049933774740674,1.8274545816099,0.010584042940634,49.99670461722,36054.258589787
4.2599999999999,5.0546939897193,0.64994039897632,0.04993376746637,1.8158970073199,0.010575808070627,49.996707795587,36054.258695586
4.2649999999999,5.0546411312962,0.64994038508452,0.049933760226671,1.8044190744064,0.010567565200999,49.99671097148,36054.258801303
4.2699999999999,5.054588314107,0.64994037123425,0.049933753021446,1.7930202201415,0.010559314454748,49.996714144895,36054.258906937
4.2749999999999,5.0545355381908,0.64994035742538,0.049933745850563,1.7816998857975,0.010551055953927,49.996717315831,36054.259012489
4.2799999999999,5.054482803586,0.64994034365775,0.04993373871389,1.7704575166188,0.010542789819657,49.996720484284,36054.259117958
4.2849999999999,5.0544301103304,0.64994032993124,0.049933731611299,1.7592925617935,0.010534516172126,49.996723650253,36054.259223345
4.2899999999999,5.0543774584615,0.6499403162457,0.049933724542659,1.748204474425,0.010526235130604,49.996726813735,36054.259328648
4.2949999999999,5.0543248480158,0.649940302601,0.049933717507839,1.7371927115046,0.010517946813444,49.996729974728,36054.259433869
4.2999999999999,5.0542722790295,0.64994028899699,0.049933710506712,1.7262567338833,0.010509651338088,49.996733133231,36054.259539007
4.3049999999999,5.0542197515379,0.64994027543353,0.049933703539149,1.715396006245,0.01050134882108,49.99673628924,36054.259644062
4.3099999999999,5.0541672655762,0.6499402619105,0.049933696605022,1.7046099970786,0.010493039378064,49.996739442754,36054.259749034
4.3149999999999,5.0541148211785,0.64994024842774,0.049933689704203,1.6938981786512,0.010484723123797,49.996742593771,36054.259853923
4.3199999999999,5.0540624183787,0.64994023498513,0.049933682836565,1.683260026981,0.010476400172153,49.996745742288,36054.259958729
4.3249999999999,5.05401005721,0.64994022158253,0.049933676001981,1.672695021811,0.010468070636129,49.996748888304,36054.260063451
4.3299999999999,5.053957737705,0.6499402082198,0.049933669200326,1.6622026465821,0.010459734627852,49.996752031817,36054.26016809
4.3349999999999,5.0539054598958,0.64994019489681,0.049933662431473,1.6517823884069,0.010451392258585,49.996755172825,36054.260272645
4.3399999999999,5.0538532238139,0.64994018161342,0.049933655695297,1.6414337380437,0.010443043638732,49.996758311325,36054.260377118
4.3449999999999,5.0538010294904,0.6499401683695,0.049933648991673,1.6311561898702,0.010434688877847,49.996761447317,36054.260481506
4.3499999999999,5.0537488769556,0.64994015516492,0.049933642320477,1.6209492418582,0.010426328084638,49.996764580798,36054.260585811
4.3549999999999,5.0536967662394,0.64994014199953,0.049933635681585,1.6108123955476,0.010417961366974,49.996767711766,36054.260690033
4.3599999999999,5.0536446973713,0.64994012887321,0.049933629074873,1.6007451560213,0.01040958883189,49.99677084022,36054.260794171
4.3649999999999,5.0535926703799,0.64994011578583,0.049933622500218,1.5907470318798,0.010401210585595,49.996773966157,36054.260898224
4.3699999999999,5.0535406852937,0.64994010273726,0.049933615957499,1.5808175352163,0.010392826733474,49.996777089577,36054.261002195
4.3749999999999,5.0534887421404,0.64994008972735,0.049933609446591,1.5709561815917,0.010384437380101,49.996780210478,36054.261106081
4.3799999999999,5.0534368409472,0.64994007675599,0.049933602967375,1.5611624900099,0.010376042629235,49.996783328857,36054.261209883
4.3849999999999,5.0533849817408,0.64994006382303,0.049933596519728,1.5514359828936,0.010367642583836,49.996786444714,36054.261313602
4.3899999999999,5.0533331645475,0.64994005092836,0.04993359010353,1.5417761860596,0.010359237346063,49.996789558046,36054.261417236
4.3949999999999,5.0532813893931,0.64994003807184,0.04993358371866,1.5321826286949,0.010350827017286,49.996792668853,36054.261520786
4.3999999999999,5.0532296563026,0.64994002525333,0.049933577364998,1.5226548433325,0.010342411698085,49.996795777132,36054.261624253
4.4049999999999,5.0531779653008,0.64994001247273,0.049933571042426,1.5131923658276,0.010333991488261,49.996798882883,36054.261727635
4.4099999999999,5.0531263164119,0.64993999972988,0.049933564750822,1.5037947353344,0.01032556648684,49.996801986103,36054.261830932
4.4149999999999,5.0530747096596,0.64993998702467,0.04993355849007,1.4944614942819,0.010317136792078,49.996805086791,36054.261934146
4.4199999999999,5.0530231450672,0.64993997435698,0.049933552260051,1.4851921883512,0.010308702501468,49.996808184947,36054.262037275
4.4249999999999,5.0529716226574,0.64993996172666,0.049933546060646,1.475986366452,0.010300263711744,49.996811280568,36054.26214032
4.4299999999999,5.0529201424523,0.6499399491336,0.049933539891739,1.4668435806999,0.010291820518885,49.996814373653,36054.26224328
4.4349999999999,5.0528687044739,0.64993993657767,0.049933533753212,1.4577633863931,0.010283373018126,49.996817464201,36054.262346156
4.4399999999999,5.0528173087435,0.64993992405874,0.04993352764495,1.4487453419906,0.010274921303957,49.996820552211,36054.262448948
4.4449999999999,5.0527659552817,0.6499399115767,0.049933521566835,1.4397890090886,0.010266465470132,49.996823637681,36054.262551655
4.4499999999999,5.0527146441091,0.64993989913141,0.049933515518753,1.4308939523992,0.010258005609675,49.99682672061,36054.262654277
4.4549999999999,5.0526633752455,0.64993988672274,0.049933509500587,1.4220597397277,0.010249541814881,49.996829800997,36054.262756815
4.4599999999999,5.0526121487104,0.64993987435059,0.049933503512224,1.4132859419504,0.010241074177326,49.996832878841,36054.262859268
4.4649999999999,5.0525609645228,0.64993986201481,0.049933497553548,1.4045721329934,0.010232602787869,49.99683595414,36054.262961636
4.4699999999999,5.0525098227011,0.6499398497153,0.049933491624446,1.3959178898103,0.01022412773666,49.996839026894,36054.26306392
4.4749999999999,5.0524587232635,0.64993983745192,0.049933485724803,1.387322792361,0.010215649113142,49.996842097102,36054.263166119
4.4799999999999,5.0524076662276,0.64993982522456,0.049933479854507,1.37878642359,0.010207167006058,49.996845164762,36054.263268233
4.4849999999999,5.0523566516106,0.6499398130331,0.049933474013446,1.3703083694055,0.010198681503456,49.996848229873,36054.263370262
4.4899999999999,5.0523056794293,0.6499398008774,0.049933468201505,1.3618882186581,0.010190192692694,49.996851292435,36054.263472206
4.4949999999999,5.0522547497,0.64993978875736,0.049933462418575,1.35352556312,0.010181700660443,49.996854352445,36054.263574066
4.4999999999999,5.0522038624386,0.64993977667285,0.049933456664542,1.3452199974641,0.010173205492696,49.996857409905,36054.26367584
4.5049999999999,5.0521530176606,0.64993976462375,0.049933450939296,1.3369711192431,0.010164707274768,49.996860464812,36054.26377753
4.5099999999999,5.0521022153809,0.64993975260994,0.049933445242726,1.3287785288698,0.010156206091305,49.996863517165,36054.263879134
4.5149999999999,5.0520514556143,0.6499397406313,0.049933439574722,1.3206418295959,0.010147702026287,49.996866566964,36054.263980654
4.5199999999999,5.0520007383748,0.64993972868772,0.049933433935173,1.3125606274921,0.010139195163033,49.996869614208,36054.264082089
4.5249999999999,5.0519500636764,0.64993971677907,0.04993342832397,1.3045345314285,0.010130685584206,49.996872658896,36054.264183438
4.5299999999999,5.0518994315324,0.64993970490524,0.049933422741005,1.2965631530538,0.010122173371817,49.996875701027,36054.264284702
4.5349999999999,5.0518488419557,0.64993969306612,0.049933417186167,1.2886461067761,0.010113658607231,49.996878740601,36054.264385881
4.5399999999999,5.0517982949589,0.64993968126157,0.049933411659349,1.2807830097434,0.01010514137117,49.996881777616,36054.264486975
4.5449999999999,5.0517477905541,0.64993966949149,0.049933406160443,1.2729734818237,0.01009662174372,49.996884812072,36054.264587984
4.5499999999999,5.0516973287532,0.64993965775577,0.049933400689341,1.2652171455857,0.010088099804333,49.996887843968,36054.264688908
4.5549999999999,5.0516469095674,0.64993964605427,0.049933395245936,1.25751362628,0.010079575631833,49.996890873304,36054.264789746
4.5599999999999,5.0515965330078,0.6499396343869,0.049933389830121,1.2498625518194,0.01007104930442,49.996893900079,36054.264890499
4.5649999999999,5.051546199085,0.64993962275353,0.04993338444179,1.2422635527604,0.010062520899677,49.996896924292,36054.264991167
4.5699999999999,5.051495907809,0.64993961115405,0.049933379080836,1.2347162622843,0.010053990494568,49.996899945943,36054.26509175
4.5749999999999,5.0514456591898,0.64993959958835,0.049933373747154,1.2272203161784,0.010045458165451,49.996902965031,36054.265192247
4.5799999999999,5.0513954532368,0.64993958805631,0.049933368440639,1.2197753528177,0.010036923988077,49.996905981555,36054.265292659
4.5849999999999,5.051345289959,0.64993957655782,0.049933363161186,1.2123810131461,0.010028388037593,49.996908995515,36054.265392985
4.5899999999999,5.0512951693651,0.64993956509276,0.04993335790869,1.2050369406586,0.010019850388552,49.996912006911,36054.265493227
4.5949999999999,5.0512450914634,0.64993955366103,0.049933352683047,1.1977427813827,0.010011311114913,49.996915015741,36054.265593382
4.5999999999999,5.0511950562619,0.64993954226251,0.049933347484153,1.1904981838607,0.010002770290047,49.996918022006,36054.265693453
4.6049999999999,5.0511450637681,0.64993953089709,0.049933342311905,1.1833027991316,0.00999422798674,49.996921025705,36054.265793438
4.6099999999999,5.0510951139892,0.64993951956465,0.0499333371662,1.1761562807136,0.0099856842771981,49.996924026838,36054.265893337
4.6149999999999,5.0510452069322,0.6499395082651,0.049933332046935,1.1690582845861,0.0099771392330515,49.996927025404,36054.265993151
4.6199999999999,5.0509953426034,0.6499394969983,0.049933326954009,1.1620084691726,0.0099685929253596,49.996930021402,36054.26609288
4.6249999999999,5.0509455210091,0.64993948576417,0.049933321887318,1.1550064953228,0.0099600454246131,49.996933014833,36054.266192523
4.6299999999999,5.050895742155,0.64993947456258,0.049933316846762,1.1480520262959,0.0099514968007405,49.996936005696,36054.266292081
4.6349999999999,5.0508460060465,0.64993946339343,0.049933311832239,1.1411447277429,0.0099429471231096,49.99693899399,36054.266391553
4.6399999999999,5.0507963126888,0.64993945225661,0.049933306843649,1.1342842676902,0.0099343964605342,49.996941979716,36054.26649094
4.6449999999999,5.0507466620867,0.649939441152,0.049933301880891,1.1274703165222,0.0099258448812758,49.996944962874,36054.266590241
4.6499999999999,5.0506970542444,0.64993943007951,0.049933296943865,1.1207025469645,0.0099172924530491,49.996947943462,36054.266689457
4.6549999999999,5.0506474891662,0.64993941903902,0.049933292032472,1.1139806340678,0.0099087392430255,49.99695092148,36054.266788587
4.6599999999999,5.0505979668557,0.64993940803043,0.049933287146611,1.1073042551907,0.0099001853178364,49.996953896929,36054.266887632
4.6649999999999,5.0505484873164,0.64993939705362,0.049933282286185,1.1006730899838,0.009891630743579,49.996956869808,36054.266986591
4.6699999999999,5.0504990505514,0.6499393861085,0.049933277451094,1.094086820373,0.0098830755858179,49.996959840117,36054.267085464
4.6749999999999,5.0504496565633,0.64993937519495,0.04993327264124,1.0875451305436,0.00987451990959,49.996962807856,36054.267184252
4.6799999999999,5.0504003053547,0.64993936431288,0.049933267856526,1.0810477069239,0.0098659637794088,49.996965773025,36054.267282955
4.6849999999999,5.0503509969277,0.64993935346216,0.049933263096853,1.0745942381697,0.0098574072592671,49.996968735623,36054.267381571
4.6899999999999,5.0503017312839,0.64993934264271,0.049933258362125,1.068184415148,0.0098488504126413,49.996971695651,36054.267480103
4.6949999999999,5.050252508425,0.64993933185441,0.049933253652244,1.0618179309217,0.0098402933024961,49.996974653108,36054.267578548
4.6999999999999,5.0502033283521,0.64993932109716,0.049933248967115,1.0554944807334,0.0098317359912863,49.996977607994,36054.267676909
4.7049999999999,5.050154191066,0.64993931037085,0.04993324430664,1.0492137619905,0.0098231785409617,49.99698056031,36054.267775183
4.7099999999999,5.0501050965672,0.64993929967538,0.049933239670725,1.0429754742495,0.0098146210129708,49.996983510055,36054.267873372
4.7149999999999,5.0500560448561,0.64993928901066,0.049933235059274,1.0367793192007,0.0098060634682642,49.996986457229,36054.267971476
4.7199999999999,5.0500070359325,0.64993927837657,0.049933230472191,1.0306250006531,0.0097975059672979,49.996989401832,36054.268069493
4.7249999999999,5.049958069796,0.64993926777301,0.049933225909383,1.0245122245192,0.0097889485700371,49.996992343864,36054.268167426
4.7299999999999,5.0499091464461,0.64993925719988,0.049933221370753,1.0184406988002,0.0097803913359603,49.996995283326,36054.268265272
4.7349999999999,5.0498602658817,0.64993924665708,0.04993321685621,1.012410133571,0.009771834324062,49.996998220217,36054.268363033
4.7399999999999,5.0498114281016,0.6499392361445,0.049933212365658,1.0064202409658,0.0097632775928565,49.997001154537,36054.268460709
4.7449999999999,5.0497626331042,0.64993922566205,0.049933207899004,1.0004707351627,0.009754721200382,49.997004086287,36054.268558299
4.7499999999999,5.0497138808877,0.64993921520963,0.049933203456156,0.99456133236992,0.0097461652042031,49.997007015466,36054.268655803
4.7549999999999,5.0496651714501,0.64993920478713,0.04993319903702,0.98869175081106,0.0097376096614144,49.997009942076,36054.268753222
4.7599999999999,5.0496165047887,0.64993919439445,0.049933194641504,0.98286171071065,0.0097290546286448,49.997012866115,36054.268850556
4.7649999999999,5.0495678809011,0.6499391840315,0.049933190269517,0.97707093428009,0.0097205001620597,49.997015787584,36054.268947803
4.7699999999999,5.0495192997841,0.64993917369817,0.049933185920966,0.97131914570341,0.0097119463173651,49.997018706483,36054.269044966
4.7749999999999,5.0494707614347,0.64993916339437,0.04993318159576,0.96560607112333,0.0097033931498108,49.997021622812,36054.269142042
4.7799999999999,5.0494222658491,0.64993915311999,0.049933177293808,0.9599314386272,0.0096948407141934,49.997024536573,36054.269239034
4.7849999999999,5.0493738130237,0.64993914287495,0.049933173015019,0.95429497823329,0.0096862890648598,49.997027447764,36054.269335939
4.7899999999999,5.0493254029544,0.64993913265913,0.049933168759304,0.94869642187698,0.0096777382557108,49.997030356386,36054.269432759
4.7949999999999,5.0492770356368,0.64993912247245,0.049933164526571,0.94313550339719,0.0096691883402041,49.99703326244,36054.269529494
4.7999999999999,5.0492287110664,0.6499391123148,0.049933160316732,0.93761195852271,0.0096606393713573,49.997036165925,36054.269626143
4.8049999999999,5.0491804292383,0.64993910218608,0.049933156129696,0.93212552485887,0.0096520914017512,49.997039066842,36054.269722707
4.8099999999999,5.0491321901473,0.64993909208622,0.049933151965375,0.92667594187416,0.009643544483533,49.997041965191,36054.269819185
4.8149999999999,5.049083993788,0.64993908201509,0.04993314782368,0.92126295088695,0.0096349986684199,49.997044860973,36054.269915578
4.8199999999999,5.0490358401549,0.64993907197262,0.049933143704523,0.91588629505237,0.009626454007701,49.997047754188,36054.270011885
4.8249999999999,5.0489877292421,0.64993906195869,0.049933139607815,0.9105457193492,0.009617910552242,49.997050644836,36054.270108107
4.8299999999999,5.0489396610433,0.64993905197323,0.049933135533469,0.90524097056693,0.0096093683524872,49.997053532917,36054.270204243
4.8349999999999,5.0488916355521,0.64993904201613,0.049933131481397,0.89997179729286,0.0096008274584627,49.997056418433,36054.270300294
4.8399999999999,5.048843652762,0.6499390320873,0.049933127451512,0.89473794989929,0.0095922879197797,49.997059301383,36054.27039626
4.8449999999999,5.048795712666,0.64993902218664,0.049933123443727,0.88953918053093,0.0095837497856377,49.997062181768,36054.27049214
4.8499999999999,5.048747815257,0.64993901231406,0.049933119457956,0.88437524309206,0.0095752131048265,49.997065059588,36054.270587935
4.8549999999999,5.0486999605276,0.64993900246947,0.049933115494112,0.8792458932343,0.0095666779257306,49.997067934843,36054.270683644
4.8599999999999,5.0486521484701,0.64993899265277,0.04993311155211,0.87415088834396,0.0095581442963311,49.997070807535,36054.270779268
4.8649999999999,5.0486043790768,0.64993898286387,0.049933107631865,0.86908998752979,0.009549612264209,49.997073677664,36054.270874807
4.8699999999999,5.0485566523394,0.64993897310268,0.049933103733289,0.86406295161073,0.0095410818765481,49.997076545229,36054.270970261
4.8749999999999,5.0485089682497,0.64993896336911,0.0499330998563,0.8590695431037,0.0095325531801379,49.997079410232,36054.271065629
4.8799999999999,5.048461326799,0.64993895366306,0.049933096000812,0.85410952621153,0.0095240262213764,49.997082272674,36054.271160912
4.8849999999999,5.0484137279786,0.64993894398444,0.049933092166741,0.84918266681105,0.0095155010462732,49.997085132554,36054.271256109
4.8899999999999,5.0483661717795,0.64993893433316,0.049933088354003,0.84428873244104,0.0095069777004517,49.997087989873,36054.271351222
4.8949999999999,5.0483186581924,0.64993892470913,0.049933084562514,0.83942749229048,0.0094984562291527,49.997090844632,36054.271446249
4.8999999999999,5.0482711872078,0.64993891511225,0.04993308079219,0.83459871718686,0.0094899366772364,49.997093696831,36054.271541191
4.9049999999999,5.0482237588159,0.64993890554245,0.049933077042949,0.82980217958444,0.0094814190891863,49.997096546471,36054.271636048
4.9099999999999,5.0481763730069,0.64993889599962,0.049933073314708,0.82503765355267,0.0094729035091103,49.997099393552,36054.271730819
4.9149999999999,5.0481290297707,0.64993888648368,0.049933069607384,0.8203049147648,0.009464389980745,49.997102238076,36054.271825506
4.9199999999999,5.0480817290968,0.64993887699454,0.049933065920896,0.81560374048637,0.0094558785474574,49.997105080042,36054.271920107
4.9249999999999,5.0480344709746,0.64993886753211,0.04993306225516,0.81093390956395,0.0094473692522484,49.997107919452,36054.272014623
4.9299999999999,5.0479872553934,0.6499388580963,0.049933058610096,0.80629520241385,0.0094388621377547,49.997110756306,36054.272109054
4.9349999999999,5.0479400823422,0.64993884868702,0.049933054985622,0.8016874010109,0.009430357246252,49.997113590604,36054.272203401
4.9399999999999,5.0478929518098,0.64993883930419,0.049933051381657,0.79711028887749,0.0094218546196569,49.997116422348,36054.272297662
4.9449999999999,5.0478458637846,0.64993882994771,0.049933047798121,0.79256365107247,0.0094133542995308,49.997119251538,36054.272391838
4.9499999999999,5.0477988182551,0.6499388206175,0.049933044234933,0.78804727418029,0.0094048563270814,49.997122078175,36054.272485929
4.9549999999999,5.0477518152095,0.64993881131347,0.049933040692013,0.7835609463,0.0093963607431652,49.997124902259,36054.272579935
4.9599999999999,5.0477048546357,0.64993880203554,0.049933037169281,0.77910445703469,0.0093878675882908,49.997127723791,36054.272673856
4.9649999999999,5.0476579365214,0.64993879278361,0.049933033666657,0.77467759748062,0.0093793769026212,49.997130542772,36054.272767692
4.9699999999999,5.0476110608542,0.6499387835576,0.049933030184063,0.77028016021663,0.0093708887259763,49.997133359202,36054.272861444
4.9749999999999,5.0475642276215,0.64993877435743,0.049933026721419,0.7659119392936,0.0093624030978348,49.997136173084,36054.27295511
4.9799999999999,5.0475174368104,0.64993876518301,0.049933023278646,0.76157273022405,0.0093539200573374,49.997138984416,36054.273048692
4.9849999999999,5.0474706884079,0.64993875603425,0.049933019855667,0.75726232997165,0.0093454396432897,49.9971417932,36054.273142188
4.9899999999999,5.0474239824007,0.64993874691107,0.049933016452403,0.75298053694094,0.0093369618941634,49.997144599437,36054.2732356
4.9949999999999,5.0473773187755,0.64993873781339,0.049933013068776,0.74872715096702,0.0093284868480994,49.997147403128,36054.273328928
4.9999999999999,5.0473306975186,0.64993872874111,0.049933009704709,0.74450197330549,0.0093200145429104,49.997150204273,36054.27342217
